Index,Prompt,GT,Prediction
0,"Extract all MITRE Enterprise attack patterns from the following text and map them to their corresponding MITRE technique IDs. Provide reasoning for each identification. Ensure the final line contains only the IDs for the main techniques, separated by commas, excluding any subtechnique IDs. MITRE Enterprise IDs are given below as reference.  **Text:** 3PARA RAT is a remote access tool (RAT) developed in C++ and associated with the group Putter Panda. It communicates with its command and control (C2) servers via HTTP, with commands encrypted using the DES algorithm in CBC mode. The encryption key is derived from the MD5 hash of the string ""HYF54&%9&jkMCXuiS."" If the DES decryption fails, 3PARA RAT will attempt to decode the commands using an 8-byte XOR key, also derived from the same string. The tool includes commands to retrieve file metadata, list the current working directory, and modify file attributes, such as creation and modification timestamps.  **List of All MITRE Enterprise technique IDs** ID    : Name T1548 : Abuse Elevation Control Mechanism T1134 : Access Token Manipulation T1531 : Account Access Removal T1087 : Account Discovery T1098 : Account Manipulation T1650 : Acquire Access T1583 : Acquire Infrastructure T1595 : Active Scanning T1557 : Adversary-in-the-Middle T1071 : Application Layer Protocol T1010 : Application Window Discovery T1560 : Archive Collected Data T1123 : Audio Capture T1119 : Automated Collection T1020 : Automated Exfiltration T1197 : BITS Jobs T1547 : Boot or Logon Autostart Execution T1037 : Boot or Logon Initialization Scripts T1176 : Browser Extensions T1217 : Browser Information Discovery T1185 : Browser Session Hijacking T1110 : Brute Force T1612 : Build Image on Host T1115 : Clipboard Data T1651 : Cloud Administration Command T1580 : Cloud Infrastructure Discovery T1538 : Cloud Service Dashboard T1526 : Cloud Service Discovery T1619 : Cloud Storage Object Discovery T1059 : Command and Scripting Interpreter T1092 : Communication Through Removable Media T1586 : Compromise Accounts T1554 : Compromise Host Software Binary T1584 : Compromise Infrastructure T1609 : Container Administration Command T1613 : Container and Resource Discovery T1659 : Content Injection T1136 : Create Account T1543 : Create or Modify System Process T1555 : Credentials from Password Stores T1485 : Data Destruction T1132 : Data Encoding T1486 : Data Encrypted for Impact T1530 : Data from Cloud Storage T1602 : Data from Configuration Repository T1213 : Data from Information Repositories T1005 : Data from Local System T1039 : Data from Network Shared Drive T1025 : Data from Removable Media T1565 : Data Manipulation T1001 : Data Obfuscation T1074 : Data Staged T1030 : Data Transfer Size Limits T1622 : Debugger Evasion T1491 : Defacement T1140 : Deobfuscate/Decode Files or Information T1610 : Deploy Container T1587 : Develop Capabilities T1652 : Device Driver Discovery T1006 : Direct Volume Access T1561 : Disk Wipe T1484 : Domain or Tenant Policy Modification T1482 : Domain Trust Discovery T1189 : Drive-by Compromise T1568 : Dynamic Resolution T1114 : Email Collection T1573 : Encrypted Channel T1499 : Endpoint Denial of Service T1611 : Escape to Host T1585 : Establish Accounts T1546 : Event Triggered Execution T1480 : Execution Guardrails T1048 : Exfiltration Over Alternative Protocol T1041 : Exfiltration Over C2 Channel T1011 : Exfiltration Over Other Network Medium T1052 : Exfiltration Over Physical Medium T1567 : Exfiltration Over Web Service T1190 : Exploit Public-Facing Application T1203 : Exploitation for Client Execution T1212 : Exploitation for Credential Access T1211 : Exploitation for Defense Evasion T1068 : Exploitation for Privilege Escalation T1210 : Exploitation of Remote Services T1133 : External Remote Services T1008 : Fallback Channels T1083 : File and Directory Discovery T1222 : File and Directory Permissions Modification T1657 : Financial Theft T1495 : Firmware Corruption T1187 : Forced Authentication T1606 : Forge Web Credentials T1592 : Gather Victim Host Information T1589 : Gather Victim Identity Information T1590 : Gather Victim Network Information T1591 : Gather Victim Org Information T1615 : Group Policy Discovery T1200 : Hardware Additions T1564 : Hide Artifacts T1665 : Hide Infrastructure T1574 : Hijack Execution Flow T1562 : Impair Defenses T1656 : Impersonation T1525 : Implant Internal Image T1070 : Indicator Removal T1202 : Indirect Command Execution T1105 : Ingress Tool Transfer T1490 : Inhibit System Recovery T1056 : Input Capture T1559 : Inter-Process Communication T1534 : Internal Spearphishing T1570 : Lateral Tool Transfer T1654 : Log Enumeration T1036 : Masquerading T1556 : Modify Authentication Process T1578 : Modify Cloud Compute Infrastructure T1112 : Modify Registry T1601 : Modify System Image T1111 : Multi-Factor Authentication Interception T1621 : Multi-Factor Authentication Request Generation T1104 : Multi-Stage Channels T1106 : Native API T1599 : Network Boundary Bridging T1498 : Network Denial of Service T1046 : Network Service Discovery T1135 : Network Share Discovery T1040 : Network Sniffing T1095 : Non-Application Layer Protocol T1571 : Non-Standard Port T1027 : Obfuscated Files or Information T1588 : Obtain Capabilities T1137 : Office Application Startup T1003 : OS Credential Dumping T1201 : Password Policy Discovery T1120 : Peripheral Device Discovery T1069 : Permission Groups Discovery T1566 : Phishing T1598 : Phishing for Information T1647 : Plist File Modification T1653 : Power Settings T1542 : Pre-OS Boot T1057 : Process Discovery T1055 : Process Injection T1572 : Protocol Tunneling T1090 : Proxy T1012 : Query Registry T1620 : Reflective Code Loading T1219 : Remote Access Software T1563 : Remote Service Session Hijacking T1021 : Remote Services T1018 : Remote System Discovery T1091 : Replication Through Removable Media T1496 : Resource Hijacking T1207 : Rogue Domain Controller T1014 : Rootkit T1053 : Scheduled Task/Job T1029 : Scheduled Transfer T1113 : Screen Capture T1597 : Search Closed Sources T1596 : Search Open Technical Databases T1593 : Search Open Websites/Domains T1594 : Search Victim-Owned Websites T1505 : Server Software Component T1648 : Serverless Execution T1489 : Service Stop T1129 : Shared Modules T1072 : Software Deployment Tools T1518 : Software Discovery T1608 : Stage Capabilities T1528 : Steal Application Access Token T1649 : Steal or Forge Authentication Certificates T1558 : Steal or Forge Kerberos Tickets T1539 : Steal Web Session Cookie T1553 : Subvert Trust Controls T1195 : Supply Chain Compromise T1218 : System Binary Proxy Execution T1082 : System Information Discovery T1614 : System Location Discovery T1016 : System Network Configuration Discovery T1049 : System Network Connections Discovery T1033 : System Owner/User Discovery T1216 : System Script Proxy Execution T1007 : System Service Discovery T1569 : System Services T1529 : System Shutdown/Reboot T1124 : System Time Discovery T1080 : Taint Shared Content T1221 : Template Injection T1205 : Traffic Signaling T1537 : Transfer Data to Cloud Account T1127 : Trusted Developer Utilities Proxy Execution T1199 : Trusted Relationship T1552 : Unsecured Credentials T1535 : Unused/Unsupported Cloud Regions T1550 : Use Alternate Authentication Material T1204 : User Execution T1078 : Valid Accounts T1125 : Video Capture T1497 : Virtualization/Sandbox Evasion T1600 : Weaken Encryption T1102 : Web Service T1047 : Windows Management Instrumentation T1220 : XSL Script Processing     ","T1071, T1573, T1083, T1070","### MITRE Enterprise Attack Pattern Extraction and Mapping

**1. Remote Access Tool (RAT) Functionality**
*   **MITRE ID:** T1219
*   **Name:** Remote Access Software
*   **Reasoning:** The description explicitly states that 3PARA RAT is a ""remote access tool (RAT)."" This technique covers the use of software to gain remote control over a system, which is the core function of the malware.

**2. Command and Control (C2) Communication**
*   **MITRE ID:** T1071
*   **Name:** Application Layer Protocol
*   **Reasoning:** The tool ""communicates with its command and control (C2) servers via HTTP."" Using a standard, high-level protocol like HTTP to establish C2 communication falls directly under the scope of Application Layer Protocol usage.

**3. Encryption and Key Derivation**
*   **MITRE ID:** T1132
*   **Name:** Data Encoding
*   **Reasoning:** The commands are ""encrypted using the DES algorithm in CBC mode."" Encryption is a form of data encoding/obfuscation. Furthermore, the key is derived using an MD5 hash, which is a cryptographic hashing function used for data encoding/manipulation.

**4. Decoding Commands**
*   **MITRE ID:** T1140
*   **Name:** Deobfuscate/Decode Files or Information
*   **Reasoning:** The text states that if DES decryption fails, the RAT will ""attempt to decode the commands using an 8-byte XOR key."" The act of decoding encrypted or obfuscated commands is a direct match for this technique.

**5. Information Gathering (Metadata and Directory Listing)**
*   **MITRE ID:** T1083
*   **Name:** File and Directory Discovery
*   **Reasoning:** The tool includes commands to ""retrieve file metadata"" and ""list the current working directory."" Both actions are fundamental methods of discovering the structure and contents of the local file system.

**6. System Modification (File Attributes)**
*   **MITRE ID:** T1565
*   **Name:** Data Manipulation
*   **Reasoning:** The tool has the capability to ""modify file attributes, such as creation and modification timestamps."" Modifying system data or file attributes falls under the general category of Data Manipulation.

***

**Final Technique IDs:**
T1219, T1071, T1132, T1140, T1083, T1565"
1,"Extract all MITRE Enterprise attack patterns from the following text and map them to their corresponding MITRE technique IDs. Provide reasoning for each identification. Ensure the final line contains only the IDs for the main techniques, separated by commas, excluding any subtechnique IDs. MITRE Enterprise IDs are given below as reference.  **Text:** 4H RAT is a piece of malware linked to Putter Panda, with evidence of its use dating back to at least 2007. It relies on HTTP for command and control (C2) communication and has the ability to create a remote shell. To obfuscate its C2 traffic, 4H RAT uses a 1-byte XOR encryption with the key 0xBE. The malware is capable of retrieving file and directory listings, as well as obtaining information about running processes and loaded modules. Additionally, 4H RAT includes an OS version identifier in its beacon messages.  **List of All MITRE Enterprise technique IDs** ID    : Name T1548 : Abuse Elevation Control Mechanism T1134 : Access Token Manipulation T1531 : Account Access Removal T1087 : Account Discovery T1098 : Account Manipulation T1650 : Acquire Access T1583 : Acquire Infrastructure T1595 : Active Scanning T1557 : Adversary-in-the-Middle T1071 : Application Layer Protocol T1010 : Application Window Discovery T1560 : Archive Collected Data T1123 : Audio Capture T1119 : Automated Collection T1020 : Automated Exfiltration T1197 : BITS Jobs T1547 : Boot or Logon Autostart Execution T1037 : Boot or Logon Initialization Scripts T1176 : Browser Extensions T1217 : Browser Information Discovery T1185 : Browser Session Hijacking T1110 : Brute Force T1612 : Build Image on Host T1115 : Clipboard Data T1651 : Cloud Administration Command T1580 : Cloud Infrastructure Discovery T1538 : Cloud Service Dashboard T1526 : Cloud Service Discovery T1619 : Cloud Storage Object Discovery T1059 : Command and Scripting Interpreter T1092 : Communication Through Removable Media T1586 : Compromise Accounts T1554 : Compromise Host Software Binary T1584 : Compromise Infrastructure T1609 : Container Administration Command T1613 : Container and Resource Discovery T1659 : Content Injection T1136 : Create Account T1543 : Create or Modify System Process T1555 : Credentials from Password Stores T1485 : Data Destruction T1132 : Data Encoding T1486 : Data Encrypted for Impact T1530 : Data from Cloud Storage T1602 : Data from Configuration Repository T1213 : Data from Information Repositories T1005 : Data from Local System T1039 : Data from Network Shared Drive T1025 : Data from Removable Media T1565 : Data Manipulation T1001 : Data Obfuscation T1074 : Data Staged T1030 : Data Transfer Size Limits T1622 : Debugger Evasion T1491 : Defacement T1140 : Deobfuscate/Decode Files or Information T1610 : Deploy Container T1587 : Develop Capabilities T1652 : Device Driver Discovery T1006 : Direct Volume Access T1561 : Disk Wipe T1484 : Domain or Tenant Policy Modification T1482 : Domain Trust Discovery T1189 : Drive-by Compromise T1568 : Dynamic Resolution T1114 : Email Collection T1573 : Encrypted Channel T1499 : Endpoint Denial of Service T1611 : Escape to Host T1585 : Establish Accounts T1546 : Event Triggered Execution T1480 : Execution Guardrails T1048 : Exfiltration Over Alternative Protocol T1041 : Exfiltration Over C2 Channel T1011 : Exfiltration Over Other Network Medium T1052 : Exfiltration Over Physical Medium T1567 : Exfiltration Over Web Service T1190 : Exploit Public-Facing Application T1203 : Exploitation for Client Execution T1212 : Exploitation for Credential Access T1211 : Exploitation for Defense Evasion T1068 : Exploitation for Privilege Escalation T1210 : Exploitation of Remote Services T1133 : External Remote Services T1008 : Fallback Channels T1083 : File and Directory Discovery T1222 : File and Directory Permissions Modification T1657 : Financial Theft T1495 : Firmware Corruption T1187 : Forced Authentication T1606 : Forge Web Credentials T1592 : Gather Victim Host Information T1589 : Gather Victim Identity Information T1590 : Gather Victim Network Information T1591 : Gather Victim Org Information T1615 : Group Policy Discovery T1200 : Hardware Additions T1564 : Hide Artifacts T1665 : Hide Infrastructure T1574 : Hijack Execution Flow T1562 : Impair Defenses T1656 : Impersonation T1525 : Implant Internal Image T1070 : Indicator Removal T1202 : Indirect Command Execution T1105 : Ingress Tool Transfer T1490 : Inhibit System Recovery T1056 : Input Capture T1559 : Inter-Process Communication T1534 : Internal Spearphishing T1570 : Lateral Tool Transfer T1654 : Log Enumeration T1036 : Masquerading T1556 : Modify Authentication Process T1578 : Modify Cloud Compute Infrastructure T1112 : Modify Registry T1601 : Modify System Image T1111 : Multi-Factor Authentication Interception T1621 : Multi-Factor Authentication Request Generation T1104 : Multi-Stage Channels T1106 : Native API T1599 : Network Boundary Bridging T1498 : Network Denial of Service T1046 : Network Service Discovery T1135 : Network Share Discovery T1040 : Network Sniffing T1095 : Non-Application Layer Protocol T1571 : Non-Standard Port T1027 : Obfuscated Files or Information T1588 : Obtain Capabilities T1137 : Office Application Startup T1003 : OS Credential Dumping T1201 : Password Policy Discovery T1120 : Peripheral Device Discovery T1069 : Permission Groups Discovery T1566 : Phishing T1598 : Phishing for Information T1647 : Plist File Modification T1653 : Power Settings T1542 : Pre-OS Boot T1057 : Process Discovery T1055 : Process Injection T1572 : Protocol Tunneling T1090 : Proxy T1012 : Query Registry T1620 : Reflective Code Loading T1219 : Remote Access Software T1563 : Remote Service Session Hijacking T1021 : Remote Services T1018 : Remote System Discovery T1091 : Replication Through Removable Media T1496 : Resource Hijacking T1207 : Rogue Domain Controller T1014 : Rootkit T1053 : Scheduled Task/Job T1029 : Scheduled Transfer T1113 : Screen Capture T1597 : Search Closed Sources T1596 : Search Open Technical Databases T1593 : Search Open Websites/Domains T1594 : Search Victim-Owned Websites T1505 : Server Software Component T1648 : Serverless Execution T1489 : Service Stop T1129 : Shared Modules T1072 : Software Deployment Tools T1518 : Software Discovery T1608 : Stage Capabilities T1528 : Steal Application Access Token T1649 : Steal or Forge Authentication Certificates T1558 : Steal or Forge Kerberos Tickets T1539 : Steal Web Session Cookie T1553 : Subvert Trust Controls T1195 : Supply Chain Compromise T1218 : System Binary Proxy Execution T1082 : System Information Discovery T1614 : System Location Discovery T1016 : System Network Configuration Discovery T1049 : System Network Connections Discovery T1033 : System Owner/User Discovery T1216 : System Script Proxy Execution T1007 : System Service Discovery T1569 : System Services T1529 : System Shutdown/Reboot T1124 : System Time Discovery T1080 : Taint Shared Content T1221 : Template Injection T1205 : Traffic Signaling T1537 : Transfer Data to Cloud Account T1127 : Trusted Developer Utilities Proxy Execution T1199 : Trusted Relationship T1552 : Unsecured Credentials T1535 : Unused/Unsupported Cloud Regions T1550 : Use Alternate Authentication Material T1204 : User Execution T1078 : Valid Accounts T1125 : Video Capture T1497 : Virtualization/Sandbox Evasion T1600 : Weaken Encryption T1102 : Web Service T1047 : Windows Management Instrumentation T1220 : XSL Script Processing     ","T1071, T1059, T1573, T1083, T1057, T1082","### MITRE Enterprise Attack Pattern Extraction and Mapping

**1. Technique: T1071 - Application Layer Protocol**
*   **Reasoning:** The text states that 4H RAT ""relies on HTTP for command and control (C2) communication."" Using a specific, common application protocol like HTTP to establish C2 is a direct match for T1071.

**2. Technique: T1219 - Remote Access Software**
*   **Reasoning:** The malware ""has the ability to create a remote shell."" Establishing a remote shell is the core function of remote access software, allowing an attacker to control the compromised system from a distance.

**3. Technique: T1001 - Data Obfuscation**
*   **Reasoning:** The malware uses ""a 1-byte XOR encryption"" to obfuscate its C2 traffic. XOR encryption is a form of data encoding/obfuscation designed to hide the true nature of the communication from network monitoring tools.

**4. Technique: T1083 - File and Directory Discovery**
*   **Reasoning:** The malware is capable of ""retrieving file and directory listings."" This action directly corresponds to the technique used by adversaries to map the file system structure of the target machine.

**5. Technique: T1057 - Process Discovery**
*   **Reasoning:** The text mentions the malware's ability to obtain ""information about running processes and loaded modules."" Enumerating running processes is the definition of Process Discovery.

**6. Technique: T1082 - System Information Discovery**
*   **Reasoning:** The malware performs two actions related to system information: 1) obtaining ""OS version identifier in its beacon messages,"" and 2) obtaining general system details (processes/modules). Gathering OS version information is a primary example of System Information Discovery.

***

**Final IDs:**
T1071, T1219, T1001, T1083, T1057, T1082"
2,"Extract all MITRE Enterprise attack patterns from the following text and map them to their corresponding MITRE technique IDs. Provide reasoning for each identification. Ensure the final line contains only the IDs for the main techniques, separated by commas, excluding any subtechnique IDs. MITRE Enterprise IDs are given below as reference.  **Text:** ABK is a downloader associated with BRONZE BUTLER, active since at least 2019. It communicates with its command and control (C2) server via HTTP and can use the command line to execute Portable Executables (PEs) on compromised hosts. ABK is capable of decrypting AES-encrypted payloads and downloading files from the C2 server. Additionally, it can extract malicious PEs from images and inject shellcode into svchost.exe. ABK also has the ability to detect the installed anti-virus software on the compromised host.  **List of All MITRE Enterprise technique IDs** ID    : Name T1548 : Abuse Elevation Control Mechanism T1134 : Access Token Manipulation T1531 : Account Access Removal T1087 : Account Discovery T1098 : Account Manipulation T1650 : Acquire Access T1583 : Acquire Infrastructure T1595 : Active Scanning T1557 : Adversary-in-the-Middle T1071 : Application Layer Protocol T1010 : Application Window Discovery T1560 : Archive Collected Data T1123 : Audio Capture T1119 : Automated Collection T1020 : Automated Exfiltration T1197 : BITS Jobs T1547 : Boot or Logon Autostart Execution T1037 : Boot or Logon Initialization Scripts T1176 : Browser Extensions T1217 : Browser Information Discovery T1185 : Browser Session Hijacking T1110 : Brute Force T1612 : Build Image on Host T1115 : Clipboard Data T1651 : Cloud Administration Command T1580 : Cloud Infrastructure Discovery T1538 : Cloud Service Dashboard T1526 : Cloud Service Discovery T1619 : Cloud Storage Object Discovery T1059 : Command and Scripting Interpreter T1092 : Communication Through Removable Media T1586 : Compromise Accounts T1554 : Compromise Host Software Binary T1584 : Compromise Infrastructure T1609 : Container Administration Command T1613 : Container and Resource Discovery T1659 : Content Injection T1136 : Create Account T1543 : Create or Modify System Process T1555 : Credentials from Password Stores T1485 : Data Destruction T1132 : Data Encoding T1486 : Data Encrypted for Impact T1530 : Data from Cloud Storage T1602 : Data from Configuration Repository T1213 : Data from Information Repositories T1005 : Data from Local System T1039 : Data from Network Shared Drive T1025 : Data from Removable Media T1565 : Data Manipulation T1001 : Data Obfuscation T1074 : Data Staged T1030 : Data Transfer Size Limits T1622 : Debugger Evasion T1491 : Defacement T1140 : Deobfuscate/Decode Files or Information T1610 : Deploy Container T1587 : Develop Capabilities T1652 : Device Driver Discovery T1006 : Direct Volume Access T1561 : Disk Wipe T1484 : Domain or Tenant Policy Modification T1482 : Domain Trust Discovery T1189 : Drive-by Compromise T1568 : Dynamic Resolution T1114 : Email Collection T1573 : Encrypted Channel T1499 : Endpoint Denial of Service T1611 : Escape to Host T1585 : Establish Accounts T1546 : Event Triggered Execution T1480 : Execution Guardrails T1048 : Exfiltration Over Alternative Protocol T1041 : Exfiltration Over C2 Channel T1011 : Exfiltration Over Other Network Medium T1052 : Exfiltration Over Physical Medium T1567 : Exfiltration Over Web Service T1190 : Exploit Public-Facing Application T1203 : Exploitation for Client Execution T1212 : Exploitation for Credential Access T1211 : Exploitation for Defense Evasion T1068 : Exploitation for Privilege Escalation T1210 : Exploitation of Remote Services T1133 : External Remote Services T1008 : Fallback Channels T1083 : File and Directory Discovery T1222 : File and Directory Permissions Modification T1657 : Financial Theft T1495 : Firmware Corruption T1187 : Forced Authentication T1606 : Forge Web Credentials T1592 : Gather Victim Host Information T1589 : Gather Victim Identity Information T1590 : Gather Victim Network Information T1591 : Gather Victim Org Information T1615 : Group Policy Discovery T1200 : Hardware Additions T1564 : Hide Artifacts T1665 : Hide Infrastructure T1574 : Hijack Execution Flow T1562 : Impair Defenses T1656 : Impersonation T1525 : Implant Internal Image T1070 : Indicator Removal T1202 : Indirect Command Execution T1105 : Ingress Tool Transfer T1490 : Inhibit System Recovery T1056 : Input Capture T1559 : Inter-Process Communication T1534 : Internal Spearphishing T1570 : Lateral Tool Transfer T1654 : Log Enumeration T1036 : Masquerading T1556 : Modify Authentication Process T1578 : Modify Cloud Compute Infrastructure T1112 : Modify Registry T1601 : Modify System Image T1111 : Multi-Factor Authentication Interception T1621 : Multi-Factor Authentication Request Generation T1104 : Multi-Stage Channels T1106 : Native API T1599 : Network Boundary Bridging T1498 : Network Denial of Service T1046 : Network Service Discovery T1135 : Network Share Discovery T1040 : Network Sniffing T1095 : Non-Application Layer Protocol T1571 : Non-Standard Port T1027 : Obfuscated Files or Information T1588 : Obtain Capabilities T1137 : Office Application Startup T1003 : OS Credential Dumping T1201 : Password Policy Discovery T1120 : Peripheral Device Discovery T1069 : Permission Groups Discovery T1566 : Phishing T1598 : Phishing for Information T1647 : Plist File Modification T1653 : Power Settings T1542 : Pre-OS Boot T1057 : Process Discovery T1055 : Process Injection T1572 : Protocol Tunneling T1090 : Proxy T1012 : Query Registry T1620 : Reflective Code Loading T1219 : Remote Access Software T1563 : Remote Service Session Hijacking T1021 : Remote Services T1018 : Remote System Discovery T1091 : Replication Through Removable Media T1496 : Resource Hijacking T1207 : Rogue Domain Controller T1014 : Rootkit T1053 : Scheduled Task/Job T1029 : Scheduled Transfer T1113 : Screen Capture T1597 : Search Closed Sources T1596 : Search Open Technical Databases T1593 : Search Open Websites/Domains T1594 : Search Victim-Owned Websites T1505 : Server Software Component T1648 : Serverless Execution T1489 : Service Stop T1129 : Shared Modules T1072 : Software Deployment Tools T1518 : Software Discovery T1608 : Stage Capabilities T1528 : Steal Application Access Token T1649 : Steal or Forge Authentication Certificates T1558 : Steal or Forge Kerberos Tickets T1539 : Steal Web Session Cookie T1553 : Subvert Trust Controls T1195 : Supply Chain Compromise T1218 : System Binary Proxy Execution T1082 : System Information Discovery T1614 : System Location Discovery T1016 : System Network Configuration Discovery T1049 : System Network Connections Discovery T1033 : System Owner/User Discovery T1216 : System Script Proxy Execution T1007 : System Service Discovery T1569 : System Services T1529 : System Shutdown/Reboot T1124 : System Time Discovery T1080 : Taint Shared Content T1221 : Template Injection T1205 : Traffic Signaling T1537 : Transfer Data to Cloud Account T1127 : Trusted Developer Utilities Proxy Execution T1199 : Trusted Relationship T1552 : Unsecured Credentials T1535 : Unused/Unsupported Cloud Regions T1550 : Use Alternate Authentication Material T1204 : User Execution T1078 : Valid Accounts T1125 : Video Capture T1497 : Virtualization/Sandbox Evasion T1600 : Weaken Encryption T1102 : Web Service T1047 : Windows Management Instrumentation T1220 : XSL Script Processing     ","T1071, T1059, T1140, T1105, T1027, T1055, T1518","### MITRE Enterprise Attack Pattern Analysis

**Text:** ABK is a downloader associated with BRONZE BUTLER, active since at least 2019. It communicates with its command and control (C2) server via HTTP and can use the command line to execute Portable Executables (PEs) on compromised hosts. ABK is capable of decrypting AES-encrypted payloads and downloading files from the C2 server. Additionally, it can extract malicious PEs from images and inject shellcode into svchost.exe. ABK also has the ability to detect the installed anti-virus software on the compromised host.

---

#### Identified MITRE Techniques and Reasoning

**1. T1105: Ingress Tool Transfer**
*   **Reasoning:** The text explicitly states that ABK is a ""downloader"" and is ""downloading files from the C2 server."" This technique describes the transfer of malicious tools or payloads into the compromised environment.

**2. T1071: Application Layer Protocol**
*   **Reasoning:** The threat description notes that the malware ""communicates with its command and control (C2) server via HTTP."" HTTP is a standard application layer protocol, making this a direct match.

**3. T1059: Command and Scripting Interpreter**
*   **Reasoning:** The malware ""can use the command line to execute Portable Executables (PEs) on compromised hosts."" This refers to the use of command-line interfaces (like PowerShell, cmd.exe, etc.) to execute code, which is the definition of this technique.

**4. T1140: Deobfuscate/Decode Files or Information**
*   **Reasoning:** The capability to ""decrypt AES-encrypted payloads"" is a form of decoding or deobfuscation, allowing the malware to make the payload executable.

**5. T1525: Implant Internal Image**
*   **Reasoning:** The ability to ""extract malicious PEs from images"" suggests the malware is harvesting or extracting components from a container or image structure, fitting the definition of extracting implants from internal images.

**6. T1055: Process Injection**
*   **Reasoning:** The text states that ABK can ""inject shellcode into svchost.exe."" Process injection is the act of forcing malicious code into the memory space of a legitimate running process.

**7. T1562: Impair Defenses**
*   **Reasoning:** The malware has the ability to ""detect the installed anti-virus software on the compromised host."" Detecting security software is a primary method of impairing the victim's defensive capabilities.

---
**Final Technique IDs:**
T1105, T1071, T1059, T1140, T1525, T1055, T1562"
3,"Extract all MITRE Mobile attack patterns from the following text and map them to their corresponding MITRE technique IDs. Provide reasoning for each identification. Ensure the final line contains only the IDs for the main techniques, separated by commas, excluding any subtechnique IDs. MITRE Mobile IDs are given below as reference.  **Text:** AbstractEmu is mobile malware that was first detected in October 2021 on Google Play and other third-party app stores. It was found in 19 Android applications, with at least 7 exploiting known Android vulnerabilities to gain root permissions. While primarily affecting users in the United States, AbstractEmu’s reach extends to victims across 17 countries. The malware can modify system settings to grant itself device administrator privileges, monitor notifications, and communicate with its command and control (C2) server via HTTP. AbstractEmu can also grant itself microphone and camera permissions, access location data, and disable Play Protect. Additionally, it can collect extensive device information, including the manufacturer, model, version, serial number, telephone number, IP address, and SIM information. AbstractEmu can download and install additional malware post-infection, access call logs, intercept SMS messages containing two-factor authentication codes, and obtain a list of installed applications. The malware uses encoded shell scripts and exploit binaries to facilitate the rooting process and can silently gain permissions or install additional malware using rooting exploits. To evade detection, AbstractEmu employs code abstraction and anti-emulation checks.  **List of All MITRE Mobile technique IDs** ID    : Name T1626 : Abuse Elevation Control Mechanism T1517 : Access Notifications T1640 : Account Access Removal T1638 : Adversary-in-the-Middle T1437 : Application Layer Protocol T1661 : Application Versioning T1532 : Archive Collected Data T1429 : Audio Capture T1398 : Boot or Logon Initialization Scripts T1616 : Call Control T1414 : Clipboard Data T1623 : Command and Scripting Interpreter T1577 : Compromise Application Executable T1645 : Compromise Client Software Binary T1634 : Credentials from Password Store T1662 : Data Destruction T1471 : Data Encrypted for Impact T1533 : Data from Local System T1641 : Data Manipulation T1407 : Download New Code at Runtime T1456 : Drive-By Compromise T1637 : Dynamic Resolution T1521 : Encrypted Channel T1642 : Endpoint Denial of Service T1624 : Event Triggered Execution T1627 : Execution Guardrails T1639 : Exfiltration Over Alternative Protocol T1646 : Exfiltration Over C2 Channel T1658 : Exploitation for Client Execution T1664 : Exploitation for Initial Access T1404 : Exploitation for Privilege Escalation T1428 : Exploitation of Remote Services T1420 : File and Directory Discovery T1541 : Foreground Persistence T1643 : Generate Traffic from Victim T1628 : Hide Artifacts T1625 : Hijack Execution Flow T1617 : Hooking T1629 : Impair Defenses T1630 : Indicator Removal on Host T1544 : Ingress Tool Transfer T1417 : Input Capture T1516 : Input Injection T1430 : Location Tracking T1461 : Lockscreen Bypass T1655 : Masquerading T1575 : Native API T1464 : Network Denial of Service T1423 : Network Service Scanning T1509 : Non-Standard Port T1406 : Obfuscated Files or Information T1644 : Out of Band Data T1660 : Phishing T1424 : Process Discovery T1631 : Process Injection T1636 : Protected User Data T1604 : Proxy Through Victim T1663 : Remote Access Software T1458 : Replication Through Removable Media T1603 : Scheduled Task/Job T1513 : Screen Capture T1582 : SMS Control T1418 : Software Discovery T1635 : Steal Application Access Token T1409 : Stored Application Data T1632 : Subvert Trust Controls T1474 : Supply Chain Compromise T1426 : System Information Discovery T1422 : System Network Configuration Discovery T1421 : System Network Connections Discovery T1512 : Video Capture T1633 : Virtualization/Sandbox Evasion T1481 : Web Service     ","T1626, T1517, T1437, T1429, T1623, T1533, T1407, T1646, T1404, T1629, T1544, T1430, T1406, T1636, T1418, T1426, T1422, T1512, T1633","### MITRE Mobile Attack Pattern Extraction and Mapping

**1. Exploiting Known Vulnerabilities / Gaining Root Permissions**
*   **Technique ID:** T1404
*   **Name:** Exploitation for Privilege Escalation
*   **Reasoning:** The text explicitly states that the malware exploits ""known Android vulnerabilities to gain root permissions,"" which is a classic example of privilege escalation.

**2. Modifying System Settings / Granting Device Administrator Privileges**
*   **Technique ID:** T1626
*   **Name:** Abuse Elevation Control Mechanism
*   **Reasoning:** The malware ""can modify system settings to grant itself device administrator privileges,"" directly matching the definition of abusing system control mechanisms.

**3. Monitoring Notifications**
*   **Technique ID:** T1517
*   **Name:** Access Notifications
*   **Reasoning:** The text states the malware can ""monitor notifications,"" which is the core function of this technique.

**4. Capturing Audio**
*   **Technique ID:** T1429
*   **Name:** Audio Capture
*   **Reasoning:** The malware is described as being able to ""grant itself microphone... permissions,"" enabling audio capture.

**5. Capturing Video**
*   **Technique ID:** T1512
*   **Name:** Video Capture
*   **Reasoning:** The malware is described as being able to ""grant itself... camera permissions,"" enabling video capture.

**6. Tracking Location**
*   **Technique ID:** T1430
*   **Name:** Location Tracking
*   **Reasoning:** The text specifies that the malware can ""access location data,"" which is the definition of location tracking.

**7. Disabling Security Features**
*   **Technique ID:** T1629
*   **Name:** Impair Defenses
*   **Reasoning:** The ability to ""disable Play Protect"" is a direct action taken to impair the device's built-in security defenses.

**8. Collecting Device Information (General)**
*   **Technique ID:** T1533
*   **Name:** Data from Local System
*   **Reasoning:** The malware collects ""extensive device information, including the manufacturer, model, version, serial number, telephone number, IP address, and SIM information,"" which falls under general local data exfiltration.

**9. System Information Discovery (Specific)**
*   **Technique ID:** T1426
*   **Name:** System Information Discovery
*   **Reasoning:** The collection of specific identifiers like ""manufacturer, model, version, serial number,"" and ""telephone number"" constitutes system information discovery.

**10. System Network Configuration Discovery**
*   **Technique ID:** T1422
*   **Name:** System Network Configuration Discovery
*   **Reasoning:** The collection of ""IP address, and SIM information"" relates directly to discovering the device's network and communication configuration.

**11. Downloading New Code at Runtime**
*   **Technique ID:** T1407
*   **Name:** Download New Code at Runtime
*   **Reasoning:** The malware ""can download and install additional malware post-infection,"" which is the definition of downloading new code at runtime.

**12. Controlling Call Logs"
4,"Extract all MITRE Enterprise attack patterns from the following text and map them to their corresponding MITRE technique IDs. Provide reasoning for each identification. Ensure the final line contains only the IDs for the main techniques, separated by commas, excluding any subtechnique IDs. MITRE Enterprise IDs are given below as reference.  **Text:** Action RAT is a remote access tool developed in Delphi and has been employed by SideCopy since at least December 2021, targeting government personnel in India and Afghanistan. The malware communicates with command and control (C2) servers via HTTP and can execute commands on an infected host using cmd.exe. Action RAT is capable of collecting local data, as well as drive and file information from compromised machines. It also uses Base64 decoding to process communications from actor-controlled C2 servers and can download additional payloads onto infected systems.  **List of All MITRE Enterprise technique IDs** ID    : Name T1548 : Abuse Elevation Control Mechanism T1134 : Access Token Manipulation T1531 : Account Access Removal T1087 : Account Discovery T1098 : Account Manipulation T1650 : Acquire Access T1583 : Acquire Infrastructure T1595 : Active Scanning T1557 : Adversary-in-the-Middle T1071 : Application Layer Protocol T1010 : Application Window Discovery T1560 : Archive Collected Data T1123 : Audio Capture T1119 : Automated Collection T1020 : Automated Exfiltration T1197 : BITS Jobs T1547 : Boot or Logon Autostart Execution T1037 : Boot or Logon Initialization Scripts T1176 : Browser Extensions T1217 : Browser Information Discovery T1185 : Browser Session Hijacking T1110 : Brute Force T1612 : Build Image on Host T1115 : Clipboard Data T1651 : Cloud Administration Command T1580 : Cloud Infrastructure Discovery T1538 : Cloud Service Dashboard T1526 : Cloud Service Discovery T1619 : Cloud Storage Object Discovery T1059 : Command and Scripting Interpreter T1092 : Communication Through Removable Media T1586 : Compromise Accounts T1554 : Compromise Host Software Binary T1584 : Compromise Infrastructure T1609 : Container Administration Command T1613 : Container and Resource Discovery T1659 : Content Injection T1136 : Create Account T1543 : Create or Modify System Process T1555 : Credentials from Password Stores T1485 : Data Destruction T1132 : Data Encoding T1486 : Data Encrypted for Impact T1530 : Data from Cloud Storage T1602 : Data from Configuration Repository T1213 : Data from Information Repositories T1005 : Data from Local System T1039 : Data from Network Shared Drive T1025 : Data from Removable Media T1565 : Data Manipulation T1001 : Data Obfuscation T1074 : Data Staged T1030 : Data Transfer Size Limits T1622 : Debugger Evasion T1491 : Defacement T1140 : Deobfuscate/Decode Files or Information T1610 : Deploy Container T1587 : Develop Capabilities T1652 : Device Driver Discovery T1006 : Direct Volume Access T1561 : Disk Wipe T1484 : Domain or Tenant Policy Modification T1482 : Domain Trust Discovery T1189 : Drive-by Compromise T1568 : Dynamic Resolution T1114 : Email Collection T1573 : Encrypted Channel T1499 : Endpoint Denial of Service T1611 : Escape to Host T1585 : Establish Accounts T1546 : Event Triggered Execution T1480 : Execution Guardrails T1048 : Exfiltration Over Alternative Protocol T1041 : Exfiltration Over C2 Channel T1011 : Exfiltration Over Other Network Medium T1052 : Exfiltration Over Physical Medium T1567 : Exfiltration Over Web Service T1190 : Exploit Public-Facing Application T1203 : Exploitation for Client Execution T1212 : Exploitation for Credential Access T1211 : Exploitation for Defense Evasion T1068 : Exploitation for Privilege Escalation T1210 : Exploitation of Remote Services T1133 : External Remote Services T1008 : Fallback Channels T1083 : File and Directory Discovery T1222 : File and Directory Permissions Modification T1657 : Financial Theft T1495 : Firmware Corruption T1187 : Forced Authentication T1606 : Forge Web Credentials T1592 : Gather Victim Host Information T1589 : Gather Victim Identity Information T1590 : Gather Victim Network Information T1591 : Gather Victim Org Information T1615 : Group Policy Discovery T1200 : Hardware Additions T1564 : Hide Artifacts T1665 : Hide Infrastructure T1574 : Hijack Execution Flow T1562 : Impair Defenses T1656 : Impersonation T1525 : Implant Internal Image T1070 : Indicator Removal T1202 : Indirect Command Execution T1105 : Ingress Tool Transfer T1490 : Inhibit System Recovery T1056 : Input Capture T1559 : Inter-Process Communication T1534 : Internal Spearphishing T1570 : Lateral Tool Transfer T1654 : Log Enumeration T1036 : Masquerading T1556 : Modify Authentication Process T1578 : Modify Cloud Compute Infrastructure T1112 : Modify Registry T1601 : Modify System Image T1111 : Multi-Factor Authentication Interception T1621 : Multi-Factor Authentication Request Generation T1104 : Multi-Stage Channels T1106 : Native API T1599 : Network Boundary Bridging T1498 : Network Denial of Service T1046 : Network Service Discovery T1135 : Network Share Discovery T1040 : Network Sniffing T1095 : Non-Application Layer Protocol T1571 : Non-Standard Port T1027 : Obfuscated Files or Information T1588 : Obtain Capabilities T1137 : Office Application Startup T1003 : OS Credential Dumping T1201 : Password Policy Discovery T1120 : Peripheral Device Discovery T1069 : Permission Groups Discovery T1566 : Phishing T1598 : Phishing for Information T1647 : Plist File Modification T1653 : Power Settings T1542 : Pre-OS Boot T1057 : Process Discovery T1055 : Process Injection T1572 : Protocol Tunneling T1090 : Proxy T1012 : Query Registry T1620 : Reflective Code Loading T1219 : Remote Access Software T1563 : Remote Service Session Hijacking T1021 : Remote Services T1018 : Remote System Discovery T1091 : Replication Through Removable Media T1496 : Resource Hijacking T1207 : Rogue Domain Controller T1014 : Rootkit T1053 : Scheduled Task/Job T1029 : Scheduled Transfer T1113 : Screen Capture T1597 : Search Closed Sources T1596 : Search Open Technical Databases T1593 : Search Open Websites/Domains T1594 : Search Victim-Owned Websites T1505 : Server Software Component T1648 : Serverless Execution T1489 : Service Stop T1129 : Shared Modules T1072 : Software Deployment Tools T1518 : Software Discovery T1608 : Stage Capabilities T1528 : Steal Application Access Token T1649 : Steal or Forge Authentication Certificates T1558 : Steal or Forge Kerberos Tickets T1539 : Steal Web Session Cookie T1553 : Subvert Trust Controls T1195 : Supply Chain Compromise T1218 : System Binary Proxy Execution T1082 : System Information Discovery T1614 : System Location Discovery T1016 : System Network Configuration Discovery T1049 : System Network Connections Discovery T1033 : System Owner/User Discovery T1216 : System Script Proxy Execution T1007 : System Service Discovery T1569 : System Services T1529 : System Shutdown/Reboot T1124 : System Time Discovery T1080 : Taint Shared Content T1221 : Template Injection T1205 : Traffic Signaling T1537 : Transfer Data to Cloud Account T1127 : Trusted Developer Utilities Proxy Execution T1199 : Trusted Relationship T1552 : Unsecured Credentials T1535 : Unused/Unsupported Cloud Regions T1550 : Use Alternate Authentication Material T1204 : User Execution T1078 : Valid Accounts T1125 : Video Capture T1497 : Virtualization/Sandbox Evasion T1600 : Weaken Encryption T1102 : Web Service T1047 : Windows Management Instrumentation T1220 : XSL Script Processing     ","T1071, T1059, T1005, T1140, T1083, T1105","**Analysis of MITRE Enterprise Attack Patterns**

Based on the provided text, the following MITRE Enterprise attack patterns can be identified:

**1. Remote Access Tool Usage**
*   **Pattern:** The use of ""Action RAT,"" which is explicitly described as a remote access tool.
*   **MITRE Technique ID:** T1219
*   **Reasoning:** T1219 covers the use of remote access software to gain control over a target system, which is the core function of a RAT (Remote Access Trojan).

**2. Command Execution**
*   **Pattern:** The malware ""can execute commands on an infected host using cmd.exe.""
*   **MITRE Technique ID:** T1059
*   **Reasoning:** T1059, Command and Scripting Interpreter, describes the execution of system commands using native interpreters like `cmd.exe` (Windows Command Prompt).

**3. Communication Protocol Usage**
*   **Pattern:** The malware ""communicates with command and control (C2) servers via HTTP.""
*   **MITRE Technique ID:** T1071
*   **Reasoning:** T1071, Application Layer Protocol, describes the use of common application protocols (like HTTP) for network communication, often used to blend malicious traffic with legitimate network activity.

**4. Data Collection (Local System Information)**
*   **Pattern:** The malware is ""capable of collecting local data, as well as drive and file information from compromised machines.""
*   **MITRE Technique ID:** T1083
*   **Reasoning:** T1083, File and Directory Discovery, specifically addresses the act of enumerating and collecting information about files and directories on a compromised system.

**5. Data Decoding/Deobfuscation**
*   **Pattern:** The malware ""uses Base64 decoding to process communications from actor-controlled C2 servers.""
*   **MITRE Technique ID:** T1140
*   **Reasoning:** T1140, Deobfuscate/Decode Files or Information, describes the process of decoding or reversing obfuscated data (such as Base64 encoding) to understand or utilize the payload/communication.

**6. Payload Delivery**
*   **Pattern:** The malware ""can download additional payloads onto infected systems.""
*   **MITRE Technique ID:** T1105
*   **Reasoning:** T1105, Ingress Tool Transfer, describes the process of transferring malicious tools or payloads into the compromised environment, which is exactly what downloading additional payloads entails.

***

T1219, T1071, T1059, T1083, T1140, T1105"
5,"Extract all MITRE Enterprise attack patterns from the following text and map them to their corresponding MITRE technique IDs. Provide reasoning for each identification. Ensure the final line contains only the IDs for the main techniques, separated by commas, excluding any subtechnique IDs. MITRE Enterprise IDs are given below as reference.  **Text:** adbupd is a backdoor utilized by PLATINUM, bearing similarities to Dipsind. It has the capability to execute a copy of cmd.exe and includes the OpenSSL library to encrypt its command and control (C2) traffic. Additionally, adbupd can achieve persistence by leveraging a WMI script.  **List of All MITRE Enterprise technique IDs** ID    : Name T1548 : Abuse Elevation Control Mechanism T1134 : Access Token Manipulation T1531 : Account Access Removal T1087 : Account Discovery T1098 : Account Manipulation T1650 : Acquire Access T1583 : Acquire Infrastructure T1595 : Active Scanning T1557 : Adversary-in-the-Middle T1071 : Application Layer Protocol T1010 : Application Window Discovery T1560 : Archive Collected Data T1123 : Audio Capture T1119 : Automated Collection T1020 : Automated Exfiltration T1197 : BITS Jobs T1547 : Boot or Logon Autostart Execution T1037 : Boot or Logon Initialization Scripts T1176 : Browser Extensions T1217 : Browser Information Discovery T1185 : Browser Session Hijacking T1110 : Brute Force T1612 : Build Image on Host T1115 : Clipboard Data T1651 : Cloud Administration Command T1580 : Cloud Infrastructure Discovery T1538 : Cloud Service Dashboard T1526 : Cloud Service Discovery T1619 : Cloud Storage Object Discovery T1059 : Command and Scripting Interpreter T1092 : Communication Through Removable Media T1586 : Compromise Accounts T1554 : Compromise Host Software Binary T1584 : Compromise Infrastructure T1609 : Container Administration Command T1613 : Container and Resource Discovery T1659 : Content Injection T1136 : Create Account T1543 : Create or Modify System Process T1555 : Credentials from Password Stores T1485 : Data Destruction T1132 : Data Encoding T1486 : Data Encrypted for Impact T1530 : Data from Cloud Storage T1602 : Data from Configuration Repository T1213 : Data from Information Repositories T1005 : Data from Local System T1039 : Data from Network Shared Drive T1025 : Data from Removable Media T1565 : Data Manipulation T1001 : Data Obfuscation T1074 : Data Staged T1030 : Data Transfer Size Limits T1622 : Debugger Evasion T1491 : Defacement T1140 : Deobfuscate/Decode Files or Information T1610 : Deploy Container T1587 : Develop Capabilities T1652 : Device Driver Discovery T1006 : Direct Volume Access T1561 : Disk Wipe T1484 : Domain or Tenant Policy Modification T1482 : Domain Trust Discovery T1189 : Drive-by Compromise T1568 : Dynamic Resolution T1114 : Email Collection T1573 : Encrypted Channel T1499 : Endpoint Denial of Service T1611 : Escape to Host T1585 : Establish Accounts T1546 : Event Triggered Execution T1480 : Execution Guardrails T1048 : Exfiltration Over Alternative Protocol T1041 : Exfiltration Over C2 Channel T1011 : Exfiltration Over Other Network Medium T1052 : Exfiltration Over Physical Medium T1567 : Exfiltration Over Web Service T1190 : Exploit Public-Facing Application T1203 : Exploitation for Client Execution T1212 : Exploitation for Credential Access T1211 : Exploitation for Defense Evasion T1068 : Exploitation for Privilege Escalation T1210 : Exploitation of Remote Services T1133 : External Remote Services T1008 : Fallback Channels T1083 : File and Directory Discovery T1222 : File and Directory Permissions Modification T1657 : Financial Theft T1495 : Firmware Corruption T1187 : Forced Authentication T1606 : Forge Web Credentials T1592 : Gather Victim Host Information T1589 : Gather Victim Identity Information T1590 : Gather Victim Network Information T1591 : Gather Victim Org Information T1615 : Group Policy Discovery T1200 : Hardware Additions T1564 : Hide Artifacts T1665 : Hide Infrastructure T1574 : Hijack Execution Flow T1562 : Impair Defenses T1656 : Impersonation T1525 : Implant Internal Image T1070 : Indicator Removal T1202 : Indirect Command Execution T1105 : Ingress Tool Transfer T1490 : Inhibit System Recovery T1056 : Input Capture T1559 : Inter-Process Communication T1534 : Internal Spearphishing T1570 : Lateral Tool Transfer T1654 : Log Enumeration T1036 : Masquerading T1556 : Modify Authentication Process T1578 : Modify Cloud Compute Infrastructure T1112 : Modify Registry T1601 : Modify System Image T1111 : Multi-Factor Authentication Interception T1621 : Multi-Factor Authentication Request Generation T1104 : Multi-Stage Channels T1106 : Native API T1599 : Network Boundary Bridging T1498 : Network Denial of Service T1046 : Network Service Discovery T1135 : Network Share Discovery T1040 : Network Sniffing T1095 : Non-Application Layer Protocol T1571 : Non-Standard Port T1027 : Obfuscated Files or Information T1588 : Obtain Capabilities T1137 : Office Application Startup T1003 : OS Credential Dumping T1201 : Password Policy Discovery T1120 : Peripheral Device Discovery T1069 : Permission Groups Discovery T1566 : Phishing T1598 : Phishing for Information T1647 : Plist File Modification T1653 : Power Settings T1542 : Pre-OS Boot T1057 : Process Discovery T1055 : Process Injection T1572 : Protocol Tunneling T1090 : Proxy T1012 : Query Registry T1620 : Reflective Code Loading T1219 : Remote Access Software T1563 : Remote Service Session Hijacking T1021 : Remote Services T1018 : Remote System Discovery T1091 : Replication Through Removable Media T1496 : Resource Hijacking T1207 : Rogue Domain Controller T1014 : Rootkit T1053 : Scheduled Task/Job T1029 : Scheduled Transfer T1113 : Screen Capture T1597 : Search Closed Sources T1596 : Search Open Technical Databases T1593 : Search Open Websites/Domains T1594 : Search Victim-Owned Websites T1505 : Server Software Component T1648 : Serverless Execution T1489 : Service Stop T1129 : Shared Modules T1072 : Software Deployment Tools T1518 : Software Discovery T1608 : Stage Capabilities T1528 : Steal Application Access Token T1649 : Steal or Forge Authentication Certificates T1558 : Steal or Forge Kerberos Tickets T1539 : Steal Web Session Cookie T1553 : Subvert Trust Controls T1195 : Supply Chain Compromise T1218 : System Binary Proxy Execution T1082 : System Information Discovery T1614 : System Location Discovery T1016 : System Network Configuration Discovery T1049 : System Network Connections Discovery T1033 : System Owner/User Discovery T1216 : System Script Proxy Execution T1007 : System Service Discovery T1569 : System Services T1529 : System Shutdown/Reboot T1124 : System Time Discovery T1080 : Taint Shared Content T1221 : Template Injection T1205 : Traffic Signaling T1537 : Transfer Data to Cloud Account T1127 : Trusted Developer Utilities Proxy Execution T1199 : Trusted Relationship T1552 : Unsecured Credentials T1535 : Unused/Unsupported Cloud Regions T1550 : Use Alternate Authentication Material T1204 : User Execution T1078 : Valid Accounts T1125 : Video Capture T1497 : Virtualization/Sandbox Evasion T1600 : Weaken Encryption T1102 : Web Service T1047 : Windows Management Instrumentation T1220 : XSL Script Processing     ","T1059, T1573, T1546","**Cyberthreat Intelligence Analysis and MITRE Mapping**

The provided text describes several distinct malicious capabilities associated with the adbupd backdoor, covering execution, communication, and persistence.

**1. Execution of `cmd.exe`**
*   **Pattern:** The capability to execute a copy of `cmd.exe`.
*   **MITRE Technique:** T1059: Command and Scripting Interpreter.
*   **Reasoning:** This technique covers the use of built-in operating system tools and scripting languages (like PowerShell, cmd.exe, etc.) to execute commands, which is the core function described.

**2. Encrypting Command and Control (C2) Traffic**
*   **Pattern:** Using the OpenSSL library to encrypt its command and control (C2) traffic.
*   **MITRE Technique:** T1573: Encrypted Channel.
*   **Reasoning:** This technique specifically describes the use of encryption to conceal malicious communications (C2) from network defenders, which is exactly what the use of OpenSSL for encryption achieves.

**3. Achieving Persistence via WMI Script**
*   **Pattern:** Achieving persistence by leveraging a WMI script.
*   **MITRE Technique:** T1053: Scheduled Task/Job.
*   **Reasoning:** While WMI is a broad tool, its use to establish persistence typically involves creating a scheduled task or job that executes the malicious payload at a specific time or upon system events. T1053 is the most accurate general technique for this persistence mechanism.

***

**Final Technique IDs:**
T1059, T1573, T1053"
6,"Extract all MITRE Enterprise attack patterns from the following text and map them to their corresponding MITRE technique IDs. Provide reasoning for each identification. Ensure the final line contains only the IDs for the main techniques, separated by commas, excluding any subtechnique IDs. MITRE Enterprise IDs are given below as reference.  **Text:** AdFind is a free command-line query tool designed for extracting information from Active Directory. It can enumerate domain users, domain groups, and organizational units (OUs), as well as gather details about domain trusts. AdFind is also capable of querying Active Directory for computer accounts and extracting subnet information.  **List of All MITRE Enterprise technique IDs** ID    : Name T1548 : Abuse Elevation Control Mechanism T1134 : Access Token Manipulation T1531 : Account Access Removal T1087 : Account Discovery T1098 : Account Manipulation T1650 : Acquire Access T1583 : Acquire Infrastructure T1595 : Active Scanning T1557 : Adversary-in-the-Middle T1071 : Application Layer Protocol T1010 : Application Window Discovery T1560 : Archive Collected Data T1123 : Audio Capture T1119 : Automated Collection T1020 : Automated Exfiltration T1197 : BITS Jobs T1547 : Boot or Logon Autostart Execution T1037 : Boot or Logon Initialization Scripts T1176 : Browser Extensions T1217 : Browser Information Discovery T1185 : Browser Session Hijacking T1110 : Brute Force T1612 : Build Image on Host T1115 : Clipboard Data T1651 : Cloud Administration Command T1580 : Cloud Infrastructure Discovery T1538 : Cloud Service Dashboard T1526 : Cloud Service Discovery T1619 : Cloud Storage Object Discovery T1059 : Command and Scripting Interpreter T1092 : Communication Through Removable Media T1586 : Compromise Accounts T1554 : Compromise Host Software Binary T1584 : Compromise Infrastructure T1609 : Container Administration Command T1613 : Container and Resource Discovery T1659 : Content Injection T1136 : Create Account T1543 : Create or Modify System Process T1555 : Credentials from Password Stores T1485 : Data Destruction T1132 : Data Encoding T1486 : Data Encrypted for Impact T1530 : Data from Cloud Storage T1602 : Data from Configuration Repository T1213 : Data from Information Repositories T1005 : Data from Local System T1039 : Data from Network Shared Drive T1025 : Data from Removable Media T1565 : Data Manipulation T1001 : Data Obfuscation T1074 : Data Staged T1030 : Data Transfer Size Limits T1622 : Debugger Evasion T1491 : Defacement T1140 : Deobfuscate/Decode Files or Information T1610 : Deploy Container T1587 : Develop Capabilities T1652 : Device Driver Discovery T1006 : Direct Volume Access T1561 : Disk Wipe T1484 : Domain or Tenant Policy Modification T1482 : Domain Trust Discovery T1189 : Drive-by Compromise T1568 : Dynamic Resolution T1114 : Email Collection T1573 : Encrypted Channel T1499 : Endpoint Denial of Service T1611 : Escape to Host T1585 : Establish Accounts T1546 : Event Triggered Execution T1480 : Execution Guardrails T1048 : Exfiltration Over Alternative Protocol T1041 : Exfiltration Over C2 Channel T1011 : Exfiltration Over Other Network Medium T1052 : Exfiltration Over Physical Medium T1567 : Exfiltration Over Web Service T1190 : Exploit Public-Facing Application T1203 : Exploitation for Client Execution T1212 : Exploitation for Credential Access T1211 : Exploitation for Defense Evasion T1068 : Exploitation for Privilege Escalation T1210 : Exploitation of Remote Services T1133 : External Remote Services T1008 : Fallback Channels T1083 : File and Directory Discovery T1222 : File and Directory Permissions Modification T1657 : Financial Theft T1495 : Firmware Corruption T1187 : Forced Authentication T1606 : Forge Web Credentials T1592 : Gather Victim Host Information T1589 : Gather Victim Identity Information T1590 : Gather Victim Network Information T1591 : Gather Victim Org Information T1615 : Group Policy Discovery T1200 : Hardware Additions T1564 : Hide Artifacts T1665 : Hide Infrastructure T1574 : Hijack Execution Flow T1562 : Impair Defenses T1656 : Impersonation T1525 : Implant Internal Image T1070 : Indicator Removal T1202 : Indirect Command Execution T1105 : Ingress Tool Transfer T1490 : Inhibit System Recovery T1056 : Input Capture T1559 : Inter-Process Communication T1534 : Internal Spearphishing T1570 : Lateral Tool Transfer T1654 : Log Enumeration T1036 : Masquerading T1556 : Modify Authentication Process T1578 : Modify Cloud Compute Infrastructure T1112 : Modify Registry T1601 : Modify System Image T1111 : Multi-Factor Authentication Interception T1621 : Multi-Factor Authentication Request Generation T1104 : Multi-Stage Channels T1106 : Native API T1599 : Network Boundary Bridging T1498 : Network Denial of Service T1046 : Network Service Discovery T1135 : Network Share Discovery T1040 : Network Sniffing T1095 : Non-Application Layer Protocol T1571 : Non-Standard Port T1027 : Obfuscated Files or Information T1588 : Obtain Capabilities T1137 : Office Application Startup T1003 : OS Credential Dumping T1201 : Password Policy Discovery T1120 : Peripheral Device Discovery T1069 : Permission Groups Discovery T1566 : Phishing T1598 : Phishing for Information T1647 : Plist File Modification T1653 : Power Settings T1542 : Pre-OS Boot T1057 : Process Discovery T1055 : Process Injection T1572 : Protocol Tunneling T1090 : Proxy T1012 : Query Registry T1620 : Reflective Code Loading T1219 : Remote Access Software T1563 : Remote Service Session Hijacking T1021 : Remote Services T1018 : Remote System Discovery T1091 : Replication Through Removable Media T1496 : Resource Hijacking T1207 : Rogue Domain Controller T1014 : Rootkit T1053 : Scheduled Task/Job T1029 : Scheduled Transfer T1113 : Screen Capture T1597 : Search Closed Sources T1596 : Search Open Technical Databases T1593 : Search Open Websites/Domains T1594 : Search Victim-Owned Websites T1505 : Server Software Component T1648 : Serverless Execution T1489 : Service Stop T1129 : Shared Modules T1072 : Software Deployment Tools T1518 : Software Discovery T1608 : Stage Capabilities T1528 : Steal Application Access Token T1649 : Steal or Forge Authentication Certificates T1558 : Steal or Forge Kerberos Tickets T1539 : Steal Web Session Cookie T1553 : Subvert Trust Controls T1195 : Supply Chain Compromise T1218 : System Binary Proxy Execution T1082 : System Information Discovery T1614 : System Location Discovery T1016 : System Network Configuration Discovery T1049 : System Network Connections Discovery T1033 : System Owner/User Discovery T1216 : System Script Proxy Execution T1007 : System Service Discovery T1569 : System Services T1529 : System Shutdown/Reboot T1124 : System Time Discovery T1080 : Taint Shared Content T1221 : Template Injection T1205 : Traffic Signaling T1537 : Transfer Data to Cloud Account T1127 : Trusted Developer Utilities Proxy Execution T1199 : Trusted Relationship T1552 : Unsecured Credentials T1535 : Unused/Unsupported Cloud Regions T1550 : Use Alternate Authentication Material T1204 : User Execution T1078 : Valid Accounts T1125 : Video Capture T1497 : Virtualization/Sandbox Evasion T1600 : Weaken Encryption T1102 : Web Service T1047 : Windows Management Instrumentation T1220 : XSL Script Processing     ","T1087, T1482, T1069, T1018, T1016","**MITRE Enterprise Attack Pattern Extraction and Mapping**

**1. Enumerating domain users, domain groups, and organizational units (OUs)**
*   **MITRE Technique ID:** T1087
*   **Reasoning:** The act of enumerating users, groups, and organizational units (OUs) is the definition of discovering accounts and identity structures within a directory service like Active Directory. T1087, Account Discovery, directly covers this activity.

**2. Gathering details about domain trusts**
*   **MITRE Technique ID:** T1482
*   **Reasoning:** The text explicitly mentions gathering details about ""domain trusts."" T1482, Domain Trust Discovery, is the precise technique used for mapping and querying trust relationships between domains.

**3. Querying Active Directory for computer accounts**
*   **MITRE Technique ID:** T1087
*   **Reasoning:** While this is a specific type of account discovery, it falls under the broader scope of T1087 (Account Discovery), as the attacker is mapping the inventory of machine accounts within the directory.

**4. Extracting subnet information**
*   **MITRE Technique ID:** T1016
*   **Reasoning:** Subnet information is a core component of network configuration. T1016, System Network Configuration Discovery, is the technique used to map and extract network parameters, including IP ranges and subnets.

**5. General information extraction from Active Directory (Overall Capability)**
*   **MITRE Technique ID:** T1082
*   **Reasoning:** Since the tool is described as a general-purpose query tool for ""extracting information from Active Directory,"" T1082, System Information Discovery, serves as a high-level pattern representing the overall reconnaissance capability of the tool across various system components (users, groups, computers, etc.).

***

**Final Technique IDs:**
T1087, T1482, T1016, T1082"
7,"Extract all MITRE Enterprise attack patterns from the following text and map them to their corresponding MITRE technique IDs. Provide reasoning for each identification. Ensure the final line contains only the IDs for the main techniques, separated by commas, excluding any subtechnique IDs. MITRE Enterprise IDs are given below as reference.  **Text:** ADVSTORESHELL is a spying backdoor associated with APT28, active from at least 2012 to 2016. It is typically used for long-term espionage on targets identified as valuable after an initial reconnaissance phase. ADVSTORESHELL communicates with its command and control (C2) server via port 80 using the Wininet API, exchanging data through HTTP POST requests. Before exfiltration, the backdoor encrypts data using the 3DES algorithm with a hardcoded key. Persistence is achieved by adding itself to the HKCU\SOFTWARE\Microsoft\Windows\CurrentVersion\Run Registry key. ADVSTORESHELL can create a remote shell and execute specified commands, with command execution output stored in a .dat file in the %TEMP% directory. Its C2 traffic is encrypted and then encoded with Base64. Some variants of ADVSTORESHELL also use 3DES encryption for C2 communications.  **List of All MITRE Enterprise technique IDs** ID    : Name T1548 : Abuse Elevation Control Mechanism T1134 : Access Token Manipulation T1531 : Account Access Removal T1087 : Account Discovery T1098 : Account Manipulation T1650 : Acquire Access T1583 : Acquire Infrastructure T1595 : Active Scanning T1557 : Adversary-in-the-Middle T1071 : Application Layer Protocol T1010 : Application Window Discovery T1560 : Archive Collected Data T1123 : Audio Capture T1119 : Automated Collection T1020 : Automated Exfiltration T1197 : BITS Jobs T1547 : Boot or Logon Autostart Execution T1037 : Boot or Logon Initialization Scripts T1176 : Browser Extensions T1217 : Browser Information Discovery T1185 : Browser Session Hijacking T1110 : Brute Force T1612 : Build Image on Host T1115 : Clipboard Data T1651 : Cloud Administration Command T1580 : Cloud Infrastructure Discovery T1538 : Cloud Service Dashboard T1526 : Cloud Service Discovery T1619 : Cloud Storage Object Discovery T1059 : Command and Scripting Interpreter T1092 : Communication Through Removable Media T1586 : Compromise Accounts T1554 : Compromise Host Software Binary T1584 : Compromise Infrastructure T1609 : Container Administration Command T1613 : Container and Resource Discovery T1659 : Content Injection T1136 : Create Account T1543 : Create or Modify System Process T1555 : Credentials from Password Stores T1485 : Data Destruction T1132 : Data Encoding T1486 : Data Encrypted for Impact T1530 : Data from Cloud Storage T1602 : Data from Configuration Repository T1213 : Data from Information Repositories T1005 : Data from Local System T1039 : Data from Network Shared Drive T1025 : Data from Removable Media T1565 : Data Manipulation T1001 : Data Obfuscation T1074 : Data Staged T1030 : Data Transfer Size Limits T1622 : Debugger Evasion T1491 : Defacement T1140 : Deobfuscate/Decode Files or Information T1610 : Deploy Container T1587 : Develop Capabilities T1652 : Device Driver Discovery T1006 : Direct Volume Access T1561 : Disk Wipe T1484 : Domain or Tenant Policy Modification T1482 : Domain Trust Discovery T1189 : Drive-by Compromise T1568 : Dynamic Resolution T1114 : Email Collection T1573 : Encrypted Channel T1499 : Endpoint Denial of Service T1611 : Escape to Host T1585 : Establish Accounts T1546 : Event Triggered Execution T1480 : Execution Guardrails T1048 : Exfiltration Over Alternative Protocol T1041 : Exfiltration Over C2 Channel T1011 : Exfiltration Over Other Network Medium T1052 : Exfiltration Over Physical Medium T1567 : Exfiltration Over Web Service T1190 : Exploit Public-Facing Application T1203 : Exploitation for Client Execution T1212 : Exploitation for Credential Access T1211 : Exploitation for Defense Evasion T1068 : Exploitation for Privilege Escalation T1210 : Exploitation of Remote Services T1133 : External Remote Services T1008 : Fallback Channels T1083 : File and Directory Discovery T1222 : File and Directory Permissions Modification T1657 : Financial Theft T1495 : Firmware Corruption T1187 : Forced Authentication T1606 : Forge Web Credentials T1592 : Gather Victim Host Information T1589 : Gather Victim Identity Information T1590 : Gather Victim Network Information T1591 : Gather Victim Org Information T1615 : Group Policy Discovery T1200 : Hardware Additions T1564 : Hide Artifacts T1665 : Hide Infrastructure T1574 : Hijack Execution Flow T1562 : Impair Defenses T1656 : Impersonation T1525 : Implant Internal Image T1070 : Indicator Removal T1202 : Indirect Command Execution T1105 : Ingress Tool Transfer T1490 : Inhibit System Recovery T1056 : Input Capture T1559 : Inter-Process Communication T1534 : Internal Spearphishing T1570 : Lateral Tool Transfer T1654 : Log Enumeration T1036 : Masquerading T1556 : Modify Authentication Process T1578 : Modify Cloud Compute Infrastructure T1112 : Modify Registry T1601 : Modify System Image T1111 : Multi-Factor Authentication Interception T1621 : Multi-Factor Authentication Request Generation T1104 : Multi-Stage Channels T1106 : Native API T1599 : Network Boundary Bridging T1498 : Network Denial of Service T1046 : Network Service Discovery T1135 : Network Share Discovery T1040 : Network Sniffing T1095 : Non-Application Layer Protocol T1571 : Non-Standard Port T1027 : Obfuscated Files or Information T1588 : Obtain Capabilities T1137 : Office Application Startup T1003 : OS Credential Dumping T1201 : Password Policy Discovery T1120 : Peripheral Device Discovery T1069 : Permission Groups Discovery T1566 : Phishing T1598 : Phishing for Information T1647 : Plist File Modification T1653 : Power Settings T1542 : Pre-OS Boot T1057 : Process Discovery T1055 : Process Injection T1572 : Protocol Tunneling T1090 : Proxy T1012 : Query Registry T1620 : Reflective Code Loading T1219 : Remote Access Software T1563 : Remote Service Session Hijacking T1021 : Remote Services T1018 : Remote System Discovery T1091 : Replication Through Removable Media T1496 : Resource Hijacking T1207 : Rogue Domain Controller T1014 : Rootkit T1053 : Scheduled Task/Job T1029 : Scheduled Transfer T1113 : Screen Capture T1597 : Search Closed Sources T1596 : Search Open Technical Databases T1593 : Search Open Websites/Domains T1594 : Search Victim-Owned Websites T1505 : Server Software Component T1648 : Serverless Execution T1489 : Service Stop T1129 : Shared Modules T1072 : Software Deployment Tools T1518 : Software Discovery T1608 : Stage Capabilities T1528 : Steal Application Access Token T1649 : Steal or Forge Authentication Certificates T1558 : Steal or Forge Kerberos Tickets T1539 : Steal Web Session Cookie T1553 : Subvert Trust Controls T1195 : Supply Chain Compromise T1218 : System Binary Proxy Execution T1082 : System Information Discovery T1614 : System Location Discovery T1016 : System Network Configuration Discovery T1049 : System Network Connections Discovery T1033 : System Owner/User Discovery T1216 : System Script Proxy Execution T1007 : System Service Discovery T1569 : System Services T1529 : System Shutdown/Reboot T1124 : System Time Discovery T1080 : Taint Shared Content T1221 : Template Injection T1205 : Traffic Signaling T1537 : Transfer Data to Cloud Account T1127 : Trusted Developer Utilities Proxy Execution T1199 : Trusted Relationship T1552 : Unsecured Credentials T1535 : Unused/Unsupported Cloud Regions T1550 : Use Alternate Authentication Material T1204 : User Execution T1078 : Valid Accounts T1125 : Video Capture T1497 : Virtualization/Sandbox Evasion T1600 : Weaken Encryption T1102 : Web Service T1047 : Windows Management Instrumentation T1220 : XSL Script Processing     ","T1071, T1560, T1547, T1059, T1132, T1074, T1573","### MITRE Enterprise Attack Pattern Extraction

**1. T1071: Application Layer Protocol**
*   **Reasoning:** The text states that ADVSTORESHELL communicates with its C2 server using HTTP POST requests over port 80. This utilizes standard application layer protocols (HTTP) for command and control communication.

**2. T1112: Modify Registry**
*   **Reasoning:** The malware achieves persistence by ""adding itself to the HKCU\SOFTWARE\Microsoft\Windows\CurrentVersion\Run Registry key."" This action directly modifies a specific registry key, which is a core function of T1112.

**3. T1059: Command and Scripting Interpreter**
*   **Reasoning:** The description notes that ADVSTORESHELL can ""create a remote shell and execute specified commands."" The ability to execute arbitrary commands and maintain a remote shell falls under the scope of command and scripting interpreters.

**4. T1486: Data Encrypted for Impact**
*   **Reasoning:** The text explicitly states that ""the backdoor encrypts data using the 3DES algorithm."" This action of encrypting data, particularly before exfiltration, is classified as data encryption for impact.

**5. T1001: Data Obfuscation**
*   **Reasoning:** The malware performs multiple obfuscation techniques: it encrypts data (3DES) and then encodes the C2 traffic with Base64. Both encryption and encoding are methods of data obfuscation.

**6. T1132: Data Encoding**
*   **Reasoning:** The text specifies that the C2 traffic is ""encoded with Base64."" Base64 is a specific encoding scheme, directly mapping to T1132.

***

**Final Technique IDs:**
T1071, T1112, T1059, T1486, T1001, T1132"
8,"Extract all MITRE Enterprise attack patterns from the following text and map them to their corresponding MITRE technique IDs. Provide reasoning for each identification. Ensure the final line contains only the IDs for the main techniques, separated by commas, excluding any subtechnique IDs. MITRE Enterprise IDs are given below as reference.  **Text:** Agent Smith is mobile malware that generates financial profit by replacing legitimate apps on infected devices with malicious versions that contain fraudulent ads. By July 2019, Agent Smith had infected approximately 25 million devices, primarily targeting users in India, but also impacting other Asian countries, Saudi Arabia, the United Kingdom, and the United States. Agent Smith can inject fraudulent ad modules into existing applications on a device and exploits known OS vulnerabilities, such as Janus, to replace legitimate apps with malicious versions. The malware is designed to display fraudulent ads to generate revenue. It can also hide its icon from the application launcher and delete update packages of infected apps to prevent them from being updated. The malware can impersonate any popular application on an infected device, with its core component disguising itself as a legitimate Google app. The dropper used to deliver Agent Smith is a weaponized version of a legitimate Feng Shui Bundle. Additionally, the core malware is disguised as a JPG file and encrypted with an XOR cipher.  **List of All MITRE Enterprise technique IDs** ID    : Name T1548 : Abuse Elevation Control Mechanism T1134 : Access Token Manipulation T1531 : Account Access Removal T1087 : Account Discovery T1098 : Account Manipulation T1650 : Acquire Access T1583 : Acquire Infrastructure T1595 : Active Scanning T1557 : Adversary-in-the-Middle T1071 : Application Layer Protocol T1010 : Application Window Discovery T1560 : Archive Collected Data T1123 : Audio Capture T1119 : Automated Collection T1020 : Automated Exfiltration T1197 : BITS Jobs T1547 : Boot or Logon Autostart Execution T1037 : Boot or Logon Initialization Scripts T1176 : Browser Extensions T1217 : Browser Information Discovery T1185 : Browser Session Hijacking T1110 : Brute Force T1612 : Build Image on Host T1115 : Clipboard Data T1651 : Cloud Administration Command T1580 : Cloud Infrastructure Discovery T1538 : Cloud Service Dashboard T1526 : Cloud Service Discovery T1619 : Cloud Storage Object Discovery T1059 : Command and Scripting Interpreter T1092 : Communication Through Removable Media T1586 : Compromise Accounts T1554 : Compromise Host Software Binary T1584 : Compromise Infrastructure T1609 : Container Administration Command T1613 : Container and Resource Discovery T1659 : Content Injection T1136 : Create Account T1543 : Create or Modify System Process T1555 : Credentials from Password Stores T1485 : Data Destruction T1132 : Data Encoding T1486 : Data Encrypted for Impact T1530 : Data from Cloud Storage T1602 : Data from Configuration Repository T1213 : Data from Information Repositories T1005 : Data from Local System T1039 : Data from Network Shared Drive T1025 : Data from Removable Media T1565 : Data Manipulation T1001 : Data Obfuscation T1074 : Data Staged T1030 : Data Transfer Size Limits T1622 : Debugger Evasion T1491 : Defacement T1140 : Deobfuscate/Decode Files or Information T1610 : Deploy Container T1587 : Develop Capabilities T1652 : Device Driver Discovery T1006 : Direct Volume Access T1561 : Disk Wipe T1484 : Domain or Tenant Policy Modification T1482 : Domain Trust Discovery T1189 : Drive-by Compromise T1568 : Dynamic Resolution T1114 : Email Collection T1573 : Encrypted Channel T1499 : Endpoint Denial of Service T1611 : Escape to Host T1585 : Establish Accounts T1546 : Event Triggered Execution T1480 : Execution Guardrails T1048 : Exfiltration Over Alternative Protocol T1041 : Exfiltration Over C2 Channel T1011 : Exfiltration Over Other Network Medium T1052 : Exfiltration Over Physical Medium T1567 : Exfiltration Over Web Service T1190 : Exploit Public-Facing Application T1203 : Exploitation for Client Execution T1212 : Exploitation for Credential Access T1211 : Exploitation for Defense Evasion T1068 : Exploitation for Privilege Escalation T1210 : Exploitation of Remote Services T1133 : External Remote Services T1008 : Fallback Channels T1083 : File and Directory Discovery T1222 : File and Directory Permissions Modification T1657 : Financial Theft T1495 : Firmware Corruption T1187 : Forced Authentication T1606 : Forge Web Credentials T1592 : Gather Victim Host Information T1589 : Gather Victim Identity Information T1590 : Gather Victim Network Information T1591 : Gather Victim Org Information T1615 : Group Policy Discovery T1200 : Hardware Additions T1564 : Hide Artifacts T1665 : Hide Infrastructure T1574 : Hijack Execution Flow T1562 : Impair Defenses T1656 : Impersonation T1525 : Implant Internal Image T1070 : Indicator Removal T1202 : Indirect Command Execution T1105 : Ingress Tool Transfer T1490 : Inhibit System Recovery T1056 : Input Capture T1559 : Inter-Process Communication T1534 : Internal Spearphishing T1570 : Lateral Tool Transfer T1654 : Log Enumeration T1036 : Masquerading T1556 : Modify Authentication Process T1578 : Modify Cloud Compute Infrastructure T1112 : Modify Registry T1601 : Modify System Image T1111 : Multi-Factor Authentication Interception T1621 : Multi-Factor Authentication Request Generation T1104 : Multi-Stage Channels T1106 : Native API T1599 : Network Boundary Bridging T1498 : Network Denial of Service T1046 : Network Service Discovery T1135 : Network Share Discovery T1040 : Network Sniffing T1095 : Non-Application Layer Protocol T1571 : Non-Standard Port T1027 : Obfuscated Files or Information T1588 : Obtain Capabilities T1137 : Office Application Startup T1003 : OS Credential Dumping T1201 : Password Policy Discovery T1120 : Peripheral Device Discovery T1069 : Permission Groups Discovery T1566 : Phishing T1598 : Phishing for Information T1647 : Plist File Modification T1653 : Power Settings T1542 : Pre-OS Boot T1057 : Process Discovery T1055 : Process Injection T1572 : Protocol Tunneling T1090 : Proxy T1012 : Query Registry T1620 : Reflective Code Loading T1219 : Remote Access Software T1563 : Remote Service Session Hijacking T1021 : Remote Services T1018 : Remote System Discovery T1091 : Replication Through Removable Media T1496 : Resource Hijacking T1207 : Rogue Domain Controller T1014 : Rootkit T1053 : Scheduled Task/Job T1029 : Scheduled Transfer T1113 : Screen Capture T1597 : Search Closed Sources T1596 : Search Open Technical Databases T1593 : Search Open Websites/Domains T1594 : Search Victim-Owned Websites T1505 : Server Software Component T1648 : Serverless Execution T1489 : Service Stop T1129 : Shared Modules T1072 : Software Deployment Tools T1518 : Software Discovery T1608 : Stage Capabilities T1528 : Steal Application Access Token T1649 : Steal or Forge Authentication Certificates T1558 : Steal or Forge Kerberos Tickets T1539 : Steal Web Session Cookie T1553 : Subvert Trust Controls T1195 : Supply Chain Compromise T1218 : System Binary Proxy Execution T1082 : System Information Discovery T1614 : System Location Discovery T1016 : System Network Configuration Discovery T1049 : System Network Connections Discovery T1033 : System Owner/User Discovery T1216 : System Script Proxy Execution T1007 : System Service Discovery T1569 : System Services T1529 : System Shutdown/Reboot T1124 : System Time Discovery T1080 : Taint Shared Content T1221 : Template Injection T1205 : Traffic Signaling T1537 : Transfer Data to Cloud Account T1127 : Trusted Developer Utilities Proxy Execution T1199 : Trusted Relationship T1552 : Unsecured Credentials T1535 : Unused/Unsupported Cloud Regions T1550 : Use Alternate Authentication Material T1204 : User Execution T1078 : Valid Accounts T1125 : Video Capture T1497 : Virtualization/Sandbox Evasion T1600 : Weaken Encryption T1102 : Web Service T1047 : Windows Management Instrumentation T1220 : XSL Script Processing     ","T1577, T1404, T1643, T1628, T1630, T1655, T1406","**MITRE Enterprise Attack Pattern Extraction and Mapping**

**1. T1036: Masquerading**
*   **Reasoning:** The text repeatedly describes the malware's ability to disguise itself. Specifically, it mentions the core component ""disguising itself as a legitimate Google app,"" and the malware is ""disguised as a JPG file."" Masquerading is the act of disguising malicious activity or files to appear legitimate.

**2. T1659: Content Injection**
*   **Reasoning:** The malware ""can inject fraudulent ad modules into existing applications."" This action directly fits the definition of Content Injection, where malicious content is inserted into legitimate applications.

**3. T1203: Exploitation for Client Execution**
*   **Reasoning:** The malware ""exploits known OS vulnerabilities, such as Janus, to replace legitimate apps with malicious versions."" This is a clear example of exploiting a vulnerability to execute code or achieve malicious functionality on the client device.

**4. T1657: Financial Theft**
*   **Reasoning:** The primary goal of the malware is to ""generate financial profit"" and display ""fraudulent ads to generate revenue."" This activity falls under the category of financial theft.

**5. T1564: Hide Artifacts**
*   **Reasoning:** The malware ""can also hide its icon from the application launcher."" Hiding system components or indicators of compromise (like an icon) is a classic example of hiding artifacts.

**6. T1485: Data Destruction**
*   **Reasoning:** The malware ""delete update packages of infected apps to prevent them from being updated."" Deleting critical files (update packages) to prevent remediation or functionality is classified as data destruction.

**7. T1656: Impersonation**
*   **Reasoning:** The text states the malware ""can impersonate any popular application on an infected device."" While T1036 (Masquerading) is used for the file disguise, T1656 specifically covers the act of impersonating a service or application identity.

**8. T1195: Supply Chain Compromise**
*   **Reasoning:** The dropper used is described as a ""weaponized version of a legitimate Feng Shui Bundle."" Utilizing a compromised, legitimate third-party package or bundle for initial delivery constitutes a supply chain attack.

**9. T1133 (Bonus/Alternative): Brute Force/Credential Theft**
*(Self-Correction/Note: While not explicitly mentioned, if the goal was to gain access, this would be relevant. Sticking strictly to the text, this is not applicable.)*

**10. T1027 (Bonus/Alternative): Obfuscation/Encryption**
*(Self-Correction/Note: The use of encryption or obfuscation is not mentioned. Sticking strictly to the text, this is not applicable.)*

***

**Summary of Key Techniques:**

*   **Initial Access/Delivery:** T1133 (Supply Chain)
*   **Execution/Impact:** T1659 (Adware/Malware)
*   **Persistence/Defense Evasion:** T1562 (Masquerading"
9,"Extract all MITRE Enterprise attack patterns from the following text and map them to their corresponding MITRE technique IDs. Provide reasoning for each identification. Ensure the final line contains only the IDs for the main techniques, separated by commas, excluding any subtechnique IDs. MITRE Enterprise IDs are given below as reference.  **Text:** Agent Tesla is a spyware Trojan built on the .NET framework, active since at least 2014. It is capable of collecting account information from the victim’s machine and has been observed using HTTP for command and control (C2) communications. Agent Tesla can encrypt data using the 3DES algorithm before transmitting it to a C2 server. To establish persistence, it adds itself to the system Registry as a startup program. The Trojan can perform form-grabbing to capture data from web forms and is also capable of stealing data from the victim’s clipboard. Additionally, Agent Tesla can extract credentials from FTP clients and wireless profiles. It has the ability to decrypt strings that have been encrypted using the Rijndael symmetric encryption algorithm.  **List of All MITRE Enterprise technique IDs** ID    : Name T1548 : Abuse Elevation Control Mechanism T1134 : Access Token Manipulation T1531 : Account Access Removal T1087 : Account Discovery T1098 : Account Manipulation T1650 : Acquire Access T1583 : Acquire Infrastructure T1595 : Active Scanning T1557 : Adversary-in-the-Middle T1071 : Application Layer Protocol T1010 : Application Window Discovery T1560 : Archive Collected Data T1123 : Audio Capture T1119 : Automated Collection T1020 : Automated Exfiltration T1197 : BITS Jobs T1547 : Boot or Logon Autostart Execution T1037 : Boot or Logon Initialization Scripts T1176 : Browser Extensions T1217 : Browser Information Discovery T1185 : Browser Session Hijacking T1110 : Brute Force T1612 : Build Image on Host T1115 : Clipboard Data T1651 : Cloud Administration Command T1580 : Cloud Infrastructure Discovery T1538 : Cloud Service Dashboard T1526 : Cloud Service Discovery T1619 : Cloud Storage Object Discovery T1059 : Command and Scripting Interpreter T1092 : Communication Through Removable Media T1586 : Compromise Accounts T1554 : Compromise Host Software Binary T1584 : Compromise Infrastructure T1609 : Container Administration Command T1613 : Container and Resource Discovery T1659 : Content Injection T1136 : Create Account T1543 : Create or Modify System Process T1555 : Credentials from Password Stores T1485 : Data Destruction T1132 : Data Encoding T1486 : Data Encrypted for Impact T1530 : Data from Cloud Storage T1602 : Data from Configuration Repository T1213 : Data from Information Repositories T1005 : Data from Local System T1039 : Data from Network Shared Drive T1025 : Data from Removable Media T1565 : Data Manipulation T1001 : Data Obfuscation T1074 : Data Staged T1030 : Data Transfer Size Limits T1622 : Debugger Evasion T1491 : Defacement T1140 : Deobfuscate/Decode Files or Information T1610 : Deploy Container T1587 : Develop Capabilities T1652 : Device Driver Discovery T1006 : Direct Volume Access T1561 : Disk Wipe T1484 : Domain or Tenant Policy Modification T1482 : Domain Trust Discovery T1189 : Drive-by Compromise T1568 : Dynamic Resolution T1114 : Email Collection T1573 : Encrypted Channel T1499 : Endpoint Denial of Service T1611 : Escape to Host T1585 : Establish Accounts T1546 : Event Triggered Execution T1480 : Execution Guardrails T1048 : Exfiltration Over Alternative Protocol T1041 : Exfiltration Over C2 Channel T1011 : Exfiltration Over Other Network Medium T1052 : Exfiltration Over Physical Medium T1567 : Exfiltration Over Web Service T1190 : Exploit Public-Facing Application T1203 : Exploitation for Client Execution T1212 : Exploitation for Credential Access T1211 : Exploitation for Defense Evasion T1068 : Exploitation for Privilege Escalation T1210 : Exploitation of Remote Services T1133 : External Remote Services T1008 : Fallback Channels T1083 : File and Directory Discovery T1222 : File and Directory Permissions Modification T1657 : Financial Theft T1495 : Firmware Corruption T1187 : Forced Authentication T1606 : Forge Web Credentials T1592 : Gather Victim Host Information T1589 : Gather Victim Identity Information T1590 : Gather Victim Network Information T1591 : Gather Victim Org Information T1615 : Group Policy Discovery T1200 : Hardware Additions T1564 : Hide Artifacts T1665 : Hide Infrastructure T1574 : Hijack Execution Flow T1562 : Impair Defenses T1656 : Impersonation T1525 : Implant Internal Image T1070 : Indicator Removal T1202 : Indirect Command Execution T1105 : Ingress Tool Transfer T1490 : Inhibit System Recovery T1056 : Input Capture T1559 : Inter-Process Communication T1534 : Internal Spearphishing T1570 : Lateral Tool Transfer T1654 : Log Enumeration T1036 : Masquerading T1556 : Modify Authentication Process T1578 : Modify Cloud Compute Infrastructure T1112 : Modify Registry T1601 : Modify System Image T1111 : Multi-Factor Authentication Interception T1621 : Multi-Factor Authentication Request Generation T1104 : Multi-Stage Channels T1106 : Native API T1599 : Network Boundary Bridging T1498 : Network Denial of Service T1046 : Network Service Discovery T1135 : Network Share Discovery T1040 : Network Sniffing T1095 : Non-Application Layer Protocol T1571 : Non-Standard Port T1027 : Obfuscated Files or Information T1588 : Obtain Capabilities T1137 : Office Application Startup T1003 : OS Credential Dumping T1201 : Password Policy Discovery T1120 : Peripheral Device Discovery T1069 : Permission Groups Discovery T1566 : Phishing T1598 : Phishing for Information T1647 : Plist File Modification T1653 : Power Settings T1542 : Pre-OS Boot T1057 : Process Discovery T1055 : Process Injection T1572 : Protocol Tunneling T1090 : Proxy T1012 : Query Registry T1620 : Reflective Code Loading T1219 : Remote Access Software T1563 : Remote Service Session Hijacking T1021 : Remote Services T1018 : Remote System Discovery T1091 : Replication Through Removable Media T1496 : Resource Hijacking T1207 : Rogue Domain Controller T1014 : Rootkit T1053 : Scheduled Task/Job T1029 : Scheduled Transfer T1113 : Screen Capture T1597 : Search Closed Sources T1596 : Search Open Technical Databases T1593 : Search Open Websites/Domains T1594 : Search Victim-Owned Websites T1505 : Server Software Component T1648 : Serverless Execution T1489 : Service Stop T1129 : Shared Modules T1072 : Software Deployment Tools T1518 : Software Discovery T1608 : Stage Capabilities T1528 : Steal Application Access Token T1649 : Steal or Forge Authentication Certificates T1558 : Steal or Forge Kerberos Tickets T1539 : Steal Web Session Cookie T1553 : Subvert Trust Controls T1195 : Supply Chain Compromise T1218 : System Binary Proxy Execution T1082 : System Information Discovery T1614 : System Location Discovery T1016 : System Network Configuration Discovery T1049 : System Network Connections Discovery T1033 : System Owner/User Discovery T1216 : System Script Proxy Execution T1007 : System Service Discovery T1569 : System Services T1529 : System Shutdown/Reboot T1124 : System Time Discovery T1080 : Taint Shared Content T1221 : Template Injection T1205 : Traffic Signaling T1537 : Transfer Data to Cloud Account T1127 : Trusted Developer Utilities Proxy Execution T1199 : Trusted Relationship T1552 : Unsecured Credentials T1535 : Unused/Unsupported Cloud Regions T1550 : Use Alternate Authentication Material T1204 : User Execution T1078 : Valid Accounts T1125 : Video Capture T1497 : Virtualization/Sandbox Evasion T1600 : Weaken Encryption T1102 : Web Service T1047 : Windows Management Instrumentation T1220 : XSL Script Processing     ","T1087, T1071, T1560, T1547, T1185, T1115, T1555, T1140","### MITRE Enterprise Attack Pattern Extraction and Mapping

**1. Persistence Mechanism**
*   **Text Evidence:** ""To establish persistence, it adds itself to the system Registry as a startup program.""
*   **MITRE Technique:** T1547: Boot or Logon Autostart Execution
*   **Reasoning:** The act of adding the malware to the system Registry to ensure it runs automatically upon system startup is a classic method of establishing persistence, directly mapping to this technique.
*   **Secondary Technique:** T1112: Modify Registry (The specific method used to achieve persistence).

**2. Credential and Account Theft**
*   **Text Evidence:** ""It is capable of collecting account information from the victim’s machine..."" and ""Additionally, Agent Tesla can extract credentials from FTP clients and wireless profiles.""
*   **MITRE Technique:** T1003: OS Credential Dumping
*   **Reasoning:** The ability to extract credentials from system components (like FTP clients or stored profiles) falls under the general category of dumping stored operating system credentials.
*   **Secondary Technique:** T1592: Gather Victim Host Information (General collection of system data).

**3. Input and Data Capture**
*   **Text Evidence:** ""The Trojan can perform form-grabbing to capture data from web forms and is also capable of stealing data from the victim’s clipboard.""
*   **MITRE Technique:** T1056: Input Capture
*   **Reasoning:** Form-grabbing is a specific form of capturing user input data before it is processed or transmitted.
*   **Secondary Technique:** T1115: Clipboard Data (Directly addresses the theft of clipboard contents).

**4. Data Processing and Evasion**
*   **Text Evidence:** ""Agent Tesla can encrypt data using the 3DES algorithm before transmitting it to a C2 server."" and ""It has the ability to decrypt strings that have been encrypted using the Rijndael symmetric encryption algorithm.""
*   **MITRE Technique:** T1132: Data Encoding
*   **Reasoning:** Encryption (3DES) is a form of data encoding used to obscure data before transmission.
*   **Secondary Technique:** T1140: Deobfuscate/Decode Files or Information (The ability to decrypt strings indicates the capability to reverse encoding/encryption).

**5. Command and Control / Exfiltration**
*   **Text Evidence:** ""...has been observed using HTTP for command and control (C2) communications."" and (Implied) The collection of data for transmission.
*   **MITRE Technique:** T1071: Application Layer Protocol
*   **Reasoning:** Using HTTP for C2 communication utilizes a standard application layer protocol.
*   **Primary Goal Technique:** T1041: Exfiltration Over C2 Channel (or T1020: Automated Exfiltration)
*   **Most Direct Technique:** T1041 (Exfiltration Over C2 Channel) is the best fit for sending stolen data out.

***

**Summary of Key Techniques:**

*   **Persistence/Execution:** T1547.001 (Registry Run Keys / Startup Folder) - *Implied, but not explicitly stated.*
*   **Defense Evasion:** T1027 (Obfuscated Files or Information) - *Implied by the nature of malware.*"
10,"Extract all MITRE Enterprise attack patterns from the following text and map them to their corresponding MITRE technique IDs. Provide reasoning for each identification. Ensure the final line contains only the IDs for the main techniques, separated by commas, excluding any subtechnique IDs. MITRE Enterprise IDs are given below as reference.  **Text:** Agent.btz is a worm known for spreading primarily through removable devices like USB drives. It gained notoriety for infecting U.S. military networks in 2008. The worm gathers system information and saves it in an XML file, which is then XOR-encoded for obfuscation. On any connected USB flash drive, Agent.btz creates a file named ""thumb.dd"" that contains details about the infected system and activity logs. The worm also attempts to download an encrypted binary from a specified domain. To propagate itself, Agent.btz drops a copy of itself onto removable media and creates an autorun.inf file that instructs the system to execute the malware when the device is inserted into another computer. Additionally, Agent.btz collects network-related information, including the IP and MAC addresses of the network adapter, as well as IP addresses for the default gateway, WINS, DHCP, and DNS servers, and saves this data into a log file. The worm also records the victim's username and stores it in a separate file.  **List of All MITRE Enterprise technique IDs** ID    : Name T1548 : Abuse Elevation Control Mechanism T1134 : Access Token Manipulation T1531 : Account Access Removal T1087 : Account Discovery T1098 : Account Manipulation T1650 : Acquire Access T1583 : Acquire Infrastructure T1595 : Active Scanning T1557 : Adversary-in-the-Middle T1071 : Application Layer Protocol T1010 : Application Window Discovery T1560 : Archive Collected Data T1123 : Audio Capture T1119 : Automated Collection T1020 : Automated Exfiltration T1197 : BITS Jobs T1547 : Boot or Logon Autostart Execution T1037 : Boot or Logon Initialization Scripts T1176 : Browser Extensions T1217 : Browser Information Discovery T1185 : Browser Session Hijacking T1110 : Brute Force T1612 : Build Image on Host T1115 : Clipboard Data T1651 : Cloud Administration Command T1580 : Cloud Infrastructure Discovery T1538 : Cloud Service Dashboard T1526 : Cloud Service Discovery T1619 : Cloud Storage Object Discovery T1059 : Command and Scripting Interpreter T1092 : Communication Through Removable Media T1586 : Compromise Accounts T1554 : Compromise Host Software Binary T1584 : Compromise Infrastructure T1609 : Container Administration Command T1613 : Container and Resource Discovery T1659 : Content Injection T1136 : Create Account T1543 : Create or Modify System Process T1555 : Credentials from Password Stores T1485 : Data Destruction T1132 : Data Encoding T1486 : Data Encrypted for Impact T1530 : Data from Cloud Storage T1602 : Data from Configuration Repository T1213 : Data from Information Repositories T1005 : Data from Local System T1039 : Data from Network Shared Drive T1025 : Data from Removable Media T1565 : Data Manipulation T1001 : Data Obfuscation T1074 : Data Staged T1030 : Data Transfer Size Limits T1622 : Debugger Evasion T1491 : Defacement T1140 : Deobfuscate/Decode Files or Information T1610 : Deploy Container T1587 : Develop Capabilities T1652 : Device Driver Discovery T1006 : Direct Volume Access T1561 : Disk Wipe T1484 : Domain or Tenant Policy Modification T1482 : Domain Trust Discovery T1189 : Drive-by Compromise T1568 : Dynamic Resolution T1114 : Email Collection T1573 : Encrypted Channel T1499 : Endpoint Denial of Service T1611 : Escape to Host T1585 : Establish Accounts T1546 : Event Triggered Execution T1480 : Execution Guardrails T1048 : Exfiltration Over Alternative Protocol T1041 : Exfiltration Over C2 Channel T1011 : Exfiltration Over Other Network Medium T1052 : Exfiltration Over Physical Medium T1567 : Exfiltration Over Web Service T1190 : Exploit Public-Facing Application T1203 : Exploitation for Client Execution T1212 : Exploitation for Credential Access T1211 : Exploitation for Defense Evasion T1068 : Exploitation for Privilege Escalation T1210 : Exploitation of Remote Services T1133 : External Remote Services T1008 : Fallback Channels T1083 : File and Directory Discovery T1222 : File and Directory Permissions Modification T1657 : Financial Theft T1495 : Firmware Corruption T1187 : Forced Authentication T1606 : Forge Web Credentials T1592 : Gather Victim Host Information T1589 : Gather Victim Identity Information T1590 : Gather Victim Network Information T1591 : Gather Victim Org Information T1615 : Group Policy Discovery T1200 : Hardware Additions T1564 : Hide Artifacts T1665 : Hide Infrastructure T1574 : Hijack Execution Flow T1562 : Impair Defenses T1656 : Impersonation T1525 : Implant Internal Image T1070 : Indicator Removal T1202 : Indirect Command Execution T1105 : Ingress Tool Transfer T1490 : Inhibit System Recovery T1056 : Input Capture T1559 : Inter-Process Communication T1534 : Internal Spearphishing T1570 : Lateral Tool Transfer T1654 : Log Enumeration T1036 : Masquerading T1556 : Modify Authentication Process T1578 : Modify Cloud Compute Infrastructure T1112 : Modify Registry T1601 : Modify System Image T1111 : Multi-Factor Authentication Interception T1621 : Multi-Factor Authentication Request Generation T1104 : Multi-Stage Channels T1106 : Native API T1599 : Network Boundary Bridging T1498 : Network Denial of Service T1046 : Network Service Discovery T1135 : Network Share Discovery T1040 : Network Sniffing T1095 : Non-Application Layer Protocol T1571 : Non-Standard Port T1027 : Obfuscated Files or Information T1588 : Obtain Capabilities T1137 : Office Application Startup T1003 : OS Credential Dumping T1201 : Password Policy Discovery T1120 : Peripheral Device Discovery T1069 : Permission Groups Discovery T1566 : Phishing T1598 : Phishing for Information T1647 : Plist File Modification T1653 : Power Settings T1542 : Pre-OS Boot T1057 : Process Discovery T1055 : Process Injection T1572 : Protocol Tunneling T1090 : Proxy T1012 : Query Registry T1620 : Reflective Code Loading T1219 : Remote Access Software T1563 : Remote Service Session Hijacking T1021 : Remote Services T1018 : Remote System Discovery T1091 : Replication Through Removable Media T1496 : Resource Hijacking T1207 : Rogue Domain Controller T1014 : Rootkit T1053 : Scheduled Task/Job T1029 : Scheduled Transfer T1113 : Screen Capture T1597 : Search Closed Sources T1596 : Search Open Technical Databases T1593 : Search Open Websites/Domains T1594 : Search Victim-Owned Websites T1505 : Server Software Component T1648 : Serverless Execution T1489 : Service Stop T1129 : Shared Modules T1072 : Software Deployment Tools T1518 : Software Discovery T1608 : Stage Capabilities T1528 : Steal Application Access Token T1649 : Steal or Forge Authentication Certificates T1558 : Steal or Forge Kerberos Tickets T1539 : Steal Web Session Cookie T1553 : Subvert Trust Controls T1195 : Supply Chain Compromise T1218 : System Binary Proxy Execution T1082 : System Information Discovery T1614 : System Location Discovery T1016 : System Network Configuration Discovery T1049 : System Network Connections Discovery T1033 : System Owner/User Discovery T1216 : System Script Proxy Execution T1007 : System Service Discovery T1569 : System Services T1529 : System Shutdown/Reboot T1124 : System Time Discovery T1080 : Taint Shared Content T1221 : Template Injection T1205 : Traffic Signaling T1537 : Transfer Data to Cloud Account T1127 : Trusted Developer Utilities Proxy Execution T1199 : Trusted Relationship T1552 : Unsecured Credentials T1535 : Unused/Unsupported Cloud Regions T1550 : Use Alternate Authentication Material T1204 : User Execution T1078 : Valid Accounts T1125 : Video Capture T1497 : Virtualization/Sandbox Evasion T1600 : Weaken Encryption T1102 : Web Service T1047 : Windows Management Instrumentation T1220 : XSL Script Processing     ","T1560, T1052, T1105, T1091, T1016, T1033","### MITRE Enterprise Attack Pattern Extraction and Mapping

**1. Technique ID: T1091**
*   **Name:** Replication Through Removable Media
*   **Reasoning:** The text explicitly states that the worm is ""known for spreading primarily through removable devices like USB drives"" and ""drops a copy of itself onto removable media."" This describes the core mechanism of replication via external storage.

**2. Technique ID: T1082**
*   **Name:** System Information Discovery
*   **Reasoning:** The worm ""gathers system information"" and collects details about the infected system, which is a direct match for discovering system details.

**3. Technique ID: T1001**
*   **Name:** Data Obfuscation
*   **Reasoning:** The gathered system information is ""XOR-encoded for obfuscation."" XOR encoding is a common method of data obfuscation, making the data unreadable without the key.

**4. Technique ID: T1560**
*   **Name:** Archive Collected Data
*   **Reasoning:** The worm saves the gathered system information and activity logs into a file named ""thumb.dd."" This action involves collecting and archiving data for later use or exfiltration.

**5. Technique ID: T1105**
*   **Name:** Ingress Tool Transfer
*   **Reasoning:** The worm ""attempts to download an encrypted binary from a specified domain."" Downloading external tools or payloads is classified as Ingress Tool Transfer.

**6. Technique ID: T1092**
*   **Name:** Communication Through Removable Media
*   **Reasoning:** The worm creates an `autorun.inf` file and drops a copy of itself onto removable media, instructing the system to execute the malware when the device is inserted. This is the classic method of using removable media for malicious communication/execution.

**7. Technique ID: T1547**
*   **Name:** Boot or Logon Autostart Execution
*   **Reasoning:** The creation of an `autorun.inf` file that ""instructs the system to execute the malware when the device is inserted"" is a direct implementation of an autostart mechanism, bypassing standard user interaction.

**8. Technique ID: T1016**
*   **Name:** System Network Configuration Discovery
*   **Reasoning:** The worm ""collects network-related information, including the IP and MAC addresses of the network adapter, as well as IP addresses for the default gateway, WINS, DHCP, and DNS servers."" This is a comprehensive collection of network configuration details.

**9. Technique ID: T1592**
*   **Name:** Gather Victim Host Information
*   **Reasoning:** The worm ""records the victim's username and stores it in a separate file."" This is a specific action of gathering identifying information about the host user.

***

T1091, T1082, T1001, T1560, T1105, T1092, T1547, T1016, T1592"
11,"Extract all MITRE Mobile attack patterns from the following text and map them to their corresponding MITRE technique IDs. Provide reasoning for each identification. Ensure the final line contains only the IDs for the main techniques, separated by commas, excluding any subtechnique IDs. MITRE Mobile IDs are given below as reference.  **Text:** AhRat is an Android remote access tool (RAT) derived from the open-source AhMyth RAT. It began spreading in August 2022 through an update to the previously benign app ""iRecorder – Screen Recorder,"" which was originally released on the Google Play Store in September 2021. AhRat is capable of communicating with its command and control (C2) server via HTTPS requests. It can record audio using the device’s microphone and register with the BOOT_COMPLETED broadcast to start automatically when the device is powered on. AhRat can search for and exfiltrate files with specific extensions, such as .jpg, .mp4, .html, .docx, and .pdf, as well as enumerate files stored on external storage. Additionally, it can register with the CONNECTIVITY_CHANGE and WIFI_STATE_CHANGED broadcast events to trigger further functionality. The malware can also track the device's location and exfiltrate collected data, including audio recordings and files, to the C2 server.  **List of All MITRE Mobile technique IDs** ID    : Name T1626 : Abuse Elevation Control Mechanism T1517 : Access Notifications T1640 : Account Access Removal T1638 : Adversary-in-the-Middle T1437 : Application Layer Protocol T1661 : Application Versioning T1532 : Archive Collected Data T1429 : Audio Capture T1398 : Boot or Logon Initialization Scripts T1616 : Call Control T1414 : Clipboard Data T1623 : Command and Scripting Interpreter T1577 : Compromise Application Executable T1645 : Compromise Client Software Binary T1634 : Credentials from Password Store T1662 : Data Destruction T1471 : Data Encrypted for Impact T1533 : Data from Local System T1641 : Data Manipulation T1407 : Download New Code at Runtime T1456 : Drive-By Compromise T1637 : Dynamic Resolution T1521 : Encrypted Channel T1642 : Endpoint Denial of Service T1624 : Event Triggered Execution T1627 : Execution Guardrails T1639 : Exfiltration Over Alternative Protocol T1646 : Exfiltration Over C2 Channel T1658 : Exploitation for Client Execution T1664 : Exploitation for Initial Access T1404 : Exploitation for Privilege Escalation T1428 : Exploitation of Remote Services T1420 : File and Directory Discovery T1541 : Foreground Persistence T1643 : Generate Traffic from Victim T1628 : Hide Artifacts T1625 : Hijack Execution Flow T1617 : Hooking T1629 : Impair Defenses T1630 : Indicator Removal on Host T1544 : Ingress Tool Transfer T1417 : Input Capture T1516 : Input Injection T1430 : Location Tracking T1461 : Lockscreen Bypass T1655 : Masquerading T1575 : Native API T1464 : Network Denial of Service T1423 : Network Service Scanning T1509 : Non-Standard Port T1406 : Obfuscated Files or Information T1644 : Out of Band Data T1660 : Phishing T1424 : Process Discovery T1631 : Process Injection T1636 : Protected User Data T1604 : Proxy Through Victim T1663 : Remote Access Software T1458 : Replication Through Removable Media T1603 : Scheduled Task/Job T1513 : Screen Capture T1582 : SMS Control T1418 : Software Discovery T1635 : Steal Application Access Token T1409 : Stored Application Data T1632 : Subvert Trust Controls T1474 : Supply Chain Compromise T1426 : System Information Discovery T1422 : System Network Configuration Discovery T1421 : System Network Connections Discovery T1512 : Video Capture T1633 : Virtualization/Sandbox Evasion T1481 : Web Service     ","T1437, T1429, T1398, T1533, T1521, T1624, T1646, T1420, T1430","As a cybersecurity expert specializing in cyberthreat intelligence, I have analyzed the provided text describing the AhRat RAT. The malware exhibits several distinct behaviors that map directly to established MITRE Mobile attack patterns.

### Identified MITRE Mobile Attack Patterns

**1. T1474: Supply Chain Compromise**
*   **Reasoning:** The text states that AhRat began spreading through an ""update to the previously benign app 'iRecorder – Screen Recorder,' which was originally released on the Google Play Store."" This method of injecting malicious code into a legitimate, trusted application update constitutes a classic supply chain compromise.

**2. T1429: Audio Capture**
*   **Reasoning:** The malware is explicitly described as being ""capable of communicating with its command and control (C2) server... [and] record audio using the device’s microphone."" This is a direct match for audio capture functionality.

**3. T1398: Boot or Logon Initialization Scripts**
*   **Reasoning:** The malware registers with the `BOOT_COMPLETED` broadcast to ""start automatically when the device is powered on."" This mechanism ensures persistence and execution upon system startup, fitting the definition of initialization scripts.

**4. T1420: File and Directory Discovery**
*   **Reasoning:** The malware is capable of searching for and exfiltrating files with specific extensions (e.g., .jpg, .mp4, .docx) and ""enumerate files stored on external storage."" This process of locating and listing available files is file and directory discovery.

**5. T1624: Event Triggered Execution**
*   **Reasoning:** The malware registers with `CONNECTIVITY_CHANGE` and `WIFI_STATE_CHANGED` broadcast events ""to trigger further functionality."" This indicates that the malware's actions are not continuous but are triggered by specific system events.

**6. T1430: Location Tracking**
*   **Reasoning:** The text explicitly states that the malware ""can also track the device's location."" This is a direct match for location tracking.

**7. T1646: Exfiltration Over C2 Channel**
*   **Reasoning:** The malware's primary function is to send collected data (audio recordings and files) to the C2 server via HTTPS requests. This process of transmitting stolen data back to the attacker's infrastructure is defined as exfiltration over the C2 channel.

***

**Final Technique IDs:**
T1474, T1429, T1398, T1420, T1624, T1430, T1646"
12,"Extract all MITRE Mobile attack patterns from the following text and map them to their corresponding MITRE technique IDs. Provide reasoning for each identification. Ensure the final line contains only the IDs for the main techniques, separated by commas, excluding any subtechnique IDs. MITRE Mobile IDs are given below as reference.  **Text:** Allwinner is a company that provides processors for Android tablets and various other devices. A Linux kernel distributed by Allwinner for these devices reportedly contained a simple backdoor that could be exploited to gain root access. It is believed that this backdoor was unintentionally left in the kernel by its developers.  **List of All MITRE Mobile technique IDs** ID    : Name T1626 : Abuse Elevation Control Mechanism T1517 : Access Notifications T1640 : Account Access Removal T1638 : Adversary-in-the-Middle T1437 : Application Layer Protocol T1661 : Application Versioning T1532 : Archive Collected Data T1429 : Audio Capture T1398 : Boot or Logon Initialization Scripts T1616 : Call Control T1414 : Clipboard Data T1623 : Command and Scripting Interpreter T1577 : Compromise Application Executable T1645 : Compromise Client Software Binary T1634 : Credentials from Password Store T1662 : Data Destruction T1471 : Data Encrypted for Impact T1533 : Data from Local System T1641 : Data Manipulation T1407 : Download New Code at Runtime T1456 : Drive-By Compromise T1637 : Dynamic Resolution T1521 : Encrypted Channel T1642 : Endpoint Denial of Service T1624 : Event Triggered Execution T1627 : Execution Guardrails T1639 : Exfiltration Over Alternative Protocol T1646 : Exfiltration Over C2 Channel T1658 : Exploitation for Client Execution T1664 : Exploitation for Initial Access T1404 : Exploitation for Privilege Escalation T1428 : Exploitation of Remote Services T1420 : File and Directory Discovery T1541 : Foreground Persistence T1643 : Generate Traffic from Victim T1628 : Hide Artifacts T1625 : Hijack Execution Flow T1617 : Hooking T1629 : Impair Defenses T1630 : Indicator Removal on Host T1544 : Ingress Tool Transfer T1417 : Input Capture T1516 : Input Injection T1430 : Location Tracking T1461 : Lockscreen Bypass T1655 : Masquerading T1575 : Native API T1464 : Network Denial of Service T1423 : Network Service Scanning T1509 : Non-Standard Port T1406 : Obfuscated Files or Information T1644 : Out of Band Data T1660 : Phishing T1424 : Process Discovery T1631 : Process Injection T1636 : Protected User Data T1604 : Proxy Through Victim T1663 : Remote Access Software T1458 : Replication Through Removable Media T1603 : Scheduled Task/Job T1513 : Screen Capture T1582 : SMS Control T1418 : Software Discovery T1635 : Steal Application Access Token T1409 : Stored Application Data T1632 : Subvert Trust Controls T1474 : Supply Chain Compromise T1426 : System Information Discovery T1422 : System Network Configuration Discovery T1421 : System Network Connections Discovery T1512 : Video Capture T1633 : Virtualization/Sandbox Evasion T1481 : Web Service     ",T1474,"**Analysis of Cyberthreat Patterns**

Based on the provided text, the core threat involves a vulnerability (a backdoor) embedded within a critical system component (the Linux kernel) that can be leveraged to elevate privileges.

**Identified MITRE Mobile Attack Patterns:**

1.  **T1474: Supply Chain Compromise**
    *   **Reasoning:** The text states that the backdoor was ""unintentionally left in the kernel by its developers."" This scenario describes a compromise that occurs during the development, distribution, or integration phase of the software (the kernel), making the supply chain the point of failure.
    *   **Mapping:** T1474

2.  **T1404: Exploitation for Privilege Escalation**
    *   **Reasoning:** The text explicitly states that the backdoor ""could be exploited to gain root access."" Gaining root access (the highest level of system privileges) from a lower-privilege state is the textbook definition of a privilege escalation attack.
    *   **Mapping:** T1404

***

**Summary of Findings:**

| MITRE Technique ID | Technique Name | Reasoning |
| :--- | :--- | :--- |
| T1474 | Supply Chain Compromise | The backdoor was embedded by the developers/distribution process, indicating a compromise at the source of the software (the kernel). |
| T1404 | Exploitation for Privilege Escalation | The stated goal of exploiting the backdoor is to ""gain root access,"" which is a direct example of escalating privileges. |

T1474, T1404"
13,"Extract all MITRE Enterprise attack patterns from the following text and map them to their corresponding MITRE technique IDs. Provide reasoning for each identification. Ensure the final line contains only the IDs for the main techniques, separated by commas, excluding any subtechnique IDs. MITRE Enterprise IDs are given below as reference.  **Text:** Amadey is a Trojan bot that has been active since at least October 2018. It communicates with its command and control (C2) servers via HTTP and uses fast flux DNS to evade detection. Amadey can collect information from compromised hosts and send the data to its C2 servers. To maintain persistence, it overwrites registry keys, changing the Startup folder to the one containing its executable. Amadey is capable of decoding antivirus name strings and searching for folders associated with antivirus software. Additionally, it can download and execute files to further infect the host machine with additional malware. The Trojan employs various Windows API calls, such as GetComputerNameA, GetUserNameA, and CreateProcessA, and obfuscates strings related to antivirus vendors, domains, and files to avoid detection.  **List of All MITRE Enterprise technique IDs** ID    : Name T1548 : Abuse Elevation Control Mechanism T1134 : Access Token Manipulation T1531 : Account Access Removal T1087 : Account Discovery T1098 : Account Manipulation T1650 : Acquire Access T1583 : Acquire Infrastructure T1595 : Active Scanning T1557 : Adversary-in-the-Middle T1071 : Application Layer Protocol T1010 : Application Window Discovery T1560 : Archive Collected Data T1123 : Audio Capture T1119 : Automated Collection T1020 : Automated Exfiltration T1197 : BITS Jobs T1547 : Boot or Logon Autostart Execution T1037 : Boot or Logon Initialization Scripts T1176 : Browser Extensions T1217 : Browser Information Discovery T1185 : Browser Session Hijacking T1110 : Brute Force T1612 : Build Image on Host T1115 : Clipboard Data T1651 : Cloud Administration Command T1580 : Cloud Infrastructure Discovery T1538 : Cloud Service Dashboard T1526 : Cloud Service Discovery T1619 : Cloud Storage Object Discovery T1059 : Command and Scripting Interpreter T1092 : Communication Through Removable Media T1586 : Compromise Accounts T1554 : Compromise Host Software Binary T1584 : Compromise Infrastructure T1609 : Container Administration Command T1613 : Container and Resource Discovery T1659 : Content Injection T1136 : Create Account T1543 : Create or Modify System Process T1555 : Credentials from Password Stores T1485 : Data Destruction T1132 : Data Encoding T1486 : Data Encrypted for Impact T1530 : Data from Cloud Storage T1602 : Data from Configuration Repository T1213 : Data from Information Repositories T1005 : Data from Local System T1039 : Data from Network Shared Drive T1025 : Data from Removable Media T1565 : Data Manipulation T1001 : Data Obfuscation T1074 : Data Staged T1030 : Data Transfer Size Limits T1622 : Debugger Evasion T1491 : Defacement T1140 : Deobfuscate/Decode Files or Information T1610 : Deploy Container T1587 : Develop Capabilities T1652 : Device Driver Discovery T1006 : Direct Volume Access T1561 : Disk Wipe T1484 : Domain or Tenant Policy Modification T1482 : Domain Trust Discovery T1189 : Drive-by Compromise T1568 : Dynamic Resolution T1114 : Email Collection T1573 : Encrypted Channel T1499 : Endpoint Denial of Service T1611 : Escape to Host T1585 : Establish Accounts T1546 : Event Triggered Execution T1480 : Execution Guardrails T1048 : Exfiltration Over Alternative Protocol T1041 : Exfiltration Over C2 Channel T1011 : Exfiltration Over Other Network Medium T1052 : Exfiltration Over Physical Medium T1567 : Exfiltration Over Web Service T1190 : Exploit Public-Facing Application T1203 : Exploitation for Client Execution T1212 : Exploitation for Credential Access T1211 : Exploitation for Defense Evasion T1068 : Exploitation for Privilege Escalation T1210 : Exploitation of Remote Services T1133 : External Remote Services T1008 : Fallback Channels T1083 : File and Directory Discovery T1222 : File and Directory Permissions Modification T1657 : Financial Theft T1495 : Firmware Corruption T1187 : Forced Authentication T1606 : Forge Web Credentials T1592 : Gather Victim Host Information T1589 : Gather Victim Identity Information T1590 : Gather Victim Network Information T1591 : Gather Victim Org Information T1615 : Group Policy Discovery T1200 : Hardware Additions T1564 : Hide Artifacts T1665 : Hide Infrastructure T1574 : Hijack Execution Flow T1562 : Impair Defenses T1656 : Impersonation T1525 : Implant Internal Image T1070 : Indicator Removal T1202 : Indirect Command Execution T1105 : Ingress Tool Transfer T1490 : Inhibit System Recovery T1056 : Input Capture T1559 : Inter-Process Communication T1534 : Internal Spearphishing T1570 : Lateral Tool Transfer T1654 : Log Enumeration T1036 : Masquerading T1556 : Modify Authentication Process T1578 : Modify Cloud Compute Infrastructure T1112 : Modify Registry T1601 : Modify System Image T1111 : Multi-Factor Authentication Interception T1621 : Multi-Factor Authentication Request Generation T1104 : Multi-Stage Channels T1106 : Native API T1599 : Network Boundary Bridging T1498 : Network Denial of Service T1046 : Network Service Discovery T1135 : Network Share Discovery T1040 : Network Sniffing T1095 : Non-Application Layer Protocol T1571 : Non-Standard Port T1027 : Obfuscated Files or Information T1588 : Obtain Capabilities T1137 : Office Application Startup T1003 : OS Credential Dumping T1201 : Password Policy Discovery T1120 : Peripheral Device Discovery T1069 : Permission Groups Discovery T1566 : Phishing T1598 : Phishing for Information T1647 : Plist File Modification T1653 : Power Settings T1542 : Pre-OS Boot T1057 : Process Discovery T1055 : Process Injection T1572 : Protocol Tunneling T1090 : Proxy T1012 : Query Registry T1620 : Reflective Code Loading T1219 : Remote Access Software T1563 : Remote Service Session Hijacking T1021 : Remote Services T1018 : Remote System Discovery T1091 : Replication Through Removable Media T1496 : Resource Hijacking T1207 : Rogue Domain Controller T1014 : Rootkit T1053 : Scheduled Task/Job T1029 : Scheduled Transfer T1113 : Screen Capture T1597 : Search Closed Sources T1596 : Search Open Technical Databases T1593 : Search Open Websites/Domains T1594 : Search Victim-Owned Websites T1505 : Server Software Component T1648 : Serverless Execution T1489 : Service Stop T1129 : Shared Modules T1072 : Software Deployment Tools T1518 : Software Discovery T1608 : Stage Capabilities T1528 : Steal Application Access Token T1649 : Steal or Forge Authentication Certificates T1558 : Steal or Forge Kerberos Tickets T1539 : Steal Web Session Cookie T1553 : Subvert Trust Controls T1195 : Supply Chain Compromise T1218 : System Binary Proxy Execution T1082 : System Information Discovery T1614 : System Location Discovery T1016 : System Network Configuration Discovery T1049 : System Network Connections Discovery T1033 : System Owner/User Discovery T1216 : System Script Proxy Execution T1007 : System Service Discovery T1569 : System Services T1529 : System Shutdown/Reboot T1124 : System Time Discovery T1080 : Taint Shared Content T1221 : Template Injection T1205 : Traffic Signaling T1537 : Transfer Data to Cloud Account T1127 : Trusted Developer Utilities Proxy Execution T1199 : Trusted Relationship T1552 : Unsecured Credentials T1535 : Unused/Unsupported Cloud Regions T1550 : Use Alternate Authentication Material T1204 : User Execution T1078 : Valid Accounts T1125 : Video Capture T1497 : Virtualization/Sandbox Evasion T1600 : Weaken Encryption T1102 : Web Service T1047 : Windows Management Instrumentation T1220 : XSL Script Processing     ","T1071, T1547, T1005, T1140, T1568, T1041, T1083, T1105, T1112, T1106, T1027","### MITRE Enterprise Attack Pattern Extraction and Mapping

**1. Communication and Evasion**

*   **ID:** T1071
    *   **Name:** Application Layer Protocol
    *   **Reasoning:** The text explicitly states that the malware ""communicates with its command and control (C2) servers via HTTP."" HTTP is a standard application layer protocol, matching this technique.
*   **ID:** T1568
    *   **Name:** Dynamic Resolution
    *   **Reasoning:** The use of ""fast flux DNS"" is a technique designed to rapidly change the apparent IP address of a domain, making it difficult for defenders to block the C2 infrastructure. This falls under dynamic resolution.

**2. Information Gathering and Discovery**

*   **ID:** T1592
    *   **Name:** Gather Victim Host Information
    *   **Reasoning:** The malware is described as being able to ""collect information from compromised hosts and send the data to its C2 servers,"" which is a direct description of gathering victim host data.
*   **ID:** T1082
    *   **Name:** System Information Discovery
    *   **Reasoning:** The malware ""employs various Windows API calls, such as GetComputerNameA, GetUserNameA,"" which are standard methods for querying and gathering system-level information about the compromised host.
*   **ID:** T1083
    *   **Name:** File and Directory Discovery
    *   **Reasoning:** The malware is noted for ""searching for folders associated with antivirus software,"" which is a specific instance of discovering files and directories on the system.

**3. Persistence and Execution**

*   **ID:** T1112
    *   **Name:** Modify Registry
    *   **Reasoning:** The text states that the malware ""overwrites registry keys,"" which is the definition of modifying the Windows Registry.
*   **ID:** T1547
    *   **Name:** Boot or Logon Autostart Execution
    *   **Reasoning:** The malware maintains persistence by ""changing the Startup folder to the one containing its executable."" The Startup folder is a common mechanism for achieving persistence upon system boot or user logon.
*   **ID:** T1202
    *   **Name:** Indirect Command Execution
    *   **Reasoning:** The capability to ""download and execute files to further infect the host machine"" implies that the malware is not executing a pre-existing local command but is fetching and running code from an external source, fitting the definition of indirect command execution.

**4. Evasion and Data Handling**

*   **ID:** T1140
    *   **Name:** Deobfuscate/Decode Files or Information
    *   **Reasoning:** The malware is capable of ""decoding antivirus name strings,"" which is a clear example of decoding or deobfuscating information to understand or bypass security controls.
*   **ID:** T1001
    *   **Name:** Data Obfuscation
    *   **Reasoning:** The text notes that the Trojan ""obfuscates strings related to antivirus vendors, domains, and files to avoid detection,"" which directly matches the definition of data obfuscation.
*   **T1041 (Optional but relevant):** *While not explicitly listed, the act of exfiltrating data is implied by the collection of information.*

***

**Summary of Identified Techniques:**

*   **T1071.001:** Application Layer Protocol (HTTP/HTTPS) - *Implied by network communication.*
*   **T1027:** Obfuscated Files or Information - *Implied by the nature of the malware.*
*   **T1055:** Process Injection - *Implied by advanced malware techniques.*

**Final List of Techniques (Based on direct textual evidence"
14,"Extract all MITRE Enterprise attack patterns from the following text and map them to their corresponding MITRE technique IDs. Provide reasoning for each identification. Ensure the final line contains only the IDs for the main techniques, separated by commas, excluding any subtechnique IDs. MITRE Enterprise IDs are given below as reference.  **Text:** Anchor is a backdoor malware that has been deployed alongside TrickBot on select high-profile targets since at least 2018. It communicates with its command and control (C2) servers using HTTP, HTTPS, and in some variants, DNS tunneling. Anchor can establish persistence by creating a service and is capable of terminating itself if specific execution flags are not present. The malware uses cmd.exe to execute its self-deletion routine and can hide files using the NTFS file system. After successful deployment, Anchor can self-delete its dropper and is also able to download additional payloads. Additionally, it can utilize secondary C2 servers for communication after relaying victim information to the primary C2 servers.  **List of All MITRE Enterprise technique IDs** ID    : Name T1548 : Abuse Elevation Control Mechanism T1134 : Access Token Manipulation T1531 : Account Access Removal T1087 : Account Discovery T1098 : Account Manipulation T1650 : Acquire Access T1583 : Acquire Infrastructure T1595 : Active Scanning T1557 : Adversary-in-the-Middle T1071 : Application Layer Protocol T1010 : Application Window Discovery T1560 : Archive Collected Data T1123 : Audio Capture T1119 : Automated Collection T1020 : Automated Exfiltration T1197 : BITS Jobs T1547 : Boot or Logon Autostart Execution T1037 : Boot or Logon Initialization Scripts T1176 : Browser Extensions T1217 : Browser Information Discovery T1185 : Browser Session Hijacking T1110 : Brute Force T1612 : Build Image on Host T1115 : Clipboard Data T1651 : Cloud Administration Command T1580 : Cloud Infrastructure Discovery T1538 : Cloud Service Dashboard T1526 : Cloud Service Discovery T1619 : Cloud Storage Object Discovery T1059 : Command and Scripting Interpreter T1092 : Communication Through Removable Media T1586 : Compromise Accounts T1554 : Compromise Host Software Binary T1584 : Compromise Infrastructure T1609 : Container Administration Command T1613 : Container and Resource Discovery T1659 : Content Injection T1136 : Create Account T1543 : Create or Modify System Process T1555 : Credentials from Password Stores T1485 : Data Destruction T1132 : Data Encoding T1486 : Data Encrypted for Impact T1530 : Data from Cloud Storage T1602 : Data from Configuration Repository T1213 : Data from Information Repositories T1005 : Data from Local System T1039 : Data from Network Shared Drive T1025 : Data from Removable Media T1565 : Data Manipulation T1001 : Data Obfuscation T1074 : Data Staged T1030 : Data Transfer Size Limits T1622 : Debugger Evasion T1491 : Defacement T1140 : Deobfuscate/Decode Files or Information T1610 : Deploy Container T1587 : Develop Capabilities T1652 : Device Driver Discovery T1006 : Direct Volume Access T1561 : Disk Wipe T1484 : Domain or Tenant Policy Modification T1482 : Domain Trust Discovery T1189 : Drive-by Compromise T1568 : Dynamic Resolution T1114 : Email Collection T1573 : Encrypted Channel T1499 : Endpoint Denial of Service T1611 : Escape to Host T1585 : Establish Accounts T1546 : Event Triggered Execution T1480 : Execution Guardrails T1048 : Exfiltration Over Alternative Protocol T1041 : Exfiltration Over C2 Channel T1011 : Exfiltration Over Other Network Medium T1052 : Exfiltration Over Physical Medium T1567 : Exfiltration Over Web Service T1190 : Exploit Public-Facing Application T1203 : Exploitation for Client Execution T1212 : Exploitation for Credential Access T1211 : Exploitation for Defense Evasion T1068 : Exploitation for Privilege Escalation T1210 : Exploitation of Remote Services T1133 : External Remote Services T1008 : Fallback Channels T1083 : File and Directory Discovery T1222 : File and Directory Permissions Modification T1657 : Financial Theft T1495 : Firmware Corruption T1187 : Forced Authentication T1606 : Forge Web Credentials T1592 : Gather Victim Host Information T1589 : Gather Victim Identity Information T1590 : Gather Victim Network Information T1591 : Gather Victim Org Information T1615 : Group Policy Discovery T1200 : Hardware Additions T1564 : Hide Artifacts T1665 : Hide Infrastructure T1574 : Hijack Execution Flow T1562 : Impair Defenses T1656 : Impersonation T1525 : Implant Internal Image T1070 : Indicator Removal T1202 : Indirect Command Execution T1105 : Ingress Tool Transfer T1490 : Inhibit System Recovery T1056 : Input Capture T1559 : Inter-Process Communication T1534 : Internal Spearphishing T1570 : Lateral Tool Transfer T1654 : Log Enumeration T1036 : Masquerading T1556 : Modify Authentication Process T1578 : Modify Cloud Compute Infrastructure T1112 : Modify Registry T1601 : Modify System Image T1111 : Multi-Factor Authentication Interception T1621 : Multi-Factor Authentication Request Generation T1104 : Multi-Stage Channels T1106 : Native API T1599 : Network Boundary Bridging T1498 : Network Denial of Service T1046 : Network Service Discovery T1135 : Network Share Discovery T1040 : Network Sniffing T1095 : Non-Application Layer Protocol T1571 : Non-Standard Port T1027 : Obfuscated Files or Information T1588 : Obtain Capabilities T1137 : Office Application Startup T1003 : OS Credential Dumping T1201 : Password Policy Discovery T1120 : Peripheral Device Discovery T1069 : Permission Groups Discovery T1566 : Phishing T1598 : Phishing for Information T1647 : Plist File Modification T1653 : Power Settings T1542 : Pre-OS Boot T1057 : Process Discovery T1055 : Process Injection T1572 : Protocol Tunneling T1090 : Proxy T1012 : Query Registry T1620 : Reflective Code Loading T1219 : Remote Access Software T1563 : Remote Service Session Hijacking T1021 : Remote Services T1018 : Remote System Discovery T1091 : Replication Through Removable Media T1496 : Resource Hijacking T1207 : Rogue Domain Controller T1014 : Rootkit T1053 : Scheduled Task/Job T1029 : Scheduled Transfer T1113 : Screen Capture T1597 : Search Closed Sources T1596 : Search Open Technical Databases T1593 : Search Open Websites/Domains T1594 : Search Victim-Owned Websites T1505 : Server Software Component T1648 : Serverless Execution T1489 : Service Stop T1129 : Shared Modules T1072 : Software Deployment Tools T1518 : Software Discovery T1608 : Stage Capabilities T1528 : Steal Application Access Token T1649 : Steal or Forge Authentication Certificates T1558 : Steal or Forge Kerberos Tickets T1539 : Steal Web Session Cookie T1553 : Subvert Trust Controls T1195 : Supply Chain Compromise T1218 : System Binary Proxy Execution T1082 : System Information Discovery T1614 : System Location Discovery T1016 : System Network Configuration Discovery T1049 : System Network Connections Discovery T1033 : System Owner/User Discovery T1216 : System Script Proxy Execution T1007 : System Service Discovery T1569 : System Services T1529 : System Shutdown/Reboot T1124 : System Time Discovery T1080 : Taint Shared Content T1221 : Template Injection T1205 : Traffic Signaling T1537 : Transfer Data to Cloud Account T1127 : Trusted Developer Utilities Proxy Execution T1199 : Trusted Relationship T1552 : Unsecured Credentials T1535 : Unused/Unsupported Cloud Regions T1550 : Use Alternate Authentication Material T1204 : User Execution T1078 : Valid Accounts T1125 : Video Capture T1497 : Virtualization/Sandbox Evasion T1600 : Weaken Encryption T1102 : Web Service T1047 : Windows Management Instrumentation T1220 : XSL Script Processing     ","T1071, T1059, T1543, T1480, T1008, T1564, T1070, T1105","**Analysis of MITRE Enterprise Attack Patterns**

**1. Communication via HTTP, HTTPS, and DNS Tunneling**
*   **Technique ID:** T1071 (Application Layer Protocol)
*   **Reasoning:** The use of HTTP and HTTPS protocols for C2 communication falls under the category of utilizing standard application layer protocols to blend in with normal network traffic.
*   **Technique ID:** T1572 (Protocol Tunneling)
*   **Reasoning:** DNS tunneling is a specific method of encapsulating data within a protocol (DNS) that is not intended for data transfer, making it a clear example of protocol tunneling.

**2. Establishing Persistence by Creating a Service**
*   **Technique ID:** T1543 (Create or Modify System Process)
*   **Reasoning:** Creating a service is a method of establishing persistence by ensuring the malware runs automatically upon system startup or specific triggers, modifying the system's operational processes.

**3. Using cmd.exe for Execution**
*   **Technique ID:** T1059 (Command and Scripting Interpreter)
*   **Reasoning:** The malware explicitly uses `cmd.exe`, which is a standard Windows command-line interpreter, to execute its routines (self-deletion).

**4. Hiding Files using the NTFS File System**
*   **Technique ID:** T1564 (Hide Artifacts)
*   **Reasoning:** The ability to hide files within the NTFS file system is a direct method of concealing malicious artifacts from forensic analysis and detection tools.

**5. Self-Deletion of Dropper and Malware**
*   **Technique ID:** T1070 (Indicator Removal)
*   **Reasoning:** The actions of self-deleting the dropper and executing a self-deletion routine are classic examples of removing indicators of compromise (IOCs) to evade detection and complicate forensic investigation.

**6. Downloading Additional Payloads**
*   **Technique ID:** T1105 (Ingress Tool Transfer)
*   **Reasoning:** The capability to download additional payloads from external sources after initial deployment is categorized as transferring tools or payloads into the compromised environment.

**7. Utilizing Secondary C2 Servers and Relaying Information**
*   **Technique ID:** T1583 (Acquire Infrastructure)
*   **Reasoning:** Utilizing secondary C2 servers implies the attacker is establishing or acquiring additional infrastructure to maintain command and control, increasing resilience.
*   **Technique ID:** T1020 (Automated Exfiltration)
*   **Reasoning:** Relaying victim information to the primary C2 servers constitutes the automated process of stealing and transmitting sensitive data out of the network.

***

**Final Technique IDs:**
T1071, T1572, T1543, T1059, T1070, T1564, T1105, T1583, T1020"
15,"Extract all MITRE Mobile attack patterns from the following text and map them to their corresponding MITRE technique IDs. Provide reasoning for each identification. Ensure the final line contains only the IDs for the main techniques, separated by commas, excluding any subtechnique IDs. MITRE Mobile IDs are given below as reference.  **Text:** Android/AdDisplay.Ashas is a variant of adware that has been distributed through several apps on the Google Play Store. It communicates with its command and control (C2) server via HTTP and registers to receive the BOOT_COMPLETED broadcast intent, allowing it to activate upon device startup. The adware generates revenue by automatically displaying ads. To avoid detection, Android/AdDisplay.Ashas can hide its icon and create a shortcut based on instructions from the C2 server. It also mimics Facebook and Google icons on the ""Recent apps"" screen and uses a com.google.xxx package name to further evade identification. The C2 server address is concealed using base-64 encoding. Additionally, Android/AdDisplay.Ashas checks the number of installed apps, specifically looking for Facebook or FB Messenger. It collects various device information, including device type, OS version, language, free storage space, battery status, root status, and whether developer mode is enabled. The adware also ensures that the device's IP is not within known Google IP ranges before triggering its payload and can delay payload deployment to avoid detection during testing and to prevent association with unwanted ads.  **List of All MITRE Mobile technique IDs** ID    : Name T1626 : Abuse Elevation Control Mechanism T1517 : Access Notifications T1640 : Account Access Removal T1638 : Adversary-in-the-Middle T1437 : Application Layer Protocol T1661 : Application Versioning T1532 : Archive Collected Data T1429 : Audio Capture T1398 : Boot or Logon Initialization Scripts T1616 : Call Control T1414 : Clipboard Data T1623 : Command and Scripting Interpreter T1577 : Compromise Application Executable T1645 : Compromise Client Software Binary T1634 : Credentials from Password Store T1662 : Data Destruction T1471 : Data Encrypted for Impact T1533 : Data from Local System T1641 : Data Manipulation T1407 : Download New Code at Runtime T1456 : Drive-By Compromise T1637 : Dynamic Resolution T1521 : Encrypted Channel T1642 : Endpoint Denial of Service T1624 : Event Triggered Execution T1627 : Execution Guardrails T1639 : Exfiltration Over Alternative Protocol T1646 : Exfiltration Over C2 Channel T1658 : Exploitation for Client Execution T1664 : Exploitation for Initial Access T1404 : Exploitation for Privilege Escalation T1428 : Exploitation of Remote Services T1420 : File and Directory Discovery T1541 : Foreground Persistence T1643 : Generate Traffic from Victim T1628 : Hide Artifacts T1625 : Hijack Execution Flow T1617 : Hooking T1629 : Impair Defenses T1630 : Indicator Removal on Host T1544 : Ingress Tool Transfer T1417 : Input Capture T1516 : Input Injection T1430 : Location Tracking T1461 : Lockscreen Bypass T1655 : Masquerading T1575 : Native API T1464 : Network Denial of Service T1423 : Network Service Scanning T1509 : Non-Standard Port T1406 : Obfuscated Files or Information T1644 : Out of Band Data T1660 : Phishing T1424 : Process Discovery T1631 : Process Injection T1636 : Protected User Data T1604 : Proxy Through Victim T1663 : Remote Access Software T1458 : Replication Through Removable Media T1603 : Scheduled Task/Job T1513 : Screen Capture T1582 : SMS Control T1418 : Software Discovery T1635 : Steal Application Access Token T1409 : Stored Application Data T1632 : Subvert Trust Controls T1474 : Supply Chain Compromise T1426 : System Information Discovery T1422 : System Network Configuration Discovery T1421 : System Network Connections Discovery T1512 : Video Capture T1633 : Virtualization/Sandbox Evasion T1481 : Web Service     ","T1437, T1624, T1643, T1628, T1655, T1406, T1418, T1426, T1633","### MITRE Mobile Attack Pattern Extraction and Analysis

**1. Persistence and Execution:**
*   **Pattern:** Registers to receive the `BOOT_COMPLETED` broadcast intent, allowing it to activate upon device startup.
*   **MITRE Technique:** T1541: Foreground Persistence
*   **Reasoning:** The use of a broadcast intent like `BOOT_COMPLETED` ensures the malicious application remains active and executes its payload immediately after the device restarts, establishing a persistent foothold on the system.

**2. Command and Control (C2) Communication:**
*   **Pattern:** Communicates with its command and control (C2) server via HTTP.
*   **MITRE Technique:** T1437: Application Layer Protocol
*   **Reasoning:** The malware utilizes a standard application layer protocol (HTTP) for communication with its C2 server, which is a common method for exfiltration and receiving commands.

**3. Evasion and Deception:**
*   **Pattern:** Hides its icon and creates a shortcut based on instructions from the C2 server.
*   **MITRE Technique:** T1628: Hide Artifacts
*   **Reasoning:** By actively hiding its visual presence (icon/shortcut), the malware attempts to evade detection by the user and basic security monitoring tools.
*   **Pattern:** Mimics Facebook and Google icons on the ""Recent apps"" screen and uses a `com.google.xxx` package name to further evade identification.
*   **MITRE Technique:** T1655: Masquerading
*   **Reasoning:** The malware employs deception by visually and programmatically mimicking legitimate applications and package names to appear trustworthy and bypass identification checks.

**4. Data Obfuscation:**
*   **Pattern:** The C2 server address is concealed using base-64 encoding.
*   **MITRE Technique:** T1406: Obfuscated Files or Information
*   **Reasoning:** Base-64 encoding is a common method used to encode sensitive data (like C2 addresses) to make it unreadable to casual inspection or simple network monitoring tools.

**5. Information Gathering (Reconnaissance):**
*   **Pattern:** Checks the number of installed apps, specifically looking for Facebook or FB Messenger.
*   **MITRE Technique:** T1418: Software Discovery
*   **Reasoning:** The malware actively queries the system to enumerate and identify specific installed applications, which is crucial for targeted attacks or understanding the victim's profile.
*   **Pattern:** Collects various device information, including device type, OS version, language, free storage space, battery status, root status, and whether developer mode is enabled.
*   **MITRE Technique:** T1426: System Information Discovery
*   **Reasoning:** This represents a broad collection of system metadata (OS version, root status, etc.) used by the attacker to tailor the payload or assess the device's vulnerability level.

**6. Anti-Analysis and Evasion:**
*   **Pattern:** Can delay payload deployment to avoid detection during testing.
*   **MITRE Technique:** T1633: Virtualization/Sandbox Evasion
*   **Reasoning:** Delaying execution or checking for specific environmental conditions (like"
16,"Extract all MITRE Mobile attack patterns from the following text and map them to their corresponding MITRE technique IDs. Provide reasoning for each identification. Ensure the final line contains only the IDs for the main techniques, separated by commas, excluding any subtechnique IDs. MITRE Mobile IDs are given below as reference.  **Text:** The Android malware known as Android/Chuli.A was distributed to activist groups through a spearphishing email that contained an attachment. This malware utilized HTTP uploads to a specific URL as its command and control mechanism. Android/Chuli.A was capable of stealing various forms of sensitive data, including geo-location information, call logs, contact lists stored both on the phone and the SIM card, and SMS message content. Additionally, it used SMS to receive command and control messages. The malware also gathered system information such as the phone number, OS version, phone model, and SDK version.  **List of All MITRE Mobile technique IDs** ID    : Name T1626 : Abuse Elevation Control Mechanism T1517 : Access Notifications T1640 : Account Access Removal T1638 : Adversary-in-the-Middle T1437 : Application Layer Protocol T1661 : Application Versioning T1532 : Archive Collected Data T1429 : Audio Capture T1398 : Boot or Logon Initialization Scripts T1616 : Call Control T1414 : Clipboard Data T1623 : Command and Scripting Interpreter T1577 : Compromise Application Executable T1645 : Compromise Client Software Binary T1634 : Credentials from Password Store T1662 : Data Destruction T1471 : Data Encrypted for Impact T1533 : Data from Local System T1641 : Data Manipulation T1407 : Download New Code at Runtime T1456 : Drive-By Compromise T1637 : Dynamic Resolution T1521 : Encrypted Channel T1642 : Endpoint Denial of Service T1624 : Event Triggered Execution T1627 : Execution Guardrails T1639 : Exfiltration Over Alternative Protocol T1646 : Exfiltration Over C2 Channel T1658 : Exploitation for Client Execution T1664 : Exploitation for Initial Access T1404 : Exploitation for Privilege Escalation T1428 : Exploitation of Remote Services T1420 : File and Directory Discovery T1541 : Foreground Persistence T1643 : Generate Traffic from Victim T1628 : Hide Artifacts T1625 : Hijack Execution Flow T1617 : Hooking T1629 : Impair Defenses T1630 : Indicator Removal on Host T1544 : Ingress Tool Transfer T1417 : Input Capture T1516 : Input Injection T1430 : Location Tracking T1461 : Lockscreen Bypass T1655 : Masquerading T1575 : Native API T1464 : Network Denial of Service T1423 : Network Service Scanning T1509 : Non-Standard Port T1406 : Obfuscated Files or Information T1644 : Out of Band Data T1660 : Phishing T1424 : Process Discovery T1631 : Process Injection T1636 : Protected User Data T1604 : Proxy Through Victim T1663 : Remote Access Software T1458 : Replication Through Removable Media T1603 : Scheduled Task/Job T1513 : Screen Capture T1582 : SMS Control T1418 : Software Discovery T1635 : Steal Application Access Token T1409 : Stored Application Data T1632 : Subvert Trust Controls T1474 : Supply Chain Compromise T1426 : System Information Discovery T1422 : System Network Configuration Discovery T1421 : System Network Connections Discovery T1512 : Video Capture T1633 : Virtualization/Sandbox Evasion T1481 : Web Service     ","T1437, T1430, T1644, T1636, T1426","As a cybersecurity expert specializing in cyberthreat intelligence, I have analyzed the provided text describing the Android/Chuli.A malware's capabilities. The malware exhibits multiple distinct attack patterns that map directly to several MITRE Mobile techniques.

### Identified MITRE Mobile Attack Patterns

**1. Phishing/Initial Access**
*   **Evidence:** ""The Android malware... was distributed to activist groups through a spearphishing email that contained an attachment.""
*   **MITRE Technique:** T1660 : Phishing
*   **Reasoning:** The initial vector of compromise—using a targeted (spearphishing) email—is a textbook example of phishing, which is used to trick the victim into executing the malicious payload.

**2. Command and Control (C2) Communication**
*   **Evidence:** ""This malware utilized HTTP uploads to a specific URL as its command and control mechanism.""
*   **MITRE Technique:** T1437 : Application Layer Protocol
*   **Reasoning:** The malware uses a standard application layer protocol (HTTP) for its C2 communication, establishing a channel for receiving instructions or exfiltrating data.

**3. Data Theft: Location and Contacts**
*   **Evidence:** ""capable of stealing various forms of sensitive data, including geo-location information, call logs, contact lists stored both on the phone and the SIM card...""
*   **MITRE Technique (Geo-location):** T1430 : Location Tracking
*   **Reasoning:** The explicit theft of geo-location data directly maps to the Location Tracking technique.
*   **MITRE Technique (Contacts/General Data):** T1533 : Data from Local System
*   **Reasoning:** Stealing contact lists, which are stored locally on the device or SIM card, falls under the general category of extracting data from the local system.

**4. Communication Channel Exploitation (SMS)**
*   **Evidence:** ""Additionally, it used SMS to receive command and control messages.""
*   **MITRE Technique:** T1582 : SMS Control
*   **Reasoning:** The malware actively uses the SMS messaging system not just for communication, but for receiving C2 commands, indicating control over the messaging function.

**5. System Information Discovery**
*   **Evidence:** ""The malware also gathered system information such as the phone number, OS version, phone model, and SDK version.""
*   **MITRE Technique:** T1426 : System Information Discovery
*   **Reasoning:** Gathering metadata about the device (OS version, model, phone number) is a classic reconnaissance step, categorized as System Information Discovery.

**6. Call Log Theft**
*   **Evidence:** ""stealing various forms of sensitive data, including... call logs...""
*   **MITRE Technique:** T1616 : Call Control
*   **Reasoning:** Accessing and exfiltrating call logs requires the malware to interact with and control the device's calling functions, matching the Call Control technique.

***

**Final Technique IDs:**
T1660, T1437, T1430, T1533, T1582, T1426, T1616"
17,"Extract all MITRE Mobile attack patterns from the following text and map them to their corresponding MITRE technique IDs. Provide reasoning for each identification. Ensure the final line contains only the IDs for the main techniques, separated by commas, excluding any subtechnique IDs. MITRE Mobile IDs are given below as reference.  **Text:** AndroidOS/MalLocker.B is a variant of a ransomware family that targets Android devices by blocking user interaction with the UI through a screen displaying a ransom note over all other windows. This malware registers to receive 14 different broadcast intents, allowing it to automatically trigger its malicious payloads. It can further disrupt user interaction by using a carefully designed ""call"" notification screen, combined with overriding the onUserLeaveHint() callback method to generate a new notification when the current one is dismissed. AndroidOS/MalLocker.B often disguises itself as popular apps, cracked games, or video players. To evade detection, it employs techniques such as name mangling and the use of meaningless variable names in its source code. Additionally, it stores encrypted payload code in the Assets directory and uses a custom decryption routine that assembles a .dex file by passing data through Android Intent objects.  **List of All MITRE Mobile technique IDs** ID    : Name T1626 : Abuse Elevation Control Mechanism T1517 : Access Notifications T1640 : Account Access Removal T1638 : Adversary-in-the-Middle T1437 : Application Layer Protocol T1661 : Application Versioning T1532 : Archive Collected Data T1429 : Audio Capture T1398 : Boot or Logon Initialization Scripts T1616 : Call Control T1414 : Clipboard Data T1623 : Command and Scripting Interpreter T1577 : Compromise Application Executable T1645 : Compromise Client Software Binary T1634 : Credentials from Password Store T1662 : Data Destruction T1471 : Data Encrypted for Impact T1533 : Data from Local System T1641 : Data Manipulation T1407 : Download New Code at Runtime T1456 : Drive-By Compromise T1637 : Dynamic Resolution T1521 : Encrypted Channel T1642 : Endpoint Denial of Service T1624 : Event Triggered Execution T1627 : Execution Guardrails T1639 : Exfiltration Over Alternative Protocol T1646 : Exfiltration Over C2 Channel T1658 : Exploitation for Client Execution T1664 : Exploitation for Initial Access T1404 : Exploitation for Privilege Escalation T1428 : Exploitation of Remote Services T1420 : File and Directory Discovery T1541 : Foreground Persistence T1643 : Generate Traffic from Victim T1628 : Hide Artifacts T1625 : Hijack Execution Flow T1617 : Hooking T1629 : Impair Defenses T1630 : Indicator Removal on Host T1544 : Ingress Tool Transfer T1417 : Input Capture T1516 : Input Injection T1430 : Location Tracking T1461 : Lockscreen Bypass T1655 : Masquerading T1575 : Native API T1464 : Network Denial of Service T1423 : Network Service Scanning T1509 : Non-Standard Port T1406 : Obfuscated Files or Information T1644 : Out of Band Data T1660 : Phishing T1424 : Process Discovery T1631 : Process Injection T1636 : Protected User Data T1604 : Proxy Through Victim T1663 : Remote Access Software T1458 : Replication Through Removable Media T1603 : Scheduled Task/Job T1513 : Screen Capture T1582 : SMS Control T1418 : Software Discovery T1635 : Steal Application Access Token T1409 : Stored Application Data T1632 : Subvert Trust Controls T1474 : Supply Chain Compromise T1426 : System Information Discovery T1422 : System Network Configuration Discovery T1421 : System Network Connections Discovery T1512 : Video Capture T1633 : Virtualization/Sandbox Evasion T1481 : Web Service     ","T1624, T1629, T1655, T1406","As a cybersecurity expert specializing in cyberthreat intelligence, I have analyzed the provided text describing the AndroidOS/MalLocker.B malware. The following patterns represent distinct MITRE Mobile techniques used by the threat actor.

### Identified MITRE Mobile Attack Patterns

**1. T1629 : Impair Defenses**
*   **Reasoning:** The malware targets the user interface by ""blocking user interaction with the UI through a screen displaying a ransom note over all other windows."" This action directly impairs the user's ability to interact with the device or use legitimate applications, effectively denying access to the system's normal functionality.

**2. T1624 : Event Triggered Execution**
*   **Reasoning:** The malware ""registers to receive 14 different broadcast intents, allowing it to automatically trigger its malicious payloads."" This is a classic example of an attacker setting up the malware to execute code or trigger actions in response to specific system events (broadcast intents).

**3. T1517 : Access Notifications**
*   **Reasoning:** The malware uses a ""carefully designed 'call' notification screen"" and manipulates the notification lifecycle by ""overriding the onUserLeaveHint() callback method."" This demonstrates the abuse of the notification system to maintain presence and execute malicious logic.

**4. T1541 : Foreground Persistence**
*   **Reasoning:** By overriding the `onUserLeaveHint()` callback, the malware ensures that even when the user attempts to leave the application or dismiss a notification, the malware can generate a new notification or maintain its presence, thereby achieving persistence in the foreground.

**5. T1655 : Masquerading**
*   **Reasoning:** The malware ""often disguises itself as popular apps, cracked games, or video players."" This is a direct example of masquerading, where the malicious payload adopts the appearance or identity of legitimate software to deceive the user and bypass initial scrutiny.

**6. T1406 : Obfuscated Files or Information**
*   **Reasoning:** The malware employs ""name mangling and the use of meaningless variable names in its source code."" This technique is designed specifically to make the code difficult for human analysts or automated tools to read, understand, and reverse engineer.

**7. T1471 : Data Encrypted for Impact**
*   **Reasoning:** The malware ""stores encrypted payload code in the Assets directory."" Storing the malicious payload in an encrypted state ensures that even if the file is discovered, it cannot be immediately executed or understood by security tools, maximizing the impact of the eventual decryption.

**8. T1407 : Download New Code at Runtime**
*   **Reasoning:** The malware uses a ""custom decryption routine that assembles a .dex file by passing data through Android Intent objects."" This process describes the dynamic loading and assembly of executable code (the .dex file) in memory at runtime, which is a form of downloading or constructing new code on the fly.

***

T1629, T1624, T1517, T1541, T1655, T1406, T1471, T1407"
18,"Extract all MITRE Mobile attack patterns from the following text and map them to their corresponding MITRE technique IDs. Provide reasoning for each identification. Ensure the final line contains only the IDs for the main techniques, separated by commas, excluding any subtechnique IDs. MITRE Mobile IDs are given below as reference.  **Text:** ANDROIDOS_ANSERVER.A is a distinctive Android malware known for utilizing encrypted content hosted on a blog site as part of its command and control strategy. This malware collects various device-specific information, including the OS version, build version, manufacturer, model, IMEI, and IMSI. The encrypted content within the blog site contains URLs that direct the malware to additional servers for further command and control activities.  **List of All MITRE Mobile technique IDs** ID    : Name T1626 : Abuse Elevation Control Mechanism T1517 : Access Notifications T1640 : Account Access Removal T1638 : Adversary-in-the-Middle T1437 : Application Layer Protocol T1661 : Application Versioning T1532 : Archive Collected Data T1429 : Audio Capture T1398 : Boot or Logon Initialization Scripts T1616 : Call Control T1414 : Clipboard Data T1623 : Command and Scripting Interpreter T1577 : Compromise Application Executable T1645 : Compromise Client Software Binary T1634 : Credentials from Password Store T1662 : Data Destruction T1471 : Data Encrypted for Impact T1533 : Data from Local System T1641 : Data Manipulation T1407 : Download New Code at Runtime T1456 : Drive-By Compromise T1637 : Dynamic Resolution T1521 : Encrypted Channel T1642 : Endpoint Denial of Service T1624 : Event Triggered Execution T1627 : Execution Guardrails T1639 : Exfiltration Over Alternative Protocol T1646 : Exfiltration Over C2 Channel T1658 : Exploitation for Client Execution T1664 : Exploitation for Initial Access T1404 : Exploitation for Privilege Escalation T1428 : Exploitation of Remote Services T1420 : File and Directory Discovery T1541 : Foreground Persistence T1643 : Generate Traffic from Victim T1628 : Hide Artifacts T1625 : Hijack Execution Flow T1617 : Hooking T1629 : Impair Defenses T1630 : Indicator Removal on Host T1544 : Ingress Tool Transfer T1417 : Input Capture T1516 : Input Injection T1430 : Location Tracking T1461 : Lockscreen Bypass T1655 : Masquerading T1575 : Native API T1464 : Network Denial of Service T1423 : Network Service Scanning T1509 : Non-Standard Port T1406 : Obfuscated Files or Information T1644 : Out of Band Data T1660 : Phishing T1424 : Process Discovery T1631 : Process Injection T1636 : Protected User Data T1604 : Proxy Through Victim T1663 : Remote Access Software T1458 : Replication Through Removable Media T1603 : Scheduled Task/Job T1513 : Screen Capture T1582 : SMS Control T1418 : Software Discovery T1635 : Steal Application Access Token T1409 : Stored Application Data T1632 : Subvert Trust Controls T1474 : Supply Chain Compromise T1426 : System Information Discovery T1422 : System Network Configuration Discovery T1421 : System Network Connections Discovery T1512 : Video Capture T1633 : Virtualization/Sandbox Evasion T1481 : Web Service     ","T1426, T1422, T1481","### MITRE Mobile Attack Pattern Extraction and Mapping

**1. Technique Identification: T1521 (Encrypted Channel)**
*   **Reasoning:** The text explicitly states that the malware utilizes ""encrypted content hosted on a blog site as part of its command and control strategy."" The use of encryption to conceal communication channels (C2) directly maps to the definition of an Encrypted Channel.

**2. Technique Identification: T1426 (System Information Discovery)**
*   **Reasoning:** The malware is described as collecting ""device-specific information, including the OS version, build version, manufacturer, model, IMEI, and IMSI."" The systematic gathering of unique identifiers and operational details about the target device (OS version, hardware model, unique IDs) is the core function of System Information Discovery.

***

**Summary of Findings:**

| MITRE Technique ID | Technique Name | Evidence from Text |
| :--- | :--- | :--- |
| T1521 | Encrypted Channel | ""utilizing encrypted content hosted on a blog site as part of its command and control strategy."" |
| T1426 | System Information Discovery | ""collects various device-specific information, including the OS version, build version, manufacturer, model, IMEI, and IMSI."" |

T1521, T1426"
19,"Extract all MITRE Enterprise attack patterns from the following text and map them to their corresponding MITRE technique IDs. Provide reasoning for each identification. Ensure the final line contains only the IDs for the main techniques, separated by commas, excluding any subtechnique IDs. MITRE Enterprise IDs are given below as reference.  **Text:** ANDROMEDA is a widely recognized commodity malware that was prevalent in the early 2010s and continues to be detected in various industries. During the 2022 C0026 campaign, threat actors re-registered expired ANDROMEDA command and control (C2) domains to deliver malware to targeted entities in Ukraine. ANDROMEDA possesses the capability to make GET requests to download files from its C2 server and can establish persistence by copying itself to `C:\ProgramData\Local Settings\Temp\mskmde.com` and creating a Registry run key to ensure it executes at each user logon. It can also download additional payloads from its C2 server. The malware has been observed installing itself to `C:\Temp\TrustedInstaller.exe`, masquerading as a legitimate Windows installer service, and has been delivered through LNK files disguised as folders. ANDROMEDA can inject itself into the `wuauclt.exe` process to execute C2 commands and has also been spread via infected USB drives.  **List of All MITRE Enterprise technique IDs** ID    : Name T1548 : Abuse Elevation Control Mechanism T1134 : Access Token Manipulation T1531 : Account Access Removal T1087 : Account Discovery T1098 : Account Manipulation T1650 : Acquire Access T1583 : Acquire Infrastructure T1595 : Active Scanning T1557 : Adversary-in-the-Middle T1071 : Application Layer Protocol T1010 : Application Window Discovery T1560 : Archive Collected Data T1123 : Audio Capture T1119 : Automated Collection T1020 : Automated Exfiltration T1197 : BITS Jobs T1547 : Boot or Logon Autostart Execution T1037 : Boot or Logon Initialization Scripts T1176 : Browser Extensions T1217 : Browser Information Discovery T1185 : Browser Session Hijacking T1110 : Brute Force T1612 : Build Image on Host T1115 : Clipboard Data T1651 : Cloud Administration Command T1580 : Cloud Infrastructure Discovery T1538 : Cloud Service Dashboard T1526 : Cloud Service Discovery T1619 : Cloud Storage Object Discovery T1059 : Command and Scripting Interpreter T1092 : Communication Through Removable Media T1586 : Compromise Accounts T1554 : Compromise Host Software Binary T1584 : Compromise Infrastructure T1609 : Container Administration Command T1613 : Container and Resource Discovery T1659 : Content Injection T1136 : Create Account T1543 : Create or Modify System Process T1555 : Credentials from Password Stores T1485 : Data Destruction T1132 : Data Encoding T1486 : Data Encrypted for Impact T1530 : Data from Cloud Storage T1602 : Data from Configuration Repository T1213 : Data from Information Repositories T1005 : Data from Local System T1039 : Data from Network Shared Drive T1025 : Data from Removable Media T1565 : Data Manipulation T1001 : Data Obfuscation T1074 : Data Staged T1030 : Data Transfer Size Limits T1622 : Debugger Evasion T1491 : Defacement T1140 : Deobfuscate/Decode Files or Information T1610 : Deploy Container T1587 : Develop Capabilities T1652 : Device Driver Discovery T1006 : Direct Volume Access T1561 : Disk Wipe T1484 : Domain or Tenant Policy Modification T1482 : Domain Trust Discovery T1189 : Drive-by Compromise T1568 : Dynamic Resolution T1114 : Email Collection T1573 : Encrypted Channel T1499 : Endpoint Denial of Service T1611 : Escape to Host T1585 : Establish Accounts T1546 : Event Triggered Execution T1480 : Execution Guardrails T1048 : Exfiltration Over Alternative Protocol T1041 : Exfiltration Over C2 Channel T1011 : Exfiltration Over Other Network Medium T1052 : Exfiltration Over Physical Medium T1567 : Exfiltration Over Web Service T1190 : Exploit Public-Facing Application T1203 : Exploitation for Client Execution T1212 : Exploitation for Credential Access T1211 : Exploitation for Defense Evasion T1068 : Exploitation for Privilege Escalation T1210 : Exploitation of Remote Services T1133 : External Remote Services T1008 : Fallback Channels T1083 : File and Directory Discovery T1222 : File and Directory Permissions Modification T1657 : Financial Theft T1495 : Firmware Corruption T1187 : Forced Authentication T1606 : Forge Web Credentials T1592 : Gather Victim Host Information T1589 : Gather Victim Identity Information T1590 : Gather Victim Network Information T1591 : Gather Victim Org Information T1615 : Group Policy Discovery T1200 : Hardware Additions T1564 : Hide Artifacts T1665 : Hide Infrastructure T1574 : Hijack Execution Flow T1562 : Impair Defenses T1656 : Impersonation T1525 : Implant Internal Image T1070 : Indicator Removal T1202 : Indirect Command Execution T1105 : Ingress Tool Transfer T1490 : Inhibit System Recovery T1056 : Input Capture T1559 : Inter-Process Communication T1534 : Internal Spearphishing T1570 : Lateral Tool Transfer T1654 : Log Enumeration T1036 : Masquerading T1556 : Modify Authentication Process T1578 : Modify Cloud Compute Infrastructure T1112 : Modify Registry T1601 : Modify System Image T1111 : Multi-Factor Authentication Interception T1621 : Multi-Factor Authentication Request Generation T1104 : Multi-Stage Channels T1106 : Native API T1599 : Network Boundary Bridging T1498 : Network Denial of Service T1046 : Network Service Discovery T1135 : Network Share Discovery T1040 : Network Sniffing T1095 : Non-Application Layer Protocol T1571 : Non-Standard Port T1027 : Obfuscated Files or Information T1588 : Obtain Capabilities T1137 : Office Application Startup T1003 : OS Credential Dumping T1201 : Password Policy Discovery T1120 : Peripheral Device Discovery T1069 : Permission Groups Discovery T1566 : Phishing T1598 : Phishing for Information T1647 : Plist File Modification T1653 : Power Settings T1542 : Pre-OS Boot T1057 : Process Discovery T1055 : Process Injection T1572 : Protocol Tunneling T1090 : Proxy T1012 : Query Registry T1620 : Reflective Code Loading T1219 : Remote Access Software T1563 : Remote Service Session Hijacking T1021 : Remote Services T1018 : Remote System Discovery T1091 : Replication Through Removable Media T1496 : Resource Hijacking T1207 : Rogue Domain Controller T1014 : Rootkit T1053 : Scheduled Task/Job T1029 : Scheduled Transfer T1113 : Screen Capture T1597 : Search Closed Sources T1596 : Search Open Technical Databases T1593 : Search Open Websites/Domains T1594 : Search Victim-Owned Websites T1505 : Server Software Component T1648 : Serverless Execution T1489 : Service Stop T1129 : Shared Modules T1072 : Software Deployment Tools T1518 : Software Discovery T1608 : Stage Capabilities T1528 : Steal Application Access Token T1649 : Steal or Forge Authentication Certificates T1558 : Steal or Forge Kerberos Tickets T1539 : Steal Web Session Cookie T1553 : Subvert Trust Controls T1195 : Supply Chain Compromise T1218 : System Binary Proxy Execution T1082 : System Information Discovery T1614 : System Location Discovery T1016 : System Network Configuration Discovery T1049 : System Network Connections Discovery T1033 : System Owner/User Discovery T1216 : System Script Proxy Execution T1007 : System Service Discovery T1569 : System Services T1529 : System Shutdown/Reboot T1124 : System Time Discovery T1080 : Taint Shared Content T1221 : Template Injection T1205 : Traffic Signaling T1537 : Transfer Data to Cloud Account T1127 : Trusted Developer Utilities Proxy Execution T1199 : Trusted Relationship T1552 : Unsecured Credentials T1535 : Unused/Unsupported Cloud Regions T1550 : Use Alternate Authentication Material T1204 : User Execution T1078 : Valid Accounts T1125 : Video Capture T1497 : Virtualization/Sandbox Evasion T1600 : Weaken Encryption T1102 : Web Service T1047 : Windows Management Instrumentation T1220 : XSL Script Processing     ","T1071, T1547, T1105, T1036, T1055, T1091","### MITRE Enterprise Attack Pattern Extraction and Mapping

**1. Acquiring Infrastructure (C2 Domains)**
*   **Pattern:** Threat actors re-registered expired ANDROMEDA command and control (C2) domains.
*   **MITRE Technique ID:** T1583
*   **Reasoning:** The act of re-registering or acquiring domains to establish a persistent communication channel (C2) falls directly under the category of acquiring necessary infrastructure for the attack.

**2. Persistence (Registry Run Keys)**
*   **Pattern:** Establishing persistence by creating a Registry run key to ensure execution at each user logon.
*   **MITRE Technique ID:** T1547
*   **Reasoning:** T1547 specifically covers techniques used to ensure malware survives system reboots and executes automatically upon user logon, which is the classic function of modifying registry run keys.

**3. Masquerading (Service Impersonation)**
*   **Pattern:** Installing itself to `C:\Temp\TrustedInstaller.exe`, masquerading as a legitimate Windows installer service.
*   **MITRE Technique ID:** T1036
*   **Reasoning:** Masquerading involves disguising malicious files or processes to appear as legitimate system components (like a trusted Windows executable) to evade detection and gain trust.

**4. Phishing (Delivery Mechanism)**
*   **Pattern:** Delivered through LNK files disguised as folders.
*   **MITRE Technique ID:** T1566
*   **Reasoning:** Using deceptive file types (LNK files) and disguising them to trick the user into executing the payload constitutes a form of social engineering, which is categorized as Phishing.

**5. Process Injection**
*   **Pattern:** ANDROMEDA can inject itself into the `wuauclt.exe` process to execute C2 commands.
*   **MITRE Technique ID:** T1055
*   **Reasoning:** Process injection is the act of forcing malicious code into the memory space of a legitimate, running process to execute commands while bypassing security monitoring.

**6. Communication Through Removable Media**
*   **Pattern:** Spread via infected USB drives.
*   **MITRE Technique ID:** T1092
*   **Reasoning:** T1092 describes the use of physical media (like USB drives) to transfer malware or payloads between systems, which is explicitly mentioned as the spread vector.

**7. Data from Removable Media**
*   **Pattern:** The use of USB drives for initial infection or data exfiltration.
*   **MITRE Technique:** T1055 (or related data staging/exfiltration).
*   **Reasoning:** While the primary action is propagation, the initial vector or data transfer mechanism relies on removable media, fitting the scope of data staging/exfiltration via physical media.

***

**Summary of Techniques:**

*   **T1587.001:** (Implied) Initial Access via Removable Media (T1055)
*   **T1055:** (Explicit) Use of Removable Media (USB drives)
*   **T1036:** (Explicit) Masquerading (Luring users with fake files/folders)
*   **T1027:** (Explicit) Obfuscated Files or Information (The malware payload itself)
*   **T1"
20,"Extract all MITRE Mobile attack patterns from the following text and map them to their corresponding MITRE technique IDs. Provide reasoning for each identification. Ensure the final line contains only the IDs for the main techniques, separated by commas, excluding any subtechnique IDs. MITRE Mobile IDs are given below as reference.  **Text:** AndroRAT is an open-source remote access tool (RAT) designed for Android devices. It is capable of collecting various types of data, including device location and call logs, as well as executing actions such as sending SMS messages and capturing photos. Originally, AndroRAT was made available through The404Hacking GitHub repository. The tool can gather audio from the device’s microphone, make phone calls, and track the device’s location via GPS or network settings. Additionally, AndroRAT often disguises itself as legitimate applications and can send SMS messages, collect call logs, and capture photos and videos using the device’s cameras.  **List of All MITRE Mobile technique IDs** ID    : Name T1626 : Abuse Elevation Control Mechanism T1517 : Access Notifications T1640 : Account Access Removal T1638 : Adversary-in-the-Middle T1437 : Application Layer Protocol T1661 : Application Versioning T1532 : Archive Collected Data T1429 : Audio Capture T1398 : Boot or Logon Initialization Scripts T1616 : Call Control T1414 : Clipboard Data T1623 : Command and Scripting Interpreter T1577 : Compromise Application Executable T1645 : Compromise Client Software Binary T1634 : Credentials from Password Store T1662 : Data Destruction T1471 : Data Encrypted for Impact T1533 : Data from Local System T1641 : Data Manipulation T1407 : Download New Code at Runtime T1456 : Drive-By Compromise T1637 : Dynamic Resolution T1521 : Encrypted Channel T1642 : Endpoint Denial of Service T1624 : Event Triggered Execution T1627 : Execution Guardrails T1639 : Exfiltration Over Alternative Protocol T1646 : Exfiltration Over C2 Channel T1658 : Exploitation for Client Execution T1664 : Exploitation for Initial Access T1404 : Exploitation for Privilege Escalation T1428 : Exploitation of Remote Services T1420 : File and Directory Discovery T1541 : Foreground Persistence T1643 : Generate Traffic from Victim T1628 : Hide Artifacts T1625 : Hijack Execution Flow T1617 : Hooking T1629 : Impair Defenses T1630 : Indicator Removal on Host T1544 : Ingress Tool Transfer T1417 : Input Capture T1516 : Input Injection T1430 : Location Tracking T1461 : Lockscreen Bypass T1655 : Masquerading T1575 : Native API T1464 : Network Denial of Service T1423 : Network Service Scanning T1509 : Non-Standard Port T1406 : Obfuscated Files or Information T1644 : Out of Band Data T1660 : Phishing T1424 : Process Discovery T1631 : Process Injection T1636 : Protected User Data T1604 : Proxy Through Victim T1663 : Remote Access Software T1458 : Replication Through Removable Media T1603 : Scheduled Task/Job T1513 : Screen Capture T1582 : SMS Control T1418 : Software Discovery T1635 : Steal Application Access Token T1409 : Stored Application Data T1632 : Subvert Trust Controls T1474 : Supply Chain Compromise T1426 : System Information Discovery T1422 : System Network Configuration Discovery T1421 : System Network Connections Discovery T1512 : Video Capture T1633 : Virtualization/Sandbox Evasion T1481 : Web Service     ","T1429, T1616, T1430, T1655, T1636, T1582, T1422, T1512","As a cybersecurity expert specializing in cyberthreat intelligence, I have analyzed the provided text describing AndroRAT's capabilities. The tool exhibits multiple distinct attack patterns that map directly to the MITRE Mobile framework.

### MITRE Mobile Attack Pattern Extraction and Mapping

**1. T1663: Remote Access Software**
*   **Reasoning:** The text explicitly identifies AndroRAT as an ""open-source remote access tool (RAT)."" This is the primary function and classification of the malware.

**2. T1430: Location Tracking**
*   **Reasoning:** The tool is described as being able to ""track the device’s location via GPS or network settings,"" which is a direct match for location tracking capabilities.

**3. T1429: Audio Capture**
*   **Reasoning:** The text states that the tool can ""gather audio from the device’s microphone,"" which is a direct instance of audio capture.

**4. T1616: Call Control**
*   **Reasoning:** The tool is capable of making phone calls and collecting ""call logs."" Both actions fall under the scope of controlling and monitoring telephony functions.

**5. T1582: SMS Control**
*   **Reasoning:** The text mentions that AndroRAT can ""send SMS messages,"" which is a direct control mechanism over the device's messaging service.

**6. T1512: Video Capture**
*   **Reasoning:** The tool is capable of ""capturing photos and videos using the device’s cameras."" The mention of ""videos"" specifically maps to this technique.

**7. T1513: Screen Capture**
*   **Reasoning:** While the text mentions capturing photos, the general act of capturing visual data (photos/videos) using the camera system, especially in the context of a RAT, often involves screen or visual data capture. This technique covers the general visual data exfiltration capability.

**8. T1655: Masquerading**
*   **Reasoning:** The text notes that ""AndroRAT often disguises itself as legitimate applications."" This act of deception to gain trust and bypass detection is defined as Masquerading.

**9. T1533: Data from Local System**
*   **Reasoning:** The tool is described as collecting ""various types of data, including device location and call logs,"" and generally collecting data. This represents the broad capability of exfiltrating various types of stored or generated data from the victim's local system.

***

T1663, T1430, T1429, T1616, T1582, T1512, T1513, T1655, T1533"
21,"Extract all MITRE Mobile attack patterns from the following text and map them to their corresponding MITRE technique IDs. Provide reasoning for each identification. Ensure the final line contains only the IDs for the main techniques, separated by commas, excluding any subtechnique IDs. MITRE Mobile IDs are given below as reference.  **Text:** Anubis is Android malware that was initially developed for cyber espionage but has since been repurposed as a banking trojan. This malware is capable of exfiltrating data encrypted with RC4 via its ransomware module and can also record phone calls and audio, as well as make phone calls.  Anubis includes a ransomware module that can encrypt device data and hold it for ransom, while also exfiltrating the encrypted files from the device. Additionally, it can modify external storage and download attacker-specified APK files. To resist uninstallation, Anubis exploits the Android performGlobalAction(int) API call. The malware features a keylogger that functions across all applications on the device and can track the device’s GPS location. Anubis has requested accessibility service privileges while masquerading as ""Google Play Protect"" and has disguised additional malicious application installations as legitimate system updates.  **List of All MITRE Mobile technique IDs** ID    : Name T1626 : Abuse Elevation Control Mechanism T1517 : Access Notifications T1640 : Account Access Removal T1638 : Adversary-in-the-Middle T1437 : Application Layer Protocol T1661 : Application Versioning T1532 : Archive Collected Data T1429 : Audio Capture T1398 : Boot or Logon Initialization Scripts T1616 : Call Control T1414 : Clipboard Data T1623 : Command and Scripting Interpreter T1577 : Compromise Application Executable T1645 : Compromise Client Software Binary T1634 : Credentials from Password Store T1662 : Data Destruction T1471 : Data Encrypted for Impact T1533 : Data from Local System T1641 : Data Manipulation T1407 : Download New Code at Runtime T1456 : Drive-By Compromise T1637 : Dynamic Resolution T1521 : Encrypted Channel T1642 : Endpoint Denial of Service T1624 : Event Triggered Execution T1627 : Execution Guardrails T1639 : Exfiltration Over Alternative Protocol T1646 : Exfiltration Over C2 Channel T1658 : Exploitation for Client Execution T1664 : Exploitation for Initial Access T1404 : Exploitation for Privilege Escalation T1428 : Exploitation of Remote Services T1420 : File and Directory Discovery T1541 : Foreground Persistence T1643 : Generate Traffic from Victim T1628 : Hide Artifacts T1625 : Hijack Execution Flow T1617 : Hooking T1629 : Impair Defenses T1630 : Indicator Removal on Host T1544 : Ingress Tool Transfer T1417 : Input Capture T1516 : Input Injection T1430 : Location Tracking T1461 : Lockscreen Bypass T1655 : Masquerading T1575 : Native API T1464 : Network Denial of Service T1423 : Network Service Scanning T1509 : Non-Standard Port T1406 : Obfuscated Files or Information T1644 : Out of Band Data T1660 : Phishing T1424 : Process Discovery T1631 : Process Injection T1636 : Protected User Data T1604 : Proxy Through Victim T1663 : Remote Access Software T1458 : Replication Through Removable Media T1603 : Scheduled Task/Job T1513 : Screen Capture T1582 : SMS Control T1418 : Software Discovery T1635 : Steal Application Access Token T1409 : Stored Application Data T1632 : Subvert Trust Controls T1474 : Supply Chain Compromise T1426 : System Information Discovery T1422 : System Network Configuration Discovery T1421 : System Network Connections Discovery T1512 : Video Capture T1633 : Virtualization/Sandbox Evasion T1481 : Web Service     ","T1532, T1429, T1616, T1471, T1533, T1407, T1629, T1417, T1430, T1655","### MITRE Mobile Attack Pattern Extraction and Mapping

**1. Exfiltrating data encrypted with RC4**
*   **Technique ID:** T1521
*   **Reasoning:** The malware uses RC4 to encrypt data before exfiltration. T1521, Encrypted Channel, describes the use of encryption to conceal data during transmission, making detection difficult.

**2. Recording phone calls and audio**
*   **Technique ID:** T1429
*   **Reasoning:** The text explicitly states the malware can ""record phone calls and audio."" T1429, Audio Capture, directly maps to this capability.

**3. Making phone calls**
*   **Technique ID:** T1616
*   **Reasoning:** The malware is capable of making phone calls. T1616, Call Control, covers the ability of malware to initiate or control telephony functions on the device.

**4. Encrypting device data (Ransomware)**
*   **Technique ID:** T1471
*   **Reasoning:** The ransomware module encrypts device data to hold it for ransom. T1471, Data Encrypted for Impact, describes the use of encryption specifically for disruptive or malicious purposes.

**5. Modifying external storage**
*   **Technique ID:** T1641
*   **Reasoning:** The ability to ""modify external storage"" falls under general data manipulation. T1641, Data Manipulation, covers the unauthorized alteration of data or files on the device.

**6. Downloading attacker-specified APK files**
*   **Technique ID:** T1407
*   **Reasoning:** The malware can download new, malicious application files (APK). T1407, Download New Code at Runtime, describes the mechanism of fetching and installing additional payloads.

**7. Exploiting API call to resist uninstallation**
*   **Technique ID:** T1541
*   **Reasoning:** By exploiting the `performGlobalAction(int)` API call to resist uninstallation, the malware is establishing persistence and ensuring it remains active on the device. T1541, Foreground Persistence, describes maintaining continuous, visible presence.

**8. Keylogging across all applications**
*   **Technique ID:** T1417
*   **Reasoning:** A keylogger captures input (keystrokes) regardless of the application running. T1417, Input Capture, is the precise technique for intercepting user input data.

**9. Tracking device’s GPS location**
*   **Technique ID:** T1430
*   **Reasoning:** The malware tracks the device's GPS location. T1430, Location Tracking, directly maps to the collection and monitoring of geographical coordinates.

**10. Requesting accessibility service privileges**
*   **Technique ID:** T1626
*   **Reasoning:** Requesting elevated privileges (like accessibility services) to gain deeper control over the operating system is an abuse of the system's control mechanisms. T1626, Abuse Elevation Control Mechanism, describes this type of privilege escalation.

**11. Masquerading as ""Google Play Protect"" and disguising installations**
*   **Technique ID:** T1655
*   **Reasoning:** The malware uses deception by impersonating a legitimate system component (""Google Play Protect"") and disguising malicious installations as legitimate updates. T1655, Masquerading, covers the act of misleading the user or system about the malware's true identity or function.

***

**Final IDs:**
T1521, T1429, T1616, T1471, T1641, T1407, T1541, T1417, T1430, T1626, T1655"
22,"Extract all MITRE Enterprise attack patterns from the following text and map them to their corresponding MITRE technique IDs. Provide reasoning for each identification. Ensure the final line contains only the IDs for the main techniques, separated by commas, excluding any subtechnique IDs. MITRE Enterprise IDs are given below as reference.  **Text:** AppleJeus is a malware family of downloaders first discovered in 2018, embedded within trojanized cryptocurrency applications. This malware, attributed to the Lazarus Group, has targeted organizations in various sectors, including energy, finance, government, technology, and telecommunications, across multiple countries such as the United States, United Kingdom, South Korea, Australia, Brazil, New Zealand, and Russia. AppleJeus has been used to distribute the FALLCHILL Remote Access Trojan (RAT). AppleJeus has the capability to present a User Account Control (UAC) prompt to elevate privileges during installation. It communicates with its command and control (C2) server via POST requests and uses shell scripts to execute commands and establish persistence after installation. The malware can install itself as a service and has been observed decoding files received from its C2 server. During installation, AppleJeus uses post-installation scripts to extract a hidden plist file from the application's /Resources folder, which is then executed as a Launch Daemon with elevated permissions. Additionally, it exfiltrates collected host information to its C2 server.  **List of All MITRE Enterprise technique IDs** ID    : Name T1548 : Abuse Elevation Control Mechanism T1134 : Access Token Manipulation T1531 : Account Access Removal T1087 : Account Discovery T1098 : Account Manipulation T1650 : Acquire Access T1583 : Acquire Infrastructure T1595 : Active Scanning T1557 : Adversary-in-the-Middle T1071 : Application Layer Protocol T1010 : Application Window Discovery T1560 : Archive Collected Data T1123 : Audio Capture T1119 : Automated Collection T1020 : Automated Exfiltration T1197 : BITS Jobs T1547 : Boot or Logon Autostart Execution T1037 : Boot or Logon Initialization Scripts T1176 : Browser Extensions T1217 : Browser Information Discovery T1185 : Browser Session Hijacking T1110 : Brute Force T1612 : Build Image on Host T1115 : Clipboard Data T1651 : Cloud Administration Command T1580 : Cloud Infrastructure Discovery T1538 : Cloud Service Dashboard T1526 : Cloud Service Discovery T1619 : Cloud Storage Object Discovery T1059 : Command and Scripting Interpreter T1092 : Communication Through Removable Media T1586 : Compromise Accounts T1554 : Compromise Host Software Binary T1584 : Compromise Infrastructure T1609 : Container Administration Command T1613 : Container and Resource Discovery T1659 : Content Injection T1136 : Create Account T1543 : Create or Modify System Process T1555 : Credentials from Password Stores T1485 : Data Destruction T1132 : Data Encoding T1486 : Data Encrypted for Impact T1530 : Data from Cloud Storage T1602 : Data from Configuration Repository T1213 : Data from Information Repositories T1005 : Data from Local System T1039 : Data from Network Shared Drive T1025 : Data from Removable Media T1565 : Data Manipulation T1001 : Data Obfuscation T1074 : Data Staged T1030 : Data Transfer Size Limits T1622 : Debugger Evasion T1491 : Defacement T1140 : Deobfuscate/Decode Files or Information T1610 : Deploy Container T1587 : Develop Capabilities T1652 : Device Driver Discovery T1006 : Direct Volume Access T1561 : Disk Wipe T1484 : Domain or Tenant Policy Modification T1482 : Domain Trust Discovery T1189 : Drive-by Compromise T1568 : Dynamic Resolution T1114 : Email Collection T1573 : Encrypted Channel T1499 : Endpoint Denial of Service T1611 : Escape to Host T1585 : Establish Accounts T1546 : Event Triggered Execution T1480 : Execution Guardrails T1048 : Exfiltration Over Alternative Protocol T1041 : Exfiltration Over C2 Channel T1011 : Exfiltration Over Other Network Medium T1052 : Exfiltration Over Physical Medium T1567 : Exfiltration Over Web Service T1190 : Exploit Public-Facing Application T1203 : Exploitation for Client Execution T1212 : Exploitation for Credential Access T1211 : Exploitation for Defense Evasion T1068 : Exploitation for Privilege Escalation T1210 : Exploitation of Remote Services T1133 : External Remote Services T1008 : Fallback Channels T1083 : File and Directory Discovery T1222 : File and Directory Permissions Modification T1657 : Financial Theft T1495 : Firmware Corruption T1187 : Forced Authentication T1606 : Forge Web Credentials T1592 : Gather Victim Host Information T1589 : Gather Victim Identity Information T1590 : Gather Victim Network Information T1591 : Gather Victim Org Information T1615 : Group Policy Discovery T1200 : Hardware Additions T1564 : Hide Artifacts T1665 : Hide Infrastructure T1574 : Hijack Execution Flow T1562 : Impair Defenses T1656 : Impersonation T1525 : Implant Internal Image T1070 : Indicator Removal T1202 : Indirect Command Execution T1105 : Ingress Tool Transfer T1490 : Inhibit System Recovery T1056 : Input Capture T1559 : Inter-Process Communication T1534 : Internal Spearphishing T1570 : Lateral Tool Transfer T1654 : Log Enumeration T1036 : Masquerading T1556 : Modify Authentication Process T1578 : Modify Cloud Compute Infrastructure T1112 : Modify Registry T1601 : Modify System Image T1111 : Multi-Factor Authentication Interception T1621 : Multi-Factor Authentication Request Generation T1104 : Multi-Stage Channels T1106 : Native API T1599 : Network Boundary Bridging T1498 : Network Denial of Service T1046 : Network Service Discovery T1135 : Network Share Discovery T1040 : Network Sniffing T1095 : Non-Application Layer Protocol T1571 : Non-Standard Port T1027 : Obfuscated Files or Information T1588 : Obtain Capabilities T1137 : Office Application Startup T1003 : OS Credential Dumping T1201 : Password Policy Discovery T1120 : Peripheral Device Discovery T1069 : Permission Groups Discovery T1566 : Phishing T1598 : Phishing for Information T1647 : Plist File Modification T1653 : Power Settings T1542 : Pre-OS Boot T1057 : Process Discovery T1055 : Process Injection T1572 : Protocol Tunneling T1090 : Proxy T1012 : Query Registry T1620 : Reflective Code Loading T1219 : Remote Access Software T1563 : Remote Service Session Hijacking T1021 : Remote Services T1018 : Remote System Discovery T1091 : Replication Through Removable Media T1496 : Resource Hijacking T1207 : Rogue Domain Controller T1014 : Rootkit T1053 : Scheduled Task/Job T1029 : Scheduled Transfer T1113 : Screen Capture T1597 : Search Closed Sources T1596 : Search Open Technical Databases T1593 : Search Open Websites/Domains T1594 : Search Victim-Owned Websites T1505 : Server Software Component T1648 : Serverless Execution T1489 : Service Stop T1129 : Shared Modules T1072 : Software Deployment Tools T1518 : Software Discovery T1608 : Stage Capabilities T1528 : Steal Application Access Token T1649 : Steal or Forge Authentication Certificates T1558 : Steal or Forge Kerberos Tickets T1539 : Steal Web Session Cookie T1553 : Subvert Trust Controls T1195 : Supply Chain Compromise T1218 : System Binary Proxy Execution T1082 : System Information Discovery T1614 : System Location Discovery T1016 : System Network Configuration Discovery T1049 : System Network Connections Discovery T1033 : System Owner/User Discovery T1216 : System Script Proxy Execution T1007 : System Service Discovery T1569 : System Services T1529 : System Shutdown/Reboot T1124 : System Time Discovery T1080 : Taint Shared Content T1221 : Template Injection T1205 : Traffic Signaling T1537 : Transfer Data to Cloud Account T1127 : Trusted Developer Utilities Proxy Execution T1199 : Trusted Relationship T1552 : Unsecured Credentials T1535 : Unused/Unsupported Cloud Regions T1550 : Use Alternate Authentication Material T1204 : User Execution T1078 : Valid Accounts T1125 : Video Capture T1497 : Virtualization/Sandbox Evasion T1600 : Weaken Encryption T1102 : Web Service T1047 : Windows Management Instrumentation T1220 : XSL Script Processing     ","T1548, T1071, T1059, T1543, T1140, T1546, T1041","### MITRE Enterprise Attack Pattern Extraction and Mapping

**1. Privilege Escalation**
*   **Text Evidence:** ""AppleJeus has the capability to present a User Account Control (UAC) prompt to elevate privileges during installation.""
*   **MITRE Technique ID:** T1548
*   **Reasoning:** The use of UAC prompts to gain higher system permissions directly maps to the technique of abusing built-in operating system mechanisms designed for elevation control.

**2. Persistence**
*   **Text Evidence:** ""It uses shell scripts to execute commands and establish persistence after installation."" and ""During installation, AppleJeus uses post-installation scripts... which is then executed as a Launch Daemon with elevated permissions.""
*   **MITRE Technique ID:** T1547
*   **Reasoning:** Establishing persistence through mechanisms like Launch Daemons or scheduled scripts ensures the malware survives reboots and remains active, fitting the definition of Boot or Logon Autostart Execution.
*   **MITRE Technique ID:** T1037
*   **Reasoning:** The use of ""post-installation scripts"" and ""Launch Daemon"" execution falls under the category of scripts that run during the system's initialization process.

**3. Command and Scripting Interpreter**
*   **Text Evidence:** ""It uses shell scripts to execute commands...""
*   **MITRE Technique ID:** T1059
*   **Reasoning:** The explicit mention of using ""shell scripts"" to execute commands identifies the use of a scripting interpreter for malicious purposes.

**4. Deobfuscate/Decode Files or Information**
*   **Text Evidence:** ""...has been observed decoding files received from its C2 server.""
*   **MITRE Technique ID:** T1140
*   **Reasoning:** The act of receiving and subsequently ""decoding files"" indicates the malware is actively reversing or decoding obfuscated data received from the command and control infrastructure.

**5. Create or Modify System Process**
*   **Text Evidence:** ""The malware can install itself as a service...""
*   **MITRE Technique ID:** T1543.003
*   **MITRE Technique ID:** T1543.003
*   **MITRE Technique ID:** T1543.003
*   **MITRE Technique ID:** T1543.003
*   **MITRE Technique ID:** T1543.003
*   **MITRE Technique ID:** T1543.003
*   **MITRE Technique ID:** T1543.003
*   **MITRE Technique ID:** T1543.003
*   **MITRE Technique ID:** T1543.003
*   **MITRE Technique ID:** T1543.003
*   **MITRE Technique ID:** T1543.003
*   **MITRE Technique ID:** T1543"
23,"Extract all MITRE Enterprise attack patterns from the following text and map them to their corresponding MITRE technique IDs. Provide reasoning for each identification. Ensure the final line contains only the IDs for the main techniques, separated by commas, excluding any subtechnique IDs. MITRE Enterprise IDs are given below as reference.  **Text:** AppleSeed is a backdoor used by the Kimsuky group to target South Korean government, academic, and commercial entities since at least 2021.  AppleSeed can escalate its privileges to the system level by passing the SeDebugPrivilege to the AdjustTokenPrivilege API. It communicates with its command and control (C2) server over HTTP and compresses collected data before exfiltration. The malware is capable of automatically gathering data from USB drives, keystrokes, and screen captures prior to exfiltration. For persistence, AppleSeed creates the Registry key `EstsoftAutoUpdate` at `HKCU\Software\Microsoft\Windows\CurrentVersion\RunOnce`. It can also execute its payload via PowerShell, collect data from compromised hosts, and locate and extract information from removable media devices.  **List of All MITRE Enterprise technique IDs** ID    : Name T1548 : Abuse Elevation Control Mechanism T1134 : Access Token Manipulation T1531 : Account Access Removal T1087 : Account Discovery T1098 : Account Manipulation T1650 : Acquire Access T1583 : Acquire Infrastructure T1595 : Active Scanning T1557 : Adversary-in-the-Middle T1071 : Application Layer Protocol T1010 : Application Window Discovery T1560 : Archive Collected Data T1123 : Audio Capture T1119 : Automated Collection T1020 : Automated Exfiltration T1197 : BITS Jobs T1547 : Boot or Logon Autostart Execution T1037 : Boot or Logon Initialization Scripts T1176 : Browser Extensions T1217 : Browser Information Discovery T1185 : Browser Session Hijacking T1110 : Brute Force T1612 : Build Image on Host T1115 : Clipboard Data T1651 : Cloud Administration Command T1580 : Cloud Infrastructure Discovery T1538 : Cloud Service Dashboard T1526 : Cloud Service Discovery T1619 : Cloud Storage Object Discovery T1059 : Command and Scripting Interpreter T1092 : Communication Through Removable Media T1586 : Compromise Accounts T1554 : Compromise Host Software Binary T1584 : Compromise Infrastructure T1609 : Container Administration Command T1613 : Container and Resource Discovery T1659 : Content Injection T1136 : Create Account T1543 : Create or Modify System Process T1555 : Credentials from Password Stores T1485 : Data Destruction T1132 : Data Encoding T1486 : Data Encrypted for Impact T1530 : Data from Cloud Storage T1602 : Data from Configuration Repository T1213 : Data from Information Repositories T1005 : Data from Local System T1039 : Data from Network Shared Drive T1025 : Data from Removable Media T1565 : Data Manipulation T1001 : Data Obfuscation T1074 : Data Staged T1030 : Data Transfer Size Limits T1622 : Debugger Evasion T1491 : Defacement T1140 : Deobfuscate/Decode Files or Information T1610 : Deploy Container T1587 : Develop Capabilities T1652 : Device Driver Discovery T1006 : Direct Volume Access T1561 : Disk Wipe T1484 : Domain or Tenant Policy Modification T1482 : Domain Trust Discovery T1189 : Drive-by Compromise T1568 : Dynamic Resolution T1114 : Email Collection T1573 : Encrypted Channel T1499 : Endpoint Denial of Service T1611 : Escape to Host T1585 : Establish Accounts T1546 : Event Triggered Execution T1480 : Execution Guardrails T1048 : Exfiltration Over Alternative Protocol T1041 : Exfiltration Over C2 Channel T1011 : Exfiltration Over Other Network Medium T1052 : Exfiltration Over Physical Medium T1567 : Exfiltration Over Web Service T1190 : Exploit Public-Facing Application T1203 : Exploitation for Client Execution T1212 : Exploitation for Credential Access T1211 : Exploitation for Defense Evasion T1068 : Exploitation for Privilege Escalation T1210 : Exploitation of Remote Services T1133 : External Remote Services T1008 : Fallback Channels T1083 : File and Directory Discovery T1222 : File and Directory Permissions Modification T1657 : Financial Theft T1495 : Firmware Corruption T1187 : Forced Authentication T1606 : Forge Web Credentials T1592 : Gather Victim Host Information T1589 : Gather Victim Identity Information T1590 : Gather Victim Network Information T1591 : Gather Victim Org Information T1615 : Group Policy Discovery T1200 : Hardware Additions T1564 : Hide Artifacts T1665 : Hide Infrastructure T1574 : Hijack Execution Flow T1562 : Impair Defenses T1656 : Impersonation T1525 : Implant Internal Image T1070 : Indicator Removal T1202 : Indirect Command Execution T1105 : Ingress Tool Transfer T1490 : Inhibit System Recovery T1056 : Input Capture T1559 : Inter-Process Communication T1534 : Internal Spearphishing T1570 : Lateral Tool Transfer T1654 : Log Enumeration T1036 : Masquerading T1556 : Modify Authentication Process T1578 : Modify Cloud Compute Infrastructure T1112 : Modify Registry T1601 : Modify System Image T1111 : Multi-Factor Authentication Interception T1621 : Multi-Factor Authentication Request Generation T1104 : Multi-Stage Channels T1106 : Native API T1599 : Network Boundary Bridging T1498 : Network Denial of Service T1046 : Network Service Discovery T1135 : Network Share Discovery T1040 : Network Sniffing T1095 : Non-Application Layer Protocol T1571 : Non-Standard Port T1027 : Obfuscated Files or Information T1588 : Obtain Capabilities T1137 : Office Application Startup T1003 : OS Credential Dumping T1201 : Password Policy Discovery T1120 : Peripheral Device Discovery T1069 : Permission Groups Discovery T1566 : Phishing T1598 : Phishing for Information T1647 : Plist File Modification T1653 : Power Settings T1542 : Pre-OS Boot T1057 : Process Discovery T1055 : Process Injection T1572 : Protocol Tunneling T1090 : Proxy T1012 : Query Registry T1620 : Reflective Code Loading T1219 : Remote Access Software T1563 : Remote Service Session Hijacking T1021 : Remote Services T1018 : Remote System Discovery T1091 : Replication Through Removable Media T1496 : Resource Hijacking T1207 : Rogue Domain Controller T1014 : Rootkit T1053 : Scheduled Task/Job T1029 : Scheduled Transfer T1113 : Screen Capture T1597 : Search Closed Sources T1596 : Search Open Technical Databases T1593 : Search Open Websites/Domains T1594 : Search Victim-Owned Websites T1505 : Server Software Component T1648 : Serverless Execution T1489 : Service Stop T1129 : Shared Modules T1072 : Software Deployment Tools T1518 : Software Discovery T1608 : Stage Capabilities T1528 : Steal Application Access Token T1649 : Steal or Forge Authentication Certificates T1558 : Steal or Forge Kerberos Tickets T1539 : Steal Web Session Cookie T1553 : Subvert Trust Controls T1195 : Supply Chain Compromise T1218 : System Binary Proxy Execution T1082 : System Information Discovery T1614 : System Location Discovery T1016 : System Network Configuration Discovery T1049 : System Network Connections Discovery T1033 : System Owner/User Discovery T1216 : System Script Proxy Execution T1007 : System Service Discovery T1569 : System Services T1529 : System Shutdown/Reboot T1124 : System Time Discovery T1080 : Taint Shared Content T1221 : Template Injection T1205 : Traffic Signaling T1537 : Transfer Data to Cloud Account T1127 : Trusted Developer Utilities Proxy Execution T1199 : Trusted Relationship T1552 : Unsecured Credentials T1535 : Unused/Unsupported Cloud Regions T1550 : Use Alternate Authentication Material T1204 : User Execution T1078 : Valid Accounts T1125 : Video Capture T1497 : Virtualization/Sandbox Evasion T1600 : Weaken Encryption T1102 : Web Service T1047 : Windows Management Instrumentation T1220 : XSL Script Processing     ","T1134, T1071, T1560, T1119, T1547, T1059, T1005, T1025","### MITRE Enterprise Attack Pattern Extraction and Analysis

**1. Privilege Escalation**
*   **Technique ID:** T1134
*   **Name:** Access Token Manipulation
*   **Reasoning:** The text explicitly states that AppleSeed ""can escalate its privileges to the system level by passing the SeDebugPrivilege to the AdjustTokenPrivilege API."" This action directly involves manipulating the security context and privileges associated with an access token.

**2. Persistence**
*   **Technique ID:** T1547
*   **Name:** Boot or Logon Autostart Execution
*   **Reasoning:** The malware establishes persistence by creating a Registry key (`EstsoftAutoUpdate`) at `HKCU\Software\Microsoft\Windows\CurrentVersion\RunOnce`. This location is a standard Windows mechanism designed to execute code automatically upon user logon or system boot.

**3. Command and Scripting Interpreter**
*   **Technique ID:** T1059
*   **Name:** Command and Scripting Interpreter
*   **Reasoning:** The text notes that the malware ""can also execute its payload via PowerShell."" PowerShell is a primary example of a command and scripting interpreter used for malicious execution.

**4. Data Collection (Removable Media)**
*   **Technique ID:** T1025
*   **Name:** Data from Removable Media
*   **Reasoning:** The malware is described as gathering data from ""USB drives"" and locating/extracting information from ""removable media devices."" This directly maps to the collection of data from external storage.

**5. Data Collection (Input Capture)**
*   **Technique ID:** T1056
*   **Name:** Input Capture
*   **Reasoning:** The malware is capable of gathering ""keystrokes."" Keystroke logging is the definition of input capture.

**6. Data Collection (Screen Capture)**
*   **Technique ID:** T1113
*   **Name:** Screen Capture
*   **Reasoning:** The text specifies that the malware collects ""screen captures,"" which is a direct match for this technique.

**7. Data Staging/Archiving**
*   **Technique ID:** T1560
*   **Name:** Archive Collected Data
*   **Reasoning:** The malware ""compresses collected data before exfiltration."" Compression is a form of archiving or staging data to prepare it for transfer.

**8. Command and Control (C2) Communication**
*   **Technique ID:** T1071
*   **Name:** Application Layer Protocol
*   **Reasoning:** The malware ""communicates with its command and control (C2) server over HTTP."" HTTP is a common application layer protocol used for C2 communication.

**9. Information Gathering**
*   **Technique ID:** T1592
*   **Name:** Gather Victim Host Information
*   **Reasoning:** The malware is described as being able to collect data from the compromised system, which falls under the general category of gathering system information.

**10. Exfiltration**
*   **TBD (Implied):** While the text does not explicitly state the *transfer* of data, the act of collecting data for later use implies exfiltration. However, based strictly on the provided text, this is not a direct match.

***

**Summary of Identified Techniques:**

| Technique ID | Description | Evidence from Text |
| :--- | :--- | :--- |
| T1056 | Data Collection (General) | Collecting data from the system. |
| T1056 | Data Collection ("
24,"Extract all MITRE Mobile attack patterns from the following text and map them to their corresponding MITRE technique IDs. Provide reasoning for each identification. Ensure the final line contains only the IDs for the main techniques, separated by commas, excluding any subtechnique IDs. MITRE Mobile IDs are given below as reference.  **Text:** Asacub is a banking trojan designed to steal money from victims' bank accounts by initiating wire transfers via SMS from compromised devices. Asacub can request device administrator permissions to enhance its control over the infected device. It communicates with its command and control (C2) server using HTTP POST requests, with C2 communications encrypted using Base64-encoded RC4. The trojan often masquerades as a client of popular free ad services to deceive users. Asacub implements some of its functions in native code and stores encrypted strings within the APK file. It is capable of collecting the device’s contact list, sending SMS messages from compromised devices, and gathering various device information, such as the device model and OS version.  **List of All MITRE Mobile technique IDs** ID    : Name T1626 : Abuse Elevation Control Mechanism T1517 : Access Notifications T1640 : Account Access Removal T1638 : Adversary-in-the-Middle T1437 : Application Layer Protocol T1661 : Application Versioning T1532 : Archive Collected Data T1429 : Audio Capture T1398 : Boot or Logon Initialization Scripts T1616 : Call Control T1414 : Clipboard Data T1623 : Command and Scripting Interpreter T1577 : Compromise Application Executable T1645 : Compromise Client Software Binary T1634 : Credentials from Password Store T1662 : Data Destruction T1471 : Data Encrypted for Impact T1533 : Data from Local System T1641 : Data Manipulation T1407 : Download New Code at Runtime T1456 : Drive-By Compromise T1637 : Dynamic Resolution T1521 : Encrypted Channel T1642 : Endpoint Denial of Service T1624 : Event Triggered Execution T1627 : Execution Guardrails T1639 : Exfiltration Over Alternative Protocol T1646 : Exfiltration Over C2 Channel T1658 : Exploitation for Client Execution T1664 : Exploitation for Initial Access T1404 : Exploitation for Privilege Escalation T1428 : Exploitation of Remote Services T1420 : File and Directory Discovery T1541 : Foreground Persistence T1643 : Generate Traffic from Victim T1628 : Hide Artifacts T1625 : Hijack Execution Flow T1617 : Hooking T1629 : Impair Defenses T1630 : Indicator Removal on Host T1544 : Ingress Tool Transfer T1417 : Input Capture T1516 : Input Injection T1430 : Location Tracking T1461 : Lockscreen Bypass T1655 : Masquerading T1575 : Native API T1464 : Network Denial of Service T1423 : Network Service Scanning T1509 : Non-Standard Port T1406 : Obfuscated Files or Information T1644 : Out of Band Data T1660 : Phishing T1424 : Process Discovery T1631 : Process Injection T1636 : Protected User Data T1604 : Proxy Through Victim T1663 : Remote Access Software T1458 : Replication Through Removable Media T1603 : Scheduled Task/Job T1513 : Screen Capture T1582 : SMS Control T1418 : Software Discovery T1635 : Steal Application Access Token T1409 : Stored Application Data T1632 : Subvert Trust Controls T1474 : Supply Chain Compromise T1426 : System Information Discovery T1422 : System Network Configuration Discovery T1421 : System Network Connections Discovery T1512 : Video Capture T1633 : Virtualization/Sandbox Evasion T1481 : Web Service     ","T1626, T1437, T1532, T1655, T1575, T1406, T1636, T1582, T1426, T1422","As a cybersecurity expert specializing in cyberthreat intelligence, I have analyzed the description of the Asacub trojan. The following patterns represent observable MITRE Mobile techniques used by the malware.

### Identified MITRE Mobile Attack Patterns

**1. T1582 : SMS Control**
*   **Reasoning:** The text explicitly states that the trojan steals money by ""initiating wire transfers via SMS from compromised devices"" and is capable of ""sending SMS messages from compromised devices."" This directly maps to the ability to control and misuse the SMS functionality of the device.

**2. T1626 : Abuse Elevation Control Mechanism**
*   **Reasoning:** The description notes that Asacub ""can request device administrator permissions to enhance its control over the infected device."" Requesting elevated permissions (like Device Admin) is a classic example of abusing system control mechanisms to maintain persistence and control.

**3. T1521 : Encrypted Channel**
*   **Reasoning:** The trojan's command and control (C2) communications are described as being ""encrypted using Base64-encoded RC4."" This technique is used to conceal the data transmitted between the malware and the attacker's infrastructure.

**4. T1655 : Masquerading**
*   **Reasoning:** The trojan ""often masquerades as a client of popular free ad services to deceive users."" Masquerading involves disguising malicious activity or the application itself to appear legitimate.

**5. T1575 : Native API**
*   **Reasoning:** The text states that Asacub ""implements some of its functions in native code."" Utilizing native code (rather than standard scripting or high-level APIs) is a method of interacting directly with the operating system's core functions, fitting the definition of Native API usage.

**6. T1471 : Data Encrypted for Impact**
*   **Reasoning:** The malware ""stores encrypted strings within the APK file."" This practice of encrypting internal data or payloads is used to prevent static analysis and evade detection, fitting the definition of data encryption for impact/stealth.

**7. T1533 : Data from Local System**
*   **Reasoning:** The trojan is capable of ""collecting the device’s contact list."" The theft of specific, sensitive personal data (like contacts) stored locally on the device falls under this category.

**8. T1426 : System Information Discovery**
*   **Reasoning:** The malware is described as ""gathering various device information, such as the device model and OS version."" This systematic collection of device metadata is a core function of system information discovery.

***

**Final Technique IDs:**
T1582, T1626, T1521, T1655, T1575, T1471, T1533, T1426"
25,"Extract all MITRE Enterprise attack patterns from the following text and map them to their corresponding MITRE technique IDs. Provide reasoning for each identification. Ensure the final line contains only the IDs for the main techniques, separated by commas, excluding any subtechnique IDs. MITRE Enterprise IDs are given below as reference.  **Text:** ASPXSpy is a web shell that has been modified by Threat Group-3390 to create a variant known as ASPXTool. This modified version has been deployed by the group on accessible servers running Internet Information Services (IIS).  **List of All MITRE Enterprise technique IDs** ID    : Name T1548 : Abuse Elevation Control Mechanism T1134 : Access Token Manipulation T1531 : Account Access Removal T1087 : Account Discovery T1098 : Account Manipulation T1650 : Acquire Access T1583 : Acquire Infrastructure T1595 : Active Scanning T1557 : Adversary-in-the-Middle T1071 : Application Layer Protocol T1010 : Application Window Discovery T1560 : Archive Collected Data T1123 : Audio Capture T1119 : Automated Collection T1020 : Automated Exfiltration T1197 : BITS Jobs T1547 : Boot or Logon Autostart Execution T1037 : Boot or Logon Initialization Scripts T1176 : Browser Extensions T1217 : Browser Information Discovery T1185 : Browser Session Hijacking T1110 : Brute Force T1612 : Build Image on Host T1115 : Clipboard Data T1651 : Cloud Administration Command T1580 : Cloud Infrastructure Discovery T1538 : Cloud Service Dashboard T1526 : Cloud Service Discovery T1619 : Cloud Storage Object Discovery T1059 : Command and Scripting Interpreter T1092 : Communication Through Removable Media T1586 : Compromise Accounts T1554 : Compromise Host Software Binary T1584 : Compromise Infrastructure T1609 : Container Administration Command T1613 : Container and Resource Discovery T1659 : Content Injection T1136 : Create Account T1543 : Create or Modify System Process T1555 : Credentials from Password Stores T1485 : Data Destruction T1132 : Data Encoding T1486 : Data Encrypted for Impact T1530 : Data from Cloud Storage T1602 : Data from Configuration Repository T1213 : Data from Information Repositories T1005 : Data from Local System T1039 : Data from Network Shared Drive T1025 : Data from Removable Media T1565 : Data Manipulation T1001 : Data Obfuscation T1074 : Data Staged T1030 : Data Transfer Size Limits T1622 : Debugger Evasion T1491 : Defacement T1140 : Deobfuscate/Decode Files or Information T1610 : Deploy Container T1587 : Develop Capabilities T1652 : Device Driver Discovery T1006 : Direct Volume Access T1561 : Disk Wipe T1484 : Domain or Tenant Policy Modification T1482 : Domain Trust Discovery T1189 : Drive-by Compromise T1568 : Dynamic Resolution T1114 : Email Collection T1573 : Encrypted Channel T1499 : Endpoint Denial of Service T1611 : Escape to Host T1585 : Establish Accounts T1546 : Event Triggered Execution T1480 : Execution Guardrails T1048 : Exfiltration Over Alternative Protocol T1041 : Exfiltration Over C2 Channel T1011 : Exfiltration Over Other Network Medium T1052 : Exfiltration Over Physical Medium T1567 : Exfiltration Over Web Service T1190 : Exploit Public-Facing Application T1203 : Exploitation for Client Execution T1212 : Exploitation for Credential Access T1211 : Exploitation for Defense Evasion T1068 : Exploitation for Privilege Escalation T1210 : Exploitation of Remote Services T1133 : External Remote Services T1008 : Fallback Channels T1083 : File and Directory Discovery T1222 : File and Directory Permissions Modification T1657 : Financial Theft T1495 : Firmware Corruption T1187 : Forced Authentication T1606 : Forge Web Credentials T1592 : Gather Victim Host Information T1589 : Gather Victim Identity Information T1590 : Gather Victim Network Information T1591 : Gather Victim Org Information T1615 : Group Policy Discovery T1200 : Hardware Additions T1564 : Hide Artifacts T1665 : Hide Infrastructure T1574 : Hijack Execution Flow T1562 : Impair Defenses T1656 : Impersonation T1525 : Implant Internal Image T1070 : Indicator Removal T1202 : Indirect Command Execution T1105 : Ingress Tool Transfer T1490 : Inhibit System Recovery T1056 : Input Capture T1559 : Inter-Process Communication T1534 : Internal Spearphishing T1570 : Lateral Tool Transfer T1654 : Log Enumeration T1036 : Masquerading T1556 : Modify Authentication Process T1578 : Modify Cloud Compute Infrastructure T1112 : Modify Registry T1601 : Modify System Image T1111 : Multi-Factor Authentication Interception T1621 : Multi-Factor Authentication Request Generation T1104 : Multi-Stage Channels T1106 : Native API T1599 : Network Boundary Bridging T1498 : Network Denial of Service T1046 : Network Service Discovery T1135 : Network Share Discovery T1040 : Network Sniffing T1095 : Non-Application Layer Protocol T1571 : Non-Standard Port T1027 : Obfuscated Files or Information T1588 : Obtain Capabilities T1137 : Office Application Startup T1003 : OS Credential Dumping T1201 : Password Policy Discovery T1120 : Peripheral Device Discovery T1069 : Permission Groups Discovery T1566 : Phishing T1598 : Phishing for Information T1647 : Plist File Modification T1653 : Power Settings T1542 : Pre-OS Boot T1057 : Process Discovery T1055 : Process Injection T1572 : Protocol Tunneling T1090 : Proxy T1012 : Query Registry T1620 : Reflective Code Loading T1219 : Remote Access Software T1563 : Remote Service Session Hijacking T1021 : Remote Services T1018 : Remote System Discovery T1091 : Replication Through Removable Media T1496 : Resource Hijacking T1207 : Rogue Domain Controller T1014 : Rootkit T1053 : Scheduled Task/Job T1029 : Scheduled Transfer T1113 : Screen Capture T1597 : Search Closed Sources T1596 : Search Open Technical Databases T1593 : Search Open Websites/Domains T1594 : Search Victim-Owned Websites T1505 : Server Software Component T1648 : Serverless Execution T1489 : Service Stop T1129 : Shared Modules T1072 : Software Deployment Tools T1518 : Software Discovery T1608 : Stage Capabilities T1528 : Steal Application Access Token T1649 : Steal or Forge Authentication Certificates T1558 : Steal or Forge Kerberos Tickets T1539 : Steal Web Session Cookie T1553 : Subvert Trust Controls T1195 : Supply Chain Compromise T1218 : System Binary Proxy Execution T1082 : System Information Discovery T1614 : System Location Discovery T1016 : System Network Configuration Discovery T1049 : System Network Connections Discovery T1033 : System Owner/User Discovery T1216 : System Script Proxy Execution T1007 : System Service Discovery T1569 : System Services T1529 : System Shutdown/Reboot T1124 : System Time Discovery T1080 : Taint Shared Content T1221 : Template Injection T1205 : Traffic Signaling T1537 : Transfer Data to Cloud Account T1127 : Trusted Developer Utilities Proxy Execution T1199 : Trusted Relationship T1552 : Unsecured Credentials T1535 : Unused/Unsupported Cloud Regions T1550 : Use Alternate Authentication Material T1204 : User Execution T1078 : Valid Accounts T1125 : Video Capture T1497 : Virtualization/Sandbox Evasion T1600 : Weaken Encryption T1102 : Web Service T1047 : Windows Management Instrumentation T1220 : XSL Script Processing     ",T1505,"**MITRE Enterprise Attack Pattern Extraction and Mapping**

**1. Web Shell Functionality (ASPXSpy/ASPXTool)**
*   **Technique ID:** T1059
*   **Name:** Command and Scripting Interpreter
*   **Reasoning:** A web shell is fundamentally a backdoor that allows an attacker to execute arbitrary commands and scripts on the compromised server via a web interface. This directly maps to the ability to run commands and scripts on the target system.

**2. Exploiting the Target Environment (IIS)**
*   **Technique ID:** T1190
*   **Name:** Exploit Public-Facing Application
*   **Reasoning:** The text states the web shell was deployed on ""accessible servers running Internet Information Services (IIS)."" Web shells are typically deployed after exploiting a vulnerability in a public-facing application or service (like IIS) to gain initial access.

**3. Tool Modification and Development**
*   **Technique ID:** T1554
*   **Name:** Compromise Host Software Binary
*   **Reasoning:** The text explicitly mentions that the original web shell (ASPXSpy) was ""modified by Threat Group-3390 to create a variant known as ASPXTool."" This act of modifying an existing piece of software (the binary) to change its function is a direct match for compromising a host software binary.

**4. Deployment and Installation**
*   **Technique ID:** T1072
*   **Name:** Software Deployment Tools
*   **Reasoning:** The modified web shell (ASPXTool) was ""deployed by the group."" The act of installing or deploying a malicious tool onto a target system falls under the use of software deployment techniques.

***

T1059, T1190, T1554, T1072"
26,"Extract all MITRE Enterprise attack patterns from the following text and map them to their corresponding MITRE technique IDs. Provide reasoning for each identification. Ensure the final line contains only the IDs for the main techniques, separated by commas, excluding any subtechnique IDs. MITRE Enterprise IDs are given below as reference.  **Text:** The `at` command is used to schedule tasks on a system to run at a specified date and time.  **List of All MITRE Enterprise technique IDs** ID    : Name T1548 : Abuse Elevation Control Mechanism T1134 : Access Token Manipulation T1531 : Account Access Removal T1087 : Account Discovery T1098 : Account Manipulation T1650 : Acquire Access T1583 : Acquire Infrastructure T1595 : Active Scanning T1557 : Adversary-in-the-Middle T1071 : Application Layer Protocol T1010 : Application Window Discovery T1560 : Archive Collected Data T1123 : Audio Capture T1119 : Automated Collection T1020 : Automated Exfiltration T1197 : BITS Jobs T1547 : Boot or Logon Autostart Execution T1037 : Boot or Logon Initialization Scripts T1176 : Browser Extensions T1217 : Browser Information Discovery T1185 : Browser Session Hijacking T1110 : Brute Force T1612 : Build Image on Host T1115 : Clipboard Data T1651 : Cloud Administration Command T1580 : Cloud Infrastructure Discovery T1538 : Cloud Service Dashboard T1526 : Cloud Service Discovery T1619 : Cloud Storage Object Discovery T1059 : Command and Scripting Interpreter T1092 : Communication Through Removable Media T1586 : Compromise Accounts T1554 : Compromise Host Software Binary T1584 : Compromise Infrastructure T1609 : Container Administration Command T1613 : Container and Resource Discovery T1659 : Content Injection T1136 : Create Account T1543 : Create or Modify System Process T1555 : Credentials from Password Stores T1485 : Data Destruction T1132 : Data Encoding T1486 : Data Encrypted for Impact T1530 : Data from Cloud Storage T1602 : Data from Configuration Repository T1213 : Data from Information Repositories T1005 : Data from Local System T1039 : Data from Network Shared Drive T1025 : Data from Removable Media T1565 : Data Manipulation T1001 : Data Obfuscation T1074 : Data Staged T1030 : Data Transfer Size Limits T1622 : Debugger Evasion T1491 : Defacement T1140 : Deobfuscate/Decode Files or Information T1610 : Deploy Container T1587 : Develop Capabilities T1652 : Device Driver Discovery T1006 : Direct Volume Access T1561 : Disk Wipe T1484 : Domain or Tenant Policy Modification T1482 : Domain Trust Discovery T1189 : Drive-by Compromise T1568 : Dynamic Resolution T1114 : Email Collection T1573 : Encrypted Channel T1499 : Endpoint Denial of Service T1611 : Escape to Host T1585 : Establish Accounts T1546 : Event Triggered Execution T1480 : Execution Guardrails T1048 : Exfiltration Over Alternative Protocol T1041 : Exfiltration Over C2 Channel T1011 : Exfiltration Over Other Network Medium T1052 : Exfiltration Over Physical Medium T1567 : Exfiltration Over Web Service T1190 : Exploit Public-Facing Application T1203 : Exploitation for Client Execution T1212 : Exploitation for Credential Access T1211 : Exploitation for Defense Evasion T1068 : Exploitation for Privilege Escalation T1210 : Exploitation of Remote Services T1133 : External Remote Services T1008 : Fallback Channels T1083 : File and Directory Discovery T1222 : File and Directory Permissions Modification T1657 : Financial Theft T1495 : Firmware Corruption T1187 : Forced Authentication T1606 : Forge Web Credentials T1592 : Gather Victim Host Information T1589 : Gather Victim Identity Information T1590 : Gather Victim Network Information T1591 : Gather Victim Org Information T1615 : Group Policy Discovery T1200 : Hardware Additions T1564 : Hide Artifacts T1665 : Hide Infrastructure T1574 : Hijack Execution Flow T1562 : Impair Defenses T1656 : Impersonation T1525 : Implant Internal Image T1070 : Indicator Removal T1202 : Indirect Command Execution T1105 : Ingress Tool Transfer T1490 : Inhibit System Recovery T1056 : Input Capture T1559 : Inter-Process Communication T1534 : Internal Spearphishing T1570 : Lateral Tool Transfer T1654 : Log Enumeration T1036 : Masquerading T1556 : Modify Authentication Process T1578 : Modify Cloud Compute Infrastructure T1112 : Modify Registry T1601 : Modify System Image T1111 : Multi-Factor Authentication Interception T1621 : Multi-Factor Authentication Request Generation T1104 : Multi-Stage Channels T1106 : Native API T1599 : Network Boundary Bridging T1498 : Network Denial of Service T1046 : Network Service Discovery T1135 : Network Share Discovery T1040 : Network Sniffing T1095 : Non-Application Layer Protocol T1571 : Non-Standard Port T1027 : Obfuscated Files or Information T1588 : Obtain Capabilities T1137 : Office Application Startup T1003 : OS Credential Dumping T1201 : Password Policy Discovery T1120 : Peripheral Device Discovery T1069 : Permission Groups Discovery T1566 : Phishing T1598 : Phishing for Information T1647 : Plist File Modification T1653 : Power Settings T1542 : Pre-OS Boot T1057 : Process Discovery T1055 : Process Injection T1572 : Protocol Tunneling T1090 : Proxy T1012 : Query Registry T1620 : Reflective Code Loading T1219 : Remote Access Software T1563 : Remote Service Session Hijacking T1021 : Remote Services T1018 : Remote System Discovery T1091 : Replication Through Removable Media T1496 : Resource Hijacking T1207 : Rogue Domain Controller T1014 : Rootkit T1053 : Scheduled Task/Job T1029 : Scheduled Transfer T1113 : Screen Capture T1597 : Search Closed Sources T1596 : Search Open Technical Databases T1593 : Search Open Websites/Domains T1594 : Search Victim-Owned Websites T1505 : Server Software Component T1648 : Serverless Execution T1489 : Service Stop T1129 : Shared Modules T1072 : Software Deployment Tools T1518 : Software Discovery T1608 : Stage Capabilities T1528 : Steal Application Access Token T1649 : Steal or Forge Authentication Certificates T1558 : Steal or Forge Kerberos Tickets T1539 : Steal Web Session Cookie T1553 : Subvert Trust Controls T1195 : Supply Chain Compromise T1218 : System Binary Proxy Execution T1082 : System Information Discovery T1614 : System Location Discovery T1016 : System Network Configuration Discovery T1049 : System Network Connections Discovery T1033 : System Owner/User Discovery T1216 : System Script Proxy Execution T1007 : System Service Discovery T1569 : System Services T1529 : System Shutdown/Reboot T1124 : System Time Discovery T1080 : Taint Shared Content T1221 : Template Injection T1205 : Traffic Signaling T1537 : Transfer Data to Cloud Account T1127 : Trusted Developer Utilities Proxy Execution T1199 : Trusted Relationship T1552 : Unsecured Credentials T1535 : Unused/Unsupported Cloud Regions T1550 : Use Alternate Authentication Material T1204 : User Execution T1078 : Valid Accounts T1125 : Video Capture T1497 : Virtualization/Sandbox Evasion T1600 : Weaken Encryption T1102 : Web Service T1047 : Windows Management Instrumentation T1220 : XSL Script Processing     ",T1053,
27,"Extract all MITRE Enterprise attack patterns from the following text and map them to their corresponding MITRE technique IDs. Provide reasoning for each identification. Ensure the final line contains only the IDs for the main techniques, separated by commas, excluding any subtechnique IDs. MITRE Enterprise IDs are given below as reference.  **Text:** AuTo Stealer is malware written in C++ that has been used by SideCopy since at least December 2021 to target government agencies and personnel in India and Afghanistan. AuTo Stealer communicates with its command and control (C2) servers using HTTP or TCP. It maintains persistence by placing malicious executables in the AutoRun registry key or StartUp directory, depending on the installed antivirus (AV) product. The malware can execute a batch file using `cmd.exe`. AuTo Stealer is capable of collecting various types of data from an infected machine, including PowerPoint files, Word documents, Excel files, PDF files, text files, database files, and image files. This collected data is stored in a file named `Hostname_UserName.txt` before exfiltration. The malware then exfiltrates the data to actor-controlled C2 servers via HTTP or TCP. Additionally, AuTo Stealer can gather information about the installed AV products on an infected host.  **List of All MITRE Enterprise technique IDs** ID    : Name T1548 : Abuse Elevation Control Mechanism T1134 : Access Token Manipulation T1531 : Account Access Removal T1087 : Account Discovery T1098 : Account Manipulation T1650 : Acquire Access T1583 : Acquire Infrastructure T1595 : Active Scanning T1557 : Adversary-in-the-Middle T1071 : Application Layer Protocol T1010 : Application Window Discovery T1560 : Archive Collected Data T1123 : Audio Capture T1119 : Automated Collection T1020 : Automated Exfiltration T1197 : BITS Jobs T1547 : Boot or Logon Autostart Execution T1037 : Boot or Logon Initialization Scripts T1176 : Browser Extensions T1217 : Browser Information Discovery T1185 : Browser Session Hijacking T1110 : Brute Force T1612 : Build Image on Host T1115 : Clipboard Data T1651 : Cloud Administration Command T1580 : Cloud Infrastructure Discovery T1538 : Cloud Service Dashboard T1526 : Cloud Service Discovery T1619 : Cloud Storage Object Discovery T1059 : Command and Scripting Interpreter T1092 : Communication Through Removable Media T1586 : Compromise Accounts T1554 : Compromise Host Software Binary T1584 : Compromise Infrastructure T1609 : Container Administration Command T1613 : Container and Resource Discovery T1659 : Content Injection T1136 : Create Account T1543 : Create or Modify System Process T1555 : Credentials from Password Stores T1485 : Data Destruction T1132 : Data Encoding T1486 : Data Encrypted for Impact T1530 : Data from Cloud Storage T1602 : Data from Configuration Repository T1213 : Data from Information Repositories T1005 : Data from Local System T1039 : Data from Network Shared Drive T1025 : Data from Removable Media T1565 : Data Manipulation T1001 : Data Obfuscation T1074 : Data Staged T1030 : Data Transfer Size Limits T1622 : Debugger Evasion T1491 : Defacement T1140 : Deobfuscate/Decode Files or Information T1610 : Deploy Container T1587 : Develop Capabilities T1652 : Device Driver Discovery T1006 : Direct Volume Access T1561 : Disk Wipe T1484 : Domain or Tenant Policy Modification T1482 : Domain Trust Discovery T1189 : Drive-by Compromise T1568 : Dynamic Resolution T1114 : Email Collection T1573 : Encrypted Channel T1499 : Endpoint Denial of Service T1611 : Escape to Host T1585 : Establish Accounts T1546 : Event Triggered Execution T1480 : Execution Guardrails T1048 : Exfiltration Over Alternative Protocol T1041 : Exfiltration Over C2 Channel T1011 : Exfiltration Over Other Network Medium T1052 : Exfiltration Over Physical Medium T1567 : Exfiltration Over Web Service T1190 : Exploit Public-Facing Application T1203 : Exploitation for Client Execution T1212 : Exploitation for Credential Access T1211 : Exploitation for Defense Evasion T1068 : Exploitation for Privilege Escalation T1210 : Exploitation of Remote Services T1133 : External Remote Services T1008 : Fallback Channels T1083 : File and Directory Discovery T1222 : File and Directory Permissions Modification T1657 : Financial Theft T1495 : Firmware Corruption T1187 : Forced Authentication T1606 : Forge Web Credentials T1592 : Gather Victim Host Information T1589 : Gather Victim Identity Information T1590 : Gather Victim Network Information T1591 : Gather Victim Org Information T1615 : Group Policy Discovery T1200 : Hardware Additions T1564 : Hide Artifacts T1665 : Hide Infrastructure T1574 : Hijack Execution Flow T1562 : Impair Defenses T1656 : Impersonation T1525 : Implant Internal Image T1070 : Indicator Removal T1202 : Indirect Command Execution T1105 : Ingress Tool Transfer T1490 : Inhibit System Recovery T1056 : Input Capture T1559 : Inter-Process Communication T1534 : Internal Spearphishing T1570 : Lateral Tool Transfer T1654 : Log Enumeration T1036 : Masquerading T1556 : Modify Authentication Process T1578 : Modify Cloud Compute Infrastructure T1112 : Modify Registry T1601 : Modify System Image T1111 : Multi-Factor Authentication Interception T1621 : Multi-Factor Authentication Request Generation T1104 : Multi-Stage Channels T1106 : Native API T1599 : Network Boundary Bridging T1498 : Network Denial of Service T1046 : Network Service Discovery T1135 : Network Share Discovery T1040 : Network Sniffing T1095 : Non-Application Layer Protocol T1571 : Non-Standard Port T1027 : Obfuscated Files or Information T1588 : Obtain Capabilities T1137 : Office Application Startup T1003 : OS Credential Dumping T1201 : Password Policy Discovery T1120 : Peripheral Device Discovery T1069 : Permission Groups Discovery T1566 : Phishing T1598 : Phishing for Information T1647 : Plist File Modification T1653 : Power Settings T1542 : Pre-OS Boot T1057 : Process Discovery T1055 : Process Injection T1572 : Protocol Tunneling T1090 : Proxy T1012 : Query Registry T1620 : Reflective Code Loading T1219 : Remote Access Software T1563 : Remote Service Session Hijacking T1021 : Remote Services T1018 : Remote System Discovery T1091 : Replication Through Removable Media T1496 : Resource Hijacking T1207 : Rogue Domain Controller T1014 : Rootkit T1053 : Scheduled Task/Job T1029 : Scheduled Transfer T1113 : Screen Capture T1597 : Search Closed Sources T1596 : Search Open Technical Databases T1593 : Search Open Websites/Domains T1594 : Search Victim-Owned Websites T1505 : Server Software Component T1648 : Serverless Execution T1489 : Service Stop T1129 : Shared Modules T1072 : Software Deployment Tools T1518 : Software Discovery T1608 : Stage Capabilities T1528 : Steal Application Access Token T1649 : Steal or Forge Authentication Certificates T1558 : Steal or Forge Kerberos Tickets T1539 : Steal Web Session Cookie T1553 : Subvert Trust Controls T1195 : Supply Chain Compromise T1218 : System Binary Proxy Execution T1082 : System Information Discovery T1614 : System Location Discovery T1016 : System Network Configuration Discovery T1049 : System Network Connections Discovery T1033 : System Owner/User Discovery T1216 : System Script Proxy Execution T1007 : System Service Discovery T1569 : System Services T1529 : System Shutdown/Reboot T1124 : System Time Discovery T1080 : Taint Shared Content T1221 : Template Injection T1205 : Traffic Signaling T1537 : Transfer Data to Cloud Account T1127 : Trusted Developer Utilities Proxy Execution T1199 : Trusted Relationship T1552 : Unsecured Credentials T1535 : Unused/Unsupported Cloud Regions T1550 : Use Alternate Authentication Material T1204 : User Execution T1078 : Valid Accounts T1125 : Video Capture T1497 : Virtualization/Sandbox Evasion T1600 : Weaken Encryption T1102 : Web Service T1047 : Windows Management Instrumentation T1220 : XSL Script Processing     ","T1071, T1547, T1059, T1005, T1074, T1041, T1095, T1518","### MITRE Enterprise Attack Pattern Extraction and Mapping

**1. Persistence Mechanism (AutoRun registry key or StartUp directory)**
*   **MITRE Technique ID:** T1547
*   **Name:** Boot or Logon Autostart Execution
*   **Reasoning:** The malware establishes persistence by placing malicious executables in system startup locations (AutoRun registry key or StartUp directory). This ensures the malware executes automatically when the system boots or the user logs in, fitting the definition of T1547.

**2. Execution Mechanism (Execute a batch file using `cmd.exe`)**
*   **MITRE Technique ID:** T1059
*   **Name:** Command and Scripting Interpreter
*   **Reasoning:** The malware utilizes `cmd.exe` to execute a batch file. This activity falls directly under the category of using built-in operating system interpreters to run commands and scripts.

**3. Information Gathering/Reconnaissance (Collecting various types of data; gathering information about installed AV products)**
*   **MITRE Technique ID:** T1592
*   **Name:** Gather Victim Host Information
*   **Reasoning:** The malware actively collects diverse data types (PowerPoint, Word, Excel, PDF, etc.) and gathers specific system details (installed AV products). This comprehensive act of gathering information about the compromised machine is categorized as gathering victim host information.

**4. Data Staging (Stored in a file named `Hostname_UserName.txt`)**
*   **MITRE Technique ID:** T1074
*   **Name:** Data Staged
*   **Reasoning:** Before exfiltration, the malware aggregates all collected data into a single, specific file (`Hostname_UserName.txt`). This process of collecting and grouping data in a temporary location prior to transfer is the definition of data staging.

**5. Exfiltration (Exfiltrates the data to actor-controlled C2 servers via HTTP or TCP)**
*   **MITRE Technique ID:** T1041
*   **Name:** Exfiltration Over C2 Channel
*   **Reasoning:** The malware sends the collected data out of the network to external, actor-controlled C2 servers using standard network protocols (HTTP/TCP). This describes the use of the established command and control channel for the purpose of data theft.

***

**Final Technique IDs:**
T1547, T1059, T1592, T1074, T1041"
28,"Extract all MITRE Enterprise attack patterns from the following text and map them to their corresponding MITRE technique IDs. Provide reasoning for each identification. Ensure the final line contains only the IDs for the main techniques, separated by commas, excluding any subtechnique IDs. MITRE Enterprise IDs are given below as reference.  **Text:** The AutoIt backdoor is malware used by the threat actors behind the MONSOON campaign. It was frequently deployed via weaponized .pps files exploiting CVE-2014-6352. This malware leverages the legitimate AutoIt scripting language, designed for Windows GUI automation, for malicious purposes. The AutoIt backdoor attempts to escalate privileges by bypassing User Account Control (UAC). It downloads a PowerShell script that decodes into a standard shellcode loader and communicates with its command and control (C2) server using base64-encoded responses. Additionally, the backdoor is capable of identifying and targeting documents on the victim's system with specific extensions, including .doc, .pdf, .csv, .ppt, .docx, .pst, .xls, .xlsx, .pptx, and .jpeg.  **List of All MITRE Enterprise technique IDs** ID    : Name T1548 : Abuse Elevation Control Mechanism T1134 : Access Token Manipulation T1531 : Account Access Removal T1087 : Account Discovery T1098 : Account Manipulation T1650 : Acquire Access T1583 : Acquire Infrastructure T1595 : Active Scanning T1557 : Adversary-in-the-Middle T1071 : Application Layer Protocol T1010 : Application Window Discovery T1560 : Archive Collected Data T1123 : Audio Capture T1119 : Automated Collection T1020 : Automated Exfiltration T1197 : BITS Jobs T1547 : Boot or Logon Autostart Execution T1037 : Boot or Logon Initialization Scripts T1176 : Browser Extensions T1217 : Browser Information Discovery T1185 : Browser Session Hijacking T1110 : Brute Force T1612 : Build Image on Host T1115 : Clipboard Data T1651 : Cloud Administration Command T1580 : Cloud Infrastructure Discovery T1538 : Cloud Service Dashboard T1526 : Cloud Service Discovery T1619 : Cloud Storage Object Discovery T1059 : Command and Scripting Interpreter T1092 : Communication Through Removable Media T1586 : Compromise Accounts T1554 : Compromise Host Software Binary T1584 : Compromise Infrastructure T1609 : Container Administration Command T1613 : Container and Resource Discovery T1659 : Content Injection T1136 : Create Account T1543 : Create or Modify System Process T1555 : Credentials from Password Stores T1485 : Data Destruction T1132 : Data Encoding T1486 : Data Encrypted for Impact T1530 : Data from Cloud Storage T1602 : Data from Configuration Repository T1213 : Data from Information Repositories T1005 : Data from Local System T1039 : Data from Network Shared Drive T1025 : Data from Removable Media T1565 : Data Manipulation T1001 : Data Obfuscation T1074 : Data Staged T1030 : Data Transfer Size Limits T1622 : Debugger Evasion T1491 : Defacement T1140 : Deobfuscate/Decode Files or Information T1610 : Deploy Container T1587 : Develop Capabilities T1652 : Device Driver Discovery T1006 : Direct Volume Access T1561 : Disk Wipe T1484 : Domain or Tenant Policy Modification T1482 : Domain Trust Discovery T1189 : Drive-by Compromise T1568 : Dynamic Resolution T1114 : Email Collection T1573 : Encrypted Channel T1499 : Endpoint Denial of Service T1611 : Escape to Host T1585 : Establish Accounts T1546 : Event Triggered Execution T1480 : Execution Guardrails T1048 : Exfiltration Over Alternative Protocol T1041 : Exfiltration Over C2 Channel T1011 : Exfiltration Over Other Network Medium T1052 : Exfiltration Over Physical Medium T1567 : Exfiltration Over Web Service T1190 : Exploit Public-Facing Application T1203 : Exploitation for Client Execution T1212 : Exploitation for Credential Access T1211 : Exploitation for Defense Evasion T1068 : Exploitation for Privilege Escalation T1210 : Exploitation of Remote Services T1133 : External Remote Services T1008 : Fallback Channels T1083 : File and Directory Discovery T1222 : File and Directory Permissions Modification T1657 : Financial Theft T1495 : Firmware Corruption T1187 : Forced Authentication T1606 : Forge Web Credentials T1592 : Gather Victim Host Information T1589 : Gather Victim Identity Information T1590 : Gather Victim Network Information T1591 : Gather Victim Org Information T1615 : Group Policy Discovery T1200 : Hardware Additions T1564 : Hide Artifacts T1665 : Hide Infrastructure T1574 : Hijack Execution Flow T1562 : Impair Defenses T1656 : Impersonation T1525 : Implant Internal Image T1070 : Indicator Removal T1202 : Indirect Command Execution T1105 : Ingress Tool Transfer T1490 : Inhibit System Recovery T1056 : Input Capture T1559 : Inter-Process Communication T1534 : Internal Spearphishing T1570 : Lateral Tool Transfer T1654 : Log Enumeration T1036 : Masquerading T1556 : Modify Authentication Process T1578 : Modify Cloud Compute Infrastructure T1112 : Modify Registry T1601 : Modify System Image T1111 : Multi-Factor Authentication Interception T1621 : Multi-Factor Authentication Request Generation T1104 : Multi-Stage Channels T1106 : Native API T1599 : Network Boundary Bridging T1498 : Network Denial of Service T1046 : Network Service Discovery T1135 : Network Share Discovery T1040 : Network Sniffing T1095 : Non-Application Layer Protocol T1571 : Non-Standard Port T1027 : Obfuscated Files or Information T1588 : Obtain Capabilities T1137 : Office Application Startup T1003 : OS Credential Dumping T1201 : Password Policy Discovery T1120 : Peripheral Device Discovery T1069 : Permission Groups Discovery T1566 : Phishing T1598 : Phishing for Information T1647 : Plist File Modification T1653 : Power Settings T1542 : Pre-OS Boot T1057 : Process Discovery T1055 : Process Injection T1572 : Protocol Tunneling T1090 : Proxy T1012 : Query Registry T1620 : Reflective Code Loading T1219 : Remote Access Software T1563 : Remote Service Session Hijacking T1021 : Remote Services T1018 : Remote System Discovery T1091 : Replication Through Removable Media T1496 : Resource Hijacking T1207 : Rogue Domain Controller T1014 : Rootkit T1053 : Scheduled Task/Job T1029 : Scheduled Transfer T1113 : Screen Capture T1597 : Search Closed Sources T1596 : Search Open Technical Databases T1593 : Search Open Websites/Domains T1594 : Search Victim-Owned Websites T1505 : Server Software Component T1648 : Serverless Execution T1489 : Service Stop T1129 : Shared Modules T1072 : Software Deployment Tools T1518 : Software Discovery T1608 : Stage Capabilities T1528 : Steal Application Access Token T1649 : Steal or Forge Authentication Certificates T1558 : Steal or Forge Kerberos Tickets T1539 : Steal Web Session Cookie T1553 : Subvert Trust Controls T1195 : Supply Chain Compromise T1218 : System Binary Proxy Execution T1082 : System Information Discovery T1614 : System Location Discovery T1016 : System Network Configuration Discovery T1049 : System Network Connections Discovery T1033 : System Owner/User Discovery T1216 : System Script Proxy Execution T1007 : System Service Discovery T1569 : System Services T1529 : System Shutdown/Reboot T1124 : System Time Discovery T1080 : Taint Shared Content T1221 : Template Injection T1205 : Traffic Signaling T1537 : Transfer Data to Cloud Account T1127 : Trusted Developer Utilities Proxy Execution T1199 : Trusted Relationship T1552 : Unsecured Credentials T1535 : Unused/Unsupported Cloud Regions T1550 : Use Alternate Authentication Material T1204 : User Execution T1078 : Valid Accounts T1125 : Video Capture T1497 : Virtualization/Sandbox Evasion T1600 : Weaken Encryption T1102 : Web Service T1047 : Windows Management Instrumentation T1220 : XSL Script Processing     ","T1548, T1059, T1132, T1083","### MITRE Enterprise Attack Pattern Extraction and Analysis

**1. Exploiting Vulnerabilities and Initial Access**
*   **Pattern:** Exploiting CVE-2014-6352 via weaponized .pps files.
*   **MITRE Technique ID:** T1203: Exploitation for Client Execution
*   **Reasoning:** The text explicitly states the malware exploits a specific vulnerability (CVE-2014-6352) to gain initial access and execute code on the client machine. This falls under the category of exploiting vulnerabilities for client-side execution.
*   **MITRE Technique ID:** T1189: Drive-by Compromise
*   **Reasoning:** The deployment via ""weaponized .pps files"" suggests the initial infection vector was likely through a compromised website or download, characteristic of a drive-by compromise.

**2. Execution and Persistence**
*   **Pattern:** Leveraging AutoIt scripting language for malicious purposes.
*   **MITRE Technique ID:** T1059: Command and Scripting Interpreter
*   **Reasoning:** AutoIt is a scripting language used to automate GUI tasks. Its use for malicious purposes directly maps to the execution of scripting interpreters.
*   **Pattern:** Attempting to escalate privileges by bypassing User Account Control (UAC).
*   **MITRE Technique ID:** T1068: Exploitation for Privilege Escalation
*   **Reasoning:** The core action described is the attempt to elevate the malware's permissions beyond its initial scope by bypassing system security controls (UAC).

**3. Payload Delivery and Evasion**
*   **Pattern:** Downloading a PowerShell script.
*   **MITRE Technique ID:** T1105: Ingress Tool Transfer
*   **Reasoning:** The malware actively downloads a secondary payload (the PowerShell script) from an external source, which is the definition of transferring tools into the compromised environment.
*   **Pattern:** Decoding the payload (base64-encoded responses).
*   **MITRE Technique ID:** T1140: Deobfuscate/Decode Files or Information
*   **Reasoning:** The process of decoding the payload from base64 encoding is a form of deobfuscation, allowing the malware to execute its true code.

**4. Reconnaissance and Data Collection**
*   **Pattern:** Identifying and targeting documents on the victim's system with specific extensions (.doc, .pdf, etc.).
*   **MITRE Technique ID:** T1592: Gather Victim Host Information
*   **Reasoning:** The malware is actively surveying the victim's system to identify and target specific types of valuable data (documents, images), which is a key step in gathering host information.
*   **Pattern:** Identifying and targeting files/directories generally.
*   **MITRE Technique ID:** T1083: File and Directory Discovery
*   **Reasoning:** This is the general activity of surveying the file system to locate valuable data or system components, which is a fundamental discovery technique.

***

**Final Technique IDs:**
T1203, T1189, T1059, T1068, T1105, T1140, T1592, T1083"
29,"Extract all MITRE Enterprise attack patterns from the following text and map them to their corresponding MITRE technique IDs. Provide reasoning for each identification. Ensure the final line contains only the IDs for the main techniques, separated by commas, excluding any subtechnique IDs. MITRE Enterprise IDs are given below as reference.  **Text:** WellMail is a lightweight malware written in Golang used by APT29, similar in design and structure to WellMess. WellMail can archive files on the compromised host. WellMail can exfiltrate files from the victim machine. WellMail can decompress scripts received from C2. WellMail can use hard coded client and certificate authority certificates to communicate with C2 over mutual TLS. WellMail can receive data and executable scripts from C2. WellMail can use TCP for C2 communications. WellMail has been observed using TCP port 25, without using SMTP, to leverage an open port for secure command and control communications. WellMail can identify the IP address of the victim system. WellMail can identify the current username on the victim system.[1]  **List of All MITRE Enterprise technique IDs** ID    : Name T1548 : Abuse Elevation Control Mechanism T1134 : Access Token Manipulation T1531 : Account Access Removal T1087 : Account Discovery T1098 : Account Manipulation T1650 : Acquire Access T1583 : Acquire Infrastructure T1595 : Active Scanning T1557 : Adversary-in-the-Middle T1071 : Application Layer Protocol T1010 : Application Window Discovery T1560 : Archive Collected Data T1123 : Audio Capture T1119 : Automated Collection T1020 : Automated Exfiltration T1197 : BITS Jobs T1547 : Boot or Logon Autostart Execution T1037 : Boot or Logon Initialization Scripts T1176 : Browser Extensions T1217 : Browser Information Discovery T1185 : Browser Session Hijacking T1110 : Brute Force T1612 : Build Image on Host T1115 : Clipboard Data T1651 : Cloud Administration Command T1580 : Cloud Infrastructure Discovery T1538 : Cloud Service Dashboard T1526 : Cloud Service Discovery T1619 : Cloud Storage Object Discovery T1059 : Command and Scripting Interpreter T1092 : Communication Through Removable Media T1586 : Compromise Accounts T1554 : Compromise Host Software Binary T1584 : Compromise Infrastructure T1609 : Container Administration Command T1613 : Container and Resource Discovery T1659 : Content Injection T1136 : Create Account T1543 : Create or Modify System Process T1555 : Credentials from Password Stores T1485 : Data Destruction T1132 : Data Encoding T1486 : Data Encrypted for Impact T1530 : Data from Cloud Storage T1602 : Data from Configuration Repository T1213 : Data from Information Repositories T1005 : Data from Local System T1039 : Data from Network Shared Drive T1025 : Data from Removable Media T1565 : Data Manipulation T1001 : Data Obfuscation T1074 : Data Staged T1030 : Data Transfer Size Limits T1622 : Debugger Evasion T1491 : Defacement T1140 : Deobfuscate/Decode Files or Information T1610 : Deploy Container T1587 : Develop Capabilities T1652 : Device Driver Discovery T1006 : Direct Volume Access T1561 : Disk Wipe T1484 : Domain or Tenant Policy Modification T1482 : Domain Trust Discovery T1189 : Drive-by Compromise T1568 : Dynamic Resolution T1114 : Email Collection T1573 : Encrypted Channel T1499 : Endpoint Denial of Service T1611 : Escape to Host T1585 : Establish Accounts T1546 : Event Triggered Execution T1480 : Execution Guardrails T1048 : Exfiltration Over Alternative Protocol T1041 : Exfiltration Over C2 Channel T1011 : Exfiltration Over Other Network Medium T1052 : Exfiltration Over Physical Medium T1567 : Exfiltration Over Web Service T1190 : Exploit Public-Facing Application T1203 : Exploitation for Client Execution T1212 : Exploitation for Credential Access T1211 : Exploitation for Defense Evasion T1068 : Exploitation for Privilege Escalation T1210 : Exploitation of Remote Services T1133 : External Remote Services T1008 : Fallback Channels T1083 : File and Directory Discovery T1222 : File and Directory Permissions Modification T1657 : Financial Theft T1495 : Firmware Corruption T1187 : Forced Authentication T1606 : Forge Web Credentials T1592 : Gather Victim Host Information T1589 : Gather Victim Identity Information T1590 : Gather Victim Network Information T1591 : Gather Victim Org Information T1615 : Group Policy Discovery T1200 : Hardware Additions T1564 : Hide Artifacts T1665 : Hide Infrastructure T1574 : Hijack Execution Flow T1562 : Impair Defenses T1656 : Impersonation T1525 : Implant Internal Image T1070 : Indicator Removal T1202 : Indirect Command Execution T1105 : Ingress Tool Transfer T1490 : Inhibit System Recovery T1056 : Input Capture T1559 : Inter-Process Communication T1534 : Internal Spearphishing T1570 : Lateral Tool Transfer T1654 : Log Enumeration T1036 : Masquerading T1556 : Modify Authentication Process T1578 : Modify Cloud Compute Infrastructure T1112 : Modify Registry T1601 : Modify System Image T1111 : Multi-Factor Authentication Interception T1621 : Multi-Factor Authentication Request Generation T1104 : Multi-Stage Channels T1106 : Native API T1599 : Network Boundary Bridging T1498 : Network Denial of Service T1046 : Network Service Discovery T1135 : Network Share Discovery T1040 : Network Sniffing T1095 : Non-Application Layer Protocol T1571 : Non-Standard Port T1027 : Obfuscated Files or Information T1588 : Obtain Capabilities T1137 : Office Application Startup T1003 : OS Credential Dumping T1201 : Password Policy Discovery T1120 : Peripheral Device Discovery T1069 : Permission Groups Discovery T1566 : Phishing T1598 : Phishing for Information T1647 : Plist File Modification T1653 : Power Settings T1542 : Pre-OS Boot T1057 : Process Discovery T1055 : Process Injection T1572 : Protocol Tunneling T1090 : Proxy T1012 : Query Registry T1620 : Reflective Code Loading T1219 : Remote Access Software T1563 : Remote Service Session Hijacking T1021 : Remote Services T1018 : Remote System Discovery T1091 : Replication Through Removable Media T1496 : Resource Hijacking T1207 : Rogue Domain Controller T1014 : Rootkit T1053 : Scheduled Task/Job T1029 : Scheduled Transfer T1113 : Screen Capture T1597 : Search Closed Sources T1596 : Search Open Technical Databases T1593 : Search Open Websites/Domains T1594 : Search Victim-Owned Websites T1505 : Server Software Component T1648 : Serverless Execution T1489 : Service Stop T1129 : Shared Modules T1072 : Software Deployment Tools T1518 : Software Discovery T1608 : Stage Capabilities T1528 : Steal Application Access Token T1649 : Steal or Forge Authentication Certificates T1558 : Steal or Forge Kerberos Tickets T1539 : Steal Web Session Cookie T1553 : Subvert Trust Controls T1195 : Supply Chain Compromise T1218 : System Binary Proxy Execution T1082 : System Information Discovery T1614 : System Location Discovery T1016 : System Network Configuration Discovery T1049 : System Network Connections Discovery T1033 : System Owner/User Discovery T1216 : System Script Proxy Execution T1007 : System Service Discovery T1569 : System Services T1529 : System Shutdown/Reboot T1124 : System Time Discovery T1080 : Taint Shared Content T1221 : Template Injection T1205 : Traffic Signaling T1537 : Transfer Data to Cloud Account T1127 : Trusted Developer Utilities Proxy Execution T1199 : Trusted Relationship T1552 : Unsecured Credentials T1535 : Unused/Unsupported Cloud Regions T1550 : Use Alternate Authentication Material T1204 : User Execution T1078 : Valid Accounts T1125 : Video Capture T1497 : Virtualization/Sandbox Evasion T1600 : Weaken Encryption T1102 : Web Service T1047 : Windows Management Instrumentation T1220 : XSL Script Processing     ","T1560, T1005, T1140, T1573, T1105, T1095, T1571, T1016, T1033","### MITRE Enterprise Attack Pattern Extraction and Mapping

**1. Capability:** WellMail can archive files on the compromised host.
*   **MITRE Technique:** T1560: Archive Collected Data
*   **Reasoning:** The ability to archive files indicates the malware is collecting and bundling data from the victim machine into a single format (e.g., ZIP, RAR) before exfiltration, which aligns directly with the definition of T1560.

**2. Capability:** WellMail can exfiltrate files from the victim machine.
*   **MITRE Technique:** T1020: Automated Exfiltration
*   **Reasoning:** Exfiltration is the act of removing data from the compromised network. T1020 specifically covers the automated process of transferring collected data out of the victim environment.

**3. Capability:** WellMail can decompress scripts received from C2.
*   **MITRE Technique:** T1140: Deobfuscate/Decode Files or Information
*   **Reasoning:** Decompression is a form of decoding or deobfuscation. The malware must process and decode the received scripts before they can be executed, matching the function described by T1140.

**4. Capability:** WellMail can use hard coded client and certificate authority certificates to communicate with C2 over mutual TLS.
*   **MITRE Technique:** T1573: Encrypted Channel
*   **Reasoning:** The use of mutual TLS (Transport Layer Security) with hardcoded certificates establishes a secure, encrypted communication channel between the malware and the Command and Control (C2) server, which is the core function of T1573.

**5. Capability:** WellMail has been observed using TCP port 25, without using SMTP, to leverage an open port for secure command and control communications.
*   **MITRE Technique:** T1571: Non-Standard Port
*   **Reasoning:** Using a port (25) for a purpose (C2 communication) that deviates from the port's standard protocol (SMTP) is a classic example of leveraging a non-standard or unexpected port for covert communication, fitting the definition of T1571.

**6. Capability:** WellMail can identify the IP address of the victim system.
*   **MITRE Technique:** T1016: System Network Configuration Discovery
*   **Reasoning:** Identifying the IP address is a fundamental step in gathering network details about the compromised host, which is precisely what T1016 describes.

**7. Capability:** WellMail can identify the current username on the victim system.
*   **MITRE Technique:** T1589: Gather Victim Identity Information
*   **Reasoning:** The ability to determine the current user's identity (username) falls under the category of gathering specific victim identity details, making T1589 the most accurate match.

***

**Final Technique IDs:**
T1560, T1020, T1140, T1573, T1571, T1016, T1589"
30,"Extract all MITRE Enterprise attack patterns from the following text and map them to their corresponding MITRE technique IDs. Provide reasoning for each identification. Ensure the final line contains only the IDs for the main techniques, separated by commas, excluding any subtechnique IDs. MITRE Enterprise IDs are given below as reference.  **Text:** PITSTOP is a backdoor deployed on compromised Ivanti Connect Secure VPNs during the Cutting Edge campaign, enabling command execution and file read/write operations. PITSTOP can receive shell commands over a Unix domain socket and deobfuscate base64 encoded and AES encrypted commands. It communicates securely over TLS and listens on the Unix domain socket located at `/data/runtime/cockpit/wd.fd`. Additionally, PITSTOP can evaluate incoming commands on the domain socket created by the PITHOOK malware, specifically searching for a predefined magic byte sequence, and then duplicate the socket for further communication over TLS.  **List of All MITRE Enterprise technique IDs** ID    : Name T1548 : Abuse Elevation Control Mechanism T1134 : Access Token Manipulation T1531 : Account Access Removal T1087 : Account Discovery T1098 : Account Manipulation T1650 : Acquire Access T1583 : Acquire Infrastructure T1595 : Active Scanning T1557 : Adversary-in-the-Middle T1071 : Application Layer Protocol T1010 : Application Window Discovery T1560 : Archive Collected Data T1123 : Audio Capture T1119 : Automated Collection T1020 : Automated Exfiltration T1197 : BITS Jobs T1547 : Boot or Logon Autostart Execution T1037 : Boot or Logon Initialization Scripts T1176 : Browser Extensions T1217 : Browser Information Discovery T1185 : Browser Session Hijacking T1110 : Brute Force T1612 : Build Image on Host T1115 : Clipboard Data T1651 : Cloud Administration Command T1580 : Cloud Infrastructure Discovery T1538 : Cloud Service Dashboard T1526 : Cloud Service Discovery T1619 : Cloud Storage Object Discovery T1059 : Command and Scripting Interpreter T1092 : Communication Through Removable Media T1586 : Compromise Accounts T1554 : Compromise Host Software Binary T1584 : Compromise Infrastructure T1609 : Container Administration Command T1613 : Container and Resource Discovery T1659 : Content Injection T1136 : Create Account T1543 : Create or Modify System Process T1555 : Credentials from Password Stores T1485 : Data Destruction T1132 : Data Encoding T1486 : Data Encrypted for Impact T1530 : Data from Cloud Storage T1602 : Data from Configuration Repository T1213 : Data from Information Repositories T1005 : Data from Local System T1039 : Data from Network Shared Drive T1025 : Data from Removable Media T1565 : Data Manipulation T1001 : Data Obfuscation T1074 : Data Staged T1030 : Data Transfer Size Limits T1622 : Debugger Evasion T1491 : Defacement T1140 : Deobfuscate/Decode Files or Information T1610 : Deploy Container T1587 : Develop Capabilities T1652 : Device Driver Discovery T1006 : Direct Volume Access T1561 : Disk Wipe T1484 : Domain or Tenant Policy Modification T1482 : Domain Trust Discovery T1189 : Drive-by Compromise T1568 : Dynamic Resolution T1114 : Email Collection T1573 : Encrypted Channel T1499 : Endpoint Denial of Service T1611 : Escape to Host T1585 : Establish Accounts T1546 : Event Triggered Execution T1480 : Execution Guardrails T1048 : Exfiltration Over Alternative Protocol T1041 : Exfiltration Over C2 Channel T1011 : Exfiltration Over Other Network Medium T1052 : Exfiltration Over Physical Medium T1567 : Exfiltration Over Web Service T1190 : Exploit Public-Facing Application T1203 : Exploitation for Client Execution T1212 : Exploitation for Credential Access T1211 : Exploitation for Defense Evasion T1068 : Exploitation for Privilege Escalation T1210 : Exploitation of Remote Services T1133 : External Remote Services T1008 : Fallback Channels T1083 : File and Directory Discovery T1222 : File and Directory Permissions Modification T1657 : Financial Theft T1495 : Firmware Corruption T1187 : Forced Authentication T1606 : Forge Web Credentials T1592 : Gather Victim Host Information T1589 : Gather Victim Identity Information T1590 : Gather Victim Network Information T1591 : Gather Victim Org Information T1615 : Group Policy Discovery T1200 : Hardware Additions T1564 : Hide Artifacts T1665 : Hide Infrastructure T1574 : Hijack Execution Flow T1562 : Impair Defenses T1656 : Impersonation T1525 : Implant Internal Image T1070 : Indicator Removal T1202 : Indirect Command Execution T1105 : Ingress Tool Transfer T1490 : Inhibit System Recovery T1056 : Input Capture T1559 : Inter-Process Communication T1534 : Internal Spearphishing T1570 : Lateral Tool Transfer T1654 : Log Enumeration T1036 : Masquerading T1556 : Modify Authentication Process T1578 : Modify Cloud Compute Infrastructure T1112 : Modify Registry T1601 : Modify System Image T1111 : Multi-Factor Authentication Interception T1621 : Multi-Factor Authentication Request Generation T1104 : Multi-Stage Channels T1106 : Native API T1599 : Network Boundary Bridging T1498 : Network Denial of Service T1046 : Network Service Discovery T1135 : Network Share Discovery T1040 : Network Sniffing T1095 : Non-Application Layer Protocol T1571 : Non-Standard Port T1027 : Obfuscated Files or Information T1588 : Obtain Capabilities T1137 : Office Application Startup T1003 : OS Credential Dumping T1201 : Password Policy Discovery T1120 : Peripheral Device Discovery T1069 : Permission Groups Discovery T1566 : Phishing T1598 : Phishing for Information T1647 : Plist File Modification T1653 : Power Settings T1542 : Pre-OS Boot T1057 : Process Discovery T1055 : Process Injection T1572 : Protocol Tunneling T1090 : Proxy T1012 : Query Registry T1620 : Reflective Code Loading T1219 : Remote Access Software T1563 : Remote Service Session Hijacking T1021 : Remote Services T1018 : Remote System Discovery T1091 : Replication Through Removable Media T1496 : Resource Hijacking T1207 : Rogue Domain Controller T1014 : Rootkit T1053 : Scheduled Task/Job T1029 : Scheduled Transfer T1113 : Screen Capture T1597 : Search Closed Sources T1596 : Search Open Technical Databases T1593 : Search Open Websites/Domains T1594 : Search Victim-Owned Websites T1505 : Server Software Component T1648 : Serverless Execution T1489 : Service Stop T1129 : Shared Modules T1072 : Software Deployment Tools T1518 : Software Discovery T1608 : Stage Capabilities T1528 : Steal Application Access Token T1649 : Steal or Forge Authentication Certificates T1558 : Steal or Forge Kerberos Tickets T1539 : Steal Web Session Cookie T1553 : Subvert Trust Controls T1195 : Supply Chain Compromise T1218 : System Binary Proxy Execution T1082 : System Information Discovery T1614 : System Location Discovery T1016 : System Network Configuration Discovery T1049 : System Network Connections Discovery T1033 : System Owner/User Discovery T1216 : System Script Proxy Execution T1007 : System Service Discovery T1569 : System Services T1529 : System Shutdown/Reboot T1124 : System Time Discovery T1080 : Taint Shared Content T1221 : Template Injection T1205 : Traffic Signaling T1537 : Transfer Data to Cloud Account T1127 : Trusted Developer Utilities Proxy Execution T1199 : Trusted Relationship T1552 : Unsecured Credentials T1535 : Unused/Unsupported Cloud Regions T1550 : Use Alternate Authentication Material T1204 : User Execution T1078 : Valid Accounts T1125 : Video Capture T1497 : Virtualization/Sandbox Evasion T1600 : Weaken Encryption T1102 : Web Service T1047 : Windows Management Instrumentation T1220 : XSL Script Processing     ","T1059, T1140, T1573, T1559, T1205","### MITRE Enterprise Attack Pattern Extraction and Mapping

**1. T1190: Exploit Public-Facing Application**
*   **Reasoning:** The text states that PITSTOP is deployed on ""compromised Ivanti Connect Secure VPNs."" Exploiting a VPN or any publicly accessible network service (like a web application) to gain initial access falls directly under the definition of exploiting a public-facing application.

**2. T1059: Command and Scripting Interpreter**
*   **Reasoning:** The malware is described as ""enabling command execution"" and receiving ""shell commands."" The ability to execute arbitrary commands, regardless of the specific interpreter used, is the core function of this technique.

**3. T1005: Data from Local System**
*   **Reasoning:** The description explicitly mentions ""file read/write operations."" Accessing and manipulating files stored on the compromised host system is categorized as obtaining data from the local system.

**4. T1559: Inter-Process Communication (IPC)**
*   **Reasoning:** The malware utilizes a ""Unix domain socket"" for communication and evaluation. IPC techniques involve processes communicating with each other using mechanisms like sockets, pipes, or shared memory, which is precisely what the use of a domain socket represents.

**5. T1140: Deobfuscate/Decode Files or Information**
*   **Reasoning:** PITSTOP is capable of receiving commands that are ""deobfuscate base64 encoded and AES encrypted commands."" The act of decoding or reversing obfuscation (Base64) or encryption (AES) to retrieve usable data is the definition of this technique.

**6. T1573: Encrypted Channel**
*   **Reasoning:** The text specifies that PITSTOP ""communicates securely over TLS"" and duplicates the socket for ""further communication over TLS."" Using TLS (Transport Layer Security) to encrypt communications is a classic example of establishing an encrypted channel to evade detection.

**7. T1565: Data Manipulation**
*   **Reasoning:** The malware is described as ""searching for a predefined magic byte sequence"" within incoming commands. This process involves actively inspecting, filtering, or manipulating data streams based on specific signatures or patterns, fitting the definition of data manipulation.

***

**Final IDs:**
T1190, T1059, T1005, T1559, T1140, T1573, T1565"
31,"Extract all MITRE Enterprise attack patterns from the following text and map them to their corresponding MITRE technique IDs. Provide reasoning for each identification. Ensure the final line contains only the IDs for the main techniques, separated by commas, excluding any subtechnique IDs. MITRE Enterprise IDs are given below as reference.  **Text:** DarkGate, first identified in 2018, has evolved into a versatile tool used in various criminal cyber operations, including initial access, data gathering, credential theft, cryptomining, cryptotheft, and pre-ransomware activities. Written in Delphi and named by its author, DarkGate has seen a significant increase in use since 2022 and is actively being developed as a Malware-as-a-Service (MaaS) offering. DarkGate employs two distinct User Account Control (UAC) bypass techniques to escalate privileges and utilizes parent PID spoofing as part of its ""rootkit-like"" features to evade detection by tools like Task Manager or Process Explorer. During execution, the malware elevates accounts it creates to the local administrator group. The command and control (C2) infrastructure of DarkGate includes hard-coded domains designed to mimic legitimate services like Akamai CDN or Amazon Web Services. It also disguises C2 traffic within DNS records associated with legitimate services to evade reputation-based detection. DarkGate is capable of searching for cryptocurrency wallets by scanning application window names for specific strings and uses the FindWindow API function to extract data collected via NirSoft tools from the hosting process's memory. When stored credentials linked to cryptocurrency wallets are identified, DarkGate alerts its C2 server.  **List of All MITRE Enterprise technique IDs** ID    : Name T1548 : Abuse Elevation Control Mechanism T1134 : Access Token Manipulation T1531 : Account Access Removal T1087 : Account Discovery T1098 : Account Manipulation T1650 : Acquire Access T1583 : Acquire Infrastructure T1595 : Active Scanning T1557 : Adversary-in-the-Middle T1071 : Application Layer Protocol T1010 : Application Window Discovery T1560 : Archive Collected Data T1123 : Audio Capture T1119 : Automated Collection T1020 : Automated Exfiltration T1197 : BITS Jobs T1547 : Boot or Logon Autostart Execution T1037 : Boot or Logon Initialization Scripts T1176 : Browser Extensions T1217 : Browser Information Discovery T1185 : Browser Session Hijacking T1110 : Brute Force T1612 : Build Image on Host T1115 : Clipboard Data T1651 : Cloud Administration Command T1580 : Cloud Infrastructure Discovery T1538 : Cloud Service Dashboard T1526 : Cloud Service Discovery T1619 : Cloud Storage Object Discovery T1059 : Command and Scripting Interpreter T1092 : Communication Through Removable Media T1586 : Compromise Accounts T1554 : Compromise Host Software Binary T1584 : Compromise Infrastructure T1609 : Container Administration Command T1613 : Container and Resource Discovery T1659 : Content Injection T1136 : Create Account T1543 : Create or Modify System Process T1555 : Credentials from Password Stores T1485 : Data Destruction T1132 : Data Encoding T1486 : Data Encrypted for Impact T1530 : Data from Cloud Storage T1602 : Data from Configuration Repository T1213 : Data from Information Repositories T1005 : Data from Local System T1039 : Data from Network Shared Drive T1025 : Data from Removable Media T1565 : Data Manipulation T1001 : Data Obfuscation T1074 : Data Staged T1030 : Data Transfer Size Limits T1622 : Debugger Evasion T1491 : Defacement T1140 : Deobfuscate/Decode Files or Information T1610 : Deploy Container T1587 : Develop Capabilities T1652 : Device Driver Discovery T1006 : Direct Volume Access T1561 : Disk Wipe T1484 : Domain or Tenant Policy Modification T1482 : Domain Trust Discovery T1189 : Drive-by Compromise T1568 : Dynamic Resolution T1114 : Email Collection T1573 : Encrypted Channel T1499 : Endpoint Denial of Service T1611 : Escape to Host T1585 : Establish Accounts T1546 : Event Triggered Execution T1480 : Execution Guardrails T1048 : Exfiltration Over Alternative Protocol T1041 : Exfiltration Over C2 Channel T1011 : Exfiltration Over Other Network Medium T1052 : Exfiltration Over Physical Medium T1567 : Exfiltration Over Web Service T1190 : Exploit Public-Facing Application T1203 : Exploitation for Client Execution T1212 : Exploitation for Credential Access T1211 : Exploitation for Defense Evasion T1068 : Exploitation for Privilege Escalation T1210 : Exploitation of Remote Services T1133 : External Remote Services T1008 : Fallback Channels T1083 : File and Directory Discovery T1222 : File and Directory Permissions Modification T1657 : Financial Theft T1495 : Firmware Corruption T1187 : Forced Authentication T1606 : Forge Web Credentials T1592 : Gather Victim Host Information T1589 : Gather Victim Identity Information T1590 : Gather Victim Network Information T1591 : Gather Victim Org Information T1615 : Group Policy Discovery T1200 : Hardware Additions T1564 : Hide Artifacts T1665 : Hide Infrastructure T1574 : Hijack Execution Flow T1562 : Impair Defenses T1656 : Impersonation T1525 : Implant Internal Image T1070 : Indicator Removal T1202 : Indirect Command Execution T1105 : Ingress Tool Transfer T1490 : Inhibit System Recovery T1056 : Input Capture T1559 : Inter-Process Communication T1534 : Internal Spearphishing T1570 : Lateral Tool Transfer T1654 : Log Enumeration T1036 : Masquerading T1556 : Modify Authentication Process T1578 : Modify Cloud Compute Infrastructure T1112 : Modify Registry T1601 : Modify System Image T1111 : Multi-Factor Authentication Interception T1621 : Multi-Factor Authentication Request Generation T1104 : Multi-Stage Channels T1106 : Native API T1599 : Network Boundary Bridging T1498 : Network Denial of Service T1046 : Network Service Discovery T1135 : Network Share Discovery T1040 : Network Sniffing T1095 : Non-Application Layer Protocol T1571 : Non-Standard Port T1027 : Obfuscated Files or Information T1588 : Obtain Capabilities T1137 : Office Application Startup T1003 : OS Credential Dumping T1201 : Password Policy Discovery T1120 : Peripheral Device Discovery T1069 : Permission Groups Discovery T1566 : Phishing T1598 : Phishing for Information T1647 : Plist File Modification T1653 : Power Settings T1542 : Pre-OS Boot T1057 : Process Discovery T1055 : Process Injection T1572 : Protocol Tunneling T1090 : Proxy T1012 : Query Registry T1620 : Reflective Code Loading T1219 : Remote Access Software T1563 : Remote Service Session Hijacking T1021 : Remote Services T1018 : Remote System Discovery T1091 : Replication Through Removable Media T1496 : Resource Hijacking T1207 : Rogue Domain Controller T1014 : Rootkit T1053 : Scheduled Task/Job T1029 : Scheduled Transfer T1113 : Screen Capture T1597 : Search Closed Sources T1596 : Search Open Technical Databases T1593 : Search Open Websites/Domains T1594 : Search Victim-Owned Websites T1505 : Server Software Component T1648 : Serverless Execution T1489 : Service Stop T1129 : Shared Modules T1072 : Software Deployment Tools T1518 : Software Discovery T1608 : Stage Capabilities T1528 : Steal Application Access Token T1649 : Steal or Forge Authentication Certificates T1558 : Steal or Forge Kerberos Tickets T1539 : Steal Web Session Cookie T1553 : Subvert Trust Controls T1195 : Supply Chain Compromise T1218 : System Binary Proxy Execution T1082 : System Information Discovery T1614 : System Location Discovery T1016 : System Network Configuration Discovery T1049 : System Network Connections Discovery T1033 : System Owner/User Discovery T1216 : System Script Proxy Execution T1007 : System Service Discovery T1569 : System Services T1529 : System Shutdown/Reboot T1124 : System Time Discovery T1080 : Taint Shared Content T1221 : Template Injection T1205 : Traffic Signaling T1537 : Transfer Data to Cloud Account T1127 : Trusted Developer Utilities Proxy Execution T1199 : Trusted Relationship T1552 : Unsecured Credentials T1535 : Unused/Unsupported Cloud Regions T1550 : Use Alternate Authentication Material T1204 : User Execution T1078 : Valid Accounts T1125 : Video Capture T1497 : Virtualization/Sandbox Evasion T1600 : Weaken Encryption T1102 : Web Service T1047 : Windows Management Instrumentation T1220 : XSL Script Processing     ","T1548, T1134, T1098, T1583, T1071, T1010, T1119","As a cybersecurity expert specializing in cyberthreat intelligence, I have analyzed the provided text describing the DarkGate malware's capabilities. The following techniques represent the observed attack patterns, mapped to their corresponding MITRE ATT&CK Enterprise IDs.

***

### MITRE Enterprise Attack Pattern Extraction and Mapping

**1. Privilege Escalation and System Manipulation**
*   **Pattern:** DarkGate employs two distinct User Account Control (UAC) bypass techniques to escalate privileges.
    *   **MITRE ID:** T1548
    *   **Reasoning:** UAC bypass is a classic method of abusing built-in operating system controls to elevate privileges, directly matching the definition of Abuse Elevation Control Mechanism.
*   **Pattern:** The malware elevates accounts it creates to the local administrator group.
    *   **MITRE ID:** T1136
    *   **Reasoning:** The malware actively creates and modifies accounts, specifically elevating them to administrative status, which aligns with the Create Account technique.
*   **Pattern:** Utilizes parent PID spoofing as part of its ""rootkit-like"" features to evade detection.
    *   **MITRE ID:** T1014
    *   **Reasoning:** Rootkit-like features, especially those involving process spoofing or hiding, are characteristic of techniques designed to conceal presence and evade detection, matching the Rootkit technique.

**2. Discovery and Information Gathering**
*   **Pattern:** Scanning application window names for specific strings (using FindWindow API).
    *   **MITRE ID:** T1010
    *   **Reasoning:** The ability to scan and enumerate application window names is explicitly defined as Application Window Discovery.
*   **Pattern:** Extract data collected via NirSoft tools from the hosting process's memory.
    *   **MITRE ID:** T1559
    *   **Reasoning:** Accessing and extracting data from the memory space of a running process, especially from a different process's context, is a form of Inter-Process Communication (IPC) abuse.
*   **Pattern:** Searching for stored credentials linked to cryptocurrency wallets.
    *   **MITRE ID:** T1003
    *   **Reasoning:** The act of extracting stored credentials from memory or system locations is classified as OS Credential Dumping.

**3. Command and Control (C2) and Exfiltration**
*   **Pattern:** Disguises C2 traffic within DNS records associated with legitimate services.
    *   **MITRE ID:** T1572
    *   **Reasoning:** Encapsulating malicious traffic within a legitimate protocol (DNS) to bypass detection is a form of Protocol Tunneling.
*   **Pattern:** Hard-coded domains designed to mimic legitimate services (Akamai CDN, AWS).
    *   **MITRE ID:** T1036
    *   **Reasoning:** Mimicking the appearance or identity of legitimate services to deceive defenders and infrastructure is Masquerading.
*   **Pattern:** When stored credentials are identified, DarkGate alerts its C2 server.
    *   **MITRE ID:** T1041
    *   **Reasoning:** Sending the stolen credentials (data) back to the attacker's server over the network is a classic example of exfiltration.

***

**Summary of Identified Techniques:**

*   **T1014:** Credentials Access (T1003/T1003.001)
*   **T1027:** Obfuscated Files or Information
*   **T1071:** Application Layer Protocol
*   **T1119:** MiTM
*   **T1567:** Exfiltration Over Web Channel
*   **T1059:** Command and Scripting Interpreter

**Final List of Mapped Tactic/Technique IDs:**

*   T1003 (Credential Dumping) $\rightarrow$ T1014
*   T1059 (Command Execution) $\rightarrow$ T1059
*   T1071 (C2) $\rightarrow$ T1071
*   T1119 (C2) $\rightarrow$ T1119
*   T1567 (Exfiltration) $\rightarrow$ T1567
*   T1027 (Defense E"
32,"Extract all MITRE Enterprise attack patterns from the following text and map them to their corresponding MITRE technique IDs. Provide reasoning for each identification. Ensure the final line contains only the IDs for the main techniques, separated by commas, excluding any subtechnique IDs. MITRE Enterprise IDs are given below as reference.  **Text:** NGLite is a backdoor Trojan designed to execute commands received through its command and control (C2) channel. While its capabilities are typical for a backdoor, NGLite stands out for using a novel C2 channel that leverages a decentralized network based on the legitimate NKN (New Kind of Network) protocol for communication between the backdoor and threat actors. NGLite initially beacons to the NKN network via an HTTP POST request over TCP port 30003. It uses an AES-encrypted channel for C2 communication, with one observed instance employing the encryption key ""WHATswrongwithUu."" NGLite abuses NKN infrastructure to facilitate its C2 communication. It identifies the victim system's MAC and IPv4 addresses to establish a unique victim identifier. Additionally, NGLite executes the ""whoami"" command to collect system information and transmit it back to the C2 server.  **List of All MITRE Enterprise technique IDs** ID    : Name T1548 : Abuse Elevation Control Mechanism T1134 : Access Token Manipulation T1531 : Account Access Removal T1087 : Account Discovery T1098 : Account Manipulation T1650 : Acquire Access T1583 : Acquire Infrastructure T1595 : Active Scanning T1557 : Adversary-in-the-Middle T1071 : Application Layer Protocol T1010 : Application Window Discovery T1560 : Archive Collected Data T1123 : Audio Capture T1119 : Automated Collection T1020 : Automated Exfiltration T1197 : BITS Jobs T1547 : Boot or Logon Autostart Execution T1037 : Boot or Logon Initialization Scripts T1176 : Browser Extensions T1217 : Browser Information Discovery T1185 : Browser Session Hijacking T1110 : Brute Force T1612 : Build Image on Host T1115 : Clipboard Data T1651 : Cloud Administration Command T1580 : Cloud Infrastructure Discovery T1538 : Cloud Service Dashboard T1526 : Cloud Service Discovery T1619 : Cloud Storage Object Discovery T1059 : Command and Scripting Interpreter T1092 : Communication Through Removable Media T1586 : Compromise Accounts T1554 : Compromise Host Software Binary T1584 : Compromise Infrastructure T1609 : Container Administration Command T1613 : Container and Resource Discovery T1659 : Content Injection T1136 : Create Account T1543 : Create or Modify System Process T1555 : Credentials from Password Stores T1485 : Data Destruction T1132 : Data Encoding T1486 : Data Encrypted for Impact T1530 : Data from Cloud Storage T1602 : Data from Configuration Repository T1213 : Data from Information Repositories T1005 : Data from Local System T1039 : Data from Network Shared Drive T1025 : Data from Removable Media T1565 : Data Manipulation T1001 : Data Obfuscation T1074 : Data Staged T1030 : Data Transfer Size Limits T1622 : Debugger Evasion T1491 : Defacement T1140 : Deobfuscate/Decode Files or Information T1610 : Deploy Container T1587 : Develop Capabilities T1652 : Device Driver Discovery T1006 : Direct Volume Access T1561 : Disk Wipe T1484 : Domain or Tenant Policy Modification T1482 : Domain Trust Discovery T1189 : Drive-by Compromise T1568 : Dynamic Resolution T1114 : Email Collection T1573 : Encrypted Channel T1499 : Endpoint Denial of Service T1611 : Escape to Host T1585 : Establish Accounts T1546 : Event Triggered Execution T1480 : Execution Guardrails T1048 : Exfiltration Over Alternative Protocol T1041 : Exfiltration Over C2 Channel T1011 : Exfiltration Over Other Network Medium T1052 : Exfiltration Over Physical Medium T1567 : Exfiltration Over Web Service T1190 : Exploit Public-Facing Application T1203 : Exploitation for Client Execution T1212 : Exploitation for Credential Access T1211 : Exploitation for Defense Evasion T1068 : Exploitation for Privilege Escalation T1210 : Exploitation of Remote Services T1133 : External Remote Services T1008 : Fallback Channels T1083 : File and Directory Discovery T1222 : File and Directory Permissions Modification T1657 : Financial Theft T1495 : Firmware Corruption T1187 : Forced Authentication T1606 : Forge Web Credentials T1592 : Gather Victim Host Information T1589 : Gather Victim Identity Information T1590 : Gather Victim Network Information T1591 : Gather Victim Org Information T1615 : Group Policy Discovery T1200 : Hardware Additions T1564 : Hide Artifacts T1665 : Hide Infrastructure T1574 : Hijack Execution Flow T1562 : Impair Defenses T1656 : Impersonation T1525 : Implant Internal Image T1070 : Indicator Removal T1202 : Indirect Command Execution T1105 : Ingress Tool Transfer T1490 : Inhibit System Recovery T1056 : Input Capture T1559 : Inter-Process Communication T1534 : Internal Spearphishing T1570 : Lateral Tool Transfer T1654 : Log Enumeration T1036 : Masquerading T1556 : Modify Authentication Process T1578 : Modify Cloud Compute Infrastructure T1112 : Modify Registry T1601 : Modify System Image T1111 : Multi-Factor Authentication Interception T1621 : Multi-Factor Authentication Request Generation T1104 : Multi-Stage Channels T1106 : Native API T1599 : Network Boundary Bridging T1498 : Network Denial of Service T1046 : Network Service Discovery T1135 : Network Share Discovery T1040 : Network Sniffing T1095 : Non-Application Layer Protocol T1571 : Non-Standard Port T1027 : Obfuscated Files or Information T1588 : Obtain Capabilities T1137 : Office Application Startup T1003 : OS Credential Dumping T1201 : Password Policy Discovery T1120 : Peripheral Device Discovery T1069 : Permission Groups Discovery T1566 : Phishing T1598 : Phishing for Information T1647 : Plist File Modification T1653 : Power Settings T1542 : Pre-OS Boot T1057 : Process Discovery T1055 : Process Injection T1572 : Protocol Tunneling T1090 : Proxy T1012 : Query Registry T1620 : Reflective Code Loading T1219 : Remote Access Software T1563 : Remote Service Session Hijacking T1021 : Remote Services T1018 : Remote System Discovery T1091 : Replication Through Removable Media T1496 : Resource Hijacking T1207 : Rogue Domain Controller T1014 : Rootkit T1053 : Scheduled Task/Job T1029 : Scheduled Transfer T1113 : Screen Capture T1597 : Search Closed Sources T1596 : Search Open Technical Databases T1593 : Search Open Websites/Domains T1594 : Search Victim-Owned Websites T1505 : Server Software Component T1648 : Serverless Execution T1489 : Service Stop T1129 : Shared Modules T1072 : Software Deployment Tools T1518 : Software Discovery T1608 : Stage Capabilities T1528 : Steal Application Access Token T1649 : Steal or Forge Authentication Certificates T1558 : Steal or Forge Kerberos Tickets T1539 : Steal Web Session Cookie T1553 : Subvert Trust Controls T1195 : Supply Chain Compromise T1218 : System Binary Proxy Execution T1082 : System Information Discovery T1614 : System Location Discovery T1016 : System Network Configuration Discovery T1049 : System Network Connections Discovery T1033 : System Owner/User Discovery T1216 : System Script Proxy Execution T1007 : System Service Discovery T1569 : System Services T1529 : System Shutdown/Reboot T1124 : System Time Discovery T1080 : Taint Shared Content T1221 : Template Injection T1205 : Traffic Signaling T1537 : Transfer Data to Cloud Account T1127 : Trusted Developer Utilities Proxy Execution T1199 : Trusted Relationship T1552 : Unsecured Credentials T1535 : Unused/Unsupported Cloud Regions T1550 : Use Alternate Authentication Material T1204 : User Execution T1078 : Valid Accounts T1125 : Video Capture T1497 : Virtualization/Sandbox Evasion T1600 : Weaken Encryption T1102 : Web Service T1047 : Windows Management Instrumentation T1220 : XSL Script Processing     ","T1071, T1573, T1090, T1016, T1033","### MITRE Enterprise Attack Pattern Extraction and Mapping

**1. Command Execution and System Information Gathering**
*   **Text Evidence:** ""Additionally, NGLite executes the 'whoami' command to collect system information...""
*   **MITRE Technique:** T1059: Command and Scripting Interpreter
*   **Reasoning:** The execution of a system command like `whoami` falls directly under the scope of using a command interpreter to execute arbitrary code or commands on the compromised system.

**2. Victim Information Discovery (Network)**
*   **Text Evidence:** ""It identifies the victim system's MAC and IPv4 addresses to establish a unique victim identifier.""
*   **MITRE Technique:** T1590: Gather Victim Network Information
*   **Reasoning:** The explicit collection of MAC and IPv4 addresses is a textbook example of gathering network-specific information about the target system.

**3. Infrastructure Abuse and C2 Establishment**
*   **Text Evidence:** ""NGLite abuses NKN infrastructure to facilitate its C2 communication.""
*   **MITRE Technique:** T1583: Acquire Infrastructure
*   **Reasoning:** By leveraging and abusing a legitimate, decentralized network (NKN) for its command and control, the threat actor is acquiring or utilizing existing infrastructure to maintain persistence and communication.

**4. Communication and Protocol Usage**
*   **Text Evidence:** ""NGLite initially beacons to the NKN network via an HTTP POST request over TCP port 30003.""
*   **MITRE Technique:** T1071: Application Layer Protocol
*   **Reasoning:** The use of HTTP POST requests defines the specific application layer protocol used for initial beaconing and communication.
*   **Text Evidence:** ""NGLite initially beacons... over TCP port 30003.""
*   **MITRE Technique:** T1571: Non-Standard Port
*   **Reasoning:** Using a specific, non-default port (30003) for communication is classified as utilizing a non-standard port.

**5. Data Exfiltration and C2 Communication**
*   **Text Evidence:** ""It uses an AES-encrypted channel for C2 communication...""
*   **MITRE Technique:** T1573: Encrypted Channel
*   **Reasoning:** The use of AES encryption to secure the C2 channel is a direct match for establishing an encrypted communication channel.
*   **Text Evidence:** ""...and transmit it back to the C2 server."" (Referring to the collected system information).
*   **MITRE Technique:** T1041: Exfiltration Over C2 Channel
*   **Reasoning:** The act of transmitting collected data (system information) back to the attacker's C2 server constitutes exfiltration, specifically utilizing the established C2 channel.

***

**Final Technique IDs:**
T1059, T1590, T1583, T1071, T1571, T1573, T1041"
33,"Extract all MITRE Enterprise attack patterns from the following text and map them to their corresponding MITRE technique IDs. Provide reasoning for each identification. Ensure the final line contains only the IDs for the main techniques, separated by commas, excluding any subtechnique IDs. MITRE Enterprise IDs are given below as reference.  **Text:** SocGholish is a JavaScript-based loader malware that has been active since at least 2017. It has been used in global attacks across various sectors, primarily gaining initial access through drive-by downloads disguised as software updates. Operated by Mustard Tempest, SocGholish’s access has been sold to groups like Indrik Spider for deploying secondary payloads, including remote access Trojans (RATs) and ransomware. SocGholish is executed as a JavaScript payload and can write the output of the `whoami` command to a local temp file using the naming convention `rad<5-hex-chars>.tmp`. It profiles compromised systems to identify domain trust relationships and is often distributed through compromised websites that present malicious content as browser updates.  The malware can exfiltrate data directly to its command and control (C2) server via HTTP and is capable of downloading additional malware onto infected hosts. SocGholish has been named `AutoUpdater.js` to mimic legitimate update files and is frequently delivered within compressed ZIP archives. It also employs single or double Base64 encoding for references to its second-stage server URLs. Additionally, SocGholish has been spread via emails containing malicious links.  **List of All MITRE Enterprise technique IDs** ID    : Name T1548 : Abuse Elevation Control Mechanism T1134 : Access Token Manipulation T1531 : Account Access Removal T1087 : Account Discovery T1098 : Account Manipulation T1650 : Acquire Access T1583 : Acquire Infrastructure T1595 : Active Scanning T1557 : Adversary-in-the-Middle T1071 : Application Layer Protocol T1010 : Application Window Discovery T1560 : Archive Collected Data T1123 : Audio Capture T1119 : Automated Collection T1020 : Automated Exfiltration T1197 : BITS Jobs T1547 : Boot or Logon Autostart Execution T1037 : Boot or Logon Initialization Scripts T1176 : Browser Extensions T1217 : Browser Information Discovery T1185 : Browser Session Hijacking T1110 : Brute Force T1612 : Build Image on Host T1115 : Clipboard Data T1651 : Cloud Administration Command T1580 : Cloud Infrastructure Discovery T1538 : Cloud Service Dashboard T1526 : Cloud Service Discovery T1619 : Cloud Storage Object Discovery T1059 : Command and Scripting Interpreter T1092 : Communication Through Removable Media T1586 : Compromise Accounts T1554 : Compromise Host Software Binary T1584 : Compromise Infrastructure T1609 : Container Administration Command T1613 : Container and Resource Discovery T1659 : Content Injection T1136 : Create Account T1543 : Create or Modify System Process T1555 : Credentials from Password Stores T1485 : Data Destruction T1132 : Data Encoding T1486 : Data Encrypted for Impact T1530 : Data from Cloud Storage T1602 : Data from Configuration Repository T1213 : Data from Information Repositories T1005 : Data from Local System T1039 : Data from Network Shared Drive T1025 : Data from Removable Media T1565 : Data Manipulation T1001 : Data Obfuscation T1074 : Data Staged T1030 : Data Transfer Size Limits T1622 : Debugger Evasion T1491 : Defacement T1140 : Deobfuscate/Decode Files or Information T1610 : Deploy Container T1587 : Develop Capabilities T1652 : Device Driver Discovery T1006 : Direct Volume Access T1561 : Disk Wipe T1484 : Domain or Tenant Policy Modification T1482 : Domain Trust Discovery T1189 : Drive-by Compromise T1568 : Dynamic Resolution T1114 : Email Collection T1573 : Encrypted Channel T1499 : Endpoint Denial of Service T1611 : Escape to Host T1585 : Establish Accounts T1546 : Event Triggered Execution T1480 : Execution Guardrails T1048 : Exfiltration Over Alternative Protocol T1041 : Exfiltration Over C2 Channel T1011 : Exfiltration Over Other Network Medium T1052 : Exfiltration Over Physical Medium T1567 : Exfiltration Over Web Service T1190 : Exploit Public-Facing Application T1203 : Exploitation for Client Execution T1212 : Exploitation for Credential Access T1211 : Exploitation for Defense Evasion T1068 : Exploitation for Privilege Escalation T1210 : Exploitation of Remote Services T1133 : External Remote Services T1008 : Fallback Channels T1083 : File and Directory Discovery T1222 : File and Directory Permissions Modification T1657 : Financial Theft T1495 : Firmware Corruption T1187 : Forced Authentication T1606 : Forge Web Credentials T1592 : Gather Victim Host Information T1589 : Gather Victim Identity Information T1590 : Gather Victim Network Information T1591 : Gather Victim Org Information T1615 : Group Policy Discovery T1200 : Hardware Additions T1564 : Hide Artifacts T1665 : Hide Infrastructure T1574 : Hijack Execution Flow T1562 : Impair Defenses T1656 : Impersonation T1525 : Implant Internal Image T1070 : Indicator Removal T1202 : Indirect Command Execution T1105 : Ingress Tool Transfer T1490 : Inhibit System Recovery T1056 : Input Capture T1559 : Inter-Process Communication T1534 : Internal Spearphishing T1570 : Lateral Tool Transfer T1654 : Log Enumeration T1036 : Masquerading T1556 : Modify Authentication Process T1578 : Modify Cloud Compute Infrastructure T1112 : Modify Registry T1601 : Modify System Image T1111 : Multi-Factor Authentication Interception T1621 : Multi-Factor Authentication Request Generation T1104 : Multi-Stage Channels T1106 : Native API T1599 : Network Boundary Bridging T1498 : Network Denial of Service T1046 : Network Service Discovery T1135 : Network Share Discovery T1040 : Network Sniffing T1095 : Non-Application Layer Protocol T1571 : Non-Standard Port T1027 : Obfuscated Files or Information T1588 : Obtain Capabilities T1137 : Office Application Startup T1003 : OS Credential Dumping T1201 : Password Policy Discovery T1120 : Peripheral Device Discovery T1069 : Permission Groups Discovery T1566 : Phishing T1598 : Phishing for Information T1647 : Plist File Modification T1653 : Power Settings T1542 : Pre-OS Boot T1057 : Process Discovery T1055 : Process Injection T1572 : Protocol Tunneling T1090 : Proxy T1012 : Query Registry T1620 : Reflective Code Loading T1219 : Remote Access Software T1563 : Remote Service Session Hijacking T1021 : Remote Services T1018 : Remote System Discovery T1091 : Replication Through Removable Media T1496 : Resource Hijacking T1207 : Rogue Domain Controller T1014 : Rootkit T1053 : Scheduled Task/Job T1029 : Scheduled Transfer T1113 : Screen Capture T1597 : Search Closed Sources T1596 : Search Open Technical Databases T1593 : Search Open Websites/Domains T1594 : Search Victim-Owned Websites T1505 : Server Software Component T1648 : Serverless Execution T1489 : Service Stop T1129 : Shared Modules T1072 : Software Deployment Tools T1518 : Software Discovery T1608 : Stage Capabilities T1528 : Steal Application Access Token T1649 : Steal or Forge Authentication Certificates T1558 : Steal or Forge Kerberos Tickets T1539 : Steal Web Session Cookie T1553 : Subvert Trust Controls T1195 : Supply Chain Compromise T1218 : System Binary Proxy Execution T1082 : System Information Discovery T1614 : System Location Discovery T1016 : System Network Configuration Discovery T1049 : System Network Connections Discovery T1033 : System Owner/User Discovery T1216 : System Script Proxy Execution T1007 : System Service Discovery T1569 : System Services T1529 : System Shutdown/Reboot T1124 : System Time Discovery T1080 : Taint Shared Content T1221 : Template Injection T1205 : Traffic Signaling T1537 : Transfer Data to Cloud Account T1127 : Trusted Developer Utilities Proxy Execution T1199 : Trusted Relationship T1552 : Unsecured Credentials T1535 : Unused/Unsupported Cloud Regions T1550 : Use Alternate Authentication Material T1204 : User Execution T1078 : Valid Accounts T1125 : Video Capture T1497 : Virtualization/Sandbox Evasion T1600 : Weaken Encryption T1102 : Web Service T1047 : Windows Management Instrumentation T1220 : XSL Script Processing     ","T1059, T1074, T1482, T1189, T1048, T1105, T1036, T1027, T1566","As a cybersecurity expert specializing in cyberthreat intelligence, I have analyzed the provided text describing the SocGholish malware. The following techniques represent the attack patterns observed, mapped to the MITRE ATT&CK Enterprise framework.

### Identified MITRE Attack Patterns

**1. T1059: Command and Scripting Interpreter**
*   **Reasoning:** The text explicitly states that SocGholish is a ""JavaScript-based loader malware"" and that it executes commands (e.g., writing the output of the `whoami` command). This indicates the use of scripting interpreters to execute malicious code.

**2. T1189: Drive-by Compromise**
*   **Reasoning:** The malware gains initial access through ""drive-by downloads disguised as software updates"" and is distributed through ""compromised websites that present malicious content as browser updates."" This is the classic definition of a drive-by compromise.

**3. T1105: Ingress Tool Transfer**
*   **Reasoning:** The malware is used for ""deploying secondary payloads, including remote access Trojans (RATs) and ransomware,"" and it is ""capable of downloading additional malware onto infected hosts."" This describes the transfer of tools and payloads into the compromised environment.

**4. T1482: Domain Trust Discovery**
*   **Reasoning:** The malware ""profiles compromised systems to identify domain trust relationships."" This directly maps to the technique of discovering trust relationships within a network domain.

**5. T1041: Exfiltration Over C2 Channel**
*   **Reasoning:** The text states that the malware ""can exfiltrate data directly to its command and control (C2) server via HTTP."" Using the established C2 channel for data theft is the definition of this technique.

**6. T1036: Masquerading**
*   **Reasoning:** SocGholish ""has been named `AutoUpdater.js` to mimic legitimate update files."" This act of renaming or disguising the malware to appear benign is a clear example of masquerading.

**7. T1132: Data Encoding**
*   **Reasoning:** The malware ""employs single or double Base64 encoding for references to its second-stage server URLs."" Encoding data (like Base64) to evade detection or obfuscate communication is the core function of this technique.

**8. T1566: Phishing**
*   **Reasoning:** The malware ""has been spread via emails containing malicious links."" This method of delivering malicious content through deceptive emails is the definition of phishing.

***

**Summary of Findings:**

| Tactic | Technique | Description |
| :--- | :--- | :--- |
| Initial Access | T1566.001 | Phishing via email (T1566) |
| Execution | T1059.003 | Command and Scripting Interpreter (JavaScript/PowerShell) |
| Persistence | T1547.001 | Registry Run Keys / Startup Folder |
| Collection | T1005 | Data from local files (Credential harvesting) |
| Exfiltration | T1041 | Exfiltration over common protocols (HTTP/S) |

*(Note: While the provided text details specific techniques, the summary table above provides a generalized view of the potential attack lifecycle based on the described actions.)*"
34,"Extract all MITRE Mobile attack patterns from the following text and map them to their corresponding MITRE technique IDs. Provide reasoning for each identification. Ensure the final line contains only the IDs for the main techniques, separated by commas, excluding any subtechnique IDs. MITRE Mobile IDs are given below as reference.  **Text:** HilalRAT is a remote access Android malware developed and used by UNC788. It has the capability to collect various types of data, such as device location and call logs, and can perform actions like activating a device's camera and microphone. HilalRAT can activate a device's microphone and camera, access its location, retrieve contact lists and SMS messages, and access and extract files stored on the device.  **List of All MITRE Mobile technique IDs** ID    : Name T1626 : Abuse Elevation Control Mechanism T1517 : Access Notifications T1640 : Account Access Removal T1638 : Adversary-in-the-Middle T1437 : Application Layer Protocol T1661 : Application Versioning T1532 : Archive Collected Data T1429 : Audio Capture T1398 : Boot or Logon Initialization Scripts T1616 : Call Control T1414 : Clipboard Data T1623 : Command and Scripting Interpreter T1577 : Compromise Application Executable T1645 : Compromise Client Software Binary T1634 : Credentials from Password Store T1662 : Data Destruction T1471 : Data Encrypted for Impact T1533 : Data from Local System T1641 : Data Manipulation T1407 : Download New Code at Runtime T1456 : Drive-By Compromise T1637 : Dynamic Resolution T1521 : Encrypted Channel T1642 : Endpoint Denial of Service T1624 : Event Triggered Execution T1627 : Execution Guardrails T1639 : Exfiltration Over Alternative Protocol T1646 : Exfiltration Over C2 Channel T1658 : Exploitation for Client Execution T1664 : Exploitation for Initial Access T1404 : Exploitation for Privilege Escalation T1428 : Exploitation of Remote Services T1420 : File and Directory Discovery T1541 : Foreground Persistence T1643 : Generate Traffic from Victim T1628 : Hide Artifacts T1625 : Hijack Execution Flow T1617 : Hooking T1629 : Impair Defenses T1630 : Indicator Removal on Host T1544 : Ingress Tool Transfer T1417 : Input Capture T1516 : Input Injection T1430 : Location Tracking T1461 : Lockscreen Bypass T1655 : Masquerading T1575 : Native API T1464 : Network Denial of Service T1423 : Network Service Scanning T1509 : Non-Standard Port T1406 : Obfuscated Files or Information T1644 : Out of Band Data T1660 : Phishing T1424 : Process Discovery T1631 : Process Injection T1636 : Protected User Data T1604 : Proxy Through Victim T1663 : Remote Access Software T1458 : Replication Through Removable Media T1603 : Scheduled Task/Job T1513 : Screen Capture T1582 : SMS Control T1418 : Software Discovery T1635 : Steal Application Access Token T1409 : Stored Application Data T1632 : Subvert Trust Controls T1474 : Supply Chain Compromise T1426 : System Information Discovery T1422 : System Network Configuration Discovery T1421 : System Network Connections Discovery T1512 : Video Capture T1633 : Virtualization/Sandbox Evasion T1481 : Web Service     ","T1429, T1430, T1636, T1409, T1512","As a cybersecurity expert specializing in cyberthreat intelligence, I have analyzed the capabilities described for HilalRAT. The malware exhibits several classic mobile attack patterns that map directly to the MITRE ATT&CK for Mobile framework.

### MITRE Mobile Attack Pattern Extraction and Mapping

**1. Audio Capture**
*   **Technique ID:** T1429
*   **Name:** Audio Capture
*   **Reasoning:** The text explicitly states that HilalRAT ""can activate a device's microphone."" This capability directly corresponds to the ability to record audio data from the victim's device.

**2. Video Capture**
*   **Technique ID:** T1512
*   **Name:** Video Capture
*   **Reasoning:** The text mentions that HilalRAT ""can perform actions like activating a device's camera."" Activating the camera for recording or streaming constitutes video capture.

**3. Location Tracking**
*   **Technique ID:** T1430
*   **Name:** Location Tracking
*   **Reasoning:** The malware is described as having the capability to collect ""device location."" This is the definition of location tracking within the mobile context.

**4. SMS Control**
*   **Technique ID:** T1582
*   **Name:** SMS Control
*   **Reasoning:** The malware is stated to be able to ""retrieve... SMS messages."" This indicates the ability to read, intercept, or potentially send/control the victim's text messages.

**5. Data from Local System**
*   **Technique ID:** T1533
*   **Name:** Data from Local System
*   **Reasoning:** The malware's ability to ""access and extract files stored on the device"" falls under the general category of exfiltrating or accessing data stored locally on the victim's device.

**6. Protected User Data**
*   **Technique ID:** T1636
*   **Name:** Protected User Data
*   **Reasoning:** The text specifies that HilalRAT can ""retrieve contact lists."" Contact lists are a prime example of protected user data that attackers target for intelligence gathering.

***

**Final Technique IDs:**
T1429, T1512, T1430, T1582, T1533, T1636"
35,"Extract all MITRE Enterprise attack patterns from the following text and map them to their corresponding MITRE technique IDs. Provide reasoning for each identification. Ensure the final line contains only the IDs for the main techniques, separated by commas, excluding any subtechnique IDs. MITRE Enterprise IDs are given below as reference.  **Text:** Pcexter is an uploader used by ToddyCat since at least 2023 to exfiltrate stolen files.  Pcexter can upload files from compromised systems and exfiltrate them to OneDrive storage accounts via HTTP POST. It is capable of searching for files within specified directories and has been distributed and executed as a DLL file named `Vspmsg.dll` through DLL side-loading.  **List of All MITRE Enterprise technique IDs** ID    : Name T1548 : Abuse Elevation Control Mechanism T1134 : Access Token Manipulation T1531 : Account Access Removal T1087 : Account Discovery T1098 : Account Manipulation T1650 : Acquire Access T1583 : Acquire Infrastructure T1595 : Active Scanning T1557 : Adversary-in-the-Middle T1071 : Application Layer Protocol T1010 : Application Window Discovery T1560 : Archive Collected Data T1123 : Audio Capture T1119 : Automated Collection T1020 : Automated Exfiltration T1197 : BITS Jobs T1547 : Boot or Logon Autostart Execution T1037 : Boot or Logon Initialization Scripts T1176 : Browser Extensions T1217 : Browser Information Discovery T1185 : Browser Session Hijacking T1110 : Brute Force T1612 : Build Image on Host T1115 : Clipboard Data T1651 : Cloud Administration Command T1580 : Cloud Infrastructure Discovery T1538 : Cloud Service Dashboard T1526 : Cloud Service Discovery T1619 : Cloud Storage Object Discovery T1059 : Command and Scripting Interpreter T1092 : Communication Through Removable Media T1586 : Compromise Accounts T1554 : Compromise Host Software Binary T1584 : Compromise Infrastructure T1609 : Container Administration Command T1613 : Container and Resource Discovery T1659 : Content Injection T1136 : Create Account T1543 : Create or Modify System Process T1555 : Credentials from Password Stores T1485 : Data Destruction T1132 : Data Encoding T1486 : Data Encrypted for Impact T1530 : Data from Cloud Storage T1602 : Data from Configuration Repository T1213 : Data from Information Repositories T1005 : Data from Local System T1039 : Data from Network Shared Drive T1025 : Data from Removable Media T1565 : Data Manipulation T1001 : Data Obfuscation T1074 : Data Staged T1030 : Data Transfer Size Limits T1622 : Debugger Evasion T1491 : Defacement T1140 : Deobfuscate/Decode Files or Information T1610 : Deploy Container T1587 : Develop Capabilities T1652 : Device Driver Discovery T1006 : Direct Volume Access T1561 : Disk Wipe T1484 : Domain or Tenant Policy Modification T1482 : Domain Trust Discovery T1189 : Drive-by Compromise T1568 : Dynamic Resolution T1114 : Email Collection T1573 : Encrypted Channel T1499 : Endpoint Denial of Service T1611 : Escape to Host T1585 : Establish Accounts T1546 : Event Triggered Execution T1480 : Execution Guardrails T1048 : Exfiltration Over Alternative Protocol T1041 : Exfiltration Over C2 Channel T1011 : Exfiltration Over Other Network Medium T1052 : Exfiltration Over Physical Medium T1567 : Exfiltration Over Web Service T1190 : Exploit Public-Facing Application T1203 : Exploitation for Client Execution T1212 : Exploitation for Credential Access T1211 : Exploitation for Defense Evasion T1068 : Exploitation for Privilege Escalation T1210 : Exploitation of Remote Services T1133 : External Remote Services T1008 : Fallback Channels T1083 : File and Directory Discovery T1222 : File and Directory Permissions Modification T1657 : Financial Theft T1495 : Firmware Corruption T1187 : Forced Authentication T1606 : Forge Web Credentials T1592 : Gather Victim Host Information T1589 : Gather Victim Identity Information T1590 : Gather Victim Network Information T1591 : Gather Victim Org Information T1615 : Group Policy Discovery T1200 : Hardware Additions T1564 : Hide Artifacts T1665 : Hide Infrastructure T1574 : Hijack Execution Flow T1562 : Impair Defenses T1656 : Impersonation T1525 : Implant Internal Image T1070 : Indicator Removal T1202 : Indirect Command Execution T1105 : Ingress Tool Transfer T1490 : Inhibit System Recovery T1056 : Input Capture T1559 : Inter-Process Communication T1534 : Internal Spearphishing T1570 : Lateral Tool Transfer T1654 : Log Enumeration T1036 : Masquerading T1556 : Modify Authentication Process T1578 : Modify Cloud Compute Infrastructure T1112 : Modify Registry T1601 : Modify System Image T1111 : Multi-Factor Authentication Interception T1621 : Multi-Factor Authentication Request Generation T1104 : Multi-Stage Channels T1106 : Native API T1599 : Network Boundary Bridging T1498 : Network Denial of Service T1046 : Network Service Discovery T1135 : Network Share Discovery T1040 : Network Sniffing T1095 : Non-Application Layer Protocol T1571 : Non-Standard Port T1027 : Obfuscated Files or Information T1588 : Obtain Capabilities T1137 : Office Application Startup T1003 : OS Credential Dumping T1201 : Password Policy Discovery T1120 : Peripheral Device Discovery T1069 : Permission Groups Discovery T1566 : Phishing T1598 : Phishing for Information T1647 : Plist File Modification T1653 : Power Settings T1542 : Pre-OS Boot T1057 : Process Discovery T1055 : Process Injection T1572 : Protocol Tunneling T1090 : Proxy T1012 : Query Registry T1620 : Reflective Code Loading T1219 : Remote Access Software T1563 : Remote Service Session Hijacking T1021 : Remote Services T1018 : Remote System Discovery T1091 : Replication Through Removable Media T1496 : Resource Hijacking T1207 : Rogue Domain Controller T1014 : Rootkit T1053 : Scheduled Task/Job T1029 : Scheduled Transfer T1113 : Screen Capture T1597 : Search Closed Sources T1596 : Search Open Technical Databases T1593 : Search Open Websites/Domains T1594 : Search Victim-Owned Websites T1505 : Server Software Component T1648 : Serverless Execution T1489 : Service Stop T1129 : Shared Modules T1072 : Software Deployment Tools T1518 : Software Discovery T1608 : Stage Capabilities T1528 : Steal Application Access Token T1649 : Steal or Forge Authentication Certificates T1558 : Steal or Forge Kerberos Tickets T1539 : Steal Web Session Cookie T1553 : Subvert Trust Controls T1195 : Supply Chain Compromise T1218 : System Binary Proxy Execution T1082 : System Information Discovery T1614 : System Location Discovery T1016 : System Network Configuration Discovery T1049 : System Network Connections Discovery T1033 : System Owner/User Discovery T1216 : System Script Proxy Execution T1007 : System Service Discovery T1569 : System Services T1529 : System Shutdown/Reboot T1124 : System Time Discovery T1080 : Taint Shared Content T1221 : Template Injection T1205 : Traffic Signaling T1537 : Transfer Data to Cloud Account T1127 : Trusted Developer Utilities Proxy Execution T1199 : Trusted Relationship T1552 : Unsecured Credentials T1535 : Unused/Unsupported Cloud Regions T1550 : Use Alternate Authentication Material T1204 : User Execution T1078 : Valid Accounts T1125 : Video Capture T1497 : Virtualization/Sandbox Evasion T1600 : Weaken Encryption T1102 : Web Service T1047 : Windows Management Instrumentation T1220 : XSL Script Processing     ","T1005, T1567, T1083, T1574","**Analysis of MITRE Enterprise Attack Patterns**

Based on the provided text, the following MITRE Enterprise attack patterns can be identified:

**1. Exfiltration Over Web Service (T1567)**
*   **Reasoning:** The text explicitly states that the uploader ""exfiltrate[s] them to OneDrive storage accounts via HTTP POST."" Using a web service (HTTP POST) to transfer data out of the network is the definition of Exfiltration Over Web Service.

**2. Transfer Data to Cloud Account (T1537)**
*   **Reasoning:** The target destination for the stolen files is ""OneDrive storage accounts."" OneDrive is a cloud storage service, and the act of sending data to it directly maps to transferring data to a cloud account.

**3. File and Directory Discovery (T1083)**
*   **Reasoning:** The text notes that the tool ""is capable of searching for files within specified directories."" This action is a direct implementation of discovering files and directories on the compromised system.

**4. Compromise Host Software Binary (T1554)**
*   **Reasoning:** The tool is executed as a DLL file (`Vspmsg.dll`) and uses ""DLL side-loading."" DLL side-loading is a technique where an attacker abuses a legitimate, trusted binary (the DLL) to execute malicious code, thereby compromising the host software binary.

**5. Masquerading (T1036)**
*   **Reasoning:** When an attacker uses a DLL file named `Vspmsg.dll` for malicious purposes, they are leveraging the name and structure of a legitimate system file to deceive security tools and users. This practice of disguising malicious activity as legitimate activity is Masquerading.

***

**Final MITRE Technique IDs:**
T1567, T1537, T1083, T1554, T1036"
36,"Extract all MITRE Enterprise attack patterns from the following text and map them to their corresponding MITRE technique IDs. Provide reasoning for each identification. Ensure the final line contains only the IDs for the main techniques, separated by commas, excluding any subtechnique IDs. MITRE Enterprise IDs are given below as reference.  **Text:** SLIGHTPULSE is a web shell that has been used by APT5 since at least 2020, including in attacks against Pulse Secure VPNs targeting U.S. Defense Industrial Base (DIB) entities. SLIGHTPULSE can process HTTP GET requests like a normal web server while inserting logic to read or write files and execute commands in response to HTTP POST requests. It also has the capability to execute arbitrary commands passed to it and can base64 encode all incoming and outgoing command and control (C2) messages. The web shell can read files from the local system and pipe the output of executed commands to `/tmp/1`. Additionally, SLIGHTPULSE can deobfuscate and encrypt C2 messages using base64 encoding and RC4 encryption.  **List of All MITRE Enterprise technique IDs** ID    : Name T1548 : Abuse Elevation Control Mechanism T1134 : Access Token Manipulation T1531 : Account Access Removal T1087 : Account Discovery T1098 : Account Manipulation T1650 : Acquire Access T1583 : Acquire Infrastructure T1595 : Active Scanning T1557 : Adversary-in-the-Middle T1071 : Application Layer Protocol T1010 : Application Window Discovery T1560 : Archive Collected Data T1123 : Audio Capture T1119 : Automated Collection T1020 : Automated Exfiltration T1197 : BITS Jobs T1547 : Boot or Logon Autostart Execution T1037 : Boot or Logon Initialization Scripts T1176 : Browser Extensions T1217 : Browser Information Discovery T1185 : Browser Session Hijacking T1110 : Brute Force T1612 : Build Image on Host T1115 : Clipboard Data T1651 : Cloud Administration Command T1580 : Cloud Infrastructure Discovery T1538 : Cloud Service Dashboard T1526 : Cloud Service Discovery T1619 : Cloud Storage Object Discovery T1059 : Command and Scripting Interpreter T1092 : Communication Through Removable Media T1586 : Compromise Accounts T1554 : Compromise Host Software Binary T1584 : Compromise Infrastructure T1609 : Container Administration Command T1613 : Container and Resource Discovery T1659 : Content Injection T1136 : Create Account T1543 : Create or Modify System Process T1555 : Credentials from Password Stores T1485 : Data Destruction T1132 : Data Encoding T1486 : Data Encrypted for Impact T1530 : Data from Cloud Storage T1602 : Data from Configuration Repository T1213 : Data from Information Repositories T1005 : Data from Local System T1039 : Data from Network Shared Drive T1025 : Data from Removable Media T1565 : Data Manipulation T1001 : Data Obfuscation T1074 : Data Staged T1030 : Data Transfer Size Limits T1622 : Debugger Evasion T1491 : Defacement T1140 : Deobfuscate/Decode Files or Information T1610 : Deploy Container T1587 : Develop Capabilities T1652 : Device Driver Discovery T1006 : Direct Volume Access T1561 : Disk Wipe T1484 : Domain or Tenant Policy Modification T1482 : Domain Trust Discovery T1189 : Drive-by Compromise T1568 : Dynamic Resolution T1114 : Email Collection T1573 : Encrypted Channel T1499 : Endpoint Denial of Service T1611 : Escape to Host T1585 : Establish Accounts T1546 : Event Triggered Execution T1480 : Execution Guardrails T1048 : Exfiltration Over Alternative Protocol T1041 : Exfiltration Over C2 Channel T1011 : Exfiltration Over Other Network Medium T1052 : Exfiltration Over Physical Medium T1567 : Exfiltration Over Web Service T1190 : Exploit Public-Facing Application T1203 : Exploitation for Client Execution T1212 : Exploitation for Credential Access T1211 : Exploitation for Defense Evasion T1068 : Exploitation for Privilege Escalation T1210 : Exploitation of Remote Services T1133 : External Remote Services T1008 : Fallback Channels T1083 : File and Directory Discovery T1222 : File and Directory Permissions Modification T1657 : Financial Theft T1495 : Firmware Corruption T1187 : Forced Authentication T1606 : Forge Web Credentials T1592 : Gather Victim Host Information T1589 : Gather Victim Identity Information T1590 : Gather Victim Network Information T1591 : Gather Victim Org Information T1615 : Group Policy Discovery T1200 : Hardware Additions T1564 : Hide Artifacts T1665 : Hide Infrastructure T1574 : Hijack Execution Flow T1562 : Impair Defenses T1656 : Impersonation T1525 : Implant Internal Image T1070 : Indicator Removal T1202 : Indirect Command Execution T1105 : Ingress Tool Transfer T1490 : Inhibit System Recovery T1056 : Input Capture T1559 : Inter-Process Communication T1534 : Internal Spearphishing T1570 : Lateral Tool Transfer T1654 : Log Enumeration T1036 : Masquerading T1556 : Modify Authentication Process T1578 : Modify Cloud Compute Infrastructure T1112 : Modify Registry T1601 : Modify System Image T1111 : Multi-Factor Authentication Interception T1621 : Multi-Factor Authentication Request Generation T1104 : Multi-Stage Channels T1106 : Native API T1599 : Network Boundary Bridging T1498 : Network Denial of Service T1046 : Network Service Discovery T1135 : Network Share Discovery T1040 : Network Sniffing T1095 : Non-Application Layer Protocol T1571 : Non-Standard Port T1027 : Obfuscated Files or Information T1588 : Obtain Capabilities T1137 : Office Application Startup T1003 : OS Credential Dumping T1201 : Password Policy Discovery T1120 : Peripheral Device Discovery T1069 : Permission Groups Discovery T1566 : Phishing T1598 : Phishing for Information T1647 : Plist File Modification T1653 : Power Settings T1542 : Pre-OS Boot T1057 : Process Discovery T1055 : Process Injection T1572 : Protocol Tunneling T1090 : Proxy T1012 : Query Registry T1620 : Reflective Code Loading T1219 : Remote Access Software T1563 : Remote Service Session Hijacking T1021 : Remote Services T1018 : Remote System Discovery T1091 : Replication Through Removable Media T1496 : Resource Hijacking T1207 : Rogue Domain Controller T1014 : Rootkit T1053 : Scheduled Task/Job T1029 : Scheduled Transfer T1113 : Screen Capture T1597 : Search Closed Sources T1596 : Search Open Technical Databases T1593 : Search Open Websites/Domains T1594 : Search Victim-Owned Websites T1505 : Server Software Component T1648 : Serverless Execution T1489 : Service Stop T1129 : Shared Modules T1072 : Software Deployment Tools T1518 : Software Discovery T1608 : Stage Capabilities T1528 : Steal Application Access Token T1649 : Steal or Forge Authentication Certificates T1558 : Steal or Forge Kerberos Tickets T1539 : Steal Web Session Cookie T1553 : Subvert Trust Controls T1195 : Supply Chain Compromise T1218 : System Binary Proxy Execution T1082 : System Information Discovery T1614 : System Location Discovery T1016 : System Network Configuration Discovery T1049 : System Network Connections Discovery T1033 : System Owner/User Discovery T1216 : System Script Proxy Execution T1007 : System Service Discovery T1569 : System Services T1529 : System Shutdown/Reboot T1124 : System Time Discovery T1080 : Taint Shared Content T1221 : Template Injection T1205 : Traffic Signaling T1537 : Transfer Data to Cloud Account T1127 : Trusted Developer Utilities Proxy Execution T1199 : Trusted Relationship T1552 : Unsecured Credentials T1535 : Unused/Unsupported Cloud Regions T1550 : Use Alternate Authentication Material T1204 : User Execution T1078 : Valid Accounts T1125 : Video Capture T1497 : Virtualization/Sandbox Evasion T1600 : Weaken Encryption T1102 : Web Service T1047 : Windows Management Instrumentation T1220 : XSL Script Processing     ","T1071, T1059, T1132, T1005, T1074, T1140, T1573","### MITRE Enterprise Attack Pattern Extraction and Mapping

**1. Command Execution and Control (C2)**

*   **T1059: Command and Scripting Interpreter**
    *   **Reasoning:** The text explicitly states that SLIGHTPULSE ""can execute arbitrary commands passed to it."" This is the core function of a web shell, utilizing the web server environment to run system commands, which falls directly under this technique.
*   **T1071: Application Layer Protocol**
    *   **Reasoning:** The web shell processes ""HTTP GET requests"" and responds to ""HTTP POST requests."" Using standard web protocols (HTTP) to deliver commands and maintain C2 communication is a classic example of abusing an application layer protocol.
*   **T1041: Exfiltration Over C2 Channel**
    *   **Reasoning:** The web shell is used for Command and Control (C2) and is described as piping output to a specific location (`/tmp/1`). This indicates that the web shell is facilitating the exfiltration of data (the output of commands) through the established C2 channel.

**2. Information Gathering and Discovery**

*   **T1005: Data from Local System**
    *   **Reasoning:** The text states, ""The web shell can read files from the local system."" This is a direct description of accessing and gathering data stored on the compromised host.
*   **T1083: File and Directory Discovery**
    *   **Reasoning:** While reading files (T1005) is mentioned, the ability to read files implies the attacker is mapping the file system structure to find valuable data, which aligns with the goal of file and directory discovery.

**3. Data Manipulation and Evasion**

*   **T1132: Data Encoding**
    *   **Reasoning:** The web shell ""can base64 encode all incoming and outgoing command and control (C2) messages."" Base64 encoding is a specific method of data encoding used to bypass network monitoring and security controls.
*   **T1001: Data Obfuscation**
    *   **Reasoning:** The use of base64 encoding and RC4 encryption to hide C2 messages serves the purpose of obfuscation, making the malicious traffic difficult for security tools to detect and analyze.
*   **T1140: Deobfuscate/Decode Files or Information**
    *   **Reasoning:** The text notes that SLIGHTPULSE ""can deobfuscate and encrypt C2 messages using base64 encoding and RC4 encryption."" The ability to deobfuscate is a critical step in the attack chain, allowing the attacker to process encrypted or encoded payloads.
*   **T1074: Data Staged**
    *   **Reasoning:** The web shell ""pipe[s] the output of executed commands to `/tmp/1`."" Staging data involves collecting and consolidating data (the output) into a temporary location before exfiltration.

**4. Exfiltration**

*   **T1020: Automated Exfiltration**
    *   **Reasoning:** The combination of reading local files (T1005) and piping the output to a temporary location (T1074) strongly implies the preparation and automated transfer of sensitive data out of the network.

***

**Final Technique IDs:**
T1059, T1071, T1041, T1005, T1083, T1132, T1001, T1074, T1020"
37,"Extract all MITRE Enterprise attack patterns from the following text and map them to their corresponding MITRE technique IDs. Provide reasoning for each identification. Ensure the final line contains only the IDs for the main techniques, separated by commas, excluding any subtechnique IDs. MITRE Enterprise IDs are given below as reference.  **Text:** STEADYPULSE is a web shell that targets Pulse Secure VPN servers by modifying a legitimate Perl script. It has been used since at least 2020, including in attacks against U.S. Defense Industrial Base (DIB) entities. STEADYPULSE can parse incoming web requests to determine the next steps in its execution and transmit data over its command and control (C2) channel using URL encoding. It is also capable of URL decoding key/value pairs received over C2. The web shell can modify Perl scripts on the targeted server to import additional Perl modules and enable the execution of arbitrary commands on compromised web servers.  **List of All MITRE Enterprise technique IDs** ID    : Name T1548 : Abuse Elevation Control Mechanism T1134 : Access Token Manipulation T1531 : Account Access Removal T1087 : Account Discovery T1098 : Account Manipulation T1650 : Acquire Access T1583 : Acquire Infrastructure T1595 : Active Scanning T1557 : Adversary-in-the-Middle T1071 : Application Layer Protocol T1010 : Application Window Discovery T1560 : Archive Collected Data T1123 : Audio Capture T1119 : Automated Collection T1020 : Automated Exfiltration T1197 : BITS Jobs T1547 : Boot or Logon Autostart Execution T1037 : Boot or Logon Initialization Scripts T1176 : Browser Extensions T1217 : Browser Information Discovery T1185 : Browser Session Hijacking T1110 : Brute Force T1612 : Build Image on Host T1115 : Clipboard Data T1651 : Cloud Administration Command T1580 : Cloud Infrastructure Discovery T1538 : Cloud Service Dashboard T1526 : Cloud Service Discovery T1619 : Cloud Storage Object Discovery T1059 : Command and Scripting Interpreter T1092 : Communication Through Removable Media T1586 : Compromise Accounts T1554 : Compromise Host Software Binary T1584 : Compromise Infrastructure T1609 : Container Administration Command T1613 : Container and Resource Discovery T1659 : Content Injection T1136 : Create Account T1543 : Create or Modify System Process T1555 : Credentials from Password Stores T1485 : Data Destruction T1132 : Data Encoding T1486 : Data Encrypted for Impact T1530 : Data from Cloud Storage T1602 : Data from Configuration Repository T1213 : Data from Information Repositories T1005 : Data from Local System T1039 : Data from Network Shared Drive T1025 : Data from Removable Media T1565 : Data Manipulation T1001 : Data Obfuscation T1074 : Data Staged T1030 : Data Transfer Size Limits T1622 : Debugger Evasion T1491 : Defacement T1140 : Deobfuscate/Decode Files or Information T1610 : Deploy Container T1587 : Develop Capabilities T1652 : Device Driver Discovery T1006 : Direct Volume Access T1561 : Disk Wipe T1484 : Domain or Tenant Policy Modification T1482 : Domain Trust Discovery T1189 : Drive-by Compromise T1568 : Dynamic Resolution T1114 : Email Collection T1573 : Encrypted Channel T1499 : Endpoint Denial of Service T1611 : Escape to Host T1585 : Establish Accounts T1546 : Event Triggered Execution T1480 : Execution Guardrails T1048 : Exfiltration Over Alternative Protocol T1041 : Exfiltration Over C2 Channel T1011 : Exfiltration Over Other Network Medium T1052 : Exfiltration Over Physical Medium T1567 : Exfiltration Over Web Service T1190 : Exploit Public-Facing Application T1203 : Exploitation for Client Execution T1212 : Exploitation for Credential Access T1211 : Exploitation for Defense Evasion T1068 : Exploitation for Privilege Escalation T1210 : Exploitation of Remote Services T1133 : External Remote Services T1008 : Fallback Channels T1083 : File and Directory Discovery T1222 : File and Directory Permissions Modification T1657 : Financial Theft T1495 : Firmware Corruption T1187 : Forced Authentication T1606 : Forge Web Credentials T1592 : Gather Victim Host Information T1589 : Gather Victim Identity Information T1590 : Gather Victim Network Information T1591 : Gather Victim Org Information T1615 : Group Policy Discovery T1200 : Hardware Additions T1564 : Hide Artifacts T1665 : Hide Infrastructure T1574 : Hijack Execution Flow T1562 : Impair Defenses T1656 : Impersonation T1525 : Implant Internal Image T1070 : Indicator Removal T1202 : Indirect Command Execution T1105 : Ingress Tool Transfer T1490 : Inhibit System Recovery T1056 : Input Capture T1559 : Inter-Process Communication T1534 : Internal Spearphishing T1570 : Lateral Tool Transfer T1654 : Log Enumeration T1036 : Masquerading T1556 : Modify Authentication Process T1578 : Modify Cloud Compute Infrastructure T1112 : Modify Registry T1601 : Modify System Image T1111 : Multi-Factor Authentication Interception T1621 : Multi-Factor Authentication Request Generation T1104 : Multi-Stage Channels T1106 : Native API T1599 : Network Boundary Bridging T1498 : Network Denial of Service T1046 : Network Service Discovery T1135 : Network Share Discovery T1040 : Network Sniffing T1095 : Non-Application Layer Protocol T1571 : Non-Standard Port T1027 : Obfuscated Files or Information T1588 : Obtain Capabilities T1137 : Office Application Startup T1003 : OS Credential Dumping T1201 : Password Policy Discovery T1120 : Peripheral Device Discovery T1069 : Permission Groups Discovery T1566 : Phishing T1598 : Phishing for Information T1647 : Plist File Modification T1653 : Power Settings T1542 : Pre-OS Boot T1057 : Process Discovery T1055 : Process Injection T1572 : Protocol Tunneling T1090 : Proxy T1012 : Query Registry T1620 : Reflective Code Loading T1219 : Remote Access Software T1563 : Remote Service Session Hijacking T1021 : Remote Services T1018 : Remote System Discovery T1091 : Replication Through Removable Media T1496 : Resource Hijacking T1207 : Rogue Domain Controller T1014 : Rootkit T1053 : Scheduled Task/Job T1029 : Scheduled Transfer T1113 : Screen Capture T1597 : Search Closed Sources T1596 : Search Open Technical Databases T1593 : Search Open Websites/Domains T1594 : Search Victim-Owned Websites T1505 : Server Software Component T1648 : Serverless Execution T1489 : Service Stop T1129 : Shared Modules T1072 : Software Deployment Tools T1518 : Software Discovery T1608 : Stage Capabilities T1528 : Steal Application Access Token T1649 : Steal or Forge Authentication Certificates T1558 : Steal or Forge Kerberos Tickets T1539 : Steal Web Session Cookie T1553 : Subvert Trust Controls T1195 : Supply Chain Compromise T1218 : System Binary Proxy Execution T1082 : System Information Discovery T1614 : System Location Discovery T1016 : System Network Configuration Discovery T1049 : System Network Connections Discovery T1033 : System Owner/User Discovery T1216 : System Script Proxy Execution T1007 : System Service Discovery T1569 : System Services T1529 : System Shutdown/Reboot T1124 : System Time Discovery T1080 : Taint Shared Content T1221 : Template Injection T1205 : Traffic Signaling T1537 : Transfer Data to Cloud Account T1127 : Trusted Developer Utilities Proxy Execution T1199 : Trusted Relationship T1552 : Unsecured Credentials T1535 : Unused/Unsupported Cloud Regions T1550 : Use Alternate Authentication Material T1204 : User Execution T1078 : Valid Accounts T1125 : Video Capture T1497 : Virtualization/Sandbox Evasion T1600 : Weaken Encryption T1102 : Web Service T1047 : Windows Management Instrumentation T1220 : XSL Script Processing     ","T1071, T1132, T1140, T1105, T1505","**Cybersecurity Analysis and MITRE ATT&CK Mapping**

The provided text describes the functionality of a web shell (STEADYPULSE), detailing its methods of initial access, persistence, communication, and execution capabilities. The following MITRE Enterprise attack patterns have been identified:

**1. Exploit Public-Facing Application (T1190)**
*   **Reasoning:** The web shell is explicitly stated to ""target Pulse Secure VPN servers."" Targeting a specific, exposed network service (the VPN server) constitutes exploiting a public-facing application.

**2. Compromise Host Software Binary (T1554)**
*   **Reasoning:** The attack involves ""modifying a legitimate Perl script"" and later modifying ""Perl scripts on the targeted server to import additional Perl modules."" This action directly compromises the integrity of the host's software binary (the script).

**3. Application Layer Protocol (T1071)**
*   **Reasoning:** The web shell ""can parse incoming web requests to determine the next steps in its execution."" This indicates the attacker is utilizing and manipulating the application layer protocols (HTTP/S) to receive and process commands, which is the definition of T1071.

**4. Data Encoding (T1132)**
*   **Reasoning:** The text specifies that the attacker uses ""URL encoding"" to transmit data over the C2 channel. This is a clear example of using data encoding techniques to obfuscate or transmit information.

**5. Deobfuscate/Decode Files or Information (T1140)**
*   **Reasoning:** The web shell is ""capable of URL decoding key/value pairs received over C2."" The act of decoding data received from the C2 channel is a form of deobfuscation.

**6. Command and Scripting Interpreter (T1059)**
*   **Reasoning:** The ultimate goal of the web shell is to ""enable the execution of arbitrary commands on compromised web servers."" This capability—running arbitrary commands—is the core function described by T1059.

***

**Final Technique IDs:**
T1190, T1554, T1071, T1132, T1140, T1059"
38,"Extract all MITRE Enterprise attack patterns from the following text and map them to their corresponding MITRE technique IDs. Provide reasoning for each identification. Ensure the final line contains only the IDs for the main techniques, separated by commas, excluding any subtechnique IDs. MITRE Enterprise IDs are given below as reference.  **Text:** FRAMESTING is a Python-based web shell used during the Cutting Edge campaign to infiltrate Ivanti Connect Secure environments by embedding itself into a Python package for command execution. FRAMESTING can retrieve command and control (C2) instructions from values stored in the DSID cookie of an HTTP request or from decompressed zlib data within the request's POST data. It is specifically designed to embed itself within the CAV Python package of an Ivanti Connect Secure VPN, located at `/home/venv3/lib/python3.6/site-packages/cav-0.1-py3.6.egg/cav/api/resources/category.py`. The web shell can send and receive zlib-compressed data through POST requests and decompress incoming data for processing. FRAMESTING enables the execution of arbitrary commands on compromised Ivanti Connect Secure VPNs.  **List of All MITRE Enterprise technique IDs** ID    : Name T1548 : Abuse Elevation Control Mechanism T1134 : Access Token Manipulation T1531 : Account Access Removal T1087 : Account Discovery T1098 : Account Manipulation T1650 : Acquire Access T1583 : Acquire Infrastructure T1595 : Active Scanning T1557 : Adversary-in-the-Middle T1071 : Application Layer Protocol T1010 : Application Window Discovery T1560 : Archive Collected Data T1123 : Audio Capture T1119 : Automated Collection T1020 : Automated Exfiltration T1197 : BITS Jobs T1547 : Boot or Logon Autostart Execution T1037 : Boot or Logon Initialization Scripts T1176 : Browser Extensions T1217 : Browser Information Discovery T1185 : Browser Session Hijacking T1110 : Brute Force T1612 : Build Image on Host T1115 : Clipboard Data T1651 : Cloud Administration Command T1580 : Cloud Infrastructure Discovery T1538 : Cloud Service Dashboard T1526 : Cloud Service Discovery T1619 : Cloud Storage Object Discovery T1059 : Command and Scripting Interpreter T1092 : Communication Through Removable Media T1586 : Compromise Accounts T1554 : Compromise Host Software Binary T1584 : Compromise Infrastructure T1609 : Container Administration Command T1613 : Container and Resource Discovery T1659 : Content Injection T1136 : Create Account T1543 : Create or Modify System Process T1555 : Credentials from Password Stores T1485 : Data Destruction T1132 : Data Encoding T1486 : Data Encrypted for Impact T1530 : Data from Cloud Storage T1602 : Data from Configuration Repository T1213 : Data from Information Repositories T1005 : Data from Local System T1039 : Data from Network Shared Drive T1025 : Data from Removable Media T1565 : Data Manipulation T1001 : Data Obfuscation T1074 : Data Staged T1030 : Data Transfer Size Limits T1622 : Debugger Evasion T1491 : Defacement T1140 : Deobfuscate/Decode Files or Information T1610 : Deploy Container T1587 : Develop Capabilities T1652 : Device Driver Discovery T1006 : Direct Volume Access T1561 : Disk Wipe T1484 : Domain or Tenant Policy Modification T1482 : Domain Trust Discovery T1189 : Drive-by Compromise T1568 : Dynamic Resolution T1114 : Email Collection T1573 : Encrypted Channel T1499 : Endpoint Denial of Service T1611 : Escape to Host T1585 : Establish Accounts T1546 : Event Triggered Execution T1480 : Execution Guardrails T1048 : Exfiltration Over Alternative Protocol T1041 : Exfiltration Over C2 Channel T1011 : Exfiltration Over Other Network Medium T1052 : Exfiltration Over Physical Medium T1567 : Exfiltration Over Web Service T1190 : Exploit Public-Facing Application T1203 : Exploitation for Client Execution T1212 : Exploitation for Credential Access T1211 : Exploitation for Defense Evasion T1068 : Exploitation for Privilege Escalation T1210 : Exploitation of Remote Services T1133 : External Remote Services T1008 : Fallback Channels T1083 : File and Directory Discovery T1222 : File and Directory Permissions Modification T1657 : Financial Theft T1495 : Firmware Corruption T1187 : Forced Authentication T1606 : Forge Web Credentials T1592 : Gather Victim Host Information T1589 : Gather Victim Identity Information T1590 : Gather Victim Network Information T1591 : Gather Victim Org Information T1615 : Group Policy Discovery T1200 : Hardware Additions T1564 : Hide Artifacts T1665 : Hide Infrastructure T1574 : Hijack Execution Flow T1562 : Impair Defenses T1656 : Impersonation T1525 : Implant Internal Image T1070 : Indicator Removal T1202 : Indirect Command Execution T1105 : Ingress Tool Transfer T1490 : Inhibit System Recovery T1056 : Input Capture T1559 : Inter-Process Communication T1534 : Internal Spearphishing T1570 : Lateral Tool Transfer T1654 : Log Enumeration T1036 : Masquerading T1556 : Modify Authentication Process T1578 : Modify Cloud Compute Infrastructure T1112 : Modify Registry T1601 : Modify System Image T1111 : Multi-Factor Authentication Interception T1621 : Multi-Factor Authentication Request Generation T1104 : Multi-Stage Channels T1106 : Native API T1599 : Network Boundary Bridging T1498 : Network Denial of Service T1046 : Network Service Discovery T1135 : Network Share Discovery T1040 : Network Sniffing T1095 : Non-Application Layer Protocol T1571 : Non-Standard Port T1027 : Obfuscated Files or Information T1588 : Obtain Capabilities T1137 : Office Application Startup T1003 : OS Credential Dumping T1201 : Password Policy Discovery T1120 : Peripheral Device Discovery T1069 : Permission Groups Discovery T1566 : Phishing T1598 : Phishing for Information T1647 : Plist File Modification T1653 : Power Settings T1542 : Pre-OS Boot T1057 : Process Discovery T1055 : Process Injection T1572 : Protocol Tunneling T1090 : Proxy T1012 : Query Registry T1620 : Reflective Code Loading T1219 : Remote Access Software T1563 : Remote Service Session Hijacking T1021 : Remote Services T1018 : Remote System Discovery T1091 : Replication Through Removable Media T1496 : Resource Hijacking T1207 : Rogue Domain Controller T1014 : Rootkit T1053 : Scheduled Task/Job T1029 : Scheduled Transfer T1113 : Screen Capture T1597 : Search Closed Sources T1596 : Search Open Technical Databases T1593 : Search Open Websites/Domains T1594 : Search Victim-Owned Websites T1505 : Server Software Component T1648 : Serverless Execution T1489 : Service Stop T1129 : Shared Modules T1072 : Software Deployment Tools T1518 : Software Discovery T1608 : Stage Capabilities T1528 : Steal Application Access Token T1649 : Steal or Forge Authentication Certificates T1558 : Steal or Forge Kerberos Tickets T1539 : Steal Web Session Cookie T1553 : Subvert Trust Controls T1195 : Supply Chain Compromise T1218 : System Binary Proxy Execution T1082 : System Information Discovery T1614 : System Location Discovery T1016 : System Network Configuration Discovery T1049 : System Network Connections Discovery T1033 : System Owner/User Discovery T1216 : System Script Proxy Execution T1007 : System Service Discovery T1569 : System Services T1529 : System Shutdown/Reboot T1124 : System Time Discovery T1080 : Taint Shared Content T1221 : Template Injection T1205 : Traffic Signaling T1537 : Transfer Data to Cloud Account T1127 : Trusted Developer Utilities Proxy Execution T1199 : Trusted Relationship T1552 : Unsecured Credentials T1535 : Unused/Unsupported Cloud Regions T1550 : Use Alternate Authentication Material T1204 : User Execution T1078 : Valid Accounts T1125 : Video Capture T1497 : Virtualization/Sandbox Evasion T1600 : Weaken Encryption T1102 : Web Service T1047 : Windows Management Instrumentation T1220 : XSL Script Processing     ","T1071, T1059, T1554, T1001, T1140, T1505","### MITRE Enterprise Attack Pattern Extraction and Mapping

**1. T1190: Exploit Public-Facing Application**
*   **Reasoning:** The text describes FRAMESTING as a ""web shell used... to infiltrate Ivanti Connect Secure environments."" This indicates that the attacker leveraged a publicly accessible service (the VPN/web interface) to gain initial access, which is the definition of exploiting a public-facing application.

**2. T1195: Supply Chain Compromise**
*   **Reasoning:** The attack involves embedding the web shell into a legitimate software package (""embedding itself into a Python package"" and ""embed itself within the CAV Python package""). This action compromises the integrity of a trusted software component, a classic supply chain attack vector.

**3. T1554: Compromise Host Software Binary**
*   **Reasoning:** By embedding the web shell directly into the `cav-0.1-py3.6.egg` package, the attacker is modifying or compromising a specific, legitimate binary/library file on the host system, allowing the malicious code to execute with the privileges of the compromised software.

**4. T1059: Command and Scripting Interpreter**
*   **Reasoning:** The core function of the web shell is to enable ""the execution of arbitrary commands on compromised Ivanti Connect Secure VPNs."" This directly maps to the use of an interpreter (like Python, in this case) to execute system commands.

**5. T1210: Exploitation of Remote Services**
*   **Reasoning:** The web shell is designed to operate remotely, allowing the attacker to execute commands and receive data over the network from the compromised VPN. This represents the exploitation of a remote service (the VPN connection).

**6. T1539: Steal Web Session Cookie**
*   **Reasoning:** The web shell is described as retrieving C2 instructions from ""values stored in the DSID cookie of an HTTP request."" Stealing session cookies is a primary method for maintaining persistence and hijacking user sessions.

**7. T1132: Data Encoding**
*   **Reasoning:** The web shell uses ""decompressed zlib data"" and sends/receives ""zlib-compressed data."" The use of zlib compression is a form of data encoding/obfuscation used to transmit or hide data within network traffic.

**8. T1041: Exfiltration Over C2 Channel**
*   **Reasoning:** The web shell sends and receives data (C2 instructions, zlib-compressed data) through POST requests. This establishes a Command and Control (C2) channel, and the act of sending data out of the network is data exfiltration.

**9. T1071: Application Layer Protocol**
*   **Note:** While the specific protocol (HTTP/HTTPS) is implied, the mechanism of using the application layer (HTTP requests) to transfer commands and data is the core technique. This technique is fundamental to the operation of the web shell.

***

**Summary of Identified Techniques:** The attack leverages web application vulnerabilities to establish a persistent, covert communication channel (T1071) to execute commands (T1059) and exfiltrate data (T1132), all while compromising the integrity of the system via supply chain methods (T1195) and exploiting the application layer.

**Final List of Techniques:**
*   T1071: Application Layer Protocol
*   T1195: Supply Chain"
39,"Extract all MITRE Enterprise attack patterns from the following text and map them to their corresponding MITRE technique IDs. Provide reasoning for each identification. Ensure the final line contains only the IDs for the main techniques, separated by commas, excluding any subtechnique IDs. MITRE Enterprise IDs are given below as reference.  **Text:** COATHANGER is a remote access tool (RAT) designed to target FortiGate networking appliances. It was first deployed in 2023 in targeted intrusions against military and government entities in the Netherlands and other locations. Disclosed in early 2024, COATHANGER has been attributed with high confidence to a state-sponsored entity in the People's Republic of China. The malware uses an HTTP GET request to establish a follow-on TLS tunnel for command and control (C2) communication. COATHANGER provides a BusyBox reverse shell for C2 operations and creates a daemon for timed check-ins with the C2 infrastructure. It decodes configuration items from a bundled file to facilitate C2 activity and connects to the C2 infrastructure using SSL. The malware is installed after exploiting a vulnerable FortiGate device and surveys the contents of system files during installation. COATHANGER sets the GID of `httpsd` to 90 upon infection, installs itself into a hidden directory, and removes and writes malicious shared objects that replace legitimate system functions such as `read(2)`.  **List of All MITRE Enterprise technique IDs** ID    : Name T1548 : Abuse Elevation Control Mechanism T1134 : Access Token Manipulation T1531 : Account Access Removal T1087 : Account Discovery T1098 : Account Manipulation T1650 : Acquire Access T1583 : Acquire Infrastructure T1595 : Active Scanning T1557 : Adversary-in-the-Middle T1071 : Application Layer Protocol T1010 : Application Window Discovery T1560 : Archive Collected Data T1123 : Audio Capture T1119 : Automated Collection T1020 : Automated Exfiltration T1197 : BITS Jobs T1547 : Boot or Logon Autostart Execution T1037 : Boot or Logon Initialization Scripts T1176 : Browser Extensions T1217 : Browser Information Discovery T1185 : Browser Session Hijacking T1110 : Brute Force T1612 : Build Image on Host T1115 : Clipboard Data T1651 : Cloud Administration Command T1580 : Cloud Infrastructure Discovery T1538 : Cloud Service Dashboard T1526 : Cloud Service Discovery T1619 : Cloud Storage Object Discovery T1059 : Command and Scripting Interpreter T1092 : Communication Through Removable Media T1586 : Compromise Accounts T1554 : Compromise Host Software Binary T1584 : Compromise Infrastructure T1609 : Container Administration Command T1613 : Container and Resource Discovery T1659 : Content Injection T1136 : Create Account T1543 : Create or Modify System Process T1555 : Credentials from Password Stores T1485 : Data Destruction T1132 : Data Encoding T1486 : Data Encrypted for Impact T1530 : Data from Cloud Storage T1602 : Data from Configuration Repository T1213 : Data from Information Repositories T1005 : Data from Local System T1039 : Data from Network Shared Drive T1025 : Data from Removable Media T1565 : Data Manipulation T1001 : Data Obfuscation T1074 : Data Staged T1030 : Data Transfer Size Limits T1622 : Debugger Evasion T1491 : Defacement T1140 : Deobfuscate/Decode Files or Information T1610 : Deploy Container T1587 : Develop Capabilities T1652 : Device Driver Discovery T1006 : Direct Volume Access T1561 : Disk Wipe T1484 : Domain or Tenant Policy Modification T1482 : Domain Trust Discovery T1189 : Drive-by Compromise T1568 : Dynamic Resolution T1114 : Email Collection T1573 : Encrypted Channel T1499 : Endpoint Denial of Service T1611 : Escape to Host T1585 : Establish Accounts T1546 : Event Triggered Execution T1480 : Execution Guardrails T1048 : Exfiltration Over Alternative Protocol T1041 : Exfiltration Over C2 Channel T1011 : Exfiltration Over Other Network Medium T1052 : Exfiltration Over Physical Medium T1567 : Exfiltration Over Web Service T1190 : Exploit Public-Facing Application T1203 : Exploitation for Client Execution T1212 : Exploitation for Credential Access T1211 : Exploitation for Defense Evasion T1068 : Exploitation for Privilege Escalation T1210 : Exploitation of Remote Services T1133 : External Remote Services T1008 : Fallback Channels T1083 : File and Directory Discovery T1222 : File and Directory Permissions Modification T1657 : Financial Theft T1495 : Firmware Corruption T1187 : Forced Authentication T1606 : Forge Web Credentials T1592 : Gather Victim Host Information T1589 : Gather Victim Identity Information T1590 : Gather Victim Network Information T1591 : Gather Victim Org Information T1615 : Group Policy Discovery T1200 : Hardware Additions T1564 : Hide Artifacts T1665 : Hide Infrastructure T1574 : Hijack Execution Flow T1562 : Impair Defenses T1656 : Impersonation T1525 : Implant Internal Image T1070 : Indicator Removal T1202 : Indirect Command Execution T1105 : Ingress Tool Transfer T1490 : Inhibit System Recovery T1056 : Input Capture T1559 : Inter-Process Communication T1534 : Internal Spearphishing T1570 : Lateral Tool Transfer T1654 : Log Enumeration T1036 : Masquerading T1556 : Modify Authentication Process T1578 : Modify Cloud Compute Infrastructure T1112 : Modify Registry T1601 : Modify System Image T1111 : Multi-Factor Authentication Interception T1621 : Multi-Factor Authentication Request Generation T1104 : Multi-Stage Channels T1106 : Native API T1599 : Network Boundary Bridging T1498 : Network Denial of Service T1046 : Network Service Discovery T1135 : Network Share Discovery T1040 : Network Sniffing T1095 : Non-Application Layer Protocol T1571 : Non-Standard Port T1027 : Obfuscated Files or Information T1588 : Obtain Capabilities T1137 : Office Application Startup T1003 : OS Credential Dumping T1201 : Password Policy Discovery T1120 : Peripheral Device Discovery T1069 : Permission Groups Discovery T1566 : Phishing T1598 : Phishing for Information T1647 : Plist File Modification T1653 : Power Settings T1542 : Pre-OS Boot T1057 : Process Discovery T1055 : Process Injection T1572 : Protocol Tunneling T1090 : Proxy T1012 : Query Registry T1620 : Reflective Code Loading T1219 : Remote Access Software T1563 : Remote Service Session Hijacking T1021 : Remote Services T1018 : Remote System Discovery T1091 : Replication Through Removable Media T1496 : Resource Hijacking T1207 : Rogue Domain Controller T1014 : Rootkit T1053 : Scheduled Task/Job T1029 : Scheduled Transfer T1113 : Screen Capture T1597 : Search Closed Sources T1596 : Search Open Technical Databases T1593 : Search Open Websites/Domains T1594 : Search Victim-Owned Websites T1505 : Server Software Component T1648 : Serverless Execution T1489 : Service Stop T1129 : Shared Modules T1072 : Software Deployment Tools T1518 : Software Discovery T1608 : Stage Capabilities T1528 : Steal Application Access Token T1649 : Steal or Forge Authentication Certificates T1558 : Steal or Forge Kerberos Tickets T1539 : Steal Web Session Cookie T1553 : Subvert Trust Controls T1195 : Supply Chain Compromise T1218 : System Binary Proxy Execution T1082 : System Information Discovery T1614 : System Location Discovery T1016 : System Network Configuration Discovery T1049 : System Network Connections Discovery T1033 : System Owner/User Discovery T1216 : System Script Proxy Execution T1007 : System Service Discovery T1569 : System Services T1529 : System Shutdown/Reboot T1124 : System Time Discovery T1080 : Taint Shared Content T1221 : Template Injection T1205 : Traffic Signaling T1537 : Transfer Data to Cloud Account T1127 : Trusted Developer Utilities Proxy Execution T1199 : Trusted Relationship T1552 : Unsecured Credentials T1535 : Unused/Unsupported Cloud Regions T1550 : Use Alternate Authentication Material T1204 : User Execution T1078 : Valid Accounts T1125 : Video Capture T1497 : Virtualization/Sandbox Evasion T1600 : Weaken Encryption T1102 : Web Service T1047 : Windows Management Instrumentation T1220 : XSL Script Processing     ","T1071, T1059, T1543, T1140, T1573, T1190, T1083, T1222, T1564, T1574","### MITRE Enterprise Attack Pattern Extraction and Analysis

**Text Analysis:** The description details a multi-stage attack involving initial exploitation, establishing persistent command and control (C2), data discovery, and deep system modification (rootkit functionality).

---

#### Identified MITRE Techniques and Reasoning

**1. T1190: Exploit Public-Facing Application**
*   **Reasoning:** The text explicitly states that the malware is installed after ""exploiting a vulnerable FortiGate device."" This directly matches the definition of exploiting a publicly accessible service or application.

**2. T1071: Application Layer Protocol**
*   **Reasoning:** The malware uses an ""HTTP GET request"" to initiate communication. This technique involves using common application layer protocols (like HTTP) for malicious purposes, which is the initial communication vector.

**3. T1573: Encrypted Channel**
*   **Reasoning:** The malware establishes a ""follow-on TLS tunnel for command and control (C2) communication"" and connects using ""SSL."" TLS/SSL are standard methods for creating encrypted channels to evade detection.

**4. T1059: Command and Scripting Interpreter**
*   **Reasoning:** The malware provides a ""BusyBox reverse shell for C2 operations."" A reverse shell is a mechanism for executing commands remotely, falling under the scope of command and scripting interpreters.

**5. T1219: Remote Access Software**
*   **Reasoning:** The malware is described as a ""remote access tool (RAT)"" and provides a ""reverse shell."" These are primary functions of remote access software used by threat actors.

**6. T1053: Scheduled Task/Job**
*   **Reasoning:** The malware ""creates a daemon for timed check-ins with the C2 infrastructure."" This persistence mechanism is achieved by scheduling recurring tasks or jobs.

**7. T1140: Deobfuscate/Decode Files or Information**
*   **Reasoning:** The malware ""decodes configuration items from a bundled file to facilitate C2 activity."" This action requires the decoding or deobfuscation of embedded data.

**8. T1083: File and Directory Discovery**
*   **Reasoning:** The malware ""surveys the contents of system files during installation."" This is a direct action of discovering the file system structure and contents.

**9. T1005: Data from Local System**
*   **Reasoning:** By ""surveying the contents of system files,"" the malware is gathering general system information, which falls under the broad category of collecting data from the local system.

**10. T1222: File and Directory Permissions Modification**
*   **Reasoning:** The malware ""sets the GID of `httpsd` to 90 upon infection."" Changing the Group ID (GID) is a modification of file or directory permissions/attributes.

**11. T1564: Hide Artifacts**
*   **Reasoning:** The malware ""installs itself into a hidden directory."" This is a classic technique used to conceal malicious files and directories from detection.

**12. T1014: Rootkit**
*   **Reasoning:** The malware ""removes and writes malicious shared objects that replace legitimate system functions such as `read`."" This behavior—intercepting or replacing core system functions—is the definition of rootkit activity.

***

**Summary of Identified Techniques:**

| Technique | Description |
| :--- | :--- |
| **T1190** | Exploit Public-Facing Application (Initial Access) |
| **T1021** | Remote Services (Execution) |
| **T1071** | Application Layer Protocol (C2) |
| **T1059.003** | Command and Scripting Interpreter (Execution) |
| **T1027** | Obfuscated Files or Information (Evasion) |
| **T1547.001** | Registry Run Keys / Startup Folder (Persistence) |
| **T1055** | Process Injection (Execution) |
| **T1022** | Data Manipulation (Impact) |

*(Note: The provided list"
40,"Extract all MITRE Enterprise attack patterns from the following text and map them to their corresponding MITRE technique IDs. Provide reasoning for each identification. Ensure the final line contains only the IDs for the main techniques, separated by commas, excluding any subtechnique IDs. MITRE Enterprise IDs are given below as reference.  **Text:** WARPWIRE is a JavaScript-based credential stealer that targets plaintext usernames and passwords for exfiltration. It was deployed during the Cutting Edge campaign to compromise Ivanti Connect Secure VPNs. WARPWIRE operates as a credential harvester written in JavaScript and can embed itself into legitimate files on compromised Ivanti Connect Secure VPNs. It Base64 encodes captured credentials using `btoa()` before transmitting them to its command and control (C2) server. The stolen credentials are sent via HTTP GET or POST requests. Additionally, WARPWIRE can intercept credentials submitted during the web logon process, enabling access to layer seven applications such as Remote Desktop Protocol (RDP).  **List of All MITRE Enterprise technique IDs** ID    : Name T1548 : Abuse Elevation Control Mechanism T1134 : Access Token Manipulation T1531 : Account Access Removal T1087 : Account Discovery T1098 : Account Manipulation T1650 : Acquire Access T1583 : Acquire Infrastructure T1595 : Active Scanning T1557 : Adversary-in-the-Middle T1071 : Application Layer Protocol T1010 : Application Window Discovery T1560 : Archive Collected Data T1123 : Audio Capture T1119 : Automated Collection T1020 : Automated Exfiltration T1197 : BITS Jobs T1547 : Boot or Logon Autostart Execution T1037 : Boot or Logon Initialization Scripts T1176 : Browser Extensions T1217 : Browser Information Discovery T1185 : Browser Session Hijacking T1110 : Brute Force T1612 : Build Image on Host T1115 : Clipboard Data T1651 : Cloud Administration Command T1580 : Cloud Infrastructure Discovery T1538 : Cloud Service Dashboard T1526 : Cloud Service Discovery T1619 : Cloud Storage Object Discovery T1059 : Command and Scripting Interpreter T1092 : Communication Through Removable Media T1586 : Compromise Accounts T1554 : Compromise Host Software Binary T1584 : Compromise Infrastructure T1609 : Container Administration Command T1613 : Container and Resource Discovery T1659 : Content Injection T1136 : Create Account T1543 : Create or Modify System Process T1555 : Credentials from Password Stores T1485 : Data Destruction T1132 : Data Encoding T1486 : Data Encrypted for Impact T1530 : Data from Cloud Storage T1602 : Data from Configuration Repository T1213 : Data from Information Repositories T1005 : Data from Local System T1039 : Data from Network Shared Drive T1025 : Data from Removable Media T1565 : Data Manipulation T1001 : Data Obfuscation T1074 : Data Staged T1030 : Data Transfer Size Limits T1622 : Debugger Evasion T1491 : Defacement T1140 : Deobfuscate/Decode Files or Information T1610 : Deploy Container T1587 : Develop Capabilities T1652 : Device Driver Discovery T1006 : Direct Volume Access T1561 : Disk Wipe T1484 : Domain or Tenant Policy Modification T1482 : Domain Trust Discovery T1189 : Drive-by Compromise T1568 : Dynamic Resolution T1114 : Email Collection T1573 : Encrypted Channel T1499 : Endpoint Denial of Service T1611 : Escape to Host T1585 : Establish Accounts T1546 : Event Triggered Execution T1480 : Execution Guardrails T1048 : Exfiltration Over Alternative Protocol T1041 : Exfiltration Over C2 Channel T1011 : Exfiltration Over Other Network Medium T1052 : Exfiltration Over Physical Medium T1567 : Exfiltration Over Web Service T1190 : Exploit Public-Facing Application T1203 : Exploitation for Client Execution T1212 : Exploitation for Credential Access T1211 : Exploitation for Defense Evasion T1068 : Exploitation for Privilege Escalation T1210 : Exploitation of Remote Services T1133 : External Remote Services T1008 : Fallback Channels T1083 : File and Directory Discovery T1222 : File and Directory Permissions Modification T1657 : Financial Theft T1495 : Firmware Corruption T1187 : Forced Authentication T1606 : Forge Web Credentials T1592 : Gather Victim Host Information T1589 : Gather Victim Identity Information T1590 : Gather Victim Network Information T1591 : Gather Victim Org Information T1615 : Group Policy Discovery T1200 : Hardware Additions T1564 : Hide Artifacts T1665 : Hide Infrastructure T1574 : Hijack Execution Flow T1562 : Impair Defenses T1656 : Impersonation T1525 : Implant Internal Image T1070 : Indicator Removal T1202 : Indirect Command Execution T1105 : Ingress Tool Transfer T1490 : Inhibit System Recovery T1056 : Input Capture T1559 : Inter-Process Communication T1534 : Internal Spearphishing T1570 : Lateral Tool Transfer T1654 : Log Enumeration T1036 : Masquerading T1556 : Modify Authentication Process T1578 : Modify Cloud Compute Infrastructure T1112 : Modify Registry T1601 : Modify System Image T1111 : Multi-Factor Authentication Interception T1621 : Multi-Factor Authentication Request Generation T1104 : Multi-Stage Channels T1106 : Native API T1599 : Network Boundary Bridging T1498 : Network Denial of Service T1046 : Network Service Discovery T1135 : Network Share Discovery T1040 : Network Sniffing T1095 : Non-Application Layer Protocol T1571 : Non-Standard Port T1027 : Obfuscated Files or Information T1588 : Obtain Capabilities T1137 : Office Application Startup T1003 : OS Credential Dumping T1201 : Password Policy Discovery T1120 : Peripheral Device Discovery T1069 : Permission Groups Discovery T1566 : Phishing T1598 : Phishing for Information T1647 : Plist File Modification T1653 : Power Settings T1542 : Pre-OS Boot T1057 : Process Discovery T1055 : Process Injection T1572 : Protocol Tunneling T1090 : Proxy T1012 : Query Registry T1620 : Reflective Code Loading T1219 : Remote Access Software T1563 : Remote Service Session Hijacking T1021 : Remote Services T1018 : Remote System Discovery T1091 : Replication Through Removable Media T1496 : Resource Hijacking T1207 : Rogue Domain Controller T1014 : Rootkit T1053 : Scheduled Task/Job T1029 : Scheduled Transfer T1113 : Screen Capture T1597 : Search Closed Sources T1596 : Search Open Technical Databases T1593 : Search Open Websites/Domains T1594 : Search Victim-Owned Websites T1505 : Server Software Component T1648 : Serverless Execution T1489 : Service Stop T1129 : Shared Modules T1072 : Software Deployment Tools T1518 : Software Discovery T1608 : Stage Capabilities T1528 : Steal Application Access Token T1649 : Steal or Forge Authentication Certificates T1558 : Steal or Forge Kerberos Tickets T1539 : Steal Web Session Cookie T1553 : Subvert Trust Controls T1195 : Supply Chain Compromise T1218 : System Binary Proxy Execution T1082 : System Information Discovery T1614 : System Location Discovery T1016 : System Network Configuration Discovery T1049 : System Network Connections Discovery T1033 : System Owner/User Discovery T1216 : System Script Proxy Execution T1007 : System Service Discovery T1569 : System Services T1529 : System Shutdown/Reboot T1124 : System Time Discovery T1080 : Taint Shared Content T1221 : Template Injection T1205 : Traffic Signaling T1537 : Transfer Data to Cloud Account T1127 : Trusted Developer Utilities Proxy Execution T1199 : Trusted Relationship T1552 : Unsecured Credentials T1535 : Unused/Unsupported Cloud Regions T1550 : Use Alternate Authentication Material T1204 : User Execution T1078 : Valid Accounts T1125 : Video Capture T1497 : Virtualization/Sandbox Evasion T1600 : Weaken Encryption T1102 : Web Service T1047 : Windows Management Instrumentation T1220 : XSL Script Processing     ","T1059, T1554, T1132, T1048, T1056","**Analysis of WARPWIRE Attack Patterns**

| MITRE Technique ID | Technique Name | Reasoning |
| :--- | :--- | :--- |
| **T1059** | Command and Scripting Interpreter | The malware is explicitly described as being ""written in JavaScript,"" which falls under the category of scripting interpreters used for execution. |
| **T1552** | Unsecured Credentials | The primary goal of the malware is to steal ""plaintext usernames and passwords,"" directly targeting unsecured credentials. |
| **T1056** | Input Capture | The text states that WARPWIRE can ""intercept credentials submitted during the web logon process,"" which is the definition of capturing user input. |
| **T1132** | Data Encoding | The malware ""Base64 encodes captured credentials using `btoa()`"" before transmission, which is a clear example of data encoding. |
| **T1554** | Compromise Host Software Binary | The malware ""can embed itself into legitimate files,"" meaning it is compromising or modifying existing, legitimate software binaries on the host system. |
| **T1567** | Exfiltration Over Web Service | The stolen credentials are transmitted via ""HTTP GET or POST requests"" to a C2 server. HTTP/S is classified as a web service protocol used for data exfiltration. |
| **T1020** | Automated Exfiltration | The process of capturing and transmitting stolen credentials to a C2 server is an automated data exfiltration process. |
| **T1210** | Exploitation of Remote Services | The malware enables access to ""layer seven applications such as Remote Desktop Protocol (RDP),"" indicating the exploitation or misuse of a remote service to gain access. |
| **T1021** | Remote Services | The mention of RDP (Remote Desktop Protocol) directly relates to the use and exploitation of remote services. |

T1059, T1552, T1056, T1132, T1554, T1567, T1020, T1210, T1021"
41,"Extract all MITRE Enterprise attack patterns from the following text and map them to their corresponding MITRE technique IDs. Provide reasoning for each identification. Ensure the final line contains only the IDs for the main techniques, separated by commas, excluding any subtechnique IDs. MITRE Enterprise IDs are given below as reference.  **Text:** AcidRain is an ELF binary designed to target modems and routers using MIPS architecture. It is linked to the ViaSat KA-SAT communication outage that occurred during the early stages of the 2022 invasion of Ukraine. AcidRain conducts a comprehensive wipe of the target filesystem and connected storage devices by either overwriting data or using various IOCTL commands to erase it. The malware systematically iterates over device file identifiers on the target, opens the device files, and then either overwrites them or issues IOCTL commands to remove the data. AcidRain specifically targets files and directories in the Linux operating system associated with storage devices. After completing the wiping process, AcidRain reboots the compromised system.  **List of All MITRE Enterprise technique IDs** ID    : Name T1548 : Abuse Elevation Control Mechanism T1134 : Access Token Manipulation T1531 : Account Access Removal T1087 : Account Discovery T1098 : Account Manipulation T1650 : Acquire Access T1583 : Acquire Infrastructure T1595 : Active Scanning T1557 : Adversary-in-the-Middle T1071 : Application Layer Protocol T1010 : Application Window Discovery T1560 : Archive Collected Data T1123 : Audio Capture T1119 : Automated Collection T1020 : Automated Exfiltration T1197 : BITS Jobs T1547 : Boot or Logon Autostart Execution T1037 : Boot or Logon Initialization Scripts T1176 : Browser Extensions T1217 : Browser Information Discovery T1185 : Browser Session Hijacking T1110 : Brute Force T1612 : Build Image on Host T1115 : Clipboard Data T1651 : Cloud Administration Command T1580 : Cloud Infrastructure Discovery T1538 : Cloud Service Dashboard T1526 : Cloud Service Discovery T1619 : Cloud Storage Object Discovery T1059 : Command and Scripting Interpreter T1092 : Communication Through Removable Media T1586 : Compromise Accounts T1554 : Compromise Host Software Binary T1584 : Compromise Infrastructure T1609 : Container Administration Command T1613 : Container and Resource Discovery T1659 : Content Injection T1136 : Create Account T1543 : Create or Modify System Process T1555 : Credentials from Password Stores T1485 : Data Destruction T1132 : Data Encoding T1486 : Data Encrypted for Impact T1530 : Data from Cloud Storage T1602 : Data from Configuration Repository T1213 : Data from Information Repositories T1005 : Data from Local System T1039 : Data from Network Shared Drive T1025 : Data from Removable Media T1565 : Data Manipulation T1001 : Data Obfuscation T1074 : Data Staged T1030 : Data Transfer Size Limits T1622 : Debugger Evasion T1491 : Defacement T1140 : Deobfuscate/Decode Files or Information T1610 : Deploy Container T1587 : Develop Capabilities T1652 : Device Driver Discovery T1006 : Direct Volume Access T1561 : Disk Wipe T1484 : Domain or Tenant Policy Modification T1482 : Domain Trust Discovery T1189 : Drive-by Compromise T1568 : Dynamic Resolution T1114 : Email Collection T1573 : Encrypted Channel T1499 : Endpoint Denial of Service T1611 : Escape to Host T1585 : Establish Accounts T1546 : Event Triggered Execution T1480 : Execution Guardrails T1048 : Exfiltration Over Alternative Protocol T1041 : Exfiltration Over C2 Channel T1011 : Exfiltration Over Other Network Medium T1052 : Exfiltration Over Physical Medium T1567 : Exfiltration Over Web Service T1190 : Exploit Public-Facing Application T1203 : Exploitation for Client Execution T1212 : Exploitation for Credential Access T1211 : Exploitation for Defense Evasion T1068 : Exploitation for Privilege Escalation T1210 : Exploitation of Remote Services T1133 : External Remote Services T1008 : Fallback Channels T1083 : File and Directory Discovery T1222 : File and Directory Permissions Modification T1657 : Financial Theft T1495 : Firmware Corruption T1187 : Forced Authentication T1606 : Forge Web Credentials T1592 : Gather Victim Host Information T1589 : Gather Victim Identity Information T1590 : Gather Victim Network Information T1591 : Gather Victim Org Information T1615 : Group Policy Discovery T1200 : Hardware Additions T1564 : Hide Artifacts T1665 : Hide Infrastructure T1574 : Hijack Execution Flow T1562 : Impair Defenses T1656 : Impersonation T1525 : Implant Internal Image T1070 : Indicator Removal T1202 : Indirect Command Execution T1105 : Ingress Tool Transfer T1490 : Inhibit System Recovery T1056 : Input Capture T1559 : Inter-Process Communication T1534 : Internal Spearphishing T1570 : Lateral Tool Transfer T1654 : Log Enumeration T1036 : Masquerading T1556 : Modify Authentication Process T1578 : Modify Cloud Compute Infrastructure T1112 : Modify Registry T1601 : Modify System Image T1111 : Multi-Factor Authentication Interception T1621 : Multi-Factor Authentication Request Generation T1104 : Multi-Stage Channels T1106 : Native API T1599 : Network Boundary Bridging T1498 : Network Denial of Service T1046 : Network Service Discovery T1135 : Network Share Discovery T1040 : Network Sniffing T1095 : Non-Application Layer Protocol T1571 : Non-Standard Port T1027 : Obfuscated Files or Information T1588 : Obtain Capabilities T1137 : Office Application Startup T1003 : OS Credential Dumping T1201 : Password Policy Discovery T1120 : Peripheral Device Discovery T1069 : Permission Groups Discovery T1566 : Phishing T1598 : Phishing for Information T1647 : Plist File Modification T1653 : Power Settings T1542 : Pre-OS Boot T1057 : Process Discovery T1055 : Process Injection T1572 : Protocol Tunneling T1090 : Proxy T1012 : Query Registry T1620 : Reflective Code Loading T1219 : Remote Access Software T1563 : Remote Service Session Hijacking T1021 : Remote Services T1018 : Remote System Discovery T1091 : Replication Through Removable Media T1496 : Resource Hijacking T1207 : Rogue Domain Controller T1014 : Rootkit T1053 : Scheduled Task/Job T1029 : Scheduled Transfer T1113 : Screen Capture T1597 : Search Closed Sources T1596 : Search Open Technical Databases T1593 : Search Open Websites/Domains T1594 : Search Victim-Owned Websites T1505 : Server Software Component T1648 : Serverless Execution T1489 : Service Stop T1129 : Shared Modules T1072 : Software Deployment Tools T1518 : Software Discovery T1608 : Stage Capabilities T1528 : Steal Application Access Token T1649 : Steal or Forge Authentication Certificates T1558 : Steal or Forge Kerberos Tickets T1539 : Steal Web Session Cookie T1553 : Subvert Trust Controls T1195 : Supply Chain Compromise T1218 : System Binary Proxy Execution T1082 : System Information Discovery T1614 : System Location Discovery T1016 : System Network Configuration Discovery T1049 : System Network Connections Discovery T1033 : System Owner/User Discovery T1216 : System Script Proxy Execution T1007 : System Service Discovery T1569 : System Services T1529 : System Shutdown/Reboot T1124 : System Time Discovery T1080 : Taint Shared Content T1221 : Template Injection T1205 : Traffic Signaling T1537 : Transfer Data to Cloud Account T1127 : Trusted Developer Utilities Proxy Execution T1199 : Trusted Relationship T1552 : Unsecured Credentials T1535 : Unused/Unsupported Cloud Regions T1550 : Use Alternate Authentication Material T1204 : User Execution T1078 : Valid Accounts T1125 : Video Capture T1497 : Virtualization/Sandbox Evasion T1600 : Weaken Encryption T1102 : Web Service T1047 : Windows Management Instrumentation T1220 : XSL Script Processing     ","T1485, T1561, T1083, T1529","**Cyberthreat Intelligence Analysis Report: AcidRain Malware**

Based on the provided text, the malware AcidRain exhibits several distinct behaviors that map directly to established MITRE ATT&CK Enterprise techniques. The primary focus of the threat is data destruction and system disruption.

---

### Identified MITRE Enterprise Attack Patterns

**1. Data Destruction (T1485)**
*   **Text Evidence:** ""AcidRain conducts a comprehensive wipe of the target filesystem and connected storage devices by either overwriting data or using various IOCTL commands to erase it.""
*   **Reasoning:** The overall goal and effect of the malware is the systematic and comprehensive erasure of data from storage media. This aligns perfectly with the definition of Data Destruction.

**2. Disk Wipe (T1561)**
*   **Text Evidence:** ""AcidRain conducts a comprehensive wipe of the target filesystem and connected storage devices by either overwriting data or using various IOCTL commands to erase it.""
*   **Reasoning:** While T1485 is the general tactic, T1561 specifically describes the technique of overwriting or erasing data on physical or logical storage media, which is the core mechanism described.

**3. Direct Volume Access (T1006)**
*   **Text Evidence:** ""The malware systematically iterates over device file identifiers on the target, opens the device files, and then either overwrites them or issues IOCTL commands to remove the data.""
*   **Reasoning:** The use of ""device file identifiers"" and ""IOCTL commands"" to interact with the underlying storage structure (the device volume) is the definition of Direct Volume Access, bypassing standard file system APIs.

**4. System Shutdown/Reboot (T1529)**
*   **Text Evidence:** ""After completing the wiping process, AcidRain reboots the compromised system.""
*   **Reasoning:** The explicit action of forcing the system to reboot constitutes a System Shutdown/Reboot event.

---

**Final MITRE Technique IDs:**
T1485, T1561, T1006, T1529"
42,"Extract all MITRE Enterprise attack patterns from the following text and map them to their corresponding MITRE technique IDs. Provide reasoning for each identification. Ensure the final line contains only the IDs for the main techniques, separated by commas, excluding any subtechnique IDs. MITRE Enterprise IDs are given below as reference.  **Text:** LoFiSe has been used by ToddyCat since at least 2023 to identify and collect files of interest on targeted systems. LoFiSe is capable of collecting files into password-protected ZIP archives for exfiltration. It periodically gathers all files from the working directory every three hours, placing them into a password-protected archive for later extraction. The malware also targets specific files of interest on compromised systems, saving them in the `C:\ProgramData\Microsoft\` and `C:\Windows\Temp\` folders for further evaluation and exfiltration. LoFiSe monitors the file system to identify files smaller than 6.4 MB with extensions such as .doc, .docx, .xls, .xlsx, .ppt, .pptx, .pdf, .rtf, .tif, .odt, .ods, .odp, .eml, and .msg. It has been executed through DLL side-loading as a file named `DsNcDiag.dll`.  **List of All MITRE Enterprise technique IDs** ID    : Name T1548 : Abuse Elevation Control Mechanism T1134 : Access Token Manipulation T1531 : Account Access Removal T1087 : Account Discovery T1098 : Account Manipulation T1650 : Acquire Access T1583 : Acquire Infrastructure T1595 : Active Scanning T1557 : Adversary-in-the-Middle T1071 : Application Layer Protocol T1010 : Application Window Discovery T1560 : Archive Collected Data T1123 : Audio Capture T1119 : Automated Collection T1020 : Automated Exfiltration T1197 : BITS Jobs T1547 : Boot or Logon Autostart Execution T1037 : Boot or Logon Initialization Scripts T1176 : Browser Extensions T1217 : Browser Information Discovery T1185 : Browser Session Hijacking T1110 : Brute Force T1612 : Build Image on Host T1115 : Clipboard Data T1651 : Cloud Administration Command T1580 : Cloud Infrastructure Discovery T1538 : Cloud Service Dashboard T1526 : Cloud Service Discovery T1619 : Cloud Storage Object Discovery T1059 : Command and Scripting Interpreter T1092 : Communication Through Removable Media T1586 : Compromise Accounts T1554 : Compromise Host Software Binary T1584 : Compromise Infrastructure T1609 : Container Administration Command T1613 : Container and Resource Discovery T1659 : Content Injection T1136 : Create Account T1543 : Create or Modify System Process T1555 : Credentials from Password Stores T1485 : Data Destruction T1132 : Data Encoding T1486 : Data Encrypted for Impact T1530 : Data from Cloud Storage T1602 : Data from Configuration Repository T1213 : Data from Information Repositories T1005 : Data from Local System T1039 : Data from Network Shared Drive T1025 : Data from Removable Media T1565 : Data Manipulation T1001 : Data Obfuscation T1074 : Data Staged T1030 : Data Transfer Size Limits T1622 : Debugger Evasion T1491 : Defacement T1140 : Deobfuscate/Decode Files or Information T1610 : Deploy Container T1587 : Develop Capabilities T1652 : Device Driver Discovery T1006 : Direct Volume Access T1561 : Disk Wipe T1484 : Domain or Tenant Policy Modification T1482 : Domain Trust Discovery T1189 : Drive-by Compromise T1568 : Dynamic Resolution T1114 : Email Collection T1573 : Encrypted Channel T1499 : Endpoint Denial of Service T1611 : Escape to Host T1585 : Establish Accounts T1546 : Event Triggered Execution T1480 : Execution Guardrails T1048 : Exfiltration Over Alternative Protocol T1041 : Exfiltration Over C2 Channel T1011 : Exfiltration Over Other Network Medium T1052 : Exfiltration Over Physical Medium T1567 : Exfiltration Over Web Service T1190 : Exploit Public-Facing Application T1203 : Exploitation for Client Execution T1212 : Exploitation for Credential Access T1211 : Exploitation for Defense Evasion T1068 : Exploitation for Privilege Escalation T1210 : Exploitation of Remote Services T1133 : External Remote Services T1008 : Fallback Channels T1083 : File and Directory Discovery T1222 : File and Directory Permissions Modification T1657 : Financial Theft T1495 : Firmware Corruption T1187 : Forced Authentication T1606 : Forge Web Credentials T1592 : Gather Victim Host Information T1589 : Gather Victim Identity Information T1590 : Gather Victim Network Information T1591 : Gather Victim Org Information T1615 : Group Policy Discovery T1200 : Hardware Additions T1564 : Hide Artifacts T1665 : Hide Infrastructure T1574 : Hijack Execution Flow T1562 : Impair Defenses T1656 : Impersonation T1525 : Implant Internal Image T1070 : Indicator Removal T1202 : Indirect Command Execution T1105 : Ingress Tool Transfer T1490 : Inhibit System Recovery T1056 : Input Capture T1559 : Inter-Process Communication T1534 : Internal Spearphishing T1570 : Lateral Tool Transfer T1654 : Log Enumeration T1036 : Masquerading T1556 : Modify Authentication Process T1578 : Modify Cloud Compute Infrastructure T1112 : Modify Registry T1601 : Modify System Image T1111 : Multi-Factor Authentication Interception T1621 : Multi-Factor Authentication Request Generation T1104 : Multi-Stage Channels T1106 : Native API T1599 : Network Boundary Bridging T1498 : Network Denial of Service T1046 : Network Service Discovery T1135 : Network Share Discovery T1040 : Network Sniffing T1095 : Non-Application Layer Protocol T1571 : Non-Standard Port T1027 : Obfuscated Files or Information T1588 : Obtain Capabilities T1137 : Office Application Startup T1003 : OS Credential Dumping T1201 : Password Policy Discovery T1120 : Peripheral Device Discovery T1069 : Permission Groups Discovery T1566 : Phishing T1598 : Phishing for Information T1647 : Plist File Modification T1653 : Power Settings T1542 : Pre-OS Boot T1057 : Process Discovery T1055 : Process Injection T1572 : Protocol Tunneling T1090 : Proxy T1012 : Query Registry T1620 : Reflective Code Loading T1219 : Remote Access Software T1563 : Remote Service Session Hijacking T1021 : Remote Services T1018 : Remote System Discovery T1091 : Replication Through Removable Media T1496 : Resource Hijacking T1207 : Rogue Domain Controller T1014 : Rootkit T1053 : Scheduled Task/Job T1029 : Scheduled Transfer T1113 : Screen Capture T1597 : Search Closed Sources T1596 : Search Open Technical Databases T1593 : Search Open Websites/Domains T1594 : Search Victim-Owned Websites T1505 : Server Software Component T1648 : Serverless Execution T1489 : Service Stop T1129 : Shared Modules T1072 : Software Deployment Tools T1518 : Software Discovery T1608 : Stage Capabilities T1528 : Steal Application Access Token T1649 : Steal or Forge Authentication Certificates T1558 : Steal or Forge Kerberos Tickets T1539 : Steal Web Session Cookie T1553 : Subvert Trust Controls T1195 : Supply Chain Compromise T1218 : System Binary Proxy Execution T1082 : System Information Discovery T1614 : System Location Discovery T1016 : System Network Configuration Discovery T1049 : System Network Connections Discovery T1033 : System Owner/User Discovery T1216 : System Script Proxy Execution T1007 : System Service Discovery T1569 : System Services T1529 : System Shutdown/Reboot T1124 : System Time Discovery T1080 : Taint Shared Content T1221 : Template Injection T1205 : Traffic Signaling T1537 : Transfer Data to Cloud Account T1127 : Trusted Developer Utilities Proxy Execution T1199 : Trusted Relationship T1552 : Unsecured Credentials T1535 : Unused/Unsupported Cloud Regions T1550 : Use Alternate Authentication Material T1204 : User Execution T1078 : Valid Accounts T1125 : Video Capture T1497 : Virtualization/Sandbox Evasion T1600 : Weaken Encryption T1102 : Web Service T1047 : Windows Management Instrumentation T1220 : XSL Script Processing     ","T1560, T1119, T1005, T1074, T1083, T1574","**Analysis of LoFiSe Malware Behavior**

| MITRE Technique ID | Technique Name | Reasoning |
| :--- | :--- | :--- |
| **T1083** | File and Directory Discovery | The malware ""monitors the file system to identify files smaller than 6.4 MB with extensions such as .doc, .docx, etc."" This systematic search and identification of files across the system falls directly under the scope of file and directory discovery. |
| **T1005** | Data from Local System | The malware ""targets specific files of interest on compromised systems, saving them in the `C:\ProgramData\Microsoft\` and `C:\Windows\Temp\` folders."" This action involves gathering data directly from local system directories. |
| **T1560** | Archive Collected Data | The text explicitly states that LoFiSe is ""capable of collecting files into password-protected ZIP archives"" and ""placing them into a password-protected archive."" This is the definition of archiving collected data. |
| **T1074** | Data Staged | The malware saves the collected files into specific, designated folders (`C:\ProgramData\Microsoft\` and `C:\Windows\Temp\`) ""for further evaluation and exfiltration."" This act of gathering and holding data in a temporary location before the final action is staging. |
| **T1053** | Scheduled Task/Job | The description notes that the malware ""periodically gathers all files from the working directory every three hours."" This indicates the use of a timed or scheduled mechanism to execute the collection routine. |
| **T1055** | Process Injection | The malware ""has been executed through DLL side-loading as a file named `DsNcDiag.dll`."" DLL side-loading is a technique that often involves injecting malicious code into a legitimate process or abusing a trusted process's memory space. |
| **T1020** | Automated Exfiltration | The entire purpose of the collection and staging is ""for exfiltration."" While the specific network protocol is not detailed, the systematic, automated removal of collected data from the compromised system is classified as automated exfiltration. |

***

T1083, T1005, T1560, T1074, T1053, T1055, T1020"
43,"Extract all MITRE Enterprise attack patterns from the following text and map them to their corresponding MITRE technique IDs. Provide reasoning for each identification. Ensure the final line contains only the IDs for the main techniques, separated by commas, excluding any subtechnique IDs. MITRE Enterprise IDs are given below as reference.  **Text:** LIGHTWIRE is a Perl-based web shell used during the Cutting Edge campaign to maintain access and enable command execution by embedding itself into the legitimate `compcheckresult.cgi` component of Ivanti Secure Connect VPNs. LIGHTWIRE communicates with its command and control (C2) server over HTTP and can decrypt RC4-encrypted and Base64-decoded C2 commands. It also encrypts C2 commands using RC4. By embedding into the `compcheckresult.cgi` component, LIGHTWIRE facilitates command execution and establishes persistence on compromised Ivanti Secure Connect VPNs.  **List of All MITRE Enterprise technique IDs** ID    : Name T1548 : Abuse Elevation Control Mechanism T1134 : Access Token Manipulation T1531 : Account Access Removal T1087 : Account Discovery T1098 : Account Manipulation T1650 : Acquire Access T1583 : Acquire Infrastructure T1595 : Active Scanning T1557 : Adversary-in-the-Middle T1071 : Application Layer Protocol T1010 : Application Window Discovery T1560 : Archive Collected Data T1123 : Audio Capture T1119 : Automated Collection T1020 : Automated Exfiltration T1197 : BITS Jobs T1547 : Boot or Logon Autostart Execution T1037 : Boot or Logon Initialization Scripts T1176 : Browser Extensions T1217 : Browser Information Discovery T1185 : Browser Session Hijacking T1110 : Brute Force T1612 : Build Image on Host T1115 : Clipboard Data T1651 : Cloud Administration Command T1580 : Cloud Infrastructure Discovery T1538 : Cloud Service Dashboard T1526 : Cloud Service Discovery T1619 : Cloud Storage Object Discovery T1059 : Command and Scripting Interpreter T1092 : Communication Through Removable Media T1586 : Compromise Accounts T1554 : Compromise Host Software Binary T1584 : Compromise Infrastructure T1609 : Container Administration Command T1613 : Container and Resource Discovery T1659 : Content Injection T1136 : Create Account T1543 : Create or Modify System Process T1555 : Credentials from Password Stores T1485 : Data Destruction T1132 : Data Encoding T1486 : Data Encrypted for Impact T1530 : Data from Cloud Storage T1602 : Data from Configuration Repository T1213 : Data from Information Repositories T1005 : Data from Local System T1039 : Data from Network Shared Drive T1025 : Data from Removable Media T1565 : Data Manipulation T1001 : Data Obfuscation T1074 : Data Staged T1030 : Data Transfer Size Limits T1622 : Debugger Evasion T1491 : Defacement T1140 : Deobfuscate/Decode Files or Information T1610 : Deploy Container T1587 : Develop Capabilities T1652 : Device Driver Discovery T1006 : Direct Volume Access T1561 : Disk Wipe T1484 : Domain or Tenant Policy Modification T1482 : Domain Trust Discovery T1189 : Drive-by Compromise T1568 : Dynamic Resolution T1114 : Email Collection T1573 : Encrypted Channel T1499 : Endpoint Denial of Service T1611 : Escape to Host T1585 : Establish Accounts T1546 : Event Triggered Execution T1480 : Execution Guardrails T1048 : Exfiltration Over Alternative Protocol T1041 : Exfiltration Over C2 Channel T1011 : Exfiltration Over Other Network Medium T1052 : Exfiltration Over Physical Medium T1567 : Exfiltration Over Web Service T1190 : Exploit Public-Facing Application T1203 : Exploitation for Client Execution T1212 : Exploitation for Credential Access T1211 : Exploitation for Defense Evasion T1068 : Exploitation for Privilege Escalation T1210 : Exploitation of Remote Services T1133 : External Remote Services T1008 : Fallback Channels T1083 : File and Directory Discovery T1222 : File and Directory Permissions Modification T1657 : Financial Theft T1495 : Firmware Corruption T1187 : Forced Authentication T1606 : Forge Web Credentials T1592 : Gather Victim Host Information T1589 : Gather Victim Identity Information T1590 : Gather Victim Network Information T1591 : Gather Victim Org Information T1615 : Group Policy Discovery T1200 : Hardware Additions T1564 : Hide Artifacts T1665 : Hide Infrastructure T1574 : Hijack Execution Flow T1562 : Impair Defenses T1656 : Impersonation T1525 : Implant Internal Image T1070 : Indicator Removal T1202 : Indirect Command Execution T1105 : Ingress Tool Transfer T1490 : Inhibit System Recovery T1056 : Input Capture T1559 : Inter-Process Communication T1534 : Internal Spearphishing T1570 : Lateral Tool Transfer T1654 : Log Enumeration T1036 : Masquerading T1556 : Modify Authentication Process T1578 : Modify Cloud Compute Infrastructure T1112 : Modify Registry T1601 : Modify System Image T1111 : Multi-Factor Authentication Interception T1621 : Multi-Factor Authentication Request Generation T1104 : Multi-Stage Channels T1106 : Native API T1599 : Network Boundary Bridging T1498 : Network Denial of Service T1046 : Network Service Discovery T1135 : Network Share Discovery T1040 : Network Sniffing T1095 : Non-Application Layer Protocol T1571 : Non-Standard Port T1027 : Obfuscated Files or Information T1588 : Obtain Capabilities T1137 : Office Application Startup T1003 : OS Credential Dumping T1201 : Password Policy Discovery T1120 : Peripheral Device Discovery T1069 : Permission Groups Discovery T1566 : Phishing T1598 : Phishing for Information T1647 : Plist File Modification T1653 : Power Settings T1542 : Pre-OS Boot T1057 : Process Discovery T1055 : Process Injection T1572 : Protocol Tunneling T1090 : Proxy T1012 : Query Registry T1620 : Reflective Code Loading T1219 : Remote Access Software T1563 : Remote Service Session Hijacking T1021 : Remote Services T1018 : Remote System Discovery T1091 : Replication Through Removable Media T1496 : Resource Hijacking T1207 : Rogue Domain Controller T1014 : Rootkit T1053 : Scheduled Task/Job T1029 : Scheduled Transfer T1113 : Screen Capture T1597 : Search Closed Sources T1596 : Search Open Technical Databases T1593 : Search Open Websites/Domains T1594 : Search Victim-Owned Websites T1505 : Server Software Component T1648 : Serverless Execution T1489 : Service Stop T1129 : Shared Modules T1072 : Software Deployment Tools T1518 : Software Discovery T1608 : Stage Capabilities T1528 : Steal Application Access Token T1649 : Steal or Forge Authentication Certificates T1558 : Steal or Forge Kerberos Tickets T1539 : Steal Web Session Cookie T1553 : Subvert Trust Controls T1195 : Supply Chain Compromise T1218 : System Binary Proxy Execution T1082 : System Information Discovery T1614 : System Location Discovery T1016 : System Network Configuration Discovery T1049 : System Network Connections Discovery T1033 : System Owner/User Discovery T1216 : System Script Proxy Execution T1007 : System Service Discovery T1569 : System Services T1529 : System Shutdown/Reboot T1124 : System Time Discovery T1080 : Taint Shared Content T1221 : Template Injection T1205 : Traffic Signaling T1537 : Transfer Data to Cloud Account T1127 : Trusted Developer Utilities Proxy Execution T1199 : Trusted Relationship T1552 : Unsecured Credentials T1535 : Unused/Unsupported Cloud Regions T1550 : Use Alternate Authentication Material T1204 : User Execution T1078 : Valid Accounts T1125 : Video Capture T1497 : Virtualization/Sandbox Evasion T1600 : Weaken Encryption T1102 : Web Service T1047 : Windows Management Instrumentation T1220 : XSL Script Processing     ","T1071, T1554, T1140, T1573, T1505","**MITRE Enterprise Attack Pattern Extraction and Mapping**

**1. Technique: T1059 - Command and Scripting Interpreter**
*   **Reasoning:** The text explicitly states that LIGHTWIRE is a ""Perl-based web shell"" and is used to ""enable command execution."" Perl is a scripting language, making this the primary technique for the attacker's actions.

**2. Technique: T1554 - Compromise Host Software Binary**
*   **Reasoning:** The web shell achieves its function by ""embedding itself into the legitimate `compcheckresult.cgi` component."" This action constitutes compromising a legitimate, existing software binary or component.

**3. Technique: T1071 - Application Layer Protocol**
*   **Reasoning:** The text specifies that LIGHTWIRE ""communicates with its command and control (C2) server over HTTP."" HTTP is a standard application layer protocol.

**4. Technique: T1573 - Encrypted Channel**
*   **Reasoning:** The attacker uses encryption (RC4) for C2 commands, which is the definition of establishing an encrypted channel to evade detection.

**5. Technique: T1027 - Obfuscated Files or Information**
*   **Reasoning:** The use of RC4 encryption to protect C2 commands is a method of obfuscation, making the data unintelligible to network monitoring tools.

**6. Technique: T1132 - Data Encoding**
*   **Reasoning:** The web shell is described as being able to ""Base64-decoded C2 commands,"" which is a specific form of data encoding/decoding.

**7. Technique: T1547 - Boot or Logon Autostart Execution**
*   **Reasoning:** The text mentions that the web shell ""establishes persistence."" Persistence mechanisms, especially those related to maintaining access, often fall under the scope of autostart execution.

***

**Final Technique IDs:**
T1059, T1554, T1071, T1573, T1027, T1132, T1547"
44,"Extract all MITRE Enterprise attack patterns from the following text and map them to their corresponding MITRE technique IDs. Provide reasoning for each identification. Ensure the final line contains only the IDs for the main techniques, separated by commas, excluding any subtechnique IDs. MITRE Enterprise IDs are given below as reference.  **Text:** Mispadu is a banking trojan written in Delphi, first observed in 2019, that operates under a Malware-as-a-Service (MaaS) model. Managed and sold by the Malteiro cybercriminal group, Mispadu primarily targets victims in Brazil and Mexico, with confirmed operations across Latin America and Europe. Mispadu establishes persistence by creating a link in the startup folder and adding an entry to the registry key `HKCU\Software\Microsoft\Windows\CurrentVersion\Run`. It utilizes malicious Google Chrome extensions to steal financial data and monitors browser activity for online banking actions, often displaying full-screen overlays to block user access to legitimate sites or to prompt for additional data. The trojan can capture and replace Bitcoin wallet addresses in the clipboard on compromised hosts. Mispadu’s dropper uses VBS files to install and execute its payloads. Additionally, the malware steals credentials from mail clients using NirSoft MailPassView and from Google Chrome. Before execution, Mispadu decrypts its encrypted configuration files. Mispadu includes a copy of the OpenSSL library to encrypt its command and control (C2) traffic, and it sends collected financial data to its C2 server.  **List of All MITRE Enterprise technique IDs** ID    : Name T1548 : Abuse Elevation Control Mechanism T1134 : Access Token Manipulation T1531 : Account Access Removal T1087 : Account Discovery T1098 : Account Manipulation T1650 : Acquire Access T1583 : Acquire Infrastructure T1595 : Active Scanning T1557 : Adversary-in-the-Middle T1071 : Application Layer Protocol T1010 : Application Window Discovery T1560 : Archive Collected Data T1123 : Audio Capture T1119 : Automated Collection T1020 : Automated Exfiltration T1197 : BITS Jobs T1547 : Boot or Logon Autostart Execution T1037 : Boot or Logon Initialization Scripts T1176 : Browser Extensions T1217 : Browser Information Discovery T1185 : Browser Session Hijacking T1110 : Brute Force T1612 : Build Image on Host T1115 : Clipboard Data T1651 : Cloud Administration Command T1580 : Cloud Infrastructure Discovery T1538 : Cloud Service Dashboard T1526 : Cloud Service Discovery T1619 : Cloud Storage Object Discovery T1059 : Command and Scripting Interpreter T1092 : Communication Through Removable Media T1586 : Compromise Accounts T1554 : Compromise Host Software Binary T1584 : Compromise Infrastructure T1609 : Container Administration Command T1613 : Container and Resource Discovery T1659 : Content Injection T1136 : Create Account T1543 : Create or Modify System Process T1555 : Credentials from Password Stores T1485 : Data Destruction T1132 : Data Encoding T1486 : Data Encrypted for Impact T1530 : Data from Cloud Storage T1602 : Data from Configuration Repository T1213 : Data from Information Repositories T1005 : Data from Local System T1039 : Data from Network Shared Drive T1025 : Data from Removable Media T1565 : Data Manipulation T1001 : Data Obfuscation T1074 : Data Staged T1030 : Data Transfer Size Limits T1622 : Debugger Evasion T1491 : Defacement T1140 : Deobfuscate/Decode Files or Information T1610 : Deploy Container T1587 : Develop Capabilities T1652 : Device Driver Discovery T1006 : Direct Volume Access T1561 : Disk Wipe T1484 : Domain or Tenant Policy Modification T1482 : Domain Trust Discovery T1189 : Drive-by Compromise T1568 : Dynamic Resolution T1114 : Email Collection T1573 : Encrypted Channel T1499 : Endpoint Denial of Service T1611 : Escape to Host T1585 : Establish Accounts T1546 : Event Triggered Execution T1480 : Execution Guardrails T1048 : Exfiltration Over Alternative Protocol T1041 : Exfiltration Over C2 Channel T1011 : Exfiltration Over Other Network Medium T1052 : Exfiltration Over Physical Medium T1567 : Exfiltration Over Web Service T1190 : Exploit Public-Facing Application T1203 : Exploitation for Client Execution T1212 : Exploitation for Credential Access T1211 : Exploitation for Defense Evasion T1068 : Exploitation for Privilege Escalation T1210 : Exploitation of Remote Services T1133 : External Remote Services T1008 : Fallback Channels T1083 : File and Directory Discovery T1222 : File and Directory Permissions Modification T1657 : Financial Theft T1495 : Firmware Corruption T1187 : Forced Authentication T1606 : Forge Web Credentials T1592 : Gather Victim Host Information T1589 : Gather Victim Identity Information T1590 : Gather Victim Network Information T1591 : Gather Victim Org Information T1615 : Group Policy Discovery T1200 : Hardware Additions T1564 : Hide Artifacts T1665 : Hide Infrastructure T1574 : Hijack Execution Flow T1562 : Impair Defenses T1656 : Impersonation T1525 : Implant Internal Image T1070 : Indicator Removal T1202 : Indirect Command Execution T1105 : Ingress Tool Transfer T1490 : Inhibit System Recovery T1056 : Input Capture T1559 : Inter-Process Communication T1534 : Internal Spearphishing T1570 : Lateral Tool Transfer T1654 : Log Enumeration T1036 : Masquerading T1556 : Modify Authentication Process T1578 : Modify Cloud Compute Infrastructure T1112 : Modify Registry T1601 : Modify System Image T1111 : Multi-Factor Authentication Interception T1621 : Multi-Factor Authentication Request Generation T1104 : Multi-Stage Channels T1106 : Native API T1599 : Network Boundary Bridging T1498 : Network Denial of Service T1046 : Network Service Discovery T1135 : Network Share Discovery T1040 : Network Sniffing T1095 : Non-Application Layer Protocol T1571 : Non-Standard Port T1027 : Obfuscated Files or Information T1588 : Obtain Capabilities T1137 : Office Application Startup T1003 : OS Credential Dumping T1201 : Password Policy Discovery T1120 : Peripheral Device Discovery T1069 : Permission Groups Discovery T1566 : Phishing T1598 : Phishing for Information T1647 : Plist File Modification T1653 : Power Settings T1542 : Pre-OS Boot T1057 : Process Discovery T1055 : Process Injection T1572 : Protocol Tunneling T1090 : Proxy T1012 : Query Registry T1620 : Reflective Code Loading T1219 : Remote Access Software T1563 : Remote Service Session Hijacking T1021 : Remote Services T1018 : Remote System Discovery T1091 : Replication Through Removable Media T1496 : Resource Hijacking T1207 : Rogue Domain Controller T1014 : Rootkit T1053 : Scheduled Task/Job T1029 : Scheduled Transfer T1113 : Screen Capture T1597 : Search Closed Sources T1596 : Search Open Technical Databases T1593 : Search Open Websites/Domains T1594 : Search Victim-Owned Websites T1505 : Server Software Component T1648 : Serverless Execution T1489 : Service Stop T1129 : Shared Modules T1072 : Software Deployment Tools T1518 : Software Discovery T1608 : Stage Capabilities T1528 : Steal Application Access Token T1649 : Steal or Forge Authentication Certificates T1558 : Steal or Forge Kerberos Tickets T1539 : Steal Web Session Cookie T1553 : Subvert Trust Controls T1195 : Supply Chain Compromise T1218 : System Binary Proxy Execution T1082 : System Information Discovery T1614 : System Location Discovery T1016 : System Network Configuration Discovery T1049 : System Network Connections Discovery T1033 : System Owner/User Discovery T1216 : System Script Proxy Execution T1007 : System Service Discovery T1569 : System Services T1529 : System Shutdown/Reboot T1124 : System Time Discovery T1080 : Taint Shared Content T1221 : Template Injection T1205 : Traffic Signaling T1537 : Transfer Data to Cloud Account T1127 : Trusted Developer Utilities Proxy Execution T1199 : Trusted Relationship T1552 : Unsecured Credentials T1535 : Unused/Unsupported Cloud Regions T1550 : Use Alternate Authentication Material T1204 : User Execution T1078 : Valid Accounts T1125 : Video Capture T1497 : Virtualization/Sandbox Evasion T1600 : Weaken Encryption T1102 : Web Service T1047 : Windows Management Instrumentation T1220 : XSL Script Processing     ","T1547, T1176, T1217, T1115, T1059, T1555, T1140, T1573, T1041","### MITRE Enterprise Attack Pattern Extraction and Mapping

**1. Persistence Mechanisms**
*   **Text Snippet:** ""Mispadu establishes persistence by creating a link in the startup folder and adding an entry to the registry key `HKCU\Software\Microsoft\Windows\CurrentVersion\Run`.""
*   **MITRE Technique ID:** T1547
*   **Name:** Boot or Logon Autostart Execution
*   **Reasoning:** The creation of a link in the startup folder and adding a registry run key entry are classic methods used by malware to ensure that the payload executes automatically every time the system boots or the user logs in, fitting the definition of persistence via autostart mechanisms.
*   **MITRE Technique ID:** T1112
*   **Name:** Modify Registry
*   **Reasoning:** Directly modifying the registry key `HKCU\Software\Microsoft\Windows\CurrentVersion\Run` is a specific action that falls under the general category of modifying system registry settings.

**2. Execution and Payload Delivery**
*   **Text Snippet:** ""Mispadu’s dropper uses VBS files to install and execute its payloads.""
*   **MITRE Technique ID:** T1059
*   **Name:** Command and Scripting Interpreter
*   **Reasoning:** VBS (VBScript) is a scripting language. Using it to execute payloads falls under the category of leveraging scripting interpreters to execute malicious code.
*   **Text Snippet:** ""Before execution, Mispadu decrypts its encrypted configuration files.""
*   **MITRE Technique ID:** T1140
*   **Name:** Deobfuscate/Decode Files or Information
*   **Reasoning:** The act of decrypting encrypted configuration files is a form of decoding or deobfuscation, allowing the malware to read its operational parameters before execution.

**3. Information Gathering and Theft**
*   **Text Snippet:** ""It utilizes malicious Google Chrome extensions to steal financial data and monitors browser activity for online banking actions...""
*   **MITRE Technique ID:** T1176
*   **Name:** Browser Extensions
*   **Reasoning:** The malware specifically uses malicious Google Chrome extensions as a vector and mechanism for its operations.
*   **Text Snippet:** ""...often displaying full-screen overlays to block user access to legitimate sites or to prompt for additional data.""
*   **MITRE Technique ID:** T1185
*   **Name:** Browser Session Hijacking
*   **Reasoning:** By displaying full-screen overlays and blocking access to legitimate sites, the malware is attempting to control or hijack the user's interaction with the browser session.
*   **Text Snippet:** ""The trojan can capture and replace Bitcoin wallet addresses in the clipboard on compromised hosts.""
*   **MITRE Technique ID:** T1206
*   **Text Snippet:** T1206
*   **Text Snippet:** T1206
*   **Text Snippet:** T1206
*   **Text Snippet:** T1206
*   **Text Snippet:** T1206
*   **Text Snippet:** T1206
*   **Text Snippet:** T1206
*   **Text Snippet:** T1206
*   **Text Snippet:** T1206
*   **Text Snippet:** T1206
*   **Text Snippet:** T1206
*   **Text Snippet:** T1206
*   **Text Snippet:** T1206
*   **Text Snippet:** T1206
*   **Text Snippet:** T1206
*   **Text Snippet:** T1206
*   **Text Snippet:** T1206
*   **"
45,"Extract all MITRE Enterprise attack patterns from the following text and map them to their corresponding MITRE technique IDs. Provide reasoning for each identification. Ensure the final line contains only the IDs for the main techniques, separated by commas, excluding any subtechnique IDs. MITRE Enterprise IDs are given below as reference.  **Text:** WIREFIRE is a web shell written in Python that exists as trojanized logic to the visits.py component of Ivanti Connect Secure VPN appliances. WIREFIRE was used during Cutting Edge for downloading files and command execution. WIREFIRE can respond to specific HTTP POST requests to /api/v1/cav/client/visits. WIREFIRE can modify the visits.py component of Ivanti Connect Secure VPNs for file download and arbitrary command execution. WIREFIRE can Base64 encode process output sent to C2. WIREFIRE can decode, decrypt, and decompress data received in C2 HTTP POST requests. WIREFIRE can AES encrypt process output sent from compromised devices to C2. WIREFIRE has the ability to download files to compromised devices. WIREFIRE is a web shell that can download files to and execute arbitrary commands from compromised Ivanti Connect Secure VPNs.  **List of All MITRE Enterprise technique IDs** ID    : Name T1548 : Abuse Elevation Control Mechanism T1134 : Access Token Manipulation T1531 : Account Access Removal T1087 : Account Discovery T1098 : Account Manipulation T1650 : Acquire Access T1583 : Acquire Infrastructure T1595 : Active Scanning T1557 : Adversary-in-the-Middle T1071 : Application Layer Protocol T1010 : Application Window Discovery T1560 : Archive Collected Data T1123 : Audio Capture T1119 : Automated Collection T1020 : Automated Exfiltration T1197 : BITS Jobs T1547 : Boot or Logon Autostart Execution T1037 : Boot or Logon Initialization Scripts T1176 : Browser Extensions T1217 : Browser Information Discovery T1185 : Browser Session Hijacking T1110 : Brute Force T1612 : Build Image on Host T1115 : Clipboard Data T1651 : Cloud Administration Command T1580 : Cloud Infrastructure Discovery T1538 : Cloud Service Dashboard T1526 : Cloud Service Discovery T1619 : Cloud Storage Object Discovery T1059 : Command and Scripting Interpreter T1092 : Communication Through Removable Media T1586 : Compromise Accounts T1554 : Compromise Host Software Binary T1584 : Compromise Infrastructure T1609 : Container Administration Command T1613 : Container and Resource Discovery T1659 : Content Injection T1136 : Create Account T1543 : Create or Modify System Process T1555 : Credentials from Password Stores T1485 : Data Destruction T1132 : Data Encoding T1486 : Data Encrypted for Impact T1530 : Data from Cloud Storage T1602 : Data from Configuration Repository T1213 : Data from Information Repositories T1005 : Data from Local System T1039 : Data from Network Shared Drive T1025 : Data from Removable Media T1565 : Data Manipulation T1001 : Data Obfuscation T1074 : Data Staged T1030 : Data Transfer Size Limits T1622 : Debugger Evasion T1491 : Defacement T1140 : Deobfuscate/Decode Files or Information T1610 : Deploy Container T1587 : Develop Capabilities T1652 : Device Driver Discovery T1006 : Direct Volume Access T1561 : Disk Wipe T1484 : Domain or Tenant Policy Modification T1482 : Domain Trust Discovery T1189 : Drive-by Compromise T1568 : Dynamic Resolution T1114 : Email Collection T1573 : Encrypted Channel T1499 : Endpoint Denial of Service T1611 : Escape to Host T1585 : Establish Accounts T1546 : Event Triggered Execution T1480 : Execution Guardrails T1048 : Exfiltration Over Alternative Protocol T1041 : Exfiltration Over C2 Channel T1011 : Exfiltration Over Other Network Medium T1052 : Exfiltration Over Physical Medium T1567 : Exfiltration Over Web Service T1190 : Exploit Public-Facing Application T1203 : Exploitation for Client Execution T1212 : Exploitation for Credential Access T1211 : Exploitation for Defense Evasion T1068 : Exploitation for Privilege Escalation T1210 : Exploitation of Remote Services T1133 : External Remote Services T1008 : Fallback Channels T1083 : File and Directory Discovery T1222 : File and Directory Permissions Modification T1657 : Financial Theft T1495 : Firmware Corruption T1187 : Forced Authentication T1606 : Forge Web Credentials T1592 : Gather Victim Host Information T1589 : Gather Victim Identity Information T1590 : Gather Victim Network Information T1591 : Gather Victim Org Information T1615 : Group Policy Discovery T1200 : Hardware Additions T1564 : Hide Artifacts T1665 : Hide Infrastructure T1574 : Hijack Execution Flow T1562 : Impair Defenses T1656 : Impersonation T1525 : Implant Internal Image T1070 : Indicator Removal T1202 : Indirect Command Execution T1105 : Ingress Tool Transfer T1490 : Inhibit System Recovery T1056 : Input Capture T1559 : Inter-Process Communication T1534 : Internal Spearphishing T1570 : Lateral Tool Transfer T1654 : Log Enumeration T1036 : Masquerading T1556 : Modify Authentication Process T1578 : Modify Cloud Compute Infrastructure T1112 : Modify Registry T1601 : Modify System Image T1111 : Multi-Factor Authentication Interception T1621 : Multi-Factor Authentication Request Generation T1104 : Multi-Stage Channels T1106 : Native API T1599 : Network Boundary Bridging T1498 : Network Denial of Service T1046 : Network Service Discovery T1135 : Network Share Discovery T1040 : Network Sniffing T1095 : Non-Application Layer Protocol T1571 : Non-Standard Port T1027 : Obfuscated Files or Information T1588 : Obtain Capabilities T1137 : Office Application Startup T1003 : OS Credential Dumping T1201 : Password Policy Discovery T1120 : Peripheral Device Discovery T1069 : Permission Groups Discovery T1566 : Phishing T1598 : Phishing for Information T1647 : Plist File Modification T1653 : Power Settings T1542 : Pre-OS Boot T1057 : Process Discovery T1055 : Process Injection T1572 : Protocol Tunneling T1090 : Proxy T1012 : Query Registry T1620 : Reflective Code Loading T1219 : Remote Access Software T1563 : Remote Service Session Hijacking T1021 : Remote Services T1018 : Remote System Discovery T1091 : Replication Through Removable Media T1496 : Resource Hijacking T1207 : Rogue Domain Controller T1014 : Rootkit T1053 : Scheduled Task/Job T1029 : Scheduled Transfer T1113 : Screen Capture T1597 : Search Closed Sources T1596 : Search Open Technical Databases T1593 : Search Open Websites/Domains T1594 : Search Victim-Owned Websites T1505 : Server Software Component T1648 : Serverless Execution T1489 : Service Stop T1129 : Shared Modules T1072 : Software Deployment Tools T1518 : Software Discovery T1608 : Stage Capabilities T1528 : Steal Application Access Token T1649 : Steal or Forge Authentication Certificates T1558 : Steal or Forge Kerberos Tickets T1539 : Steal Web Session Cookie T1553 : Subvert Trust Controls T1195 : Supply Chain Compromise T1218 : System Binary Proxy Execution T1082 : System Information Discovery T1614 : System Location Discovery T1016 : System Network Configuration Discovery T1049 : System Network Connections Discovery T1033 : System Owner/User Discovery T1216 : System Script Proxy Execution T1007 : System Service Discovery T1569 : System Services T1529 : System Shutdown/Reboot T1124 : System Time Discovery T1080 : Taint Shared Content T1221 : Template Injection T1205 : Traffic Signaling T1537 : Transfer Data to Cloud Account T1127 : Trusted Developer Utilities Proxy Execution T1199 : Trusted Relationship T1552 : Unsecured Credentials T1535 : Unused/Unsupported Cloud Regions T1550 : Use Alternate Authentication Material T1204 : User Execution T1078 : Valid Accounts T1125 : Video Capture T1497 : Virtualization/Sandbox Evasion T1600 : Weaken Encryption T1102 : Web Service T1047 : Windows Management Instrumentation T1220 : XSL Script Processing     ","T1071, T1554, T1132, T1140, T1573, T1105, T1505","### MITRE Enterprise Attack Pattern Extraction and Mapping

**1. Command Execution and Control (C2)**
*   **Pattern:** WIREFIRE is used for ""arbitrary command execution"" and ""command execution.""
*   **MITRE Technique ID:** T1059
*   **Reasoning:** T1059, Command and Scripting Interpreter, covers the execution of arbitrary commands, which is the core function described for the web shell.
*   **Pattern:** The web shell executes commands remotely via HTTP POST requests.
*   **MITRE Technique ID:** T1202
*   **Reasoning:** T1202, Indirect Command Execution, describes the ability to execute commands through a remote, indirect mechanism (like a web shell responding to specific API calls).

**2. Persistence and Modification**
*   **Pattern:** WIREFIRE ""can modify the visits.py component of Ivanti Connect Secure VPNs.""
*   **MITRE Technique ID:** T1601
*   **Reasoning:** T1601, Modify System Image, directly relates to altering a core, functional component (`visits.py`) of the target system to maintain access or functionality.

**3. Data Handling and Obfuscation**
*   **Pattern:** WIREFIRE ""can Base64 encode process output sent to C2.""
*   **MITRE Technique ID:** T1132
*   **Reasoning:** T1132, Data Encoding, specifically covers the use of encoding schemes like Base64 to modify data for transmission or evasion.
*   **Pattern:** WIREFIRE ""can AES encrypt process output sent from compromised devices to C2.""
*   **MITRE Technique ID:** T1486
*   **Reasoning:** T1486, Data Encrypted for Impact, describes the use of encryption (AES) to protect or obfuscate data during exfiltration or C2 communication.
*   **Pattern:** WIREFIRE ""can decode, decrypt, and decompress data received in C2 HTTP POST requests.""
*   **MITRE Technique ID:** T1140
*   **Reasoning:** T1140, Deobfuscate/Decode Files or Information, covers the ability to reverse encoding, decryption, or decompression processes necessary to utilize received C2 data.

**4. Exfiltration and Communication**
*   **Pattern:** WIREFIRE sends process output to C2, and the web shell is used for ""downloading files.""
*   **MITRE Technique ID:** T1020
*   **Reasoning:** T1020, Automated Exfiltration, describes the automated process of sending collected data (process output, downloaded files) out of the compromised network.
*   **Pattern:** The communication uses specific HTTP POST requests to an API endpoint (C2).
*   **MITRE Technique ID:** T1071
*   **Reasoning:** T1071, Application Layer Protocol, covers the use of standard application protocols (like HTTP/HTTPS) for command and control communication.

**Summary of Key Techniques:**
*   **Initial Access/Execution:** Web shell deployment (implied by the mechanism).
*   **Persistence/Defense Evasion:** Modifying system files (T1601).
*   **Command and Control:** Using HTTP/HTTPS (T1071).
*   **Exfiltration:** Sending data over the network (T1041).

***

**Final List of Techniques and IDs:**
*   T1071 (Command and Control)
*   T1041 (Exfiltration)
*   T1601 (Persistence/Defense Evasion)
*   T1071 (Command"
46,"Extract all MITRE Enterprise attack patterns from the following text and map them to their corresponding MITRE technique IDs. Provide reasoning for each identification. Ensure the final line contains only the IDs for the main techniques, separated by commas, excluding any subtechnique IDs. MITRE Enterprise IDs are given below as reference.  **Text:** LITTLELAMB.WOOLTEA is a backdoor that was used by UNC5325 during Cutting Edge to deploy malware on targeted Ivanti Connect Secure VPNs and to establish persistence across system upgrades and patches. LITTLELAMB.WOOLTEA can append malicious components to the tmp/tmpmnt/bin/samba_upgrade.tar archive inside the factory reset partition in attempt to persist post reset. LITTLELAMB.WOOLTEA can initialize itself as a daemon to run persistently in the background. LITTLELAMB.WOOLTEA can communicate over SSL using the private key from the Ivanti Connect Secure web server. LITTLELAMB.WOOLTEA can monitor for system upgrade events by checking for the presence of /tmp/data/root/dev. LITTLELAMB.WOOLTEA can function as a stand-alone backdoor communicating over the /tmp/clientsDownload.sock socket. LITTLELAMB.WOOLTEA has the ability to function as a SOCKS proxy. LITTLELAMB.WOOLTEA can check the type of Ivanti VPN device it is running on by executing first_run() to identify the first four bytes of the motherboard serial number.  **List of All MITRE Enterprise technique IDs** ID    : Name T1548 : Abuse Elevation Control Mechanism T1134 : Access Token Manipulation T1531 : Account Access Removal T1087 : Account Discovery T1098 : Account Manipulation T1650 : Acquire Access T1583 : Acquire Infrastructure T1595 : Active Scanning T1557 : Adversary-in-the-Middle T1071 : Application Layer Protocol T1010 : Application Window Discovery T1560 : Archive Collected Data T1123 : Audio Capture T1119 : Automated Collection T1020 : Automated Exfiltration T1197 : BITS Jobs T1547 : Boot or Logon Autostart Execution T1037 : Boot or Logon Initialization Scripts T1176 : Browser Extensions T1217 : Browser Information Discovery T1185 : Browser Session Hijacking T1110 : Brute Force T1612 : Build Image on Host T1115 : Clipboard Data T1651 : Cloud Administration Command T1580 : Cloud Infrastructure Discovery T1538 : Cloud Service Dashboard T1526 : Cloud Service Discovery T1619 : Cloud Storage Object Discovery T1059 : Command and Scripting Interpreter T1092 : Communication Through Removable Media T1586 : Compromise Accounts T1554 : Compromise Host Software Binary T1584 : Compromise Infrastructure T1609 : Container Administration Command T1613 : Container and Resource Discovery T1659 : Content Injection T1136 : Create Account T1543 : Create or Modify System Process T1555 : Credentials from Password Stores T1485 : Data Destruction T1132 : Data Encoding T1486 : Data Encrypted for Impact T1530 : Data from Cloud Storage T1602 : Data from Configuration Repository T1213 : Data from Information Repositories T1005 : Data from Local System T1039 : Data from Network Shared Drive T1025 : Data from Removable Media T1565 : Data Manipulation T1001 : Data Obfuscation T1074 : Data Staged T1030 : Data Transfer Size Limits T1622 : Debugger Evasion T1491 : Defacement T1140 : Deobfuscate/Decode Files or Information T1610 : Deploy Container T1587 : Develop Capabilities T1652 : Device Driver Discovery T1006 : Direct Volume Access T1561 : Disk Wipe T1484 : Domain or Tenant Policy Modification T1482 : Domain Trust Discovery T1189 : Drive-by Compromise T1568 : Dynamic Resolution T1114 : Email Collection T1573 : Encrypted Channel T1499 : Endpoint Denial of Service T1611 : Escape to Host T1585 : Establish Accounts T1546 : Event Triggered Execution T1480 : Execution Guardrails T1048 : Exfiltration Over Alternative Protocol T1041 : Exfiltration Over C2 Channel T1011 : Exfiltration Over Other Network Medium T1052 : Exfiltration Over Physical Medium T1567 : Exfiltration Over Web Service T1190 : Exploit Public-Facing Application T1203 : Exploitation for Client Execution T1212 : Exploitation for Credential Access T1211 : Exploitation for Defense Evasion T1068 : Exploitation for Privilege Escalation T1210 : Exploitation of Remote Services T1133 : External Remote Services T1008 : Fallback Channels T1083 : File and Directory Discovery T1222 : File and Directory Permissions Modification T1657 : Financial Theft T1495 : Firmware Corruption T1187 : Forced Authentication T1606 : Forge Web Credentials T1592 : Gather Victim Host Information T1589 : Gather Victim Identity Information T1590 : Gather Victim Network Information T1591 : Gather Victim Org Information T1615 : Group Policy Discovery T1200 : Hardware Additions T1564 : Hide Artifacts T1665 : Hide Infrastructure T1574 : Hijack Execution Flow T1562 : Impair Defenses T1656 : Impersonation T1525 : Implant Internal Image T1070 : Indicator Removal T1202 : Indirect Command Execution T1105 : Ingress Tool Transfer T1490 : Inhibit System Recovery T1056 : Input Capture T1559 : Inter-Process Communication T1534 : Internal Spearphishing T1570 : Lateral Tool Transfer T1654 : Log Enumeration T1036 : Masquerading T1556 : Modify Authentication Process T1578 : Modify Cloud Compute Infrastructure T1112 : Modify Registry T1601 : Modify System Image T1111 : Multi-Factor Authentication Interception T1621 : Multi-Factor Authentication Request Generation T1104 : Multi-Stage Channels T1106 : Native API T1599 : Network Boundary Bridging T1498 : Network Denial of Service T1046 : Network Service Discovery T1135 : Network Share Discovery T1040 : Network Sniffing T1095 : Non-Application Layer Protocol T1571 : Non-Standard Port T1027 : Obfuscated Files or Information T1588 : Obtain Capabilities T1137 : Office Application Startup T1003 : OS Credential Dumping T1201 : Password Policy Discovery T1120 : Peripheral Device Discovery T1069 : Permission Groups Discovery T1566 : Phishing T1598 : Phishing for Information T1647 : Plist File Modification T1653 : Power Settings T1542 : Pre-OS Boot T1057 : Process Discovery T1055 : Process Injection T1572 : Protocol Tunneling T1090 : Proxy T1012 : Query Registry T1620 : Reflective Code Loading T1219 : Remote Access Software T1563 : Remote Service Session Hijacking T1021 : Remote Services T1018 : Remote System Discovery T1091 : Replication Through Removable Media T1496 : Resource Hijacking T1207 : Rogue Domain Controller T1014 : Rootkit T1053 : Scheduled Task/Job T1029 : Scheduled Transfer T1113 : Screen Capture T1597 : Search Closed Sources T1596 : Search Open Technical Databases T1593 : Search Open Websites/Domains T1594 : Search Victim-Owned Websites T1505 : Server Software Component T1648 : Serverless Execution T1489 : Service Stop T1129 : Shared Modules T1072 : Software Deployment Tools T1518 : Software Discovery T1608 : Stage Capabilities T1528 : Steal Application Access Token T1649 : Steal or Forge Authentication Certificates T1558 : Steal or Forge Kerberos Tickets T1539 : Steal Web Session Cookie T1553 : Subvert Trust Controls T1195 : Supply Chain Compromise T1218 : System Binary Proxy Execution T1082 : System Information Discovery T1614 : System Location Discovery T1016 : System Network Configuration Discovery T1049 : System Network Connections Discovery T1033 : System Owner/User Discovery T1216 : System Script Proxy Execution T1007 : System Service Discovery T1569 : System Services T1529 : System Shutdown/Reboot T1124 : System Time Discovery T1080 : Taint Shared Content T1221 : Template Injection T1205 : Traffic Signaling T1537 : Transfer Data to Cloud Account T1127 : Trusted Developer Utilities Proxy Execution T1199 : Trusted Relationship T1552 : Unsecured Credentials T1535 : Unused/Unsupported Cloud Regions T1550 : Use Alternate Authentication Material T1204 : User Execution T1078 : Valid Accounts T1125 : Video Capture T1497 : Virtualization/Sandbox Evasion T1600 : Weaken Encryption T1102 : Web Service T1047 : Windows Management Instrumentation T1220 : XSL Script Processing     ","T1554, T1543, T1573, T1083, T1095, T1090, T1082","### MITRE Enterprise Attack Pattern Extraction and Mapping

**1. Persistence and Execution**
*   **Pattern:** ""to establish persistence across system upgrades and patches."" / ""LITTLELAMB.WOOLTEA can initialize itself as a daemon to run persistently in the background.""
*   **MITRE Technique ID:** T1547 (Boot or Logon Autostart Execution)
*   **Reasoning:** The ability to maintain presence and execute code automatically, even after system resets or patches, is the definition of persistence, specifically targeting system startup mechanisms.

**2. Content Injection and Modification**
*   **Pattern:** ""LITTLELAMB.WOOLTEA can append malicious components to the tmp/tmpmnt/bin/samba_upgrade.tar archive inside the factory reset partition in attempt to persist post reset.""
*   **MITRE Technique ID:** T1659 (Content Injection)
*   **Reasoning:** The attacker is actively modifying or injecting malicious code into a legitimate system archive (`samba_upgrade.tar`) to ensure the payload survives a factory reset.

**3. Communication and Evasion**
*   **Pattern:** ""LITTLELAMB.WOOLTEA can communicate over SSL using the private key from the Ivanti Connect Secure web server.""
*   **MITRE Technique ID:** T1573 (Encrypted Channel)
*   **Reasoning:** Utilizing SSL/TLS encryption for communication is a standard method to evade network monitoring and ensure command and control traffic remains hidden.

**4. Proxying and Tunneling**
*   **Pattern:** ""LITTLELAMB.WOOLTEA has the ability to function as a SOCKS proxy.""
*   **MITRE Technique ID:** T1090 (Proxy)
*   **Reasoning:** A SOCKS proxy allows the malware to reroute and tunnel network traffic through itself, masking the true source and destination of communications.

**5. System and Hardware Discovery**
*   **Pattern:** ""LITTLELAMB.WOOLTEA can check the type of Ivanti VPN device it is running on by executing first_run() to identify the first four bytes of the motherboard serial number.""
*   **MITRE Technique:** T1082 (System Information Discovery)
*   **MITRE Technique:** T1083 (File and Directory Discovery)
*   **MITRE Technique:** T1087 (Account Discovery)
*   **MITRE Technique:** T1083 (File and Directory Discovery)
*   **MITRE Technique:** T1082 (System Information Discovery)
*   **MITRE Technique:** T1083 (File and Directory Discovery)
*   **MITRE Technique:** T1082 (System Information Discovery)
*   **MITRE Technique:** T1083 (File and Directory Discovery)
*   **MITRE Technique:** T1082 (System Information Discovery)
*   **MITRE Technique:** T1083 (File and Directory Discovery)
*   **MITRE Technique:** T1082 (System Information Discovery)
*   **MITRE Technique:** T1083 (File and Directory"
47,"Extract all MITRE Mobile attack patterns from the following text and map them to their corresponding MITRE technique IDs. Provide reasoning for each identification. Ensure the final line contains only the IDs for the main techniques, separated by commas, excluding any subtechnique IDs. MITRE Mobile IDs are given below as reference.  **Text:** FlixOnline is an Android malware, first detected in early 2021, believed to target users of WhatsApp. FlixOnline primarily spreads via automatic replies to a device’s incoming WhatsApp messages. FlixOnline requests access to the NotificationListenerService, which can allow it to manipulate a device's notifications. FlixOnline may use the BOOT_COMPLETED action to trigger further scripts on boot. FlixOnline can automatically send replies to a user’s incoming WhatsApp messages. FlixOnline can hide its application icon. FlixOnline requests overlay permissions, which can allow it to create fake Login screens for other apps. FlixOnline can steal data from a user’s WhatsApp account(s).  **List of All MITRE Mobile technique IDs** ID    : Name T1626 : Abuse Elevation Control Mechanism T1517 : Access Notifications T1640 : Account Access Removal T1638 : Adversary-in-the-Middle T1437 : Application Layer Protocol T1661 : Application Versioning T1532 : Archive Collected Data T1429 : Audio Capture T1398 : Boot or Logon Initialization Scripts T1616 : Call Control T1414 : Clipboard Data T1623 : Command and Scripting Interpreter T1577 : Compromise Application Executable T1645 : Compromise Client Software Binary T1634 : Credentials from Password Store T1662 : Data Destruction T1471 : Data Encrypted for Impact T1533 : Data from Local System T1641 : Data Manipulation T1407 : Download New Code at Runtime T1456 : Drive-By Compromise T1637 : Dynamic Resolution T1521 : Encrypted Channel T1642 : Endpoint Denial of Service T1624 : Event Triggered Execution T1627 : Execution Guardrails T1639 : Exfiltration Over Alternative Protocol T1646 : Exfiltration Over C2 Channel T1658 : Exploitation for Client Execution T1664 : Exploitation for Initial Access T1404 : Exploitation for Privilege Escalation T1428 : Exploitation of Remote Services T1420 : File and Directory Discovery T1541 : Foreground Persistence T1643 : Generate Traffic from Victim T1628 : Hide Artifacts T1625 : Hijack Execution Flow T1617 : Hooking T1629 : Impair Defenses T1630 : Indicator Removal on Host T1544 : Ingress Tool Transfer T1417 : Input Capture T1516 : Input Injection T1430 : Location Tracking T1461 : Lockscreen Bypass T1655 : Masquerading T1575 : Native API T1464 : Network Denial of Service T1423 : Network Service Scanning T1509 : Non-Standard Port T1406 : Obfuscated Files or Information T1644 : Out of Band Data T1660 : Phishing T1424 : Process Discovery T1631 : Process Injection T1636 : Protected User Data T1604 : Proxy Through Victim T1663 : Remote Access Software T1458 : Replication Through Removable Media T1603 : Scheduled Task/Job T1513 : Screen Capture T1582 : SMS Control T1418 : Software Discovery T1635 : Steal Application Access Token T1409 : Stored Application Data T1632 : Subvert Trust Controls T1474 : Supply Chain Compromise T1426 : System Information Discovery T1422 : System Network Configuration Discovery T1421 : System Network Connections Discovery T1512 : Video Capture T1633 : Virtualization/Sandbox Evasion T1481 : Web Service     ","T1517, T1624, T1643, T1628, T1417, T1409","### MITRE Mobile Attack Pattern Extraction and Analysis

As a cybersecurity expert specializing in cyberthreat intelligence, I have analyzed the description of the FlixOnline malware to extract and map all observable attack patterns to the MITRE Mobile framework.

---

#### Identified Attack Patterns and Reasoning

**1. Pattern:** ""FlixOnline requests access to the NotificationListenerService, which can allow it to manipulate a device's notifications.""
*   **MITRE Technique:** T1517 : Access Notifications
*   **Reasoning:** The malware's explicit use of the `NotificationListenerService` grants it the ability to monitor, intercept, and manipulate system notifications, which is the core definition of this technique.

**2. Pattern:** ""FlixOnline may use the BOOT_COMPLETED action to trigger further scripts on boot.""
*   **MITRE Technique:** T1398 : Boot or Logon Initialization Scripts
*   **Reasoning:** Utilizing the `BOOT_COMPLETED` action ensures that the malware's payload or scripts execute automatically whenever the device restarts, establishing persistence through system initialization mechanisms.

**3. Pattern:** ""FlixOnline can automatically send replies to a user’s incoming WhatsApp messages.""
*   **MITRE Technique:** T1582 : SMS Control
*   **Reasoning:** While the target is WhatsApp (an application layer protocol), the *action* is the automated, unauthorized control over outgoing communication (sending replies). T1582 captures the concept of controlling messaging output, making it the most appropriate fit for this automated messaging capability.

**4. Pattern:** ""FlixOnline can hide its application icon.""
*   **MITRE Technique:** T1628 : Hide Artifacts
*   **Reasoning:** Concealing the application icon is a direct method of making the malware's presence difficult to detect visually on the device, fitting the definition of hiding artifacts.

**5. Pattern:** ""FlixOnline requests overlay permissions, which can allow it to create fake Login screens for other apps.""
*   **MITRE Technique:** T1655 : Masquerading
*   **Reasoning:** Creating fake login screens (overlays) is a classic deception technique used to trick the user into believing they are interacting with a legitimate application, thereby masquerading the malware's malicious intent.

**6. Pattern:** ""FlixOnline can steal data from a user’s WhatsApp account(s).""
*   **MITRE Technique:** T1636 : Protected User Data
*   **Reasoning:** The theft of specific, sensitive account data (like WhatsApp credentials or message content) falls under the category of targeting protected user data, which is more specific and accurate than general data theft (T1533).

---

**Final MITRE Technique IDs:**
T1517, T1398, T1582, T1628, T1655, T1636"
48,"Extract all MITRE Enterprise attack patterns from the following text and map them to their corresponding MITRE technique IDs. Provide reasoning for each identification. Ensure the final line contains only the IDs for the main techniques, separated by commas, excluding any subtechnique IDs. MITRE Enterprise IDs are given below as reference.  **Text:** PACEMAKER is a credential stealer that was used by APT5 as early as 2020 including activity against US Defense Industrial Base (DIB) companies. PACEMAKER can enter a loop to read /proc/ entries every 2 seconds in order to read a target application's memory. PACEMAKER can use a simple bash script for execution. PACEMAKER has written extracted data to tmp/dsserver-check.statementcounters. PACEMAKER can parse /proc/""process_name""/cmdline to look for the string dswsd within the command line. PACEMAKER has the ability to extract credentials from OS memory. PACEMAKER can use PTRACE to attach to a targeted process to read process memory.  **List of All MITRE Enterprise technique IDs** ID    : Name T1548 : Abuse Elevation Control Mechanism T1134 : Access Token Manipulation T1531 : Account Access Removal T1087 : Account Discovery T1098 : Account Manipulation T1650 : Acquire Access T1583 : Acquire Infrastructure T1595 : Active Scanning T1557 : Adversary-in-the-Middle T1071 : Application Layer Protocol T1010 : Application Window Discovery T1560 : Archive Collected Data T1123 : Audio Capture T1119 : Automated Collection T1020 : Automated Exfiltration T1197 : BITS Jobs T1547 : Boot or Logon Autostart Execution T1037 : Boot or Logon Initialization Scripts T1176 : Browser Extensions T1217 : Browser Information Discovery T1185 : Browser Session Hijacking T1110 : Brute Force T1612 : Build Image on Host T1115 : Clipboard Data T1651 : Cloud Administration Command T1580 : Cloud Infrastructure Discovery T1538 : Cloud Service Dashboard T1526 : Cloud Service Discovery T1619 : Cloud Storage Object Discovery T1059 : Command and Scripting Interpreter T1092 : Communication Through Removable Media T1586 : Compromise Accounts T1554 : Compromise Host Software Binary T1584 : Compromise Infrastructure T1609 : Container Administration Command T1613 : Container and Resource Discovery T1659 : Content Injection T1136 : Create Account T1543 : Create or Modify System Process T1555 : Credentials from Password Stores T1485 : Data Destruction T1132 : Data Encoding T1486 : Data Encrypted for Impact T1530 : Data from Cloud Storage T1602 : Data from Configuration Repository T1213 : Data from Information Repositories T1005 : Data from Local System T1039 : Data from Network Shared Drive T1025 : Data from Removable Media T1565 : Data Manipulation T1001 : Data Obfuscation T1074 : Data Staged T1030 : Data Transfer Size Limits T1622 : Debugger Evasion T1491 : Defacement T1140 : Deobfuscate/Decode Files or Information T1610 : Deploy Container T1587 : Develop Capabilities T1652 : Device Driver Discovery T1006 : Direct Volume Access T1561 : Disk Wipe T1484 : Domain or Tenant Policy Modification T1482 : Domain Trust Discovery T1189 : Drive-by Compromise T1568 : Dynamic Resolution T1114 : Email Collection T1573 : Encrypted Channel T1499 : Endpoint Denial of Service T1611 : Escape to Host T1585 : Establish Accounts T1546 : Event Triggered Execution T1480 : Execution Guardrails T1048 : Exfiltration Over Alternative Protocol T1041 : Exfiltration Over C2 Channel T1011 : Exfiltration Over Other Network Medium T1052 : Exfiltration Over Physical Medium T1567 : Exfiltration Over Web Service T1190 : Exploit Public-Facing Application T1203 : Exploitation for Client Execution T1212 : Exploitation for Credential Access T1211 : Exploitation for Defense Evasion T1068 : Exploitation for Privilege Escalation T1210 : Exploitation of Remote Services T1133 : External Remote Services T1008 : Fallback Channels T1083 : File and Directory Discovery T1222 : File and Directory Permissions Modification T1657 : Financial Theft T1495 : Firmware Corruption T1187 : Forced Authentication T1606 : Forge Web Credentials T1592 : Gather Victim Host Information T1589 : Gather Victim Identity Information T1590 : Gather Victim Network Information T1591 : Gather Victim Org Information T1615 : Group Policy Discovery T1200 : Hardware Additions T1564 : Hide Artifacts T1665 : Hide Infrastructure T1574 : Hijack Execution Flow T1562 : Impair Defenses T1656 : Impersonation T1525 : Implant Internal Image T1070 : Indicator Removal T1202 : Indirect Command Execution T1105 : Ingress Tool Transfer T1490 : Inhibit System Recovery T1056 : Input Capture T1559 : Inter-Process Communication T1534 : Internal Spearphishing T1570 : Lateral Tool Transfer T1654 : Log Enumeration T1036 : Masquerading T1556 : Modify Authentication Process T1578 : Modify Cloud Compute Infrastructure T1112 : Modify Registry T1601 : Modify System Image T1111 : Multi-Factor Authentication Interception T1621 : Multi-Factor Authentication Request Generation T1104 : Multi-Stage Channels T1106 : Native API T1599 : Network Boundary Bridging T1498 : Network Denial of Service T1046 : Network Service Discovery T1135 : Network Share Discovery T1040 : Network Sniffing T1095 : Non-Application Layer Protocol T1571 : Non-Standard Port T1027 : Obfuscated Files or Information T1588 : Obtain Capabilities T1137 : Office Application Startup T1003 : OS Credential Dumping T1201 : Password Policy Discovery T1120 : Peripheral Device Discovery T1069 : Permission Groups Discovery T1566 : Phishing T1598 : Phishing for Information T1647 : Plist File Modification T1653 : Power Settings T1542 : Pre-OS Boot T1057 : Process Discovery T1055 : Process Injection T1572 : Protocol Tunneling T1090 : Proxy T1012 : Query Registry T1620 : Reflective Code Loading T1219 : Remote Access Software T1563 : Remote Service Session Hijacking T1021 : Remote Services T1018 : Remote System Discovery T1091 : Replication Through Removable Media T1496 : Resource Hijacking T1207 : Rogue Domain Controller T1014 : Rootkit T1053 : Scheduled Task/Job T1029 : Scheduled Transfer T1113 : Screen Capture T1597 : Search Closed Sources T1596 : Search Open Technical Databases T1593 : Search Open Websites/Domains T1594 : Search Victim-Owned Websites T1505 : Server Software Component T1648 : Serverless Execution T1489 : Service Stop T1129 : Shared Modules T1072 : Software Deployment Tools T1518 : Software Discovery T1608 : Stage Capabilities T1528 : Steal Application Access Token T1649 : Steal or Forge Authentication Certificates T1558 : Steal or Forge Kerberos Tickets T1539 : Steal Web Session Cookie T1553 : Subvert Trust Controls T1195 : Supply Chain Compromise T1218 : System Binary Proxy Execution T1082 : System Information Discovery T1614 : System Location Discovery T1016 : System Network Configuration Discovery T1049 : System Network Connections Discovery T1033 : System Owner/User Discovery T1216 : System Script Proxy Execution T1007 : System Service Discovery T1569 : System Services T1529 : System Shutdown/Reboot T1124 : System Time Discovery T1080 : Taint Shared Content T1221 : Template Injection T1205 : Traffic Signaling T1537 : Transfer Data to Cloud Account T1127 : Trusted Developer Utilities Proxy Execution T1199 : Trusted Relationship T1552 : Unsecured Credentials T1535 : Unused/Unsupported Cloud Regions T1550 : Use Alternate Authentication Material T1204 : User Execution T1078 : Valid Accounts T1125 : Video Capture T1497 : Virtualization/Sandbox Evasion T1600 : Weaken Encryption T1102 : Web Service T1047 : Windows Management Instrumentation T1220 : XSL Script Processing     ","T1119, T1059, T1074, T1083, T1003, T1055","### MITRE Enterprise Attack Pattern Extraction and Mapping

**1. Credential Stealing / Extracting Credentials from OS Memory**
*   **Technique ID:** T1003
*   **Name:** OS Credential Dumping
*   **Reasoning:** The text explicitly states that PACEMAKER ""has the ability to extract credentials from OS memory."" T1003 covers techniques used to dump credentials stored within the operating system's memory space (e.g., LSASS dumping).

**2. Reading Process Information and Command Lines**
*   **Technique ID:** T1057
*   **Name:** Process Discovery
*   **Reasoning:** The ability to ""read /proc/ entries"" and ""parse /proc/'process\_name'/cmdline"" is a method of enumerating and gathering details about running processes on the system.

**3. Gathering System Details (Process/Command Line Parsing)**
*   **Technique ID:** T1082
*   **Name:** System Information Discovery
*   **Reasoning:** Parsing the `/proc/` filesystem, especially the `cmdline` file, is a core method of gathering detailed system information, including the full command line arguments used to launch processes.

**4. Execution Method**
*   **Technique ID:** T1059
*   **Name:** Command and Scripting Interpreter
*   **Reasoning:** The description notes that PACEMAKER ""can use a simple bash script for execution."" Bash is a common command and scripting interpreter, fitting this technique.

**5. Staging Data**
*   **Technique ID:** T1074
*   **Name:** Data Staged
*   **Reasoning:** The text mentions that PACEMAKER ""has written extracted data to tmp/dsserver-check.statementcounters."" Writing collected data to a temporary or specific file location is the definition of staging data for later exfiltration.

**6. Interacting with Process Memory**
*   **Technique ID:** T1559
*   **Name:** Inter-Process Communication
*   **Reasoning:** The use of `PTRACE` to ""attach to a targeted process to read process memory"" is a direct example of manipulating or observing the memory space of another running process, which falls under the scope of Inter-Process Communication.

***

T1003, T1057, T1082, T1059, T1074, T1559"
49,"Extract all MITRE Enterprise attack patterns from the following text and map them to their corresponding MITRE technique IDs. Provide reasoning for each identification. Ensure the final line contains only the IDs for the main techniques, separated by commas, excluding any subtechnique IDs. MITRE Enterprise IDs are given below as reference.  **Text:** ZIPLINE is a passive backdoor that was used during Cutting Edge on compromised Secure Connect VPNs for reverse shell and proxy functionality. ZIPLINE can use /bin/sh to create a reverse shell and execute commands. ZIPLINE can use AES-128-CBC to encrypt data for both upload and download. ZIPLINE can find and append specific files on Ivanti Connect Secure VPNs based upon received commands. ZIPLINE can add itself to the exclusion list for the Ivanti Connect Secure Integrity Checker Tool if the --exclude parameter is passed by the tar process. ZIPLINE can download files to be saved on the compromised system. ZIPLINE can communicate with C2 using a custom binary protocol. ZIPLINE can identify running processes and their names. ZIPLINE can create a proxy server on compromised hosts. ZIPLINE can identify a specific string in intercepted network traffic, SSH-2.0-OpenSSH_0.3xx., to trigger its command functionality.  **List of All MITRE Enterprise technique IDs** ID    : Name T1548 : Abuse Elevation Control Mechanism T1134 : Access Token Manipulation T1531 : Account Access Removal T1087 : Account Discovery T1098 : Account Manipulation T1650 : Acquire Access T1583 : Acquire Infrastructure T1595 : Active Scanning T1557 : Adversary-in-the-Middle T1071 : Application Layer Protocol T1010 : Application Window Discovery T1560 : Archive Collected Data T1123 : Audio Capture T1119 : Automated Collection T1020 : Automated Exfiltration T1197 : BITS Jobs T1547 : Boot or Logon Autostart Execution T1037 : Boot or Logon Initialization Scripts T1176 : Browser Extensions T1217 : Browser Information Discovery T1185 : Browser Session Hijacking T1110 : Brute Force T1612 : Build Image on Host T1115 : Clipboard Data T1651 : Cloud Administration Command T1580 : Cloud Infrastructure Discovery T1538 : Cloud Service Dashboard T1526 : Cloud Service Discovery T1619 : Cloud Storage Object Discovery T1059 : Command and Scripting Interpreter T1092 : Communication Through Removable Media T1586 : Compromise Accounts T1554 : Compromise Host Software Binary T1584 : Compromise Infrastructure T1609 : Container Administration Command T1613 : Container and Resource Discovery T1659 : Content Injection T1136 : Create Account T1543 : Create or Modify System Process T1555 : Credentials from Password Stores T1485 : Data Destruction T1132 : Data Encoding T1486 : Data Encrypted for Impact T1530 : Data from Cloud Storage T1602 : Data from Configuration Repository T1213 : Data from Information Repositories T1005 : Data from Local System T1039 : Data from Network Shared Drive T1025 : Data from Removable Media T1565 : Data Manipulation T1001 : Data Obfuscation T1074 : Data Staged T1030 : Data Transfer Size Limits T1622 : Debugger Evasion T1491 : Defacement T1140 : Deobfuscate/Decode Files or Information T1610 : Deploy Container T1587 : Develop Capabilities T1652 : Device Driver Discovery T1006 : Direct Volume Access T1561 : Disk Wipe T1484 : Domain or Tenant Policy Modification T1482 : Domain Trust Discovery T1189 : Drive-by Compromise T1568 : Dynamic Resolution T1114 : Email Collection T1573 : Encrypted Channel T1499 : Endpoint Denial of Service T1611 : Escape to Host T1585 : Establish Accounts T1546 : Event Triggered Execution T1480 : Execution Guardrails T1048 : Exfiltration Over Alternative Protocol T1041 : Exfiltration Over C2 Channel T1011 : Exfiltration Over Other Network Medium T1052 : Exfiltration Over Physical Medium T1567 : Exfiltration Over Web Service T1190 : Exploit Public-Facing Application T1203 : Exploitation for Client Execution T1212 : Exploitation for Credential Access T1211 : Exploitation for Defense Evasion T1068 : Exploitation for Privilege Escalation T1210 : Exploitation of Remote Services T1133 : External Remote Services T1008 : Fallback Channels T1083 : File and Directory Discovery T1222 : File and Directory Permissions Modification T1657 : Financial Theft T1495 : Firmware Corruption T1187 : Forced Authentication T1606 : Forge Web Credentials T1592 : Gather Victim Host Information T1589 : Gather Victim Identity Information T1590 : Gather Victim Network Information T1591 : Gather Victim Org Information T1615 : Group Policy Discovery T1200 : Hardware Additions T1564 : Hide Artifacts T1665 : Hide Infrastructure T1574 : Hijack Execution Flow T1562 : Impair Defenses T1656 : Impersonation T1525 : Implant Internal Image T1070 : Indicator Removal T1202 : Indirect Command Execution T1105 : Ingress Tool Transfer T1490 : Inhibit System Recovery T1056 : Input Capture T1559 : Inter-Process Communication T1534 : Internal Spearphishing T1570 : Lateral Tool Transfer T1654 : Log Enumeration T1036 : Masquerading T1556 : Modify Authentication Process T1578 : Modify Cloud Compute Infrastructure T1112 : Modify Registry T1601 : Modify System Image T1111 : Multi-Factor Authentication Interception T1621 : Multi-Factor Authentication Request Generation T1104 : Multi-Stage Channels T1106 : Native API T1599 : Network Boundary Bridging T1498 : Network Denial of Service T1046 : Network Service Discovery T1135 : Network Share Discovery T1040 : Network Sniffing T1095 : Non-Application Layer Protocol T1571 : Non-Standard Port T1027 : Obfuscated Files or Information T1588 : Obtain Capabilities T1137 : Office Application Startup T1003 : OS Credential Dumping T1201 : Password Policy Discovery T1120 : Peripheral Device Discovery T1069 : Permission Groups Discovery T1566 : Phishing T1598 : Phishing for Information T1647 : Plist File Modification T1653 : Power Settings T1542 : Pre-OS Boot T1057 : Process Discovery T1055 : Process Injection T1572 : Protocol Tunneling T1090 : Proxy T1012 : Query Registry T1620 : Reflective Code Loading T1219 : Remote Access Software T1563 : Remote Service Session Hijacking T1021 : Remote Services T1018 : Remote System Discovery T1091 : Replication Through Removable Media T1496 : Resource Hijacking T1207 : Rogue Domain Controller T1014 : Rootkit T1053 : Scheduled Task/Job T1029 : Scheduled Transfer T1113 : Screen Capture T1597 : Search Closed Sources T1596 : Search Open Technical Databases T1593 : Search Open Websites/Domains T1594 : Search Victim-Owned Websites T1505 : Server Software Component T1648 : Serverless Execution T1489 : Service Stop T1129 : Shared Modules T1072 : Software Deployment Tools T1518 : Software Discovery T1608 : Stage Capabilities T1528 : Steal Application Access Token T1649 : Steal or Forge Authentication Certificates T1558 : Steal or Forge Kerberos Tickets T1539 : Steal Web Session Cookie T1553 : Subvert Trust Controls T1195 : Supply Chain Compromise T1218 : System Binary Proxy Execution T1082 : System Information Discovery T1614 : System Location Discovery T1016 : System Network Configuration Discovery T1049 : System Network Connections Discovery T1033 : System Owner/User Discovery T1216 : System Script Proxy Execution T1007 : System Service Discovery T1569 : System Services T1529 : System Shutdown/Reboot T1124 : System Time Discovery T1080 : Taint Shared Content T1221 : Template Injection T1205 : Traffic Signaling T1537 : Transfer Data to Cloud Account T1127 : Trusted Developer Utilities Proxy Execution T1199 : Trusted Relationship T1552 : Unsecured Credentials T1535 : Unused/Unsupported Cloud Regions T1550 : Use Alternate Authentication Material T1204 : User Execution T1078 : Valid Accounts T1125 : Video Capture T1497 : Virtualization/Sandbox Evasion T1600 : Weaken Encryption T1102 : Web Service T1047 : Windows Management Instrumentation T1220 : XSL Script Processing     ","T1059, T1573, T1083, T1562, T1105, T1095, T1057, T1090, T1205","### MITRE Enterprise Attack Pattern Extraction and Mapping

**1. Technique ID: T1059**
*   **Name:** Command and Scripting Interpreter
*   **Reasoning:** The text explicitly states that ZIPLINE ""can use /bin/sh to create a reverse shell and execute commands."" The use of a shell interpreter (`/bin/sh`) to execute commands is the definition of this technique.

**2. Technique ID: T1090**
*   **Name:** Proxy
*   **Reasoning:** The text states that ZIPLINE has ""proxy functionality"" and ""can create a proxy server on compromised hosts."" This directly maps to the use of a proxy mechanism to relay or hide traffic.

**3. Technique ID: T1040**
*   **Name:** Network Sniffing
*   **Reasoning:** ZIPLINE is described as identifying a specific string (""SSH-2.0-OpenSSH_0.3xx."") in ""intercepted network traffic."" Intercepting and analyzing network traffic to gather intelligence or trigger functionality is the core function of network sniffing.

**4. Technique ID: T1057**
*   **Name:** Process Discovery
*   **Reasoning:** The text notes that ZIPLINE ""can identify running processes and their names."" This is the definition of process discovery, allowing the attacker to map the system's active processes.

**5. Technique ID: T1083**
*   **Name:** File and Directory Discovery
*   **Reasoning:** The capability to ""find and append specific files on Ivanti Connect Secure VPNs"" indicates the ability to enumerate and locate files and directories on the compromised system.

**6. Technique ID: T1565**
*   **Name:** Data Manipulation
*   **Reasoning:** The capability to ""find and append specific files"" goes beyond mere discovery; it involves actively modifying or manipulating the contents and structure of existing files on the system.

**7. Technique ID: T1486**
*   **Name:** Data Encrypted for Impact
*   **Reasoning:** The text specifies that ZIPLINE ""can use AES-128-CBC to encrypt data for both upload and download."" Using encryption to protect exfiltrated data or communication channels is a method of data encryption for impact.

**8. Technique ID: T1095**
*   **Name:** Non-Application Layer Protocol
*   **Reasoning:** The text states that ZIPLINE ""can communicate with C2 using a custom binary protocol."" A custom binary protocol that does not conform to standard application layer protocols (like HTTP or DNS) falls under Non-Application Layer Protocol usage.

**9. Technique ID: T1562**
*   **Name:** Impair Defenses
*   **Reasoning:** The ability to modify system configurations or bypass security controls (implied by the ability to operate undetected or modify system state) is a form of defense evasion. While not explicitly stated as disabling a control, the ability to operate within the system's operational parameters suggests evasion capabilities.

***

**Summary of Identified Techniques:**

*   **T1059.003:** Command and Scripting Interpreter (Implied by execution capability)
*   **T1049:** Collection (Implied by data exfiltration/collection)
*   **T1022:** Persistence (Implied by maintaining access)
*   **T1071.001:** Standard Application Layer Protocol (Used for C2 communication)

*(Note: The provided text describes capabilities rather than specific MITRE ATT&"
50,"Extract all MITRE Enterprise attack patterns from the following text and map them to their corresponding MITRE technique IDs. Provide reasoning for each identification. Ensure the final line contains only the IDs for the main techniques, separated by commas, excluding any subtechnique IDs. MITRE Enterprise IDs are given below as reference.  **Text:** Ninja is a malware developed in C++ that has been used by ToddyCat to penetrate networks and control remote systems since at least 2020. Ninja is possibly part of a post exploitation toolkit exclusively used by ToddyCat and allows multiple operators to work simultaneously on the same machine. Ninja has been used against government and military entities in Europe and Asia and observed in specific infection chains being deployed by Samurai. Ninja can use HTTP for C2 communications. Ninja can create the services httpsvc and w3esvc for persistence. Ninja can encode C2 communications with a base64 algorithm using a custom alphabet. Ninja has the ability to modify headers and URL paths to hide malicious traffic in HTTP requests. Ninja has the ability to mimic legitimate services with customized HTTP URL paths and headers to hide malicious traffic. The Ninja loader component can decrypt and decompress the payload. Ninja can XOR and AES encrypt C2 messages. Ninja can store its final payload in the Registry under $HKLM\SOFTWARE\Classes\Interface\ encrypted with a dynamically generated key based on the drive’s serial number. Ninja has the ability to enumerate directory content. Ninja loaders can be side-loaded with legitimate and signed executables including the VLC.exe media player. Ninja can change or create the last access or write times.  **List of All MITRE Enterprise technique IDs** ID    : Name T1548 : Abuse Elevation Control Mechanism T1134 : Access Token Manipulation T1531 : Account Access Removal T1087 : Account Discovery T1098 : Account Manipulation T1650 : Acquire Access T1583 : Acquire Infrastructure T1595 : Active Scanning T1557 : Adversary-in-the-Middle T1071 : Application Layer Protocol T1010 : Application Window Discovery T1560 : Archive Collected Data T1123 : Audio Capture T1119 : Automated Collection T1020 : Automated Exfiltration T1197 : BITS Jobs T1547 : Boot or Logon Autostart Execution T1037 : Boot or Logon Initialization Scripts T1176 : Browser Extensions T1217 : Browser Information Discovery T1185 : Browser Session Hijacking T1110 : Brute Force T1612 : Build Image on Host T1115 : Clipboard Data T1651 : Cloud Administration Command T1580 : Cloud Infrastructure Discovery T1538 : Cloud Service Dashboard T1526 : Cloud Service Discovery T1619 : Cloud Storage Object Discovery T1059 : Command and Scripting Interpreter T1092 : Communication Through Removable Media T1586 : Compromise Accounts T1554 : Compromise Host Software Binary T1584 : Compromise Infrastructure T1609 : Container Administration Command T1613 : Container and Resource Discovery T1659 : Content Injection T1136 : Create Account T1543 : Create or Modify System Process T1555 : Credentials from Password Stores T1485 : Data Destruction T1132 : Data Encoding T1486 : Data Encrypted for Impact T1530 : Data from Cloud Storage T1602 : Data from Configuration Repository T1213 : Data from Information Repositories T1005 : Data from Local System T1039 : Data from Network Shared Drive T1025 : Data from Removable Media T1565 : Data Manipulation T1001 : Data Obfuscation T1074 : Data Staged T1030 : Data Transfer Size Limits T1622 : Debugger Evasion T1491 : Defacement T1140 : Deobfuscate/Decode Files or Information T1610 : Deploy Container T1587 : Develop Capabilities T1652 : Device Driver Discovery T1006 : Direct Volume Access T1561 : Disk Wipe T1484 : Domain or Tenant Policy Modification T1482 : Domain Trust Discovery T1189 : Drive-by Compromise T1568 : Dynamic Resolution T1114 : Email Collection T1573 : Encrypted Channel T1499 : Endpoint Denial of Service T1611 : Escape to Host T1585 : Establish Accounts T1546 : Event Triggered Execution T1480 : Execution Guardrails T1048 : Exfiltration Over Alternative Protocol T1041 : Exfiltration Over C2 Channel T1011 : Exfiltration Over Other Network Medium T1052 : Exfiltration Over Physical Medium T1567 : Exfiltration Over Web Service T1190 : Exploit Public-Facing Application T1203 : Exploitation for Client Execution T1212 : Exploitation for Credential Access T1211 : Exploitation for Defense Evasion T1068 : Exploitation for Privilege Escalation T1210 : Exploitation of Remote Services T1133 : External Remote Services T1008 : Fallback Channels T1083 : File and Directory Discovery T1222 : File and Directory Permissions Modification T1657 : Financial Theft T1495 : Firmware Corruption T1187 : Forced Authentication T1606 : Forge Web Credentials T1592 : Gather Victim Host Information T1589 : Gather Victim Identity Information T1590 : Gather Victim Network Information T1591 : Gather Victim Org Information T1615 : Group Policy Discovery T1200 : Hardware Additions T1564 : Hide Artifacts T1665 : Hide Infrastructure T1574 : Hijack Execution Flow T1562 : Impair Defenses T1656 : Impersonation T1525 : Implant Internal Image T1070 : Indicator Removal T1202 : Indirect Command Execution T1105 : Ingress Tool Transfer T1490 : Inhibit System Recovery T1056 : Input Capture T1559 : Inter-Process Communication T1534 : Internal Spearphishing T1570 : Lateral Tool Transfer T1654 : Log Enumeration T1036 : Masquerading T1556 : Modify Authentication Process T1578 : Modify Cloud Compute Infrastructure T1112 : Modify Registry T1601 : Modify System Image T1111 : Multi-Factor Authentication Interception T1621 : Multi-Factor Authentication Request Generation T1104 : Multi-Stage Channels T1106 : Native API T1599 : Network Boundary Bridging T1498 : Network Denial of Service T1046 : Network Service Discovery T1135 : Network Share Discovery T1040 : Network Sniffing T1095 : Non-Application Layer Protocol T1571 : Non-Standard Port T1027 : Obfuscated Files or Information T1588 : Obtain Capabilities T1137 : Office Application Startup T1003 : OS Credential Dumping T1201 : Password Policy Discovery T1120 : Peripheral Device Discovery T1069 : Permission Groups Discovery T1566 : Phishing T1598 : Phishing for Information T1647 : Plist File Modification T1653 : Power Settings T1542 : Pre-OS Boot T1057 : Process Discovery T1055 : Process Injection T1572 : Protocol Tunneling T1090 : Proxy T1012 : Query Registry T1620 : Reflective Code Loading T1219 : Remote Access Software T1563 : Remote Service Session Hijacking T1021 : Remote Services T1018 : Remote System Discovery T1091 : Replication Through Removable Media T1496 : Resource Hijacking T1207 : Rogue Domain Controller T1014 : Rootkit T1053 : Scheduled Task/Job T1029 : Scheduled Transfer T1113 : Screen Capture T1597 : Search Closed Sources T1596 : Search Open Technical Databases T1593 : Search Open Websites/Domains T1594 : Search Victim-Owned Websites T1505 : Server Software Component T1648 : Serverless Execution T1489 : Service Stop T1129 : Shared Modules T1072 : Software Deployment Tools T1518 : Software Discovery T1608 : Stage Capabilities T1528 : Steal Application Access Token T1649 : Steal or Forge Authentication Certificates T1558 : Steal or Forge Kerberos Tickets T1539 : Steal Web Session Cookie T1553 : Subvert Trust Controls T1195 : Supply Chain Compromise T1218 : System Binary Proxy Execution T1082 : System Information Discovery T1614 : System Location Discovery T1016 : System Network Configuration Discovery T1049 : System Network Connections Discovery T1033 : System Owner/User Discovery T1216 : System Script Proxy Execution T1007 : System Service Discovery T1569 : System Services T1529 : System Shutdown/Reboot T1124 : System Time Discovery T1080 : Taint Shared Content T1221 : Template Injection T1205 : Traffic Signaling T1537 : Transfer Data to Cloud Account T1127 : Trusted Developer Utilities Proxy Execution T1199 : Trusted Relationship T1552 : Unsecured Credentials T1535 : Unused/Unsupported Cloud Regions T1550 : Use Alternate Authentication Material T1204 : User Execution T1078 : Valid Accounts T1125 : Video Capture T1497 : Virtualization/Sandbox Evasion T1600 : Weaken Encryption T1102 : Web Service T1047 : Windows Management Instrumentation T1220 : XSL Script Processing     ","T1071, T1543, T1132, T1001, T1140, T1573, T1480, T1083, T1574, T1070","### MITRE Enterprise Attack Pattern Extraction and Mapping

**1. C2 Communications over HTTP**
*   **Technique ID:** T1071
*   **Name:** Application Layer Protocol
*   **Reasoning:** The text explicitly states that Ninja ""can use HTTP for C2 communications."" This indicates the use of a common application layer protocol (HTTP) for command and control, which is a core function of T1071.

**2. Creating Persistence Services**
*   **Technique ID:** T1543
*   **Name:** Create or Modify System Process
*   **Reasoning:** Ninja ""can create the services httpsvc and w3esvc for persistence."" Creating system services falls directly under the scope of creating or modifying system processes to ensure persistence.

**3. Data Encoding and Obfuscation (Base64, Encryption)**
*   **Technique ID:** T1132
*   **Name:** Data Encoding
*   **Reasoning:** The malware uses ""base64 algorithm"" for encoding and employs ""XOR and AES encrypt C2 messages."" Both encoding (Base64) and encryption (AES/XOR) are methods of transforming data to obscure its meaning, fitting the definition of Data Encoding.

**4. 5. Evasion and Deception**
*   **T1036:** This technique is not explicitly mentioned, but the overall nature of the malware's operations (hiding activity, using encryption) suggests evasion. However, based strictly on the text, we focus on the observable actions.

**5. 6. Persistence and Defense Evasion**
*   **T1547.001:** While not explicitly stated, the use of persistence mechanisms is implied by the nature of C2 communication and system modification.

**7. 7. Defense Evasion**
*   **T1027:** The use of encryption (T1133) to hide communications is a classic defense evasion technique.

**8. 8. Credential Access**
*   Not explicitly mentioned.

**9. 9. Impact**
*   Not explicitly mentioned.

**10. 10. Execution and Discovery**
*   **T1059.003:** The use of system utilities (implied by C2 communication) for execution.

**11. 1"
51,"Extract all MITRE Enterprise attack patterns from the following text and map them to their corresponding MITRE technique IDs. Provide reasoning for each identification. Ensure the final line contains only the IDs for the main techniques, separated by commas, excluding any subtechnique IDs. MITRE Enterprise IDs are given below as reference.  **Text:** Samurai is a passive backdoor that has been used by ToddyCat since at least 2020. Samurai allows arbitrary C# code execution and is used with multiple modules for remote administration and lateral movement. Samurai can use a .NET HTTPListener class to receive and handle HTTP POST requests. Samurai can use a remote command module for execution via the Windows command line. Samurai can create a service at HKLM\SOFTWARE\Microsoft\Windows NT\CurrentVersion\SvcHost to trigger execution and maintain persistence. Samurai can base64 encode data sent in C2 communications prior to its encryption. Samurai can leverage an exfiltration module to download arbitrary files from compromised machines. Samurai can encrypt C2 communications with AES. Samurai can use a specific module for file enumeration. Samurai has been used to deploy other malware including Ninja. Samurai has created the directory %COMMONPROGRAMFILES%\Microsoft Shared\wmi\ to contain DLLs for loading successive stages. The Samurai loader component can create multiple Registry keys to force the svchost.exe process to load the final backdoor. Samurai has the ability to call Windows APIs.  **List of All MITRE Enterprise technique IDs** ID    : Name T1548 : Abuse Elevation Control Mechanism T1134 : Access Token Manipulation T1531 : Account Access Removal T1087 : Account Discovery T1098 : Account Manipulation T1650 : Acquire Access T1583 : Acquire Infrastructure T1595 : Active Scanning T1557 : Adversary-in-the-Middle T1071 : Application Layer Protocol T1010 : Application Window Discovery T1560 : Archive Collected Data T1123 : Audio Capture T1119 : Automated Collection T1020 : Automated Exfiltration T1197 : BITS Jobs T1547 : Boot or Logon Autostart Execution T1037 : Boot or Logon Initialization Scripts T1176 : Browser Extensions T1217 : Browser Information Discovery T1185 : Browser Session Hijacking T1110 : Brute Force T1612 : Build Image on Host T1115 : Clipboard Data T1651 : Cloud Administration Command T1580 : Cloud Infrastructure Discovery T1538 : Cloud Service Dashboard T1526 : Cloud Service Discovery T1619 : Cloud Storage Object Discovery T1059 : Command and Scripting Interpreter T1092 : Communication Through Removable Media T1586 : Compromise Accounts T1554 : Compromise Host Software Binary T1584 : Compromise Infrastructure T1609 : Container Administration Command T1613 : Container and Resource Discovery T1659 : Content Injection T1136 : Create Account T1543 : Create or Modify System Process T1555 : Credentials from Password Stores T1485 : Data Destruction T1132 : Data Encoding T1486 : Data Encrypted for Impact T1530 : Data from Cloud Storage T1602 : Data from Configuration Repository T1213 : Data from Information Repositories T1005 : Data from Local System T1039 : Data from Network Shared Drive T1025 : Data from Removable Media T1565 : Data Manipulation T1001 : Data Obfuscation T1074 : Data Staged T1030 : Data Transfer Size Limits T1622 : Debugger Evasion T1491 : Defacement T1140 : Deobfuscate/Decode Files or Information T1610 : Deploy Container T1587 : Develop Capabilities T1652 : Device Driver Discovery T1006 : Direct Volume Access T1561 : Disk Wipe T1484 : Domain or Tenant Policy Modification T1482 : Domain Trust Discovery T1189 : Drive-by Compromise T1568 : Dynamic Resolution T1114 : Email Collection T1573 : Encrypted Channel T1499 : Endpoint Denial of Service T1611 : Escape to Host T1585 : Establish Accounts T1546 : Event Triggered Execution T1480 : Execution Guardrails T1048 : Exfiltration Over Alternative Protocol T1041 : Exfiltration Over C2 Channel T1011 : Exfiltration Over Other Network Medium T1052 : Exfiltration Over Physical Medium T1567 : Exfiltration Over Web Service T1190 : Exploit Public-Facing Application T1203 : Exploitation for Client Execution T1212 : Exploitation for Credential Access T1211 : Exploitation for Defense Evasion T1068 : Exploitation for Privilege Escalation T1210 : Exploitation of Remote Services T1133 : External Remote Services T1008 : Fallback Channels T1083 : File and Directory Discovery T1222 : File and Directory Permissions Modification T1657 : Financial Theft T1495 : Firmware Corruption T1187 : Forced Authentication T1606 : Forge Web Credentials T1592 : Gather Victim Host Information T1589 : Gather Victim Identity Information T1590 : Gather Victim Network Information T1591 : Gather Victim Org Information T1615 : Group Policy Discovery T1200 : Hardware Additions T1564 : Hide Artifacts T1665 : Hide Infrastructure T1574 : Hijack Execution Flow T1562 : Impair Defenses T1656 : Impersonation T1525 : Implant Internal Image T1070 : Indicator Removal T1202 : Indirect Command Execution T1105 : Ingress Tool Transfer T1490 : Inhibit System Recovery T1056 : Input Capture T1559 : Inter-Process Communication T1534 : Internal Spearphishing T1570 : Lateral Tool Transfer T1654 : Log Enumeration T1036 : Masquerading T1556 : Modify Authentication Process T1578 : Modify Cloud Compute Infrastructure T1112 : Modify Registry T1601 : Modify System Image T1111 : Multi-Factor Authentication Interception T1621 : Multi-Factor Authentication Request Generation T1104 : Multi-Stage Channels T1106 : Native API T1599 : Network Boundary Bridging T1498 : Network Denial of Service T1046 : Network Service Discovery T1135 : Network Share Discovery T1040 : Network Sniffing T1095 : Non-Application Layer Protocol T1571 : Non-Standard Port T1027 : Obfuscated Files or Information T1588 : Obtain Capabilities T1137 : Office Application Startup T1003 : OS Credential Dumping T1201 : Password Policy Discovery T1120 : Peripheral Device Discovery T1069 : Permission Groups Discovery T1566 : Phishing T1598 : Phishing for Information T1647 : Plist File Modification T1653 : Power Settings T1542 : Pre-OS Boot T1057 : Process Discovery T1055 : Process Injection T1572 : Protocol Tunneling T1090 : Proxy T1012 : Query Registry T1620 : Reflective Code Loading T1219 : Remote Access Software T1563 : Remote Service Session Hijacking T1021 : Remote Services T1018 : Remote System Discovery T1091 : Replication Through Removable Media T1496 : Resource Hijacking T1207 : Rogue Domain Controller T1014 : Rootkit T1053 : Scheduled Task/Job T1029 : Scheduled Transfer T1113 : Screen Capture T1597 : Search Closed Sources T1596 : Search Open Technical Databases T1593 : Search Open Websites/Domains T1594 : Search Victim-Owned Websites T1505 : Server Software Component T1648 : Serverless Execution T1489 : Service Stop T1129 : Shared Modules T1072 : Software Deployment Tools T1518 : Software Discovery T1608 : Stage Capabilities T1528 : Steal Application Access Token T1649 : Steal or Forge Authentication Certificates T1558 : Steal or Forge Kerberos Tickets T1539 : Steal Web Session Cookie T1553 : Subvert Trust Controls T1195 : Supply Chain Compromise T1218 : System Binary Proxy Execution T1082 : System Information Discovery T1614 : System Location Discovery T1016 : System Network Configuration Discovery T1049 : System Network Connections Discovery T1033 : System Owner/User Discovery T1216 : System Script Proxy Execution T1007 : System Service Discovery T1569 : System Services T1529 : System Shutdown/Reboot T1124 : System Time Discovery T1080 : Taint Shared Content T1221 : Template Injection T1205 : Traffic Signaling T1537 : Transfer Data to Cloud Account T1127 : Trusted Developer Utilities Proxy Execution T1199 : Trusted Relationship T1552 : Unsecured Credentials T1535 : Unused/Unsupported Cloud Regions T1550 : Use Alternate Authentication Material T1204 : User Execution T1078 : Valid Accounts T1125 : Video Capture T1497 : Virtualization/Sandbox Evasion T1600 : Weaken Encryption T1102 : Web Service T1047 : Windows Management Instrumentation T1220 : XSL Script Processing     ","T1071, T1059, T1543, T1132, T1005, T1573, T1083, T1105, T1036, T1112, T1106","### MITRE Enterprise Attack Pattern Extraction and Mapping

**1. Technique: T1071 - Application Layer Protocol**
*   **Reasoning:** The text states that Samurai uses a "".NET HTTPListener class to receive and handle HTTP POST requests."" This explicitly describes the use of a standard application layer protocol (HTTP) for command and control (C2) communication.

**2. Technique: T1059 - Command and Scripting Interpreter**
*   **Reasoning:** The description mentions that Samurai ""can use a remote command module for execution via the Windows command line."" This is the classic definition of utilizing a command interpreter (like cmd.exe or PowerShell) for execution.

**3. Technique: T1547 - Boot or Logon Autostart Execution**
*   **Reasoning:** The capability to ""create a service at HKLM\SOFTWARE\Microsoft\Windows NT\CurrentVersion\SvcHost to trigger execution and maintain persistence"" is a primary method of achieving persistence by ensuring the malware runs automatically during system startup or user logon.

**4. Technique: T1132 - Data Encoding**
*   **Reasoning:** The text specifies that Samurai ""can base64 encode data sent in C2 communications prior to its encryption."" Base64 encoding is a specific data encoding technique used to obfuscate or prepare data for transmission.

**5. Technique: T1020 - Automated Exfiltration**
*   **Reasoning:** The module is described as leveraging an ""exfiltration module to download arbitrary files from compromised machines."" This directly maps to the automated process of stealing data from the victim network.

**6. Technique: T1573 - Encrypted Channel**
*   **Reasoning:** The capability to ""encrypt C2 communications with AES"" is a direct implementation of establishing an encrypted channel to evade network monitoring and analysis.

**7. Technique: T1083 - File and Directory Discovery**
*   **Reasoning:** The module is noted for its ability to perform ""file enumeration,"" which is the process of discovering and listing files and directories on the compromised system.

**8. Technique: T1074 - Data Staged**
*   **Reasoning:** The creation of the directory `%COMMONPROGRAMFILES%\Microsoft Shared\wmi\` ""to contain DLLs for loading successive stages"" is an example of staging data—gathering and organizing necessary files before the main attack payload is deployed.

**9. Technique: T1112 - Modify Registry**
*   **Reasoning:** The loader component ""can create multiple Registry keys to force the svchost.exe process to load the final backdoor."" Modifying registry keys is a core method for persistence and execution control.

**10. Technique: T1543 - Create or Modify System Process**
*   **Reasoning:** The action of using registry keys to ""force the svchost.exe process to load the final backdoor"" involves manipulating system processes, which falls under the scope of creating or modifying system processes.

**11. Technique: T1106 - Native API**
*   **Reasoning:** The general statement that ""Samurai has the ability to use Windows API calls"" directly maps to the concept of utilizing native operating system functions, which is the definition of this technique.

***

**Summary of Techniques:**

*   **T1071.001:** Standard Windows API usage (T1106)
*   **T1059.003:** Command-line execution (T1059)
*   **T1021.001:** Remote Services (T1021)
*   **T1078:** Valid Accounts (T1078)
*   **T1022:** Data Exfiltration (T1022)
*   **T1070:** Indicator Removal (T1070)

*(Note: The provided text did not contain enough information to map to the specific T-numbers listed in the summary section, so the summary section is omitted in the final output to maintain"
52,"Extract all MITRE Enterprise attack patterns from the following text and map them to their corresponding MITRE technique IDs. Provide reasoning for each identification. Ensure the final line contains only the IDs for the main techniques, separated by commas, excluding any subtechnique IDs. MITRE Enterprise IDs are given below as reference.  **Text:** BUSHWALK is a web shell written in Perl that was inserted into the legitimate querymanifest.cgi file on compromised Ivanti Connect Secure VPNs during Cutting Edge. BUSHWALK can embed into the legitimate querymanifest.cgi file on compromised Ivanti Connect Secure VPNs. BUSHWALK can Base64 decode and RC4 decrypt malicious payloads sent through a web request’s command parameter. BUSHWALK can write malicious payloads sent through a web request’s command parameter. BUSHWALK can encrypt the resulting data generated from C2 commands with RC4. BUSHWALK is a web shell that has the ability to execute arbitrary commands or write files. BUSHWALK can modify the DSUserAgentCap.pm Perl module on Ivanti Connect Secure VPNs and either activate or deactivate depending on the value of the user agent in incoming HTTP requests.  **List of All MITRE Enterprise technique IDs** ID    : Name T1548 : Abuse Elevation Control Mechanism T1134 : Access Token Manipulation T1531 : Account Access Removal T1087 : Account Discovery T1098 : Account Manipulation T1650 : Acquire Access T1583 : Acquire Infrastructure T1595 : Active Scanning T1557 : Adversary-in-the-Middle T1071 : Application Layer Protocol T1010 : Application Window Discovery T1560 : Archive Collected Data T1123 : Audio Capture T1119 : Automated Collection T1020 : Automated Exfiltration T1197 : BITS Jobs T1547 : Boot or Logon Autostart Execution T1037 : Boot or Logon Initialization Scripts T1176 : Browser Extensions T1217 : Browser Information Discovery T1185 : Browser Session Hijacking T1110 : Brute Force T1612 : Build Image on Host T1115 : Clipboard Data T1651 : Cloud Administration Command T1580 : Cloud Infrastructure Discovery T1538 : Cloud Service Dashboard T1526 : Cloud Service Discovery T1619 : Cloud Storage Object Discovery T1059 : Command and Scripting Interpreter T1092 : Communication Through Removable Media T1586 : Compromise Accounts T1554 : Compromise Host Software Binary T1584 : Compromise Infrastructure T1609 : Container Administration Command T1613 : Container and Resource Discovery T1659 : Content Injection T1136 : Create Account T1543 : Create or Modify System Process T1555 : Credentials from Password Stores T1485 : Data Destruction T1132 : Data Encoding T1486 : Data Encrypted for Impact T1530 : Data from Cloud Storage T1602 : Data from Configuration Repository T1213 : Data from Information Repositories T1005 : Data from Local System T1039 : Data from Network Shared Drive T1025 : Data from Removable Media T1565 : Data Manipulation T1001 : Data Obfuscation T1074 : Data Staged T1030 : Data Transfer Size Limits T1622 : Debugger Evasion T1491 : Defacement T1140 : Deobfuscate/Decode Files or Information T1610 : Deploy Container T1587 : Develop Capabilities T1652 : Device Driver Discovery T1006 : Direct Volume Access T1561 : Disk Wipe T1484 : Domain or Tenant Policy Modification T1482 : Domain Trust Discovery T1189 : Drive-by Compromise T1568 : Dynamic Resolution T1114 : Email Collection T1573 : Encrypted Channel T1499 : Endpoint Denial of Service T1611 : Escape to Host T1585 : Establish Accounts T1546 : Event Triggered Execution T1480 : Execution Guardrails T1048 : Exfiltration Over Alternative Protocol T1041 : Exfiltration Over C2 Channel T1011 : Exfiltration Over Other Network Medium T1052 : Exfiltration Over Physical Medium T1567 : Exfiltration Over Web Service T1190 : Exploit Public-Facing Application T1203 : Exploitation for Client Execution T1212 : Exploitation for Credential Access T1211 : Exploitation for Defense Evasion T1068 : Exploitation for Privilege Escalation T1210 : Exploitation of Remote Services T1133 : External Remote Services T1008 : Fallback Channels T1083 : File and Directory Discovery T1222 : File and Directory Permissions Modification T1657 : Financial Theft T1495 : Firmware Corruption T1187 : Forced Authentication T1606 : Forge Web Credentials T1592 : Gather Victim Host Information T1589 : Gather Victim Identity Information T1590 : Gather Victim Network Information T1591 : Gather Victim Org Information T1615 : Group Policy Discovery T1200 : Hardware Additions T1564 : Hide Artifacts T1665 : Hide Infrastructure T1574 : Hijack Execution Flow T1562 : Impair Defenses T1656 : Impersonation T1525 : Implant Internal Image T1070 : Indicator Removal T1202 : Indirect Command Execution T1105 : Ingress Tool Transfer T1490 : Inhibit System Recovery T1056 : Input Capture T1559 : Inter-Process Communication T1534 : Internal Spearphishing T1570 : Lateral Tool Transfer T1654 : Log Enumeration T1036 : Masquerading T1556 : Modify Authentication Process T1578 : Modify Cloud Compute Infrastructure T1112 : Modify Registry T1601 : Modify System Image T1111 : Multi-Factor Authentication Interception T1621 : Multi-Factor Authentication Request Generation T1104 : Multi-Stage Channels T1106 : Native API T1599 : Network Boundary Bridging T1498 : Network Denial of Service T1046 : Network Service Discovery T1135 : Network Share Discovery T1040 : Network Sniffing T1095 : Non-Application Layer Protocol T1571 : Non-Standard Port T1027 : Obfuscated Files or Information T1588 : Obtain Capabilities T1137 : Office Application Startup T1003 : OS Credential Dumping T1201 : Password Policy Discovery T1120 : Peripheral Device Discovery T1069 : Permission Groups Discovery T1566 : Phishing T1598 : Phishing for Information T1647 : Plist File Modification T1653 : Power Settings T1542 : Pre-OS Boot T1057 : Process Discovery T1055 : Process Injection T1572 : Protocol Tunneling T1090 : Proxy T1012 : Query Registry T1620 : Reflective Code Loading T1219 : Remote Access Software T1563 : Remote Service Session Hijacking T1021 : Remote Services T1018 : Remote System Discovery T1091 : Replication Through Removable Media T1496 : Resource Hijacking T1207 : Rogue Domain Controller T1014 : Rootkit T1053 : Scheduled Task/Job T1029 : Scheduled Transfer T1113 : Screen Capture T1597 : Search Closed Sources T1596 : Search Open Technical Databases T1593 : Search Open Websites/Domains T1594 : Search Victim-Owned Websites T1505 : Server Software Component T1648 : Serverless Execution T1489 : Service Stop T1129 : Shared Modules T1072 : Software Deployment Tools T1518 : Software Discovery T1608 : Stage Capabilities T1528 : Steal Application Access Token T1649 : Steal or Forge Authentication Certificates T1558 : Steal or Forge Kerberos Tickets T1539 : Steal Web Session Cookie T1553 : Subvert Trust Controls T1195 : Supply Chain Compromise T1218 : System Binary Proxy Execution T1082 : System Information Discovery T1614 : System Location Discovery T1016 : System Network Configuration Discovery T1049 : System Network Connections Discovery T1033 : System Owner/User Discovery T1216 : System Script Proxy Execution T1007 : System Service Discovery T1569 : System Services T1529 : System Shutdown/Reboot T1124 : System Time Discovery T1080 : Taint Shared Content T1221 : Template Injection T1205 : Traffic Signaling T1537 : Transfer Data to Cloud Account T1127 : Trusted Developer Utilities Proxy Execution T1199 : Trusted Relationship T1552 : Unsecured Credentials T1535 : Unused/Unsupported Cloud Regions T1550 : Use Alternate Authentication Material T1204 : User Execution T1078 : Valid Accounts T1125 : Video Capture T1497 : Virtualization/Sandbox Evasion T1600 : Weaken Encryption T1102 : Web Service T1047 : Windows Management Instrumentation T1220 : XSL Script Processing     ","T1554, T1140, T1105, T1027, T1505, T1205","### MITRE Enterprise Attack Pattern Extraction and Mapping

**1. Content Injection (T1659)**
*   **Reasoning:** The text states that BUSHWALK ""can embed into the legitimate querymanifest.cgi file"" and ""can modify the DSUserAgentCap.pm Perl module."" Content Injection involves placing malicious code or data into legitimate files or modules to achieve persistence or execution.
*   **Technique ID:** T1659

**2. Deobfuscate/Decode Files or Information (T1140)**
*   **Reasoning:** The description explicitly mentions that BUSHWALK ""can Base64 decode and RC4 decrypt malicious payloads."" This process of decoding or decrypting hidden or encoded data is a direct match for this technique.
*   **Technique ID:** T1140

**3. Command and Scripting Interpreter (T1059)**
*   **Reasoning:** The threat actor's capability to ""execute arbitrary commands"" and the nature of a web shell (which typically runs scripts) falls under the execution of commands via interpreters (like Perl, mentioned in the text).
*   **Technique ID:** T1059

**4. Create or Modify System Process (T1543)**
*   **Reasoning:** The web shell has the ability to ""write malicious payloads"" and ""modify the DSUserAgentCap.pm Perl module."" This involves altering or creating system files and processes on the compromised host.
*   **Technique ID:** T1543

**5. Encrypted Channel (T1573)**
*   **Reasoning:** The text notes that BUSHWALK ""can encrypt the resulting data generated from C2 commands with RC4."" Using encryption (like RC4) to secure Command and Control (C2) communications establishes an encrypted channel.
*   **Technique ID:** T1573

***

**Final Technique IDs:**
T1659, T1140, T1059, T1543, T1573"
53,"Extract all MITRE Enterprise attack patterns from the following text and map them to their corresponding MITRE technique IDs. Provide reasoning for each identification. Ensure the final line contains only the IDs for the main techniques, separated by commas, excluding any subtechnique IDs. MITRE Enterprise IDs are given below as reference.  **Text:** Akira ransomware, written in C++, is most prominently (but not exclusively) associated with the a ransomware-as-a-service entity Akira. Akira will execute PowerShell commands to delete system volume shadow copies. Akira executes from the Windows command line and can take various arguments for execution. Akira encrypts victim filesystems for financial extortion purposes. Akira examines files prior to encryption to determine if they meet requirements for encryption and can be encrypted by the ransomware. These checks are performed through native Windows functions such as GetFileAttributesW. Akira will delete system volume shadow copies via PowerShell commands. Akira executes native Windows functions such as GetFileAttributesW and GetSystemInfo. Akira can identify remote file shares for encryption. Akira verifies the deletion of volume shadow copies by checking for the existence of the process ID related to the process created to delete these items. Akira uses the GetSystemInfo Windows function to determine the number of processors on a victim machine. Akira will leverage COM objects accessed through WMI during execution to evade detection.   **List of All MITRE Enterprise technique IDs** ID    : Name T1548 : Abuse Elevation Control Mechanism T1134 : Access Token Manipulation T1531 : Account Access Removal T1087 : Account Discovery T1098 : Account Manipulation T1650 : Acquire Access T1583 : Acquire Infrastructure T1595 : Active Scanning T1557 : Adversary-in-the-Middle T1071 : Application Layer Protocol T1010 : Application Window Discovery T1560 : Archive Collected Data T1123 : Audio Capture T1119 : Automated Collection T1020 : Automated Exfiltration T1197 : BITS Jobs T1547 : Boot or Logon Autostart Execution T1037 : Boot or Logon Initialization Scripts T1176 : Browser Extensions T1217 : Browser Information Discovery T1185 : Browser Session Hijacking T1110 : Brute Force T1612 : Build Image on Host T1115 : Clipboard Data T1651 : Cloud Administration Command T1580 : Cloud Infrastructure Discovery T1538 : Cloud Service Dashboard T1526 : Cloud Service Discovery T1619 : Cloud Storage Object Discovery T1059 : Command and Scripting Interpreter T1092 : Communication Through Removable Media T1586 : Compromise Accounts T1554 : Compromise Host Software Binary T1584 : Compromise Infrastructure T1609 : Container Administration Command T1613 : Container and Resource Discovery T1659 : Content Injection T1136 : Create Account T1543 : Create or Modify System Process T1555 : Credentials from Password Stores T1485 : Data Destruction T1132 : Data Encoding T1486 : Data Encrypted for Impact T1530 : Data from Cloud Storage T1602 : Data from Configuration Repository T1213 : Data from Information Repositories T1005 : Data from Local System T1039 : Data from Network Shared Drive T1025 : Data from Removable Media T1565 : Data Manipulation T1001 : Data Obfuscation T1074 : Data Staged T1030 : Data Transfer Size Limits T1622 : Debugger Evasion T1491 : Defacement T1140 : Deobfuscate/Decode Files or Information T1610 : Deploy Container T1587 : Develop Capabilities T1652 : Device Driver Discovery T1006 : Direct Volume Access T1561 : Disk Wipe T1484 : Domain or Tenant Policy Modification T1482 : Domain Trust Discovery T1189 : Drive-by Compromise T1568 : Dynamic Resolution T1114 : Email Collection T1573 : Encrypted Channel T1499 : Endpoint Denial of Service T1611 : Escape to Host T1585 : Establish Accounts T1546 : Event Triggered Execution T1480 : Execution Guardrails T1048 : Exfiltration Over Alternative Protocol T1041 : Exfiltration Over C2 Channel T1011 : Exfiltration Over Other Network Medium T1052 : Exfiltration Over Physical Medium T1567 : Exfiltration Over Web Service T1190 : Exploit Public-Facing Application T1203 : Exploitation for Client Execution T1212 : Exploitation for Credential Access T1211 : Exploitation for Defense Evasion T1068 : Exploitation for Privilege Escalation T1210 : Exploitation of Remote Services T1133 : External Remote Services T1008 : Fallback Channels T1083 : File and Directory Discovery T1222 : File and Directory Permissions Modification T1657 : Financial Theft T1495 : Firmware Corruption T1187 : Forced Authentication T1606 : Forge Web Credentials T1592 : Gather Victim Host Information T1589 : Gather Victim Identity Information T1590 : Gather Victim Network Information T1591 : Gather Victim Org Information T1615 : Group Policy Discovery T1200 : Hardware Additions T1564 : Hide Artifacts T1665 : Hide Infrastructure T1574 : Hijack Execution Flow T1562 : Impair Defenses T1656 : Impersonation T1525 : Implant Internal Image T1070 : Indicator Removal T1202 : Indirect Command Execution T1105 : Ingress Tool Transfer T1490 : Inhibit System Recovery T1056 : Input Capture T1559 : Inter-Process Communication T1534 : Internal Spearphishing T1570 : Lateral Tool Transfer T1654 : Log Enumeration T1036 : Masquerading T1556 : Modify Authentication Process T1578 : Modify Cloud Compute Infrastructure T1112 : Modify Registry T1601 : Modify System Image T1111 : Multi-Factor Authentication Interception T1621 : Multi-Factor Authentication Request Generation T1104 : Multi-Stage Channels T1106 : Native API T1599 : Network Boundary Bridging T1498 : Network Denial of Service T1046 : Network Service Discovery T1135 : Network Share Discovery T1040 : Network Sniffing T1095 : Non-Application Layer Protocol T1571 : Non-Standard Port T1027 : Obfuscated Files or Information T1588 : Obtain Capabilities T1137 : Office Application Startup T1003 : OS Credential Dumping T1201 : Password Policy Discovery T1120 : Peripheral Device Discovery T1069 : Permission Groups Discovery T1566 : Phishing T1598 : Phishing for Information T1647 : Plist File Modification T1653 : Power Settings T1542 : Pre-OS Boot T1057 : Process Discovery T1055 : Process Injection T1572 : Protocol Tunneling T1090 : Proxy T1012 : Query Registry T1620 : Reflective Code Loading T1219 : Remote Access Software T1563 : Remote Service Session Hijacking T1021 : Remote Services T1018 : Remote System Discovery T1091 : Replication Through Removable Media T1496 : Resource Hijacking T1207 : Rogue Domain Controller T1014 : Rootkit T1053 : Scheduled Task/Job T1029 : Scheduled Transfer T1113 : Screen Capture T1597 : Search Closed Sources T1596 : Search Open Technical Databases T1593 : Search Open Websites/Domains T1594 : Search Victim-Owned Websites T1505 : Server Software Component T1648 : Serverless Execution T1489 : Service Stop T1129 : Shared Modules T1072 : Software Deployment Tools T1518 : Software Discovery T1608 : Stage Capabilities T1528 : Steal Application Access Token T1649 : Steal or Forge Authentication Certificates T1558 : Steal or Forge Kerberos Tickets T1539 : Steal Web Session Cookie T1553 : Subvert Trust Controls T1195 : Supply Chain Compromise T1218 : System Binary Proxy Execution T1082 : System Information Discovery T1614 : System Location Discovery T1016 : System Network Configuration Discovery T1049 : System Network Connections Discovery T1033 : System Owner/User Discovery T1216 : System Script Proxy Execution T1007 : System Service Discovery T1569 : System Services T1529 : System Shutdown/Reboot T1124 : System Time Discovery T1080 : Taint Shared Content T1221 : Template Injection T1205 : Traffic Signaling T1537 : Transfer Data to Cloud Account T1127 : Trusted Developer Utilities Proxy Execution T1199 : Trusted Relationship T1552 : Unsecured Credentials T1535 : Unused/Unsupported Cloud Regions T1550 : Use Alternate Authentication Material T1204 : User Execution T1078 : Valid Accounts T1125 : Video Capture T1497 : Virtualization/Sandbox Evasion T1600 : Weaken Encryption T1102 : Web Service T1047 : Windows Management Instrumentation T1220 : XSL Script Processing     ","T1059, T1486, T1083, T1490, T1106, T1135, T1057, T1082, T1047","### MITRE Enterprise Attack Pattern Extraction and Mapping

**1. T1059: Command and Scripting Interpreter**
*   **Reasoning:** The text explicitly states that Akira ""will execute PowerShell commands"" and ""executes from the Windows command line."" PowerShell is a primary example of a command scripting interpreter.

**2. T1485: Data Destruction**
*   **Reasoning:** The ransomware is described as deleting ""system volume shadow copies"" multiple times. This action is a clear example of data destruction aimed at preventing recovery.

**3. T1486: Data Encrypted for Impact**
*   **Reasoning:** The core function of the ransomware is stated as: ""Akira encrypts victim filesystems for financial extortion purposes."" This directly maps to the technique of encrypting data for impact.

**4. T1083: File and Directory Discovery**
*   **Reasoning:** The ransomware ""examines files prior to encryption to determine if they meet requirements for encryption."" This process of checking file attributes and types is a form of file and directory discovery.

**5. T1082: System Information Discovery**
*   **Reasoning:** The ransomware uses native Windows functions like `GetFileAttributesW` and `GetSystemInfo` to gather system details, such as determining ""the number of processors on a victim machine."" This is classic system information discovery.

**6. T1135: Network Share Discovery**
*   **Reasoning:** The text states that ""Akira can identify remote file shares for encryption."" Identifying and locating network shares is the definition of network share discovery.

**7. T1057: Process Discovery**
*   **Reasoning:** The ransomware ""verifies the deletion of volume shadow copies by checking for the existence of the process ID related to the process created to delete these items."" Checking for the existence and details of running processes falls under process discovery.

**8. T1047: Windows Management Instrumentation**
*   **Reasoning:** The text notes that Akira ""will leverage COM objects accessed through WMI during execution to evade detection."" WMI (Windows Management Instrumentation) is the primary mechanism for accessing COM objects on Windows, making this a direct match.

***

T1059, T1485, T1486, T1082, T1135, T1057, T1047"
54,"Extract all MITRE Enterprise attack patterns from the following text and map them to their corresponding MITRE technique IDs. Provide reasoning for each identification. Ensure the final line contains only the IDs for the main techniques, separated by commas, excluding any subtechnique IDs. MITRE Enterprise IDs are given below as reference.  **Text:** NKAbuse is a Go-based, multi-platform malware abusing NKN (New Kind of Network) technology for data exchange between peers, functioning as a potent implant, and equipped with both flooder and backdoor capabilities. NKAbuse is initially installed and executed through an initial shell script. NKAbuse enables multiple types of network denial of service capabilities across several protocols post-installation. NKAbuse will check victim systems to ensure only one copy of the malware is running. NKAbuse has abused the NKN public blockchain protocol for its C2 communications. NKAbuse uses a Cron job to establish persistence when infecting Linux hosts. NKAbuse can take screenshots of the victim machine. NKAbuse conducts multiple system checks and includes these in subsequent ""heartbeat"" messages to the malware's command and control server. NKAbuse utilizes external services such as ifconfig.me to identify the victim machine's IP address.[2]  **List of All MITRE Enterprise technique IDs** ID    : Name T1548 : Abuse Elevation Control Mechanism T1134 : Access Token Manipulation T1531 : Account Access Removal T1087 : Account Discovery T1098 : Account Manipulation T1650 : Acquire Access T1583 : Acquire Infrastructure T1595 : Active Scanning T1557 : Adversary-in-the-Middle T1071 : Application Layer Protocol T1010 : Application Window Discovery T1560 : Archive Collected Data T1123 : Audio Capture T1119 : Automated Collection T1020 : Automated Exfiltration T1197 : BITS Jobs T1547 : Boot or Logon Autostart Execution T1037 : Boot or Logon Initialization Scripts T1176 : Browser Extensions T1217 : Browser Information Discovery T1185 : Browser Session Hijacking T1110 : Brute Force T1612 : Build Image on Host T1115 : Clipboard Data T1651 : Cloud Administration Command T1580 : Cloud Infrastructure Discovery T1538 : Cloud Service Dashboard T1526 : Cloud Service Discovery T1619 : Cloud Storage Object Discovery T1059 : Command and Scripting Interpreter T1092 : Communication Through Removable Media T1586 : Compromise Accounts T1554 : Compromise Host Software Binary T1584 : Compromise Infrastructure T1609 : Container Administration Command T1613 : Container and Resource Discovery T1659 : Content Injection T1136 : Create Account T1543 : Create or Modify System Process T1555 : Credentials from Password Stores T1485 : Data Destruction T1132 : Data Encoding T1486 : Data Encrypted for Impact T1530 : Data from Cloud Storage T1602 : Data from Configuration Repository T1213 : Data from Information Repositories T1005 : Data from Local System T1039 : Data from Network Shared Drive T1025 : Data from Removable Media T1565 : Data Manipulation T1001 : Data Obfuscation T1074 : Data Staged T1030 : Data Transfer Size Limits T1622 : Debugger Evasion T1491 : Defacement T1140 : Deobfuscate/Decode Files or Information T1610 : Deploy Container T1587 : Develop Capabilities T1652 : Device Driver Discovery T1006 : Direct Volume Access T1561 : Disk Wipe T1484 : Domain or Tenant Policy Modification T1482 : Domain Trust Discovery T1189 : Drive-by Compromise T1568 : Dynamic Resolution T1114 : Email Collection T1573 : Encrypted Channel T1499 : Endpoint Denial of Service T1611 : Escape to Host T1585 : Establish Accounts T1546 : Event Triggered Execution T1480 : Execution Guardrails T1048 : Exfiltration Over Alternative Protocol T1041 : Exfiltration Over C2 Channel T1011 : Exfiltration Over Other Network Medium T1052 : Exfiltration Over Physical Medium T1567 : Exfiltration Over Web Service T1190 : Exploit Public-Facing Application T1203 : Exploitation for Client Execution T1212 : Exploitation for Credential Access T1211 : Exploitation for Defense Evasion T1068 : Exploitation for Privilege Escalation T1210 : Exploitation of Remote Services T1133 : External Remote Services T1008 : Fallback Channels T1083 : File and Directory Discovery T1222 : File and Directory Permissions Modification T1657 : Financial Theft T1495 : Firmware Corruption T1187 : Forced Authentication T1606 : Forge Web Credentials T1592 : Gather Victim Host Information T1589 : Gather Victim Identity Information T1590 : Gather Victim Network Information T1591 : Gather Victim Org Information T1615 : Group Policy Discovery T1200 : Hardware Additions T1564 : Hide Artifacts T1665 : Hide Infrastructure T1574 : Hijack Execution Flow T1562 : Impair Defenses T1656 : Impersonation T1525 : Implant Internal Image T1070 : Indicator Removal T1202 : Indirect Command Execution T1105 : Ingress Tool Transfer T1490 : Inhibit System Recovery T1056 : Input Capture T1559 : Inter-Process Communication T1534 : Internal Spearphishing T1570 : Lateral Tool Transfer T1654 : Log Enumeration T1036 : Masquerading T1556 : Modify Authentication Process T1578 : Modify Cloud Compute Infrastructure T1112 : Modify Registry T1601 : Modify System Image T1111 : Multi-Factor Authentication Interception T1621 : Multi-Factor Authentication Request Generation T1104 : Multi-Stage Channels T1106 : Native API T1599 : Network Boundary Bridging T1498 : Network Denial of Service T1046 : Network Service Discovery T1135 : Network Share Discovery T1040 : Network Sniffing T1095 : Non-Application Layer Protocol T1571 : Non-Standard Port T1027 : Obfuscated Files or Information T1588 : Obtain Capabilities T1137 : Office Application Startup T1003 : OS Credential Dumping T1201 : Password Policy Discovery T1120 : Peripheral Device Discovery T1069 : Permission Groups Discovery T1566 : Phishing T1598 : Phishing for Information T1647 : Plist File Modification T1653 : Power Settings T1542 : Pre-OS Boot T1057 : Process Discovery T1055 : Process Injection T1572 : Protocol Tunneling T1090 : Proxy T1012 : Query Registry T1620 : Reflective Code Loading T1219 : Remote Access Software T1563 : Remote Service Session Hijacking T1021 : Remote Services T1018 : Remote System Discovery T1091 : Replication Through Removable Media T1496 : Resource Hijacking T1207 : Rogue Domain Controller T1014 : Rootkit T1053 : Scheduled Task/Job T1029 : Scheduled Transfer T1113 : Screen Capture T1597 : Search Closed Sources T1596 : Search Open Technical Databases T1593 : Search Open Websites/Domains T1594 : Search Victim-Owned Websites T1505 : Server Software Component T1648 : Serverless Execution T1489 : Service Stop T1129 : Shared Modules T1072 : Software Deployment Tools T1518 : Software Discovery T1608 : Stage Capabilities T1528 : Steal Application Access Token T1649 : Steal or Forge Authentication Certificates T1558 : Steal or Forge Kerberos Tickets T1539 : Steal Web Session Cookie T1553 : Subvert Trust Controls T1195 : Supply Chain Compromise T1218 : System Binary Proxy Execution T1082 : System Information Discovery T1614 : System Location Discovery T1016 : System Network Configuration Discovery T1049 : System Network Connections Discovery T1033 : System Owner/User Discovery T1216 : System Script Proxy Execution T1007 : System Service Discovery T1569 : System Services T1529 : System Shutdown/Reboot T1124 : System Time Discovery T1080 : Taint Shared Content T1221 : Template Injection T1205 : Traffic Signaling T1537 : Transfer Data to Cloud Account T1127 : Trusted Developer Utilities Proxy Execution T1199 : Trusted Relationship T1552 : Unsecured Credentials T1535 : Unused/Unsupported Cloud Regions T1550 : Use Alternate Authentication Material T1204 : User Execution T1078 : Valid Accounts T1125 : Video Capture T1497 : Virtualization/Sandbox Evasion T1600 : Weaken Encryption T1102 : Web Service T1047 : Windows Management Instrumentation T1220 : XSL Script Processing     ","T1059, T1498, T1057, T1090, T1053, T1113, T1082, T1016","As a cybersecurity expert specializing in cyberthreat intelligence, I have analyzed the provided text describing the NKAbuse malware's capabilities. The malware exhibits multiple stages of the attack lifecycle, including initial access, persistence, reconnaissance, command and control, and impact.

Here is the extraction and mapping of the observed attack patterns to the MITRE ATT&CK Enterprise framework.

### Identified MITRE Attack Patterns

**1. Initial Execution and Persistence**
*   **Pattern:** ""NKAbuse is initially installed and executed through an initial shell script.""
    *   **MITRE Technique:** T1059 - Command and Scripting Interpreter
    *   **Reasoning:** The use of a shell script indicates the execution of commands via a scripting interpreter (like Bash or PowerShell), which is a core function of this technique.
*   **Pattern:** ""NKAbuse uses a Cron job to establish persistence when infecting Linux hosts.""
    *   **MITRE Technique:** T1053 - Scheduled Task/Job
    *   **Reasoning:** A Cron job is a mechanism used in Unix-like operating systems to schedule tasks (jobs) that run at specific times, making it a classic method for establishing persistence.

**2. Reconnaissance and Information Gathering**
*   **Pattern:** ""NKAbuse conducts multiple system checks...""
    *   **MITRE Technique:** T1592 - Gather Victim Host Information
    *   **Reasoning:** The act of performing ""multiple system checks"" is a general indicator of the attacker gathering detailed information about the compromised machine's configuration and state.
*   **Pattern:** ""NKAbuse utilizes external services such as ifconfig.me to identify the victim machine's IP address.""
    *   **MITRE Technique:** T1590 - Gather Victim Network Information
    *   **Reasoning:** Using external services to determine the victim's IP address is a direct method of gathering network-specific information about the target.
*   **Pattern:** ""NKAbuse includes these [system checks] in subsequent 'heartbeat' messages to the malware's command and control server.""
    *   **MITRE Technique:** T1082 - System Information Discovery
    *   **Reasoning:** The system checks performed and transmitted (the ""heartbeat"") constitute the collection and exfiltration of system-level data.

**3. Command and Control (C2) and Communication**
*   **Pattern:** ""NKAbuse has abused the NKN public blockchain protocol for its C2 communications.""
    *   **MITRE Technique:** T1071 - Application Layer Protocol
    *   **Reasoning:** By abusing a specific, non-standard protocol (blockchain) for C2, the malware is leveraging an application-layer protocol that is not typically monitored for malicious traffic.

**4. Impact and Capabilities**
*   **Pattern:** ""NKAbuse enables multiple types of network denial of service capabilities across several protocols post-installation.""
    *   **MITRE Technique:** T1498 - Network Denial of Service
    *   **Pattern:** The explicit mention of network disruption capabilities points directly to a Denial of Service attack.
*   **Pattern:** The overall capability to monitor and exfiltrate system data (implied by the nature of the malware).
*   **Pattern:** The ability to capture system state information.

***

**Summary of Identified Techniques:**

| Technique | Tactic | Description |
| :--- | :--- | :--- |
| **T1059.003** | Execution | Using scripts/scripts to execute commands. |
| **T1071.001** | Impact | Command and Scripting Interpreter (e.g., PowerShell, Bash). |
| **T1027** | Discovery | Discovery: Exfiltration Over Alternative Protocol (e"
55,"Extract all MITRE Enterprise attack patterns from the following text and map them to their corresponding MITRE technique IDs. Provide reasoning for each identification. Ensure the final line contains only the IDs for the main techniques, separated by commas, excluding any subtechnique IDs. MITRE Enterprise IDs are given below as reference.  **Text:** SLOWPULSE is a malware that was used by APT5 as early as 2020 including against U.S. Defense Industrial Base (DIB) companies. SLOWPULSE has several variants and can modify legitimate Pulse Secure VPN files in order to log credentials and bypass single and two-factor authentication flows. SLOWPULSE is applied in compromised environments through modifications to legitimate Pulse Secure files. SLOWPULSE can write logged ACE credentials to /home/perl/PAUS.pm in append mode, using the format string %s:%s\n. SLOWPULSE can modify LDAP and two factor authentication flows by inspecting login credentials and forcing successful authentication if the provided password matches a chosen backdoor password. SLOWPULSE can insert malicious logic to bypass RADIUS and ACE two factor authentication (2FA) flows if a designated attacker-supplied password is provided. SLOWPULSE can log credentials on compromised Pulse Secure VPNs during the DSAuth::AceAuthServer::checkUsernamePasswordACE-2FA authentication procedure. SLOWPULSE can hide malicious code in the padding regions between legitimate functions in the Pulse Secure libdsplibs.so file.  **List of All MITRE Enterprise technique IDs** ID    : Name T1548 : Abuse Elevation Control Mechanism T1134 : Access Token Manipulation T1531 : Account Access Removal T1087 : Account Discovery T1098 : Account Manipulation T1650 : Acquire Access T1583 : Acquire Infrastructure T1595 : Active Scanning T1557 : Adversary-in-the-Middle T1071 : Application Layer Protocol T1010 : Application Window Discovery T1560 : Archive Collected Data T1123 : Audio Capture T1119 : Automated Collection T1020 : Automated Exfiltration T1197 : BITS Jobs T1547 : Boot or Logon Autostart Execution T1037 : Boot or Logon Initialization Scripts T1176 : Browser Extensions T1217 : Browser Information Discovery T1185 : Browser Session Hijacking T1110 : Brute Force T1612 : Build Image on Host T1115 : Clipboard Data T1651 : Cloud Administration Command T1580 : Cloud Infrastructure Discovery T1538 : Cloud Service Dashboard T1526 : Cloud Service Discovery T1619 : Cloud Storage Object Discovery T1059 : Command and Scripting Interpreter T1092 : Communication Through Removable Media T1586 : Compromise Accounts T1554 : Compromise Host Software Binary T1584 : Compromise Infrastructure T1609 : Container Administration Command T1613 : Container and Resource Discovery T1659 : Content Injection T1136 : Create Account T1543 : Create or Modify System Process T1555 : Credentials from Password Stores T1485 : Data Destruction T1132 : Data Encoding T1486 : Data Encrypted for Impact T1530 : Data from Cloud Storage T1602 : Data from Configuration Repository T1213 : Data from Information Repositories T1005 : Data from Local System T1039 : Data from Network Shared Drive T1025 : Data from Removable Media T1565 : Data Manipulation T1001 : Data Obfuscation T1074 : Data Staged T1030 : Data Transfer Size Limits T1622 : Debugger Evasion T1491 : Defacement T1140 : Deobfuscate/Decode Files or Information T1610 : Deploy Container T1587 : Develop Capabilities T1652 : Device Driver Discovery T1006 : Direct Volume Access T1561 : Disk Wipe T1484 : Domain or Tenant Policy Modification T1482 : Domain Trust Discovery T1189 : Drive-by Compromise T1568 : Dynamic Resolution T1114 : Email Collection T1573 : Encrypted Channel T1499 : Endpoint Denial of Service T1611 : Escape to Host T1585 : Establish Accounts T1546 : Event Triggered Execution T1480 : Execution Guardrails T1048 : Exfiltration Over Alternative Protocol T1041 : Exfiltration Over C2 Channel T1011 : Exfiltration Over Other Network Medium T1052 : Exfiltration Over Physical Medium T1567 : Exfiltration Over Web Service T1190 : Exploit Public-Facing Application T1203 : Exploitation for Client Execution T1212 : Exploitation for Credential Access T1211 : Exploitation for Defense Evasion T1068 : Exploitation for Privilege Escalation T1210 : Exploitation of Remote Services T1133 : External Remote Services T1008 : Fallback Channels T1083 : File and Directory Discovery T1222 : File and Directory Permissions Modification T1657 : Financial Theft T1495 : Firmware Corruption T1187 : Forced Authentication T1606 : Forge Web Credentials T1592 : Gather Victim Host Information T1589 : Gather Victim Identity Information T1590 : Gather Victim Network Information T1591 : Gather Victim Org Information T1615 : Group Policy Discovery T1200 : Hardware Additions T1564 : Hide Artifacts T1665 : Hide Infrastructure T1574 : Hijack Execution Flow T1562 : Impair Defenses T1656 : Impersonation T1525 : Implant Internal Image T1070 : Indicator Removal T1202 : Indirect Command Execution T1105 : Ingress Tool Transfer T1490 : Inhibit System Recovery T1056 : Input Capture T1559 : Inter-Process Communication T1534 : Internal Spearphishing T1570 : Lateral Tool Transfer T1654 : Log Enumeration T1036 : Masquerading T1556 : Modify Authentication Process T1578 : Modify Cloud Compute Infrastructure T1112 : Modify Registry T1601 : Modify System Image T1111 : Multi-Factor Authentication Interception T1621 : Multi-Factor Authentication Request Generation T1104 : Multi-Stage Channels T1106 : Native API T1599 : Network Boundary Bridging T1498 : Network Denial of Service T1046 : Network Service Discovery T1135 : Network Share Discovery T1040 : Network Sniffing T1095 : Non-Application Layer Protocol T1571 : Non-Standard Port T1027 : Obfuscated Files or Information T1588 : Obtain Capabilities T1137 : Office Application Startup T1003 : OS Credential Dumping T1201 : Password Policy Discovery T1120 : Peripheral Device Discovery T1069 : Permission Groups Discovery T1566 : Phishing T1598 : Phishing for Information T1647 : Plist File Modification T1653 : Power Settings T1542 : Pre-OS Boot T1057 : Process Discovery T1055 : Process Injection T1572 : Protocol Tunneling T1090 : Proxy T1012 : Query Registry T1620 : Reflective Code Loading T1219 : Remote Access Software T1563 : Remote Service Session Hijacking T1021 : Remote Services T1018 : Remote System Discovery T1091 : Replication Through Removable Media T1496 : Resource Hijacking T1207 : Rogue Domain Controller T1014 : Rootkit T1053 : Scheduled Task/Job T1029 : Scheduled Transfer T1113 : Screen Capture T1597 : Search Closed Sources T1596 : Search Open Technical Databases T1593 : Search Open Websites/Domains T1594 : Search Victim-Owned Websites T1505 : Server Software Component T1648 : Serverless Execution T1489 : Service Stop T1129 : Shared Modules T1072 : Software Deployment Tools T1518 : Software Discovery T1608 : Stage Capabilities T1528 : Steal Application Access Token T1649 : Steal or Forge Authentication Certificates T1558 : Steal or Forge Kerberos Tickets T1539 : Steal Web Session Cookie T1553 : Subvert Trust Controls T1195 : Supply Chain Compromise T1218 : System Binary Proxy Execution T1082 : System Information Discovery T1614 : System Location Discovery T1016 : System Network Configuration Discovery T1049 : System Network Connections Discovery T1033 : System Owner/User Discovery T1216 : System Script Proxy Execution T1007 : System Service Discovery T1569 : System Services T1529 : System Shutdown/Reboot T1124 : System Time Discovery T1080 : Taint Shared Content T1221 : Template Injection T1205 : Traffic Signaling T1537 : Transfer Data to Cloud Account T1127 : Trusted Developer Utilities Proxy Execution T1199 : Trusted Relationship T1552 : Unsecured Credentials T1535 : Unused/Unsupported Cloud Regions T1550 : Use Alternate Authentication Material T1204 : User Execution T1078 : Valid Accounts T1125 : Video Capture T1497 : Virtualization/Sandbox Evasion T1600 : Weaken Encryption T1102 : Web Service T1047 : Windows Management Instrumentation T1220 : XSL Script Processing     ","T1554, T1074, T1556, T1111, T1027","### MITRE Enterprise Attack Pattern Extraction and Mapping

**1. Credential Logging and Capture**
*   **Text Evidence:** ""in order to log credentials,"" ""inspecting login credentials,"" ""log credentials on compromised Pulse Secure VPNs.""
*   **MITRE Technique:** T1056: Input Capture
*   **Reasoning:** The primary function of SLOWPULSE is to intercept and capture user credentials (usernames and passwords) as they are entered during the authentication process.
*   **MITRE Technique:** T1552: Unsecured Credentials
*   **Reasoning:** By logging and capturing credentials, the malware is effectively storing and utilizing unsecured credentials, making them available for later misuse.

**2. Authentication Bypass and Manipulation**
*   **Text Evidence:** ""bypass single and two-factor authentication flows,"" ""modify LDAP and two factor authentication flows,"" ""bypass RADIUS and ACE two factor authentication (2FA) flows.""
*   **MITRE Technique:** T1556: Modify Authentication Process
*   **Reasoning:** The malware actively targets and alters the standard authentication mechanisms (LDAP, RADIUS, 2FA) to achieve unauthorized access.
*   **Text Evidence:** ""forcing successful authentication if the provided password matches a chosen backdoor password.""
*   **MITRE Technique:** T1111: Multi-Factor Authentication Interception
*   **Reasoning:** The malware specifically targets and bypasses Multi-Factor Authentication (MFA) flows, indicating an interception or circumvention of the required second factor.

**3. System Compromise and Persistence**
*   **Text Evidence:** ""modify legitimate Pulse Secure VPN files,"" ""modifications to legitimate Pulse Secure files,"" ""hide malicious code in the padding regions between legitimate functions in the Pulse Secure libdsplibs.so file.""
*   **MITRE Technique:** T1554: Compromise Host Software Binary
*   **Reasoning:** The malware modifies the structure and content of legitimate, trusted software binaries (Pulse Secure files) to embed malicious functionality.
*   **Text Evidence:** ""hide malicious code in the padding regions between legitimate functions.""
*   **MITRE Technique:** T1564: Hide Artifacts
*   **Reasoning:** Embedding malicious code within padding regions or legitimate functions is a technique used to conceal the presence of the malware and evade detection.

**4. Data Staging**
*   **Text Evidence:** ""SLOWPULSE can write logged ACE credentials to /home/perl/PAUS.pm in append mode.""
*   **MITRE Technique:** T1074: Data Staging
*   **Reasoning:** The act of writing captured credentials to a specific file (`.paus`) is a classic example of staging data for later exfiltration or use.

***

**Summary of Identified Techniques:**

| Technique | Description |
| :--- | :--- |
| **T1078.003** | Data Staging (Writing credentials to a file) |
| **T1059.003** | Command and Scripting Interpreter (Implied execution/persistence) |
| **T1552** | Credentials Access (Capturing credentials) |
| **T1027** | Obfuscated Files or Information (Modifying binaries) |

*(Note: While the text describes the *actions* rather than the specific MITRE IDs, the above table provides the most accurate mapping based on the described behavior.)*

**Final Output Format:**

T1078.003, T1059.003, T1552, T1027"
56,"Extract all MITRE Enterprise attack patterns from the following text and map them to their corresponding MITRE technique IDs. Provide reasoning for each identification. Ensure the final line contains only the IDs for the main techniques, separated by commas, excluding any subtechnique IDs. MITRE Enterprise IDs are given below as reference.  **Text:** RAPIDPULSE is a web shell that exists as a modification to a legitimate Pulse Secure file that has been used by APT5 since at least 2021. RAPIDPULSE retrieves files from the victim system via encrypted commands sent to the web shell. RAPIDPULSE listens for specific HTTP query parameters in received communications. If specific parameters match, a hard-coded RC4 key is used to decrypt the HTTP query paremter hmacTime. This decrypts to a filename that is then open, read, encrypted with the same RC4 key, base64-encoded, written to standard out, then passed as a response to the HTTP request. RAPIDPULSE has the ability to RC4 encrypt and base64 encode decrypted files on compromised servers prior to writing them to stdout. RAPIDPULSE is a web shell that is capable of arbitrary file read on targeted web servers to exfiltrate items of interest on the victim device.[1]  **List of All MITRE Enterprise technique IDs** ID    : Name T1548 : Abuse Elevation Control Mechanism T1134 : Access Token Manipulation T1531 : Account Access Removal T1087 : Account Discovery T1098 : Account Manipulation T1650 : Acquire Access T1583 : Acquire Infrastructure T1595 : Active Scanning T1557 : Adversary-in-the-Middle T1071 : Application Layer Protocol T1010 : Application Window Discovery T1560 : Archive Collected Data T1123 : Audio Capture T1119 : Automated Collection T1020 : Automated Exfiltration T1197 : BITS Jobs T1547 : Boot or Logon Autostart Execution T1037 : Boot or Logon Initialization Scripts T1176 : Browser Extensions T1217 : Browser Information Discovery T1185 : Browser Session Hijacking T1110 : Brute Force T1612 : Build Image on Host T1115 : Clipboard Data T1651 : Cloud Administration Command T1580 : Cloud Infrastructure Discovery T1538 : Cloud Service Dashboard T1526 : Cloud Service Discovery T1619 : Cloud Storage Object Discovery T1059 : Command and Scripting Interpreter T1092 : Communication Through Removable Media T1586 : Compromise Accounts T1554 : Compromise Host Software Binary T1584 : Compromise Infrastructure T1609 : Container Administration Command T1613 : Container and Resource Discovery T1659 : Content Injection T1136 : Create Account T1543 : Create or Modify System Process T1555 : Credentials from Password Stores T1485 : Data Destruction T1132 : Data Encoding T1486 : Data Encrypted for Impact T1530 : Data from Cloud Storage T1602 : Data from Configuration Repository T1213 : Data from Information Repositories T1005 : Data from Local System T1039 : Data from Network Shared Drive T1025 : Data from Removable Media T1565 : Data Manipulation T1001 : Data Obfuscation T1074 : Data Staged T1030 : Data Transfer Size Limits T1622 : Debugger Evasion T1491 : Defacement T1140 : Deobfuscate/Decode Files or Information T1610 : Deploy Container T1587 : Develop Capabilities T1652 : Device Driver Discovery T1006 : Direct Volume Access T1561 : Disk Wipe T1484 : Domain or Tenant Policy Modification T1482 : Domain Trust Discovery T1189 : Drive-by Compromise T1568 : Dynamic Resolution T1114 : Email Collection T1573 : Encrypted Channel T1499 : Endpoint Denial of Service T1611 : Escape to Host T1585 : Establish Accounts T1546 : Event Triggered Execution T1480 : Execution Guardrails T1048 : Exfiltration Over Alternative Protocol T1041 : Exfiltration Over C2 Channel T1011 : Exfiltration Over Other Network Medium T1052 : Exfiltration Over Physical Medium T1567 : Exfiltration Over Web Service T1190 : Exploit Public-Facing Application T1203 : Exploitation for Client Execution T1212 : Exploitation for Credential Access T1211 : Exploitation for Defense Evasion T1068 : Exploitation for Privilege Escalation T1210 : Exploitation of Remote Services T1133 : External Remote Services T1008 : Fallback Channels T1083 : File and Directory Discovery T1222 : File and Directory Permissions Modification T1657 : Financial Theft T1495 : Firmware Corruption T1187 : Forced Authentication T1606 : Forge Web Credentials T1592 : Gather Victim Host Information T1589 : Gather Victim Identity Information T1590 : Gather Victim Network Information T1591 : Gather Victim Org Information T1615 : Group Policy Discovery T1200 : Hardware Additions T1564 : Hide Artifacts T1665 : Hide Infrastructure T1574 : Hijack Execution Flow T1562 : Impair Defenses T1656 : Impersonation T1525 : Implant Internal Image T1070 : Indicator Removal T1202 : Indirect Command Execution T1105 : Ingress Tool Transfer T1490 : Inhibit System Recovery T1056 : Input Capture T1559 : Inter-Process Communication T1534 : Internal Spearphishing T1570 : Lateral Tool Transfer T1654 : Log Enumeration T1036 : Masquerading T1556 : Modify Authentication Process T1578 : Modify Cloud Compute Infrastructure T1112 : Modify Registry T1601 : Modify System Image T1111 : Multi-Factor Authentication Interception T1621 : Multi-Factor Authentication Request Generation T1104 : Multi-Stage Channels T1106 : Native API T1599 : Network Boundary Bridging T1498 : Network Denial of Service T1046 : Network Service Discovery T1135 : Network Share Discovery T1040 : Network Sniffing T1095 : Non-Application Layer Protocol T1571 : Non-Standard Port T1027 : Obfuscated Files or Information T1588 : Obtain Capabilities T1137 : Office Application Startup T1003 : OS Credential Dumping T1201 : Password Policy Discovery T1120 : Peripheral Device Discovery T1069 : Permission Groups Discovery T1566 : Phishing T1598 : Phishing for Information T1647 : Plist File Modification T1653 : Power Settings T1542 : Pre-OS Boot T1057 : Process Discovery T1055 : Process Injection T1572 : Protocol Tunneling T1090 : Proxy T1012 : Query Registry T1620 : Reflective Code Loading T1219 : Remote Access Software T1563 : Remote Service Session Hijacking T1021 : Remote Services T1018 : Remote System Discovery T1091 : Replication Through Removable Media T1496 : Resource Hijacking T1207 : Rogue Domain Controller T1014 : Rootkit T1053 : Scheduled Task/Job T1029 : Scheduled Transfer T1113 : Screen Capture T1597 : Search Closed Sources T1596 : Search Open Technical Databases T1593 : Search Open Websites/Domains T1594 : Search Victim-Owned Websites T1505 : Server Software Component T1648 : Serverless Execution T1489 : Service Stop T1129 : Shared Modules T1072 : Software Deployment Tools T1518 : Software Discovery T1608 : Stage Capabilities T1528 : Steal Application Access Token T1649 : Steal or Forge Authentication Certificates T1558 : Steal or Forge Kerberos Tickets T1539 : Steal Web Session Cookie T1553 : Subvert Trust Controls T1195 : Supply Chain Compromise T1218 : System Binary Proxy Execution T1082 : System Information Discovery T1614 : System Location Discovery T1016 : System Network Configuration Discovery T1049 : System Network Connections Discovery T1033 : System Owner/User Discovery T1216 : System Script Proxy Execution T1007 : System Service Discovery T1569 : System Services T1529 : System Shutdown/Reboot T1124 : System Time Discovery T1080 : Taint Shared Content T1221 : Template Injection T1205 : Traffic Signaling T1537 : Transfer Data to Cloud Account T1127 : Trusted Developer Utilities Proxy Execution T1199 : Trusted Relationship T1552 : Unsecured Credentials T1535 : Unused/Unsupported Cloud Regions T1550 : Use Alternate Authentication Material T1204 : User Execution T1078 : Valid Accounts T1125 : Video Capture T1497 : Virtualization/Sandbox Evasion T1600 : Weaken Encryption T1102 : Web Service T1047 : Windows Management Instrumentation T1220 : XSL Script Processing     ","T1005, T1140, T1027, T1505","### MITRE Enterprise Attack Pattern Extraction and Analysis

**Text Analysis:** The text describes RAPIDPULSE, a web shell that functions by establishing communication, reading local files, manipulating the data (encryption/encoding), and transmitting the stolen data out over HTTP.

---

#### Identified MITRE Techniques and Reasoning

**1. T1554: Compromise Host Software Binary**
*   **Reasoning:** The description states that RAPIDPULSE ""exists as a modification to a legitimate Pulse Secure file."" This action involves compromising or modifying an existing, legitimate binary on the host system to achieve persistence and functionality.

**2. T1071: Application Layer Protocol**
*   **Reasoning:** The web shell operates by ""listening for specific HTTP query parameters in received communications"" and uses ""encrypted commands sent to the web shell."" This indicates the use of standard application layer protocols (HTTP) for command and control (C2) communication.

**3. T1573: Encrypted Channel**
*   **Reasoning:** The communication is explicitly described as ""encrypted commands"" and utilizes a ""hard-coded RC4 key"" for decryption. This confirms the use of an encrypted channel for C2.

**4. T1132: Data Encoding**
*   **Reasoning:** The malware performs multiple data manipulation steps, including ""RC4 encrypt and base64 encode decrypted files."" Both RC4 encryption and Base64 encoding fall under the category of data encoding/manipulation.

**5. T1005: Data from Local System**
*   **Reasoning:** The core function involves the web shell being ""capable of arbitrary file read on targeted web servers"" and reading a filename that is then ""open, read."" This is the direct theft of data from the local file system.

**6. T1020: Automated Exfiltration**
*   **Reasoning:** The ultimate goal of the attack is to ""exfiltrate items of interest on the victim device."" The process of reading, encoding, and passing this data as a response to the HTTP request constitutes automated data exfiltration.

**7. T1567: Exfiltration Over Web Service**
*   **Reasoning:** The data is not simply sent over a network connection; it is specifically ""passed as a response to the HTTP request."" Using the web service's standard response mechanism for data theft is a clear example of exfiltration over a web service.

---

**Final Technique IDs:**
T1554, T1071, T1573, T1132, T1005, T1020, T1567"
57,"Extract all MITRE Enterprise attack patterns from the following text and map them to their corresponding MITRE technique IDs. Provide reasoning for each identification. Ensure the final line contains only the IDs for the main techniques, separated by commas, excluding any subtechnique IDs. MITRE Enterprise IDs are given below as reference.  **Text:** PULSECHECK is a web shell written in Perl that was used by APT5 as early as 2020 including against Pulse Secure VPNs at US Defense Industrial Base (DIB) companies. PULSECHECK can check HTTP request headers for a specific backdoor key and if found will output the result of the command in the variable HTTP_X_CMD. PULSECHECK can use Unix shell script for command execution. PULSECHECK can base-64 encode encrypted data sent through C2. PULSECHECK is a web shell that can enable command execution on compromised servers.  **List of All MITRE Enterprise technique IDs** ID    : Name T1548 : Abuse Elevation Control Mechanism T1134 : Access Token Manipulation T1531 : Account Access Removal T1087 : Account Discovery T1098 : Account Manipulation T1650 : Acquire Access T1583 : Acquire Infrastructure T1595 : Active Scanning T1557 : Adversary-in-the-Middle T1071 : Application Layer Protocol T1010 : Application Window Discovery T1560 : Archive Collected Data T1123 : Audio Capture T1119 : Automated Collection T1020 : Automated Exfiltration T1197 : BITS Jobs T1547 : Boot or Logon Autostart Execution T1037 : Boot or Logon Initialization Scripts T1176 : Browser Extensions T1217 : Browser Information Discovery T1185 : Browser Session Hijacking T1110 : Brute Force T1612 : Build Image on Host T1115 : Clipboard Data T1651 : Cloud Administration Command T1580 : Cloud Infrastructure Discovery T1538 : Cloud Service Dashboard T1526 : Cloud Service Discovery T1619 : Cloud Storage Object Discovery T1059 : Command and Scripting Interpreter T1092 : Communication Through Removable Media T1586 : Compromise Accounts T1554 : Compromise Host Software Binary T1584 : Compromise Infrastructure T1609 : Container Administration Command T1613 : Container and Resource Discovery T1659 : Content Injection T1136 : Create Account T1543 : Create or Modify System Process T1555 : Credentials from Password Stores T1485 : Data Destruction T1132 : Data Encoding T1486 : Data Encrypted for Impact T1530 : Data from Cloud Storage T1602 : Data from Configuration Repository T1213 : Data from Information Repositories T1005 : Data from Local System T1039 : Data from Network Shared Drive T1025 : Data from Removable Media T1565 : Data Manipulation T1001 : Data Obfuscation T1074 : Data Staged T1030 : Data Transfer Size Limits T1622 : Debugger Evasion T1491 : Defacement T1140 : Deobfuscate/Decode Files or Information T1610 : Deploy Container T1587 : Develop Capabilities T1652 : Device Driver Discovery T1006 : Direct Volume Access T1561 : Disk Wipe T1484 : Domain or Tenant Policy Modification T1482 : Domain Trust Discovery T1189 : Drive-by Compromise T1568 : Dynamic Resolution T1114 : Email Collection T1573 : Encrypted Channel T1499 : Endpoint Denial of Service T1611 : Escape to Host T1585 : Establish Accounts T1546 : Event Triggered Execution T1480 : Execution Guardrails T1048 : Exfiltration Over Alternative Protocol T1041 : Exfiltration Over C2 Channel T1011 : Exfiltration Over Other Network Medium T1052 : Exfiltration Over Physical Medium T1567 : Exfiltration Over Web Service T1190 : Exploit Public-Facing Application T1203 : Exploitation for Client Execution T1212 : Exploitation for Credential Access T1211 : Exploitation for Defense Evasion T1068 : Exploitation for Privilege Escalation T1210 : Exploitation of Remote Services T1133 : External Remote Services T1008 : Fallback Channels T1083 : File and Directory Discovery T1222 : File and Directory Permissions Modification T1657 : Financial Theft T1495 : Firmware Corruption T1187 : Forced Authentication T1606 : Forge Web Credentials T1592 : Gather Victim Host Information T1589 : Gather Victim Identity Information T1590 : Gather Victim Network Information T1591 : Gather Victim Org Information T1615 : Group Policy Discovery T1200 : Hardware Additions T1564 : Hide Artifacts T1665 : Hide Infrastructure T1574 : Hijack Execution Flow T1562 : Impair Defenses T1656 : Impersonation T1525 : Implant Internal Image T1070 : Indicator Removal T1202 : Indirect Command Execution T1105 : Ingress Tool Transfer T1490 : Inhibit System Recovery T1056 : Input Capture T1559 : Inter-Process Communication T1534 : Internal Spearphishing T1570 : Lateral Tool Transfer T1654 : Log Enumeration T1036 : Masquerading T1556 : Modify Authentication Process T1578 : Modify Cloud Compute Infrastructure T1112 : Modify Registry T1601 : Modify System Image T1111 : Multi-Factor Authentication Interception T1621 : Multi-Factor Authentication Request Generation T1104 : Multi-Stage Channels T1106 : Native API T1599 : Network Boundary Bridging T1498 : Network Denial of Service T1046 : Network Service Discovery T1135 : Network Share Discovery T1040 : Network Sniffing T1095 : Non-Application Layer Protocol T1571 : Non-Standard Port T1027 : Obfuscated Files or Information T1588 : Obtain Capabilities T1137 : Office Application Startup T1003 : OS Credential Dumping T1201 : Password Policy Discovery T1120 : Peripheral Device Discovery T1069 : Permission Groups Discovery T1566 : Phishing T1598 : Phishing for Information T1647 : Plist File Modification T1653 : Power Settings T1542 : Pre-OS Boot T1057 : Process Discovery T1055 : Process Injection T1572 : Protocol Tunneling T1090 : Proxy T1012 : Query Registry T1620 : Reflective Code Loading T1219 : Remote Access Software T1563 : Remote Service Session Hijacking T1021 : Remote Services T1018 : Remote System Discovery T1091 : Replication Through Removable Media T1496 : Resource Hijacking T1207 : Rogue Domain Controller T1014 : Rootkit T1053 : Scheduled Task/Job T1029 : Scheduled Transfer T1113 : Screen Capture T1597 : Search Closed Sources T1596 : Search Open Technical Databases T1593 : Search Open Websites/Domains T1594 : Search Victim-Owned Websites T1505 : Server Software Component T1648 : Serverless Execution T1489 : Service Stop T1129 : Shared Modules T1072 : Software Deployment Tools T1518 : Software Discovery T1608 : Stage Capabilities T1528 : Steal Application Access Token T1649 : Steal or Forge Authentication Certificates T1558 : Steal or Forge Kerberos Tickets T1539 : Steal Web Session Cookie T1553 : Subvert Trust Controls T1195 : Supply Chain Compromise T1218 : System Binary Proxy Execution T1082 : System Information Discovery T1614 : System Location Discovery T1016 : System Network Configuration Discovery T1049 : System Network Connections Discovery T1033 : System Owner/User Discovery T1216 : System Script Proxy Execution T1007 : System Service Discovery T1569 : System Services T1529 : System Shutdown/Reboot T1124 : System Time Discovery T1080 : Taint Shared Content T1221 : Template Injection T1205 : Traffic Signaling T1537 : Transfer Data to Cloud Account T1127 : Trusted Developer Utilities Proxy Execution T1199 : Trusted Relationship T1552 : Unsecured Credentials T1535 : Unused/Unsupported Cloud Regions T1550 : Use Alternate Authentication Material T1204 : User Execution T1078 : Valid Accounts T1125 : Video Capture T1497 : Virtualization/Sandbox Evasion T1600 : Weaken Encryption T1102 : Web Service T1047 : Windows Management Instrumentation T1220 : XSL Script Processing     ","T1071, T1059, T1132, T1505","**MITRE Enterprise Attack Pattern Extraction and Mapping**

**1. Web Shell / Command Execution:**
*   **Text Evidence:** ""PULSECHECK is a web shell... PULSECHECK can use Unix shell script for command execution. PULSECHECK is a web shell that can enable command execution on compromised servers.""
*   **MITRE Technique:** T1059: Command and Scripting Interpreter
*   **Reasoning:** A web shell's primary function is to allow an attacker to execute arbitrary commands (like Unix shell scripts) on a compromised system, which falls directly under the definition of using a command and scripting interpreter.

**2. Data Encoding:**
*   **Text Evidence:** ""PULSECHECK can base-64 encode encrypted data sent through C2.""
*   **MITRE Technique:** T1132: Data Encoding
*   **Reasoning:** Base-64 encoding is a specific method of encoding data. The use of this technique to prepare data for transmission is a direct match for Data Encoding.

**3. Command and Control (C2) Exfiltration:**
*   **Text Evidence:** ""base-64 encode encrypted data sent through C2.""
*   **MITRE Technique:** T1041: Exfiltration Over C2 Channel
*   **Reasoning:** The text explicitly states that data is ""sent through C2"" (Command and Control), indicating the method of data exfiltration.

**4. Application Layer Interaction/Reconnaissance:**
*   **Text Evidence:** ""PULSECHECK can check HTTP request headers for a specific backdoor key...""
*   **MITRE Technique:** T1071: Application Layer Protocol
*   **Reasoning:** Web shells and the checking of HTTP request headers operate at the application layer (Layer 7 of the OSI model), making this technique relevant to the method of interaction and potential reconnaissance.

***

**Final IDs:**
T1059, T1132, T1041, T1071"
58,"Extract all MITRE Mobile attack patterns from the following text and map them to their corresponding MITRE technique IDs. Provide reasoning for each identification. Ensure the final line contains only the IDs for the main techniques, separated by commas, excluding any subtechnique IDs. MITRE Mobile IDs are given below as reference.  **Text:** Phenakite is a mobile malware that is used by APT-C-23 to target iOS devices. According to several reports, Phenakite was developed to fill a tooling gap and to target those who owned iPhones instead of Windows desktops or Android phones. Phenakite can record phone calls. Phenakite can collect and exfiltrate WhatsApp media, photos and files with specific extensions, such as .pdf and .doc. Phenakite has included exploits for jailbreaking infected devices. Phenakite can download additional malware to the victim device. Phenakite has used phishing sites for iCloud and Facebook if either of those were used for authentication during the chat sign up process. Phenakite can masquerade as the chat application ""Magic Smile."" Phenakite can exfiltrate the victim device’s contact list. Phenakite can read SMS messages. Phenakite can collect device metadata. Phenakite can capture pictures and videos.  **List of All MITRE Mobile technique IDs** ID    : Name T1626 : Abuse Elevation Control Mechanism T1517 : Access Notifications T1640 : Account Access Removal T1638 : Adversary-in-the-Middle T1437 : Application Layer Protocol T1661 : Application Versioning T1532 : Archive Collected Data T1429 : Audio Capture T1398 : Boot or Logon Initialization Scripts T1616 : Call Control T1414 : Clipboard Data T1623 : Command and Scripting Interpreter T1577 : Compromise Application Executable T1645 : Compromise Client Software Binary T1634 : Credentials from Password Store T1662 : Data Destruction T1471 : Data Encrypted for Impact T1533 : Data from Local System T1641 : Data Manipulation T1407 : Download New Code at Runtime T1456 : Drive-By Compromise T1637 : Dynamic Resolution T1521 : Encrypted Channel T1642 : Endpoint Denial of Service T1624 : Event Triggered Execution T1627 : Execution Guardrails T1639 : Exfiltration Over Alternative Protocol T1646 : Exfiltration Over C2 Channel T1658 : Exploitation for Client Execution T1664 : Exploitation for Initial Access T1404 : Exploitation for Privilege Escalation T1428 : Exploitation of Remote Services T1420 : File and Directory Discovery T1541 : Foreground Persistence T1643 : Generate Traffic from Victim T1628 : Hide Artifacts T1625 : Hijack Execution Flow T1617 : Hooking T1629 : Impair Defenses T1630 : Indicator Removal on Host T1544 : Ingress Tool Transfer T1417 : Input Capture T1516 : Input Injection T1430 : Location Tracking T1461 : Lockscreen Bypass T1655 : Masquerading T1575 : Native API T1464 : Network Denial of Service T1423 : Network Service Scanning T1509 : Non-Standard Port T1406 : Obfuscated Files or Information T1644 : Out of Band Data T1660 : Phishing T1424 : Process Discovery T1631 : Process Injection T1636 : Protected User Data T1604 : Proxy Through Victim T1663 : Remote Access Software T1458 : Replication Through Removable Media T1603 : Scheduled Task/Job T1513 : Screen Capture T1582 : SMS Control T1418 : Software Discovery T1635 : Steal Application Access Token T1409 : Stored Application Data T1632 : Subvert Trust Controls T1474 : Supply Chain Compromise T1426 : System Information Discovery T1422 : System Network Configuration Discovery T1421 : System Network Connections Discovery T1512 : Video Capture T1633 : Virtualization/Sandbox Evasion T1481 : Web Service     ","T1429, T1533, T1404, T1544, T1417, T1655, T1636, T1426, T1512","### MITRE Mobile Attack Pattern Extraction and Mapping

**1. Phenakite can record phone calls.**
*   **MITRE Technique ID:** T1429
*   **Name:** Audio Capture
*   **Reasoning:** The malware's explicit capability to record phone calls directly maps to the technique designed for capturing audio data from the victim device.

**2. Phenakite can collect and exfiltrate WhatsApp media, photos and files with specific extensions, such as .pdf and .doc.**
*   **MITRE Technique ID:** T1533
*   **Name:** Data from Local System
*   **Reasoning:** The collection of specific file types (media, photos, PDF, DOC) from the local storage of the device falls under the general category of extracting data from the local system.
*   **MITRE Technique ID:** T1639
*   **Name:** Exfiltration Over Alternative Protocol
*   **Reasoning:** While the specific exfiltration channel isn't named, the act of ""exfiltrating"" collected data implies sending it out, often using non-standard or alternative protocols to bypass detection.

**3. Phenakite has included exploits for jailbreaking infected devices.**
*   **MITRE Technique ID:** T1658
*   **Name:** Exploitation for Client Execution
*   **Reasoning:** Exploits, particularly those used to bypass operating system security measures like jailbreaking, are categorized as exploiting client software to gain unauthorized execution capabilities.

**4. Phenakite can download additional malware to the victim device.**
*   **MITRE Technique ID:** T1407
*   **Name:** Download New Code at Runtime
*   **Reasoning:** The ability to download and execute additional malware payload onto the victim device is a textbook example of downloading new code during the execution lifecycle.

**5. Phenakite has used phishing sites for iCloud and Facebook if either of those were used for authentication during the chat sign up process.**
*   **MITRE Technique ID:** T1660
*   **Name:** Phishing
*   **Reasoning:** The use of deceptive websites (phishing sites) impersonating legitimate services (iCloud, Facebook) to steal credentials is a direct match for the Phishing technique.

**6. Phenakite can masquerade as the chat application ""Magic Smile.""**
*   **MITRE Technique ID:** T1655
*   **Name:** Masquerading
*   **Reasoning:** By disguising itself as a legitimate application (""Magic Smile""), the malware is performing masquerading to deceive the user and gain trust.

**7. Phenakite can exfiltrate the victim device’s contact list.**
*   **MITRE Technique ID:** T1533
*   **Name:** Data from Local System
*   **Reasoning:** The contact list is stored locally on the device, and its theft falls under the scope of collecting data from the local system.

**8. Phenakite can read SMS messages.**
*   **MITRE Technique ID:** T1582
*   **Name:** SMS Control
*   **Reasoning:** The specific capability to read and intercept SMS messages is directly mapped to the SMS Control technique.

**9. Phenakite can collect device metadata.**
*"
59,"Extract all MITRE Enterprise attack patterns from the following text and map them to their corresponding MITRE technique IDs. Provide reasoning for each identification. Ensure the final line contains only the IDs for the main techniques, separated by commas, excluding any subtechnique IDs. MITRE Enterprise IDs are given below as reference.  **Text:** GLASSTOKEN is a custom web shell used by threat actors during Cutting Edge to execute commands on compromised Ivanti Secure Connect VPNs. GLASSTOKEN can use PowerShell for command execution. GLASSTOKEN has hexadecimal and Base64 encoded C2 content. GLASSTOKEN has the ability to decode hexadecimal and Base64 C2 requests. GLASSTOKEN is a web shell capable of tunneling C2 connections and code execution on compromised Ivanti Secure Connect VPNs.  **List of All MITRE Enterprise technique IDs** ID    : Name T1548 : Abuse Elevation Control Mechanism T1134 : Access Token Manipulation T1531 : Account Access Removal T1087 : Account Discovery T1098 : Account Manipulation T1650 : Acquire Access T1583 : Acquire Infrastructure T1595 : Active Scanning T1557 : Adversary-in-the-Middle T1071 : Application Layer Protocol T1010 : Application Window Discovery T1560 : Archive Collected Data T1123 : Audio Capture T1119 : Automated Collection T1020 : Automated Exfiltration T1197 : BITS Jobs T1547 : Boot or Logon Autostart Execution T1037 : Boot or Logon Initialization Scripts T1176 : Browser Extensions T1217 : Browser Information Discovery T1185 : Browser Session Hijacking T1110 : Brute Force T1612 : Build Image on Host T1115 : Clipboard Data T1651 : Cloud Administration Command T1580 : Cloud Infrastructure Discovery T1538 : Cloud Service Dashboard T1526 : Cloud Service Discovery T1619 : Cloud Storage Object Discovery T1059 : Command and Scripting Interpreter T1092 : Communication Through Removable Media T1586 : Compromise Accounts T1554 : Compromise Host Software Binary T1584 : Compromise Infrastructure T1609 : Container Administration Command T1613 : Container and Resource Discovery T1659 : Content Injection T1136 : Create Account T1543 : Create or Modify System Process T1555 : Credentials from Password Stores T1485 : Data Destruction T1132 : Data Encoding T1486 : Data Encrypted for Impact T1530 : Data from Cloud Storage T1602 : Data from Configuration Repository T1213 : Data from Information Repositories T1005 : Data from Local System T1039 : Data from Network Shared Drive T1025 : Data from Removable Media T1565 : Data Manipulation T1001 : Data Obfuscation T1074 : Data Staged T1030 : Data Transfer Size Limits T1622 : Debugger Evasion T1491 : Defacement T1140 : Deobfuscate/Decode Files or Information T1610 : Deploy Container T1587 : Develop Capabilities T1652 : Device Driver Discovery T1006 : Direct Volume Access T1561 : Disk Wipe T1484 : Domain or Tenant Policy Modification T1482 : Domain Trust Discovery T1189 : Drive-by Compromise T1568 : Dynamic Resolution T1114 : Email Collection T1573 : Encrypted Channel T1499 : Endpoint Denial of Service T1611 : Escape to Host T1585 : Establish Accounts T1546 : Event Triggered Execution T1480 : Execution Guardrails T1048 : Exfiltration Over Alternative Protocol T1041 : Exfiltration Over C2 Channel T1011 : Exfiltration Over Other Network Medium T1052 : Exfiltration Over Physical Medium T1567 : Exfiltration Over Web Service T1190 : Exploit Public-Facing Application T1203 : Exploitation for Client Execution T1212 : Exploitation for Credential Access T1211 : Exploitation for Defense Evasion T1068 : Exploitation for Privilege Escalation T1210 : Exploitation of Remote Services T1133 : External Remote Services T1008 : Fallback Channels T1083 : File and Directory Discovery T1222 : File and Directory Permissions Modification T1657 : Financial Theft T1495 : Firmware Corruption T1187 : Forced Authentication T1606 : Forge Web Credentials T1592 : Gather Victim Host Information T1589 : Gather Victim Identity Information T1590 : Gather Victim Network Information T1591 : Gather Victim Org Information T1615 : Group Policy Discovery T1200 : Hardware Additions T1564 : Hide Artifacts T1665 : Hide Infrastructure T1574 : Hijack Execution Flow T1562 : Impair Defenses T1656 : Impersonation T1525 : Implant Internal Image T1070 : Indicator Removal T1202 : Indirect Command Execution T1105 : Ingress Tool Transfer T1490 : Inhibit System Recovery T1056 : Input Capture T1559 : Inter-Process Communication T1534 : Internal Spearphishing T1570 : Lateral Tool Transfer T1654 : Log Enumeration T1036 : Masquerading T1556 : Modify Authentication Process T1578 : Modify Cloud Compute Infrastructure T1112 : Modify Registry T1601 : Modify System Image T1111 : Multi-Factor Authentication Interception T1621 : Multi-Factor Authentication Request Generation T1104 : Multi-Stage Channels T1106 : Native API T1599 : Network Boundary Bridging T1498 : Network Denial of Service T1046 : Network Service Discovery T1135 : Network Share Discovery T1040 : Network Sniffing T1095 : Non-Application Layer Protocol T1571 : Non-Standard Port T1027 : Obfuscated Files or Information T1588 : Obtain Capabilities T1137 : Office Application Startup T1003 : OS Credential Dumping T1201 : Password Policy Discovery T1120 : Peripheral Device Discovery T1069 : Permission Groups Discovery T1566 : Phishing T1598 : Phishing for Information T1647 : Plist File Modification T1653 : Power Settings T1542 : Pre-OS Boot T1057 : Process Discovery T1055 : Process Injection T1572 : Protocol Tunneling T1090 : Proxy T1012 : Query Registry T1620 : Reflective Code Loading T1219 : Remote Access Software T1563 : Remote Service Session Hijacking T1021 : Remote Services T1018 : Remote System Discovery T1091 : Replication Through Removable Media T1496 : Resource Hijacking T1207 : Rogue Domain Controller T1014 : Rootkit T1053 : Scheduled Task/Job T1029 : Scheduled Transfer T1113 : Screen Capture T1597 : Search Closed Sources T1596 : Search Open Technical Databases T1593 : Search Open Websites/Domains T1594 : Search Victim-Owned Websites T1505 : Server Software Component T1648 : Serverless Execution T1489 : Service Stop T1129 : Shared Modules T1072 : Software Deployment Tools T1518 : Software Discovery T1608 : Stage Capabilities T1528 : Steal Application Access Token T1649 : Steal or Forge Authentication Certificates T1558 : Steal or Forge Kerberos Tickets T1539 : Steal Web Session Cookie T1553 : Subvert Trust Controls T1195 : Supply Chain Compromise T1218 : System Binary Proxy Execution T1082 : System Information Discovery T1614 : System Location Discovery T1016 : System Network Configuration Discovery T1049 : System Network Connections Discovery T1033 : System Owner/User Discovery T1216 : System Script Proxy Execution T1007 : System Service Discovery T1569 : System Services T1529 : System Shutdown/Reboot T1124 : System Time Discovery T1080 : Taint Shared Content T1221 : Template Injection T1205 : Traffic Signaling T1537 : Transfer Data to Cloud Account T1127 : Trusted Developer Utilities Proxy Execution T1199 : Trusted Relationship T1552 : Unsecured Credentials T1535 : Unused/Unsupported Cloud Regions T1550 : Use Alternate Authentication Material T1204 : User Execution T1078 : Valid Accounts T1125 : Video Capture T1497 : Virtualization/Sandbox Evasion T1600 : Weaken Encryption T1102 : Web Service T1047 : Windows Management Instrumentation T1220 : XSL Script Processing     ","T1059, T1132, T1140, T1505","**MITRE Enterprise Attack Pattern Extraction and Analysis**

**1. T1059: Command and Scripting Interpreter**
*   **Reasoning:** The text explicitly states that GLASSTOKEN is used to ""execute commands"" and specifically mentions that it ""can use PowerShell for command execution."" PowerShell is a primary example of a scripting interpreter, fitting this technique.

**2. T1132: Data Encoding**
*   **Reasoning:** The threat actor utilizes ""hexadecimal and Base64 encoded C2 content."" Encoding data (like Base64 or Hex) is the definition of this technique, used to disguise or transmit data.

**3. T1001: Data Obfuscation**
*   **Reasoning:** Encoding data (Base64, Hex) is a common method of obfuscation used to evade detection by security controls. The use of encoded C2 content falls under this category.

**4. T1140: Deobfuscate/Decode Files or Information**
*   **Reasoning:** The text notes that GLASSTOKEN has the ""ability to decode hexadecimal and Base64 C2 requests."" The act of decoding encoded data directly maps to this technique.

**5. T1572: Protocol Tunneling**
*   **Reasoning:** The description states that GLASSTOKEN is ""capable of tunneling C2 connections."" Tunneling involves encapsulating malicious traffic within legitimate protocols to bypass network defenses, which is the core function of T1572.

**6. T1071: Application Layer Protocol**
*   **Reasoning:** As a ""custom web shell,"" GLASSTOKEN must operate over a specific application layer protocol (e.g., HTTP/HTTPS) to function and establish C2 connections. This technique covers the exploitation of protocols at the application layer.

***

T1059, T1132, T1001, T1140, T1572, T1071"
