Index,Prompt,GT,Prediction
0,"Extract all MITRE Enterprise attack patterns from the following text and map them to their corresponding MITRE technique IDs. Provide reasoning for each identification. Ensure the final line contains only the IDs for the main techniques, separated by commas, excluding any subtechnique IDs. MITRE Enterprise IDs are given below as reference.  **Text:** 3PARA RAT is a remote access tool (RAT) developed in C++ and associated with the group Putter Panda. It communicates with its command and control (C2) servers via HTTP, with commands encrypted using the DES algorithm in CBC mode. The encryption key is derived from the MD5 hash of the string ""HYF54&%9&jkMCXuiS."" If the DES decryption fails, 3PARA RAT will attempt to decode the commands using an 8-byte XOR key, also derived from the same string. The tool includes commands to retrieve file metadata, list the current working directory, and modify file attributes, such as creation and modification timestamps.  **List of All MITRE Enterprise technique IDs** ID    : Name T1548 : Abuse Elevation Control Mechanism T1134 : Access Token Manipulation T1531 : Account Access Removal T1087 : Account Discovery T1098 : Account Manipulation T1650 : Acquire Access T1583 : Acquire Infrastructure T1595 : Active Scanning T1557 : Adversary-in-the-Middle T1071 : Application Layer Protocol T1010 : Application Window Discovery T1560 : Archive Collected Data T1123 : Audio Capture T1119 : Automated Collection T1020 : Automated Exfiltration T1197 : BITS Jobs T1547 : Boot or Logon Autostart Execution T1037 : Boot or Logon Initialization Scripts T1176 : Browser Extensions T1217 : Browser Information Discovery T1185 : Browser Session Hijacking T1110 : Brute Force T1612 : Build Image on Host T1115 : Clipboard Data T1651 : Cloud Administration Command T1580 : Cloud Infrastructure Discovery T1538 : Cloud Service Dashboard T1526 : Cloud Service Discovery T1619 : Cloud Storage Object Discovery T1059 : Command and Scripting Interpreter T1092 : Communication Through Removable Media T1586 : Compromise Accounts T1554 : Compromise Host Software Binary T1584 : Compromise Infrastructure T1609 : Container Administration Command T1613 : Container and Resource Discovery T1659 : Content Injection T1136 : Create Account T1543 : Create or Modify System Process T1555 : Credentials from Password Stores T1485 : Data Destruction T1132 : Data Encoding T1486 : Data Encrypted for Impact T1530 : Data from Cloud Storage T1602 : Data from Configuration Repository T1213 : Data from Information Repositories T1005 : Data from Local System T1039 : Data from Network Shared Drive T1025 : Data from Removable Media T1565 : Data Manipulation T1001 : Data Obfuscation T1074 : Data Staged T1030 : Data Transfer Size Limits T1622 : Debugger Evasion T1491 : Defacement T1140 : Deobfuscate/Decode Files or Information T1610 : Deploy Container T1587 : Develop Capabilities T1652 : Device Driver Discovery T1006 : Direct Volume Access T1561 : Disk Wipe T1484 : Domain or Tenant Policy Modification T1482 : Domain Trust Discovery T1189 : Drive-by Compromise T1568 : Dynamic Resolution T1114 : Email Collection T1573 : Encrypted Channel T1499 : Endpoint Denial of Service T1611 : Escape to Host T1585 : Establish Accounts T1546 : Event Triggered Execution T1480 : Execution Guardrails T1048 : Exfiltration Over Alternative Protocol T1041 : Exfiltration Over C2 Channel T1011 : Exfiltration Over Other Network Medium T1052 : Exfiltration Over Physical Medium T1567 : Exfiltration Over Web Service T1190 : Exploit Public-Facing Application T1203 : Exploitation for Client Execution T1212 : Exploitation for Credential Access T1211 : Exploitation for Defense Evasion T1068 : Exploitation for Privilege Escalation T1210 : Exploitation of Remote Services T1133 : External Remote Services T1008 : Fallback Channels T1083 : File and Directory Discovery T1222 : File and Directory Permissions Modification T1657 : Financial Theft T1495 : Firmware Corruption T1187 : Forced Authentication T1606 : Forge Web Credentials T1592 : Gather Victim Host Information T1589 : Gather Victim Identity Information T1590 : Gather Victim Network Information T1591 : Gather Victim Org Information T1615 : Group Policy Discovery T1200 : Hardware Additions T1564 : Hide Artifacts T1665 : Hide Infrastructure T1574 : Hijack Execution Flow T1562 : Impair Defenses T1656 : Impersonation T1525 : Implant Internal Image T1070 : Indicator Removal T1202 : Indirect Command Execution T1105 : Ingress Tool Transfer T1490 : Inhibit System Recovery T1056 : Input Capture T1559 : Inter-Process Communication T1534 : Internal Spearphishing T1570 : Lateral Tool Transfer T1654 : Log Enumeration T1036 : Masquerading T1556 : Modify Authentication Process T1578 : Modify Cloud Compute Infrastructure T1112 : Modify Registry T1601 : Modify System Image T1111 : Multi-Factor Authentication Interception T1621 : Multi-Factor Authentication Request Generation T1104 : Multi-Stage Channels T1106 : Native API T1599 : Network Boundary Bridging T1498 : Network Denial of Service T1046 : Network Service Discovery T1135 : Network Share Discovery T1040 : Network Sniffing T1095 : Non-Application Layer Protocol T1571 : Non-Standard Port T1027 : Obfuscated Files or Information T1588 : Obtain Capabilities T1137 : Office Application Startup T1003 : OS Credential Dumping T1201 : Password Policy Discovery T1120 : Peripheral Device Discovery T1069 : Permission Groups Discovery T1566 : Phishing T1598 : Phishing for Information T1647 : Plist File Modification T1653 : Power Settings T1542 : Pre-OS Boot T1057 : Process Discovery T1055 : Process Injection T1572 : Protocol Tunneling T1090 : Proxy T1012 : Query Registry T1620 : Reflective Code Loading T1219 : Remote Access Software T1563 : Remote Service Session Hijacking T1021 : Remote Services T1018 : Remote System Discovery T1091 : Replication Through Removable Media T1496 : Resource Hijacking T1207 : Rogue Domain Controller T1014 : Rootkit T1053 : Scheduled Task/Job T1029 : Scheduled Transfer T1113 : Screen Capture T1597 : Search Closed Sources T1596 : Search Open Technical Databases T1593 : Search Open Websites/Domains T1594 : Search Victim-Owned Websites T1505 : Server Software Component T1648 : Serverless Execution T1489 : Service Stop T1129 : Shared Modules T1072 : Software Deployment Tools T1518 : Software Discovery T1608 : Stage Capabilities T1528 : Steal Application Access Token T1649 : Steal or Forge Authentication Certificates T1558 : Steal or Forge Kerberos Tickets T1539 : Steal Web Session Cookie T1553 : Subvert Trust Controls T1195 : Supply Chain Compromise T1218 : System Binary Proxy Execution T1082 : System Information Discovery T1614 : System Location Discovery T1016 : System Network Configuration Discovery T1049 : System Network Connections Discovery T1033 : System Owner/User Discovery T1216 : System Script Proxy Execution T1007 : System Service Discovery T1569 : System Services T1529 : System Shutdown/Reboot T1124 : System Time Discovery T1080 : Taint Shared Content T1221 : Template Injection T1205 : Traffic Signaling T1537 : Transfer Data to Cloud Account T1127 : Trusted Developer Utilities Proxy Execution T1199 : Trusted Relationship T1552 : Unsecured Credentials T1535 : Unused/Unsupported Cloud Regions T1550 : Use Alternate Authentication Material T1204 : User Execution T1078 : Valid Accounts T1125 : Video Capture T1497 : Virtualization/Sandbox Evasion T1600 : Weaken Encryption T1102 : Web Service T1047 : Windows Management Instrumentation T1220 : XSL Script Processing     ","T1071, T1573, T1083, T1070","After analyzing the text, I extracted the following MITRE Enterprise attack patterns:

1. **T1134: Access Token Manipulation**: The description mentions that 3PARA RAT can manipulate file attributes, which is a form of access token manipulation.
2. **T1559: Inter-Process Communication**: The tool includes commands to retrieve file metadata and list the current working directory, which involves inter-process communication.

The main techniques extracted are:

T1134, T1559

Note that these IDs do not include subtechniques or specific variants of the attack patterns."
1,"Extract all MITRE Enterprise attack patterns from the following text and map them to their corresponding MITRE technique IDs. Provide reasoning for each identification. Ensure the final line contains only the IDs for the main techniques, separated by commas, excluding any subtechnique IDs. MITRE Enterprise IDs are given below as reference.  **Text:** 4H RAT is a piece of malware linked to Putter Panda, with evidence of its use dating back to at least 2007. It relies on HTTP for command and control (C2) communication and has the ability to create a remote shell. To obfuscate its C2 traffic, 4H RAT uses a 1-byte XOR encryption with the key 0xBE. The malware is capable of retrieving file and directory listings, as well as obtaining information about running processes and loaded modules. Additionally, 4H RAT includes an OS version identifier in its beacon messages.  **List of All MITRE Enterprise technique IDs** ID    : Name T1548 : Abuse Elevation Control Mechanism T1134 : Access Token Manipulation T1531 : Account Access Removal T1087 : Account Discovery T1098 : Account Manipulation T1650 : Acquire Access T1583 : Acquire Infrastructure T1595 : Active Scanning T1557 : Adversary-in-the-Middle T1071 : Application Layer Protocol T1010 : Application Window Discovery T1560 : Archive Collected Data T1123 : Audio Capture T1119 : Automated Collection T1020 : Automated Exfiltration T1197 : BITS Jobs T1547 : Boot or Logon Autostart Execution T1037 : Boot or Logon Initialization Scripts T1176 : Browser Extensions T1217 : Browser Information Discovery T1185 : Browser Session Hijacking T1110 : Brute Force T1612 : Build Image on Host T1115 : Clipboard Data T1651 : Cloud Administration Command T1580 : Cloud Infrastructure Discovery T1538 : Cloud Service Dashboard T1526 : Cloud Service Discovery T1619 : Cloud Storage Object Discovery T1059 : Command and Scripting Interpreter T1092 : Communication Through Removable Media T1586 : Compromise Accounts T1554 : Compromise Host Software Binary T1584 : Compromise Infrastructure T1609 : Container Administration Command T1613 : Container and Resource Discovery T1659 : Content Injection T1136 : Create Account T1543 : Create or Modify System Process T1555 : Credentials from Password Stores T1485 : Data Destruction T1132 : Data Encoding T1486 : Data Encrypted for Impact T1530 : Data from Cloud Storage T1602 : Data from Configuration Repository T1213 : Data from Information Repositories T1005 : Data from Local System T1039 : Data from Network Shared Drive T1025 : Data from Removable Media T1565 : Data Manipulation T1001 : Data Obfuscation T1074 : Data Staged T1030 : Data Transfer Size Limits T1622 : Debugger Evasion T1491 : Defacement T1140 : Deobfuscate/Decode Files or Information T1610 : Deploy Container T1587 : Develop Capabilities T1652 : Device Driver Discovery T1006 : Direct Volume Access T1561 : Disk Wipe T1484 : Domain or Tenant Policy Modification T1482 : Domain Trust Discovery T1189 : Drive-by Compromise T1568 : Dynamic Resolution T1114 : Email Collection T1573 : Encrypted Channel T1499 : Endpoint Denial of Service T1611 : Escape to Host T1585 : Establish Accounts T1546 : Event Triggered Execution T1480 : Execution Guardrails T1048 : Exfiltration Over Alternative Protocol T1041 : Exfiltration Over C2 Channel T1011 : Exfiltration Over Other Network Medium T1052 : Exfiltration Over Physical Medium T1567 : Exfiltration Over Web Service T1190 : Exploit Public-Facing Application T1203 : Exploitation for Client Execution T1212 : Exploitation for Credential Access T1211 : Exploitation for Defense Evasion T1068 : Exploitation for Privilege Escalation T1210 : Exploitation of Remote Services T1133 : External Remote Services T1008 : Fallback Channels T1083 : File and Directory Discovery T1222 : File and Directory Permissions Modification T1657 : Financial Theft T1495 : Firmware Corruption T1187 : Forced Authentication T1606 : Forge Web Credentials T1592 : Gather Victim Host Information T1589 : Gather Victim Identity Information T1590 : Gather Victim Network Information T1591 : Gather Victim Org Information T1615 : Group Policy Discovery T1200 : Hardware Additions T1564 : Hide Artifacts T1665 : Hide Infrastructure T1574 : Hijack Execution Flow T1562 : Impair Defenses T1656 : Impersonation T1525 : Implant Internal Image T1070 : Indicator Removal T1202 : Indirect Command Execution T1105 : Ingress Tool Transfer T1490 : Inhibit System Recovery T1056 : Input Capture T1559 : Inter-Process Communication T1534 : Internal Spearphishing T1570 : Lateral Tool Transfer T1654 : Log Enumeration T1036 : Masquerading T1556 : Modify Authentication Process T1578 : Modify Cloud Compute Infrastructure T1112 : Modify Registry T1601 : Modify System Image T1111 : Multi-Factor Authentication Interception T1621 : Multi-Factor Authentication Request Generation T1104 : Multi-Stage Channels T1106 : Native API T1599 : Network Boundary Bridging T1498 : Network Denial of Service T1046 : Network Service Discovery T1135 : Network Share Discovery T1040 : Network Sniffing T1095 : Non-Application Layer Protocol T1571 : Non-Standard Port T1027 : Obfuscated Files or Information T1588 : Obtain Capabilities T1137 : Office Application Startup T1003 : OS Credential Dumping T1201 : Password Policy Discovery T1120 : Peripheral Device Discovery T1069 : Permission Groups Discovery T1566 : Phishing T1598 : Phishing for Information T1647 : Plist File Modification T1653 : Power Settings T1542 : Pre-OS Boot T1057 : Process Discovery T1055 : Process Injection T1572 : Protocol Tunneling T1090 : Proxy T1012 : Query Registry T1620 : Reflective Code Loading T1219 : Remote Access Software T1563 : Remote Service Session Hijacking T1021 : Remote Services T1018 : Remote System Discovery T1091 : Replication Through Removable Media T1496 : Resource Hijacking T1207 : Rogue Domain Controller T1014 : Rootkit T1053 : Scheduled Task/Job T1029 : Scheduled Transfer T1113 : Screen Capture T1597 : Search Closed Sources T1596 : Search Open Technical Databases T1593 : Search Open Websites/Domains T1594 : Search Victim-Owned Websites T1505 : Server Software Component T1648 : Serverless Execution T1489 : Service Stop T1129 : Shared Modules T1072 : Software Deployment Tools T1518 : Software Discovery T1608 : Stage Capabilities T1528 : Steal Application Access Token T1649 : Steal or Forge Authentication Certificates T1558 : Steal or Forge Kerberos Tickets T1539 : Steal Web Session Cookie T1553 : Subvert Trust Controls T1195 : Supply Chain Compromise T1218 : System Binary Proxy Execution T1082 : System Information Discovery T1614 : System Location Discovery T1016 : System Network Configuration Discovery T1049 : System Network Connections Discovery T1033 : System Owner/User Discovery T1216 : System Script Proxy Execution T1007 : System Service Discovery T1569 : System Services T1529 : System Shutdown/Reboot T1124 : System Time Discovery T1080 : Taint Shared Content T1221 : Template Injection T1205 : Traffic Signaling T1537 : Transfer Data to Cloud Account T1127 : Trusted Developer Utilities Proxy Execution T1199 : Trusted Relationship T1552 : Unsecured Credentials T1535 : Unused/Unsupported Cloud Regions T1550 : Use Alternate Authentication Material T1204 : User Execution T1078 : Valid Accounts T1125 : Video Capture T1497 : Virtualization/Sandbox Evasion T1600 : Weaken Encryption T1102 : Web Service T1047 : Windows Management Instrumentation T1220 : XSL Script Processing     ","T1071, T1059, T1573, T1083, T1057, T1082","After analyzing the text, I identified the following MITRE Enterprise attack patterns:

1. **T1548: Abuse Elevation Control Mechanism**: The 4H RAT uses a 1-byte XOR encryption with the key 0xBE to obfuscate its C2 traffic.
2. **T1087: Account Discovery**: The malware is capable of retrieving file and directory listings, which suggests it can discover user accounts or identify potential targets.
3. **T1546: Event Triggered Execution**: The malware includes an OS version identifier in its beacon messages, indicating that it may trigger execution based on specific events or system configurations.

The main techniques are:

T1548, T1087, T1546

Note that some of the described behaviors might be relevant to other attack patterns as well. However, based on the provided information, these three MITRE Enterprise IDs seem to be the most directly applicable."
2,"Extract all MITRE Enterprise attack patterns from the following text and map them to their corresponding MITRE technique IDs. Provide reasoning for each identification. Ensure the final line contains only the IDs for the main techniques, separated by commas, excluding any subtechnique IDs. MITRE Enterprise IDs are given below as reference.  **Text:** ABK is a downloader associated with BRONZE BUTLER, active since at least 2019. It communicates with its command and control (C2) server via HTTP and can use the command line to execute Portable Executables (PEs) on compromised hosts. ABK is capable of decrypting AES-encrypted payloads and downloading files from the C2 server. Additionally, it can extract malicious PEs from images and inject shellcode into svchost.exe. ABK also has the ability to detect the installed anti-virus software on the compromised host.  **List of All MITRE Enterprise technique IDs** ID    : Name T1548 : Abuse Elevation Control Mechanism T1134 : Access Token Manipulation T1531 : Account Access Removal T1087 : Account Discovery T1098 : Account Manipulation T1650 : Acquire Access T1583 : Acquire Infrastructure T1595 : Active Scanning T1557 : Adversary-in-the-Middle T1071 : Application Layer Protocol T1010 : Application Window Discovery T1560 : Archive Collected Data T1123 : Audio Capture T1119 : Automated Collection T1020 : Automated Exfiltration T1197 : BITS Jobs T1547 : Boot or Logon Autostart Execution T1037 : Boot or Logon Initialization Scripts T1176 : Browser Extensions T1217 : Browser Information Discovery T1185 : Browser Session Hijacking T1110 : Brute Force T1612 : Build Image on Host T1115 : Clipboard Data T1651 : Cloud Administration Command T1580 : Cloud Infrastructure Discovery T1538 : Cloud Service Dashboard T1526 : Cloud Service Discovery T1619 : Cloud Storage Object Discovery T1059 : Command and Scripting Interpreter T1092 : Communication Through Removable Media T1586 : Compromise Accounts T1554 : Compromise Host Software Binary T1584 : Compromise Infrastructure T1609 : Container Administration Command T1613 : Container and Resource Discovery T1659 : Content Injection T1136 : Create Account T1543 : Create or Modify System Process T1555 : Credentials from Password Stores T1485 : Data Destruction T1132 : Data Encoding T1486 : Data Encrypted for Impact T1530 : Data from Cloud Storage T1602 : Data from Configuration Repository T1213 : Data from Information Repositories T1005 : Data from Local System T1039 : Data from Network Shared Drive T1025 : Data from Removable Media T1565 : Data Manipulation T1001 : Data Obfuscation T1074 : Data Staged T1030 : Data Transfer Size Limits T1622 : Debugger Evasion T1491 : Defacement T1140 : Deobfuscate/Decode Files or Information T1610 : Deploy Container T1587 : Develop Capabilities T1652 : Device Driver Discovery T1006 : Direct Volume Access T1561 : Disk Wipe T1484 : Domain or Tenant Policy Modification T1482 : Domain Trust Discovery T1189 : Drive-by Compromise T1568 : Dynamic Resolution T1114 : Email Collection T1573 : Encrypted Channel T1499 : Endpoint Denial of Service T1611 : Escape to Host T1585 : Establish Accounts T1546 : Event Triggered Execution T1480 : Execution Guardrails T1048 : Exfiltration Over Alternative Protocol T1041 : Exfiltration Over C2 Channel T1011 : Exfiltration Over Other Network Medium T1052 : Exfiltration Over Physical Medium T1567 : Exfiltration Over Web Service T1190 : Exploit Public-Facing Application T1203 : Exploitation for Client Execution T1212 : Exploitation for Credential Access T1211 : Exploitation for Defense Evasion T1068 : Exploitation for Privilege Escalation T1210 : Exploitation of Remote Services T1133 : External Remote Services T1008 : Fallback Channels T1083 : File and Directory Discovery T1222 : File and Directory Permissions Modification T1657 : Financial Theft T1495 : Firmware Corruption T1187 : Forced Authentication T1606 : Forge Web Credentials T1592 : Gather Victim Host Information T1589 : Gather Victim Identity Information T1590 : Gather Victim Network Information T1591 : Gather Victim Org Information T1615 : Group Policy Discovery T1200 : Hardware Additions T1564 : Hide Artifacts T1665 : Hide Infrastructure T1574 : Hijack Execution Flow T1562 : Impair Defenses T1656 : Impersonation T1525 : Implant Internal Image T1070 : Indicator Removal T1202 : Indirect Command Execution T1105 : Ingress Tool Transfer T1490 : Inhibit System Recovery T1056 : Input Capture T1559 : Inter-Process Communication T1534 : Internal Spearphishing T1570 : Lateral Tool Transfer T1654 : Log Enumeration T1036 : Masquerading T1556 : Modify Authentication Process T1578 : Modify Cloud Compute Infrastructure T1112 : Modify Registry T1601 : Modify System Image T1111 : Multi-Factor Authentication Interception T1621 : Multi-Factor Authentication Request Generation T1104 : Multi-Stage Channels T1106 : Native API T1599 : Network Boundary Bridging T1498 : Network Denial of Service T1046 : Network Service Discovery T1135 : Network Share Discovery T1040 : Network Sniffing T1095 : Non-Application Layer Protocol T1571 : Non-Standard Port T1027 : Obfuscated Files or Information T1588 : Obtain Capabilities T1137 : Office Application Startup T1003 : OS Credential Dumping T1201 : Password Policy Discovery T1120 : Peripheral Device Discovery T1069 : Permission Groups Discovery T1566 : Phishing T1598 : Phishing for Information T1647 : Plist File Modification T1653 : Power Settings T1542 : Pre-OS Boot T1057 : Process Discovery T1055 : Process Injection T1572 : Protocol Tunneling T1090 : Proxy T1012 : Query Registry T1620 : Reflective Code Loading T1219 : Remote Access Software T1563 : Remote Service Session Hijacking T1021 : Remote Services T1018 : Remote System Discovery T1091 : Replication Through Removable Media T1496 : Resource Hijacking T1207 : Rogue Domain Controller T1014 : Rootkit T1053 : Scheduled Task/Job T1029 : Scheduled Transfer T1113 : Screen Capture T1597 : Search Closed Sources T1596 : Search Open Technical Databases T1593 : Search Open Websites/Domains T1594 : Search Victim-Owned Websites T1505 : Server Software Component T1648 : Serverless Execution T1489 : Service Stop T1129 : Shared Modules T1072 : Software Deployment Tools T1518 : Software Discovery T1608 : Stage Capabilities T1528 : Steal Application Access Token T1649 : Steal or Forge Authentication Certificates T1558 : Steal or Forge Kerberos Tickets T1539 : Steal Web Session Cookie T1553 : Subvert Trust Controls T1195 : Supply Chain Compromise T1218 : System Binary Proxy Execution T1082 : System Information Discovery T1614 : System Location Discovery T1016 : System Network Configuration Discovery T1049 : System Network Connections Discovery T1033 : System Owner/User Discovery T1216 : System Script Proxy Execution T1007 : System Service Discovery T1569 : System Services T1529 : System Shutdown/Reboot T1124 : System Time Discovery T1080 : Taint Shared Content T1221 : Template Injection T1205 : Traffic Signaling T1537 : Transfer Data to Cloud Account T1127 : Trusted Developer Utilities Proxy Execution T1199 : Trusted Relationship T1552 : Unsecured Credentials T1535 : Unused/Unsupported Cloud Regions T1550 : Use Alternate Authentication Material T1204 : User Execution T1078 : Valid Accounts T1125 : Video Capture T1497 : Virtualization/Sandbox Evasion T1600 : Weaken Encryption T1102 : Web Service T1047 : Windows Management Instrumentation T1220 : XSL Script Processing     ","T1071, T1059, T1140, T1105, T1027, T1055, T1518","After analyzing the text, I identified the following MITRE Enterprise attack patterns:

* T1548: Abuse Elevation Control Mechanism (reasoning: ABK can execute Portable Executables (PEs) on compromised hosts)
* T1554: Compromise Host Software Binary (reasoning: ABK can decrypt AES-encrypted payloads and download files from the C2 server)
* T1565: Data Manipulation (reasoning: ABK can extract malicious PEs from images and inject shellcode into svchost.exe)

The main techniques identified are:

T1548, T1554, T1565"
3,"Extract all MITRE Mobile attack patterns from the following text and map them to their corresponding MITRE technique IDs. Provide reasoning for each identification. Ensure the final line contains only the IDs for the main techniques, separated by commas, excluding any subtechnique IDs. MITRE Mobile IDs are given below as reference.  **Text:** AbstractEmu is mobile malware that was first detected in October 2021 on Google Play and other third-party app stores. It was found in 19 Android applications, with at least 7 exploiting known Android vulnerabilities to gain root permissions. While primarily affecting users in the United States, AbstractEmu’s reach extends to victims across 17 countries. The malware can modify system settings to grant itself device administrator privileges, monitor notifications, and communicate with its command and control (C2) server via HTTP. AbstractEmu can also grant itself microphone and camera permissions, access location data, and disable Play Protect. Additionally, it can collect extensive device information, including the manufacturer, model, version, serial number, telephone number, IP address, and SIM information. AbstractEmu can download and install additional malware post-infection, access call logs, intercept SMS messages containing two-factor authentication codes, and obtain a list of installed applications. The malware uses encoded shell scripts and exploit binaries to facilitate the rooting process and can silently gain permissions or install additional malware using rooting exploits. To evade detection, AbstractEmu employs code abstraction and anti-emulation checks.  **List of All MITRE Mobile technique IDs** ID    : Name T1626 : Abuse Elevation Control Mechanism T1517 : Access Notifications T1640 : Account Access Removal T1638 : Adversary-in-the-Middle T1437 : Application Layer Protocol T1661 : Application Versioning T1532 : Archive Collected Data T1429 : Audio Capture T1398 : Boot or Logon Initialization Scripts T1616 : Call Control T1414 : Clipboard Data T1623 : Command and Scripting Interpreter T1577 : Compromise Application Executable T1645 : Compromise Client Software Binary T1634 : Credentials from Password Store T1662 : Data Destruction T1471 : Data Encrypted for Impact T1533 : Data from Local System T1641 : Data Manipulation T1407 : Download New Code at Runtime T1456 : Drive-By Compromise T1637 : Dynamic Resolution T1521 : Encrypted Channel T1642 : Endpoint Denial of Service T1624 : Event Triggered Execution T1627 : Execution Guardrails T1639 : Exfiltration Over Alternative Protocol T1646 : Exfiltration Over C2 Channel T1658 : Exploitation for Client Execution T1664 : Exploitation for Initial Access T1404 : Exploitation for Privilege Escalation T1428 : Exploitation of Remote Services T1420 : File and Directory Discovery T1541 : Foreground Persistence T1643 : Generate Traffic from Victim T1628 : Hide Artifacts T1625 : Hijack Execution Flow T1617 : Hooking T1629 : Impair Defenses T1630 : Indicator Removal on Host T1544 : Ingress Tool Transfer T1417 : Input Capture T1516 : Input Injection T1430 : Location Tracking T1461 : Lockscreen Bypass T1655 : Masquerading T1575 : Native API T1464 : Network Denial of Service T1423 : Network Service Scanning T1509 : Non-Standard Port T1406 : Obfuscated Files or Information T1644 : Out of Band Data T1660 : Phishing T1424 : Process Discovery T1631 : Process Injection T1636 : Protected User Data T1604 : Proxy Through Victim T1663 : Remote Access Software T1458 : Replication Through Removable Media T1603 : Scheduled Task/Job T1513 : Screen Capture T1582 : SMS Control T1418 : Software Discovery T1635 : Steal Application Access Token T1409 : Stored Application Data T1632 : Subvert Trust Controls T1474 : Supply Chain Compromise T1426 : System Information Discovery T1422 : System Network Configuration Discovery T1421 : System Network Connections Discovery T1512 : Video Capture T1633 : Virtualization/Sandbox Evasion T1481 : Web Service     ","T1626, T1517, T1437, T1429, T1623, T1533, T1407, T1646, T1404, T1629, T1544, T1430, T1406, T1636, T1418, T1426, T1422, T1512, T1633","After analyzing the text, I have identified the following MITRE Mobile attack patterns:

* T1517: Access Notifications - The malware can modify system settings to monitor notifications.
* T1398: Boot or Logon Initialization Scripts - AbstractEmu employs code abstraction and anti-emulation checks to evade detection during boot or logon initialization.
* T1626: Abuse Elevation Control Mechanism - The malware exploits known Android vulnerabilities to gain root permissions.
* T1532: Archive Collected Data - AbstractEmu collects extensive device information, including the manufacturer, model, version, serial number, telephone number, IP address, and SIM information.
* T1429: Audio Capture - The malware can grant itself microphone permissions.
* T1616: Call Control - AbstractEmu can intercept SMS messages containing two-factor authentication codes.
* T1414: Clipboard Data - The malware can access location data.
* T1577: Compromise Application Executable - AbstractEmu can silently gain permissions or install additional malware using rooting exploits.
* T1645: Compromise Client Software Binary - The malware can download and install additional malware post-infection.
* T1430: Location Tracking - The malware can access location data.

The main techniques extracted are:

T1517, T1626, T1398, T1532, T1429, T1616, T1414, T1577, T1645, T1430

Note that some of these IDs may have subtechniques, but the above list only includes the main technique IDs."
4,"Extract all MITRE Enterprise attack patterns from the following text and map them to their corresponding MITRE technique IDs. Provide reasoning for each identification. Ensure the final line contains only the IDs for the main techniques, separated by commas, excluding any subtechnique IDs. MITRE Enterprise IDs are given below as reference.  **Text:** Action RAT is a remote access tool developed in Delphi and has been employed by SideCopy since at least December 2021, targeting government personnel in India and Afghanistan. The malware communicates with command and control (C2) servers via HTTP and can execute commands on an infected host using cmd.exe. Action RAT is capable of collecting local data, as well as drive and file information from compromised machines. It also uses Base64 decoding to process communications from actor-controlled C2 servers and can download additional payloads onto infected systems.  **List of All MITRE Enterprise technique IDs** ID    : Name T1548 : Abuse Elevation Control Mechanism T1134 : Access Token Manipulation T1531 : Account Access Removal T1087 : Account Discovery T1098 : Account Manipulation T1650 : Acquire Access T1583 : Acquire Infrastructure T1595 : Active Scanning T1557 : Adversary-in-the-Middle T1071 : Application Layer Protocol T1010 : Application Window Discovery T1560 : Archive Collected Data T1123 : Audio Capture T1119 : Automated Collection T1020 : Automated Exfiltration T1197 : BITS Jobs T1547 : Boot or Logon Autostart Execution T1037 : Boot or Logon Initialization Scripts T1176 : Browser Extensions T1217 : Browser Information Discovery T1185 : Browser Session Hijacking T1110 : Brute Force T1612 : Build Image on Host T1115 : Clipboard Data T1651 : Cloud Administration Command T1580 : Cloud Infrastructure Discovery T1538 : Cloud Service Dashboard T1526 : Cloud Service Discovery T1619 : Cloud Storage Object Discovery T1059 : Command and Scripting Interpreter T1092 : Communication Through Removable Media T1586 : Compromise Accounts T1554 : Compromise Host Software Binary T1584 : Compromise Infrastructure T1609 : Container Administration Command T1613 : Container and Resource Discovery T1659 : Content Injection T1136 : Create Account T1543 : Create or Modify System Process T1555 : Credentials from Password Stores T1485 : Data Destruction T1132 : Data Encoding T1486 : Data Encrypted for Impact T1530 : Data from Cloud Storage T1602 : Data from Configuration Repository T1213 : Data from Information Repositories T1005 : Data from Local System T1039 : Data from Network Shared Drive T1025 : Data from Removable Media T1565 : Data Manipulation T1001 : Data Obfuscation T1074 : Data Staged T1030 : Data Transfer Size Limits T1622 : Debugger Evasion T1491 : Defacement T1140 : Deobfuscate/Decode Files or Information T1610 : Deploy Container T1587 : Develop Capabilities T1652 : Device Driver Discovery T1006 : Direct Volume Access T1561 : Disk Wipe T1484 : Domain or Tenant Policy Modification T1482 : Domain Trust Discovery T1189 : Drive-by Compromise T1568 : Dynamic Resolution T1114 : Email Collection T1573 : Encrypted Channel T1499 : Endpoint Denial of Service T1611 : Escape to Host T1585 : Establish Accounts T1546 : Event Triggered Execution T1480 : Execution Guardrails T1048 : Exfiltration Over Alternative Protocol T1041 : Exfiltration Over C2 Channel T1011 : Exfiltration Over Other Network Medium T1052 : Exfiltration Over Physical Medium T1567 : Exfiltration Over Web Service T1190 : Exploit Public-Facing Application T1203 : Exploitation for Client Execution T1212 : Exploitation for Credential Access T1211 : Exploitation for Defense Evasion T1068 : Exploitation for Privilege Escalation T1210 : Exploitation of Remote Services T1133 : External Remote Services T1008 : Fallback Channels T1083 : File and Directory Discovery T1222 : File and Directory Permissions Modification T1657 : Financial Theft T1495 : Firmware Corruption T1187 : Forced Authentication T1606 : Forge Web Credentials T1592 : Gather Victim Host Information T1589 : Gather Victim Identity Information T1590 : Gather Victim Network Information T1591 : Gather Victim Org Information T1615 : Group Policy Discovery T1200 : Hardware Additions T1564 : Hide Artifacts T1665 : Hide Infrastructure T1574 : Hijack Execution Flow T1562 : Impair Defenses T1656 : Impersonation T1525 : Implant Internal Image T1070 : Indicator Removal T1202 : Indirect Command Execution T1105 : Ingress Tool Transfer T1490 : Inhibit System Recovery T1056 : Input Capture T1559 : Inter-Process Communication T1534 : Internal Spearphishing T1570 : Lateral Tool Transfer T1654 : Log Enumeration T1036 : Masquerading T1556 : Modify Authentication Process T1578 : Modify Cloud Compute Infrastructure T1112 : Modify Registry T1601 : Modify System Image T1111 : Multi-Factor Authentication Interception T1621 : Multi-Factor Authentication Request Generation T1104 : Multi-Stage Channels T1106 : Native API T1599 : Network Boundary Bridging T1498 : Network Denial of Service T1046 : Network Service Discovery T1135 : Network Share Discovery T1040 : Network Sniffing T1095 : Non-Application Layer Protocol T1571 : Non-Standard Port T1027 : Obfuscated Files or Information T1588 : Obtain Capabilities T1137 : Office Application Startup T1003 : OS Credential Dumping T1201 : Password Policy Discovery T1120 : Peripheral Device Discovery T1069 : Permission Groups Discovery T1566 : Phishing T1598 : Phishing for Information T1647 : Plist File Modification T1653 : Power Settings T1542 : Pre-OS Boot T1057 : Process Discovery T1055 : Process Injection T1572 : Protocol Tunneling T1090 : Proxy T1012 : Query Registry T1620 : Reflective Code Loading T1219 : Remote Access Software T1563 : Remote Service Session Hijacking T1021 : Remote Services T1018 : Remote System Discovery T1091 : Replication Through Removable Media T1496 : Resource Hijacking T1207 : Rogue Domain Controller T1014 : Rootkit T1053 : Scheduled Task/Job T1029 : Scheduled Transfer T1113 : Screen Capture T1597 : Search Closed Sources T1596 : Search Open Technical Databases T1593 : Search Open Websites/Domains T1594 : Search Victim-Owned Websites T1505 : Server Software Component T1648 : Serverless Execution T1489 : Service Stop T1129 : Shared Modules T1072 : Software Deployment Tools T1518 : Software Discovery T1608 : Stage Capabilities T1528 : Steal Application Access Token T1649 : Steal or Forge Authentication Certificates T1558 : Steal or Forge Kerberos Tickets T1539 : Steal Web Session Cookie T1553 : Subvert Trust Controls T1195 : Supply Chain Compromise T1218 : System Binary Proxy Execution T1082 : System Information Discovery T1614 : System Location Discovery T1016 : System Network Configuration Discovery T1049 : System Network Connections Discovery T1033 : System Owner/User Discovery T1216 : System Script Proxy Execution T1007 : System Service Discovery T1569 : System Services T1529 : System Shutdown/Reboot T1124 : System Time Discovery T1080 : Taint Shared Content T1221 : Template Injection T1205 : Traffic Signaling T1537 : Transfer Data to Cloud Account T1127 : Trusted Developer Utilities Proxy Execution T1199 : Trusted Relationship T1552 : Unsecured Credentials T1535 : Unused/Unsupported Cloud Regions T1550 : Use Alternate Authentication Material T1204 : User Execution T1078 : Valid Accounts T1125 : Video Capture T1497 : Virtualization/Sandbox Evasion T1600 : Weaken Encryption T1102 : Web Service T1047 : Windows Management Instrumentation T1220 : XSL Script Processing     ","T1071, T1059, T1005, T1140, T1083, T1105","After analyzing the text, I identified the following MITRE Enterprise attack patterns:

1. **T1548: Abuse Elevation Control Mechanism** - The text mentions that Action RAT can execute commands on an infected host using cmd.exe, which indicates the ability to elevate privileges and abuse elevation control mechanisms.
2. **T1059: Command and Scripting Interpreter** - The malware uses cmd.exe to execute commands, indicating the presence of a command and scripting interpreter.
3. **T1547: Boot or Logon Autostart Execution** - The text mentions that Action RAT can execute commands on an infected host, which suggests the ability to execute code at boot or logon time.
4. **T1110: Brute Force** - Although not explicitly mentioned in the text, brute-force attacks are a common technique used by malware like Action RAT to gain unauthorized access to systems.
5. **T1021: Remote Services** - The malware can communicate with command and control (C2) servers via HTTP, indicating the presence of remote services.

The main techniques identified are:

T1548, T1059, T1547, T1110, T1021

Note that these IDs only represent the main techniques and do not include subtechniques."
5,"Extract all MITRE Enterprise attack patterns from the following text and map them to their corresponding MITRE technique IDs. Provide reasoning for each identification. Ensure the final line contains only the IDs for the main techniques, separated by commas, excluding any subtechnique IDs. MITRE Enterprise IDs are given below as reference.  **Text:** adbupd is a backdoor utilized by PLATINUM, bearing similarities to Dipsind. It has the capability to execute a copy of cmd.exe and includes the OpenSSL library to encrypt its command and control (C2) traffic. Additionally, adbupd can achieve persistence by leveraging a WMI script.  **List of All MITRE Enterprise technique IDs** ID    : Name T1548 : Abuse Elevation Control Mechanism T1134 : Access Token Manipulation T1531 : Account Access Removal T1087 : Account Discovery T1098 : Account Manipulation T1650 : Acquire Access T1583 : Acquire Infrastructure T1595 : Active Scanning T1557 : Adversary-in-the-Middle T1071 : Application Layer Protocol T1010 : Application Window Discovery T1560 : Archive Collected Data T1123 : Audio Capture T1119 : Automated Collection T1020 : Automated Exfiltration T1197 : BITS Jobs T1547 : Boot or Logon Autostart Execution T1037 : Boot or Logon Initialization Scripts T1176 : Browser Extensions T1217 : Browser Information Discovery T1185 : Browser Session Hijacking T1110 : Brute Force T1612 : Build Image on Host T1115 : Clipboard Data T1651 : Cloud Administration Command T1580 : Cloud Infrastructure Discovery T1538 : Cloud Service Dashboard T1526 : Cloud Service Discovery T1619 : Cloud Storage Object Discovery T1059 : Command and Scripting Interpreter T1092 : Communication Through Removable Media T1586 : Compromise Accounts T1554 : Compromise Host Software Binary T1584 : Compromise Infrastructure T1609 : Container Administration Command T1613 : Container and Resource Discovery T1659 : Content Injection T1136 : Create Account T1543 : Create or Modify System Process T1555 : Credentials from Password Stores T1485 : Data Destruction T1132 : Data Encoding T1486 : Data Encrypted for Impact T1530 : Data from Cloud Storage T1602 : Data from Configuration Repository T1213 : Data from Information Repositories T1005 : Data from Local System T1039 : Data from Network Shared Drive T1025 : Data from Removable Media T1565 : Data Manipulation T1001 : Data Obfuscation T1074 : Data Staged T1030 : Data Transfer Size Limits T1622 : Debugger Evasion T1491 : Defacement T1140 : Deobfuscate/Decode Files or Information T1610 : Deploy Container T1587 : Develop Capabilities T1652 : Device Driver Discovery T1006 : Direct Volume Access T1561 : Disk Wipe T1484 : Domain or Tenant Policy Modification T1482 : Domain Trust Discovery T1189 : Drive-by Compromise T1568 : Dynamic Resolution T1114 : Email Collection T1573 : Encrypted Channel T1499 : Endpoint Denial of Service T1611 : Escape to Host T1585 : Establish Accounts T1546 : Event Triggered Execution T1480 : Execution Guardrails T1048 : Exfiltration Over Alternative Protocol T1041 : Exfiltration Over C2 Channel T1011 : Exfiltration Over Other Network Medium T1052 : Exfiltration Over Physical Medium T1567 : Exfiltration Over Web Service T1190 : Exploit Public-Facing Application T1203 : Exploitation for Client Execution T1212 : Exploitation for Credential Access T1211 : Exploitation for Defense Evasion T1068 : Exploitation for Privilege Escalation T1210 : Exploitation of Remote Services T1133 : External Remote Services T1008 : Fallback Channels T1083 : File and Directory Discovery T1222 : File and Directory Permissions Modification T1657 : Financial Theft T1495 : Firmware Corruption T1187 : Forced Authentication T1606 : Forge Web Credentials T1592 : Gather Victim Host Information T1589 : Gather Victim Identity Information T1590 : Gather Victim Network Information T1591 : Gather Victim Org Information T1615 : Group Policy Discovery T1200 : Hardware Additions T1564 : Hide Artifacts T1665 : Hide Infrastructure T1574 : Hijack Execution Flow T1562 : Impair Defenses T1656 : Impersonation T1525 : Implant Internal Image T1070 : Indicator Removal T1202 : Indirect Command Execution T1105 : Ingress Tool Transfer T1490 : Inhibit System Recovery T1056 : Input Capture T1559 : Inter-Process Communication T1534 : Internal Spearphishing T1570 : Lateral Tool Transfer T1654 : Log Enumeration T1036 : Masquerading T1556 : Modify Authentication Process T1578 : Modify Cloud Compute Infrastructure T1112 : Modify Registry T1601 : Modify System Image T1111 : Multi-Factor Authentication Interception T1621 : Multi-Factor Authentication Request Generation T1104 : Multi-Stage Channels T1106 : Native API T1599 : Network Boundary Bridging T1498 : Network Denial of Service T1046 : Network Service Discovery T1135 : Network Share Discovery T1040 : Network Sniffing T1095 : Non-Application Layer Protocol T1571 : Non-Standard Port T1027 : Obfuscated Files or Information T1588 : Obtain Capabilities T1137 : Office Application Startup T1003 : OS Credential Dumping T1201 : Password Policy Discovery T1120 : Peripheral Device Discovery T1069 : Permission Groups Discovery T1566 : Phishing T1598 : Phishing for Information T1647 : Plist File Modification T1653 : Power Settings T1542 : Pre-OS Boot T1057 : Process Discovery T1055 : Process Injection T1572 : Protocol Tunneling T1090 : Proxy T1012 : Query Registry T1620 : Reflective Code Loading T1219 : Remote Access Software T1563 : Remote Service Session Hijacking T1021 : Remote Services T1018 : Remote System Discovery T1091 : Replication Through Removable Media T1496 : Resource Hijacking T1207 : Rogue Domain Controller T1014 : Rootkit T1053 : Scheduled Task/Job T1029 : Scheduled Transfer T1113 : Screen Capture T1597 : Search Closed Sources T1596 : Search Open Technical Databases T1593 : Search Open Websites/Domains T1594 : Search Victim-Owned Websites T1505 : Server Software Component T1648 : Serverless Execution T1489 : Service Stop T1129 : Shared Modules T1072 : Software Deployment Tools T1518 : Software Discovery T1608 : Stage Capabilities T1528 : Steal Application Access Token T1649 : Steal or Forge Authentication Certificates T1558 : Steal or Forge Kerberos Tickets T1539 : Steal Web Session Cookie T1553 : Subvert Trust Controls T1195 : Supply Chain Compromise T1218 : System Binary Proxy Execution T1082 : System Information Discovery T1614 : System Location Discovery T1016 : System Network Configuration Discovery T1049 : System Network Connections Discovery T1033 : System Owner/User Discovery T1216 : System Script Proxy Execution T1007 : System Service Discovery T1569 : System Services T1529 : System Shutdown/Reboot T1124 : System Time Discovery T1080 : Taint Shared Content T1221 : Template Injection T1205 : Traffic Signaling T1537 : Transfer Data to Cloud Account T1127 : Trusted Developer Utilities Proxy Execution T1199 : Trusted Relationship T1552 : Unsecured Credentials T1535 : Unused/Unsupported Cloud Regions T1550 : Use Alternate Authentication Material T1204 : User Execution T1078 : Valid Accounts T1125 : Video Capture T1497 : Virtualization/Sandbox Evasion T1600 : Weaken Encryption T1102 : Web Service T1047 : Windows Management Instrumentation T1220 : XSL Script Processing     ","T1059, T1573, T1546","Based on the text, I identified the following MITRE Enterprise attack patterns:

1. **T1059: Command and Scripting Interpreter**: The text mentions that adbupd includes the OpenSSL library to encrypt its command and control (C2) traffic.
2. **T1547: Boot or Logon Autostart Execution**: Adbupd can achieve persistence by leveraging a WMI script, which suggests it can execute code during the boot or logon process.

The main techniques are:

T1059, T1547"
6,"Extract all MITRE Enterprise attack patterns from the following text and map them to their corresponding MITRE technique IDs. Provide reasoning for each identification. Ensure the final line contains only the IDs for the main techniques, separated by commas, excluding any subtechnique IDs. MITRE Enterprise IDs are given below as reference.  **Text:** AdFind is a free command-line query tool designed for extracting information from Active Directory. It can enumerate domain users, domain groups, and organizational units (OUs), as well as gather details about domain trusts. AdFind is also capable of querying Active Directory for computer accounts and extracting subnet information.  **List of All MITRE Enterprise technique IDs** ID    : Name T1548 : Abuse Elevation Control Mechanism T1134 : Access Token Manipulation T1531 : Account Access Removal T1087 : Account Discovery T1098 : Account Manipulation T1650 : Acquire Access T1583 : Acquire Infrastructure T1595 : Active Scanning T1557 : Adversary-in-the-Middle T1071 : Application Layer Protocol T1010 : Application Window Discovery T1560 : Archive Collected Data T1123 : Audio Capture T1119 : Automated Collection T1020 : Automated Exfiltration T1197 : BITS Jobs T1547 : Boot or Logon Autostart Execution T1037 : Boot or Logon Initialization Scripts T1176 : Browser Extensions T1217 : Browser Information Discovery T1185 : Browser Session Hijacking T1110 : Brute Force T1612 : Build Image on Host T1115 : Clipboard Data T1651 : Cloud Administration Command T1580 : Cloud Infrastructure Discovery T1538 : Cloud Service Dashboard T1526 : Cloud Service Discovery T1619 : Cloud Storage Object Discovery T1059 : Command and Scripting Interpreter T1092 : Communication Through Removable Media T1586 : Compromise Accounts T1554 : Compromise Host Software Binary T1584 : Compromise Infrastructure T1609 : Container Administration Command T1613 : Container and Resource Discovery T1659 : Content Injection T1136 : Create Account T1543 : Create or Modify System Process T1555 : Credentials from Password Stores T1485 : Data Destruction T1132 : Data Encoding T1486 : Data Encrypted for Impact T1530 : Data from Cloud Storage T1602 : Data from Configuration Repository T1213 : Data from Information Repositories T1005 : Data from Local System T1039 : Data from Network Shared Drive T1025 : Data from Removable Media T1565 : Data Manipulation T1001 : Data Obfuscation T1074 : Data Staged T1030 : Data Transfer Size Limits T1622 : Debugger Evasion T1491 : Defacement T1140 : Deobfuscate/Decode Files or Information T1610 : Deploy Container T1587 : Develop Capabilities T1652 : Device Driver Discovery T1006 : Direct Volume Access T1561 : Disk Wipe T1484 : Domain or Tenant Policy Modification T1482 : Domain Trust Discovery T1189 : Drive-by Compromise T1568 : Dynamic Resolution T1114 : Email Collection T1573 : Encrypted Channel T1499 : Endpoint Denial of Service T1611 : Escape to Host T1585 : Establish Accounts T1546 : Event Triggered Execution T1480 : Execution Guardrails T1048 : Exfiltration Over Alternative Protocol T1041 : Exfiltration Over C2 Channel T1011 : Exfiltration Over Other Network Medium T1052 : Exfiltration Over Physical Medium T1567 : Exfiltration Over Web Service T1190 : Exploit Public-Facing Application T1203 : Exploitation for Client Execution T1212 : Exploitation for Credential Access T1211 : Exploitation for Defense Evasion T1068 : Exploitation for Privilege Escalation T1210 : Exploitation of Remote Services T1133 : External Remote Services T1008 : Fallback Channels T1083 : File and Directory Discovery T1222 : File and Directory Permissions Modification T1657 : Financial Theft T1495 : Firmware Corruption T1187 : Forced Authentication T1606 : Forge Web Credentials T1592 : Gather Victim Host Information T1589 : Gather Victim Identity Information T1590 : Gather Victim Network Information T1591 : Gather Victim Org Information T1615 : Group Policy Discovery T1200 : Hardware Additions T1564 : Hide Artifacts T1665 : Hide Infrastructure T1574 : Hijack Execution Flow T1562 : Impair Defenses T1656 : Impersonation T1525 : Implant Internal Image T1070 : Indicator Removal T1202 : Indirect Command Execution T1105 : Ingress Tool Transfer T1490 : Inhibit System Recovery T1056 : Input Capture T1559 : Inter-Process Communication T1534 : Internal Spearphishing T1570 : Lateral Tool Transfer T1654 : Log Enumeration T1036 : Masquerading T1556 : Modify Authentication Process T1578 : Modify Cloud Compute Infrastructure T1112 : Modify Registry T1601 : Modify System Image T1111 : Multi-Factor Authentication Interception T1621 : Multi-Factor Authentication Request Generation T1104 : Multi-Stage Channels T1106 : Native API T1599 : Network Boundary Bridging T1498 : Network Denial of Service T1046 : Network Service Discovery T1135 : Network Share Discovery T1040 : Network Sniffing T1095 : Non-Application Layer Protocol T1571 : Non-Standard Port T1027 : Obfuscated Files or Information T1588 : Obtain Capabilities T1137 : Office Application Startup T1003 : OS Credential Dumping T1201 : Password Policy Discovery T1120 : Peripheral Device Discovery T1069 : Permission Groups Discovery T1566 : Phishing T1598 : Phishing for Information T1647 : Plist File Modification T1653 : Power Settings T1542 : Pre-OS Boot T1057 : Process Discovery T1055 : Process Injection T1572 : Protocol Tunneling T1090 : Proxy T1012 : Query Registry T1620 : Reflective Code Loading T1219 : Remote Access Software T1563 : Remote Service Session Hijacking T1021 : Remote Services T1018 : Remote System Discovery T1091 : Replication Through Removable Media T1496 : Resource Hijacking T1207 : Rogue Domain Controller T1014 : Rootkit T1053 : Scheduled Task/Job T1029 : Scheduled Transfer T1113 : Screen Capture T1597 : Search Closed Sources T1596 : Search Open Technical Databases T1593 : Search Open Websites/Domains T1594 : Search Victim-Owned Websites T1505 : Server Software Component T1648 : Serverless Execution T1489 : Service Stop T1129 : Shared Modules T1072 : Software Deployment Tools T1518 : Software Discovery T1608 : Stage Capabilities T1528 : Steal Application Access Token T1649 : Steal or Forge Authentication Certificates T1558 : Steal or Forge Kerberos Tickets T1539 : Steal Web Session Cookie T1553 : Subvert Trust Controls T1195 : Supply Chain Compromise T1218 : System Binary Proxy Execution T1082 : System Information Discovery T1614 : System Location Discovery T1016 : System Network Configuration Discovery T1049 : System Network Connections Discovery T1033 : System Owner/User Discovery T1216 : System Script Proxy Execution T1007 : System Service Discovery T1569 : System Services T1529 : System Shutdown/Reboot T1124 : System Time Discovery T1080 : Taint Shared Content T1221 : Template Injection T1205 : Traffic Signaling T1537 : Transfer Data to Cloud Account T1127 : Trusted Developer Utilities Proxy Execution T1199 : Trusted Relationship T1552 : Unsecured Credentials T1535 : Unused/Unsupported Cloud Regions T1550 : Use Alternate Authentication Material T1204 : User Execution T1078 : Valid Accounts T1125 : Video Capture T1497 : Virtualization/Sandbox Evasion T1600 : Weaken Encryption T1102 : Web Service T1047 : Windows Management Instrumentation T1220 : XSL Script Processing     ","T1087, T1482, T1069, T1018, T1016","After analyzing the text, I identified the following MITRE Enterprise attack patterns:

1. **T1087**: AdFind is capable of querying Active Directory for computer accounts and extracting subnet information, which corresponds to ""Account Discovery"".
2. **T1534**: The tool can gather details about domain trusts, which falls under ""Internal Spearphishing"".

Main techniques:
T1087, T1534

Note that these are the main techniques extracted from the text, without considering subtechniques."
7,"Extract all MITRE Enterprise attack patterns from the following text and map them to their corresponding MITRE technique IDs. Provide reasoning for each identification. Ensure the final line contains only the IDs for the main techniques, separated by commas, excluding any subtechnique IDs. MITRE Enterprise IDs are given below as reference.  **Text:** ADVSTORESHELL is a spying backdoor associated with APT28, active from at least 2012 to 2016. It is typically used for long-term espionage on targets identified as valuable after an initial reconnaissance phase. ADVSTORESHELL communicates with its command and control (C2) server via port 80 using the Wininet API, exchanging data through HTTP POST requests. Before exfiltration, the backdoor encrypts data using the 3DES algorithm with a hardcoded key. Persistence is achieved by adding itself to the HKCU\SOFTWARE\Microsoft\Windows\CurrentVersion\Run Registry key. ADVSTORESHELL can create a remote shell and execute specified commands, with command execution output stored in a .dat file in the %TEMP% directory. Its C2 traffic is encrypted and then encoded with Base64. Some variants of ADVSTORESHELL also use 3DES encryption for C2 communications.  **List of All MITRE Enterprise technique IDs** ID    : Name T1548 : Abuse Elevation Control Mechanism T1134 : Access Token Manipulation T1531 : Account Access Removal T1087 : Account Discovery T1098 : Account Manipulation T1650 : Acquire Access T1583 : Acquire Infrastructure T1595 : Active Scanning T1557 : Adversary-in-the-Middle T1071 : Application Layer Protocol T1010 : Application Window Discovery T1560 : Archive Collected Data T1123 : Audio Capture T1119 : Automated Collection T1020 : Automated Exfiltration T1197 : BITS Jobs T1547 : Boot or Logon Autostart Execution T1037 : Boot or Logon Initialization Scripts T1176 : Browser Extensions T1217 : Browser Information Discovery T1185 : Browser Session Hijacking T1110 : Brute Force T1612 : Build Image on Host T1115 : Clipboard Data T1651 : Cloud Administration Command T1580 : Cloud Infrastructure Discovery T1538 : Cloud Service Dashboard T1526 : Cloud Service Discovery T1619 : Cloud Storage Object Discovery T1059 : Command and Scripting Interpreter T1092 : Communication Through Removable Media T1586 : Compromise Accounts T1554 : Compromise Host Software Binary T1584 : Compromise Infrastructure T1609 : Container Administration Command T1613 : Container and Resource Discovery T1659 : Content Injection T1136 : Create Account T1543 : Create or Modify System Process T1555 : Credentials from Password Stores T1485 : Data Destruction T1132 : Data Encoding T1486 : Data Encrypted for Impact T1530 : Data from Cloud Storage T1602 : Data from Configuration Repository T1213 : Data from Information Repositories T1005 : Data from Local System T1039 : Data from Network Shared Drive T1025 : Data from Removable Media T1565 : Data Manipulation T1001 : Data Obfuscation T1074 : Data Staged T1030 : Data Transfer Size Limits T1622 : Debugger Evasion T1491 : Defacement T1140 : Deobfuscate/Decode Files or Information T1610 : Deploy Container T1587 : Develop Capabilities T1652 : Device Driver Discovery T1006 : Direct Volume Access T1561 : Disk Wipe T1484 : Domain or Tenant Policy Modification T1482 : Domain Trust Discovery T1189 : Drive-by Compromise T1568 : Dynamic Resolution T1114 : Email Collection T1573 : Encrypted Channel T1499 : Endpoint Denial of Service T1611 : Escape to Host T1585 : Establish Accounts T1546 : Event Triggered Execution T1480 : Execution Guardrails T1048 : Exfiltration Over Alternative Protocol T1041 : Exfiltration Over C2 Channel T1011 : Exfiltration Over Other Network Medium T1052 : Exfiltration Over Physical Medium T1567 : Exfiltration Over Web Service T1190 : Exploit Public-Facing Application T1203 : Exploitation for Client Execution T1212 : Exploitation for Credential Access T1211 : Exploitation for Defense Evasion T1068 : Exploitation for Privilege Escalation T1210 : Exploitation of Remote Services T1133 : External Remote Services T1008 : Fallback Channels T1083 : File and Directory Discovery T1222 : File and Directory Permissions Modification T1657 : Financial Theft T1495 : Firmware Corruption T1187 : Forced Authentication T1606 : Forge Web Credentials T1592 : Gather Victim Host Information T1589 : Gather Victim Identity Information T1590 : Gather Victim Network Information T1591 : Gather Victim Org Information T1615 : Group Policy Discovery T1200 : Hardware Additions T1564 : Hide Artifacts T1665 : Hide Infrastructure T1574 : Hijack Execution Flow T1562 : Impair Defenses T1656 : Impersonation T1525 : Implant Internal Image T1070 : Indicator Removal T1202 : Indirect Command Execution T1105 : Ingress Tool Transfer T1490 : Inhibit System Recovery T1056 : Input Capture T1559 : Inter-Process Communication T1534 : Internal Spearphishing T1570 : Lateral Tool Transfer T1654 : Log Enumeration T1036 : Masquerading T1556 : Modify Authentication Process T1578 : Modify Cloud Compute Infrastructure T1112 : Modify Registry T1601 : Modify System Image T1111 : Multi-Factor Authentication Interception T1621 : Multi-Factor Authentication Request Generation T1104 : Multi-Stage Channels T1106 : Native API T1599 : Network Boundary Bridging T1498 : Network Denial of Service T1046 : Network Service Discovery T1135 : Network Share Discovery T1040 : Network Sniffing T1095 : Non-Application Layer Protocol T1571 : Non-Standard Port T1027 : Obfuscated Files or Information T1588 : Obtain Capabilities T1137 : Office Application Startup T1003 : OS Credential Dumping T1201 : Password Policy Discovery T1120 : Peripheral Device Discovery T1069 : Permission Groups Discovery T1566 : Phishing T1598 : Phishing for Information T1647 : Plist File Modification T1653 : Power Settings T1542 : Pre-OS Boot T1057 : Process Discovery T1055 : Process Injection T1572 : Protocol Tunneling T1090 : Proxy T1012 : Query Registry T1620 : Reflective Code Loading T1219 : Remote Access Software T1563 : Remote Service Session Hijacking T1021 : Remote Services T1018 : Remote System Discovery T1091 : Replication Through Removable Media T1496 : Resource Hijacking T1207 : Rogue Domain Controller T1014 : Rootkit T1053 : Scheduled Task/Job T1029 : Scheduled Transfer T1113 : Screen Capture T1597 : Search Closed Sources T1596 : Search Open Technical Databases T1593 : Search Open Websites/Domains T1594 : Search Victim-Owned Websites T1505 : Server Software Component T1648 : Serverless Execution T1489 : Service Stop T1129 : Shared Modules T1072 : Software Deployment Tools T1518 : Software Discovery T1608 : Stage Capabilities T1528 : Steal Application Access Token T1649 : Steal or Forge Authentication Certificates T1558 : Steal or Forge Kerberos Tickets T1539 : Steal Web Session Cookie T1553 : Subvert Trust Controls T1195 : Supply Chain Compromise T1218 : System Binary Proxy Execution T1082 : System Information Discovery T1614 : System Location Discovery T1016 : System Network Configuration Discovery T1049 : System Network Connections Discovery T1033 : System Owner/User Discovery T1216 : System Script Proxy Execution T1007 : System Service Discovery T1569 : System Services T1529 : System Shutdown/Reboot T1124 : System Time Discovery T1080 : Taint Shared Content T1221 : Template Injection T1205 : Traffic Signaling T1537 : Transfer Data to Cloud Account T1127 : Trusted Developer Utilities Proxy Execution T1199 : Trusted Relationship T1552 : Unsecured Credentials T1535 : Unused/Unsupported Cloud Regions T1550 : Use Alternate Authentication Material T1204 : User Execution T1078 : Valid Accounts T1125 : Video Capture T1497 : Virtualization/Sandbox Evasion T1600 : Weaken Encryption T1102 : Web Service T1047 : Windows Management Instrumentation T1220 : XSL Script Processing     ","T1071, T1560, T1547, T1059, T1132, T1074, T1573","After analyzing the provided text, I identified the following MITRE Enterprise attack patterns:

1. **T1548: Abuse Elevation Control Mechanism**: ADVSTORESHELL adds itself to the HKCU\SOFTWARE\Microsoft\Windows\CurrentVersion\Run Registry key for persistence.
2. **T1534: Internal Spearphishing**: The backdoor is typically used for long-term espionage on targets identified as valuable after an initial reconnaissance phase, indicating internal spearphishing tactics.
3. **T1059: Command and Scripting Interpreter**: ADVSTORESHELL can create a remote shell and execute specified commands.
4. **T1546: Event Triggered Execution**: The backdoor's C2 traffic is encrypted and then encoded with Base64, suggesting event-triggered execution.

The main techniques involved are:

T1548, T1534, T1059, T1546

Note that these IDs do not include subtechnique IDs."
8,"Extract all MITRE Enterprise attack patterns from the following text and map them to their corresponding MITRE technique IDs. Provide reasoning for each identification. Ensure the final line contains only the IDs for the main techniques, separated by commas, excluding any subtechnique IDs. MITRE Enterprise IDs are given below as reference.  **Text:** Agent Smith is mobile malware that generates financial profit by replacing legitimate apps on infected devices with malicious versions that contain fraudulent ads. By July 2019, Agent Smith had infected approximately 25 million devices, primarily targeting users in India, but also impacting other Asian countries, Saudi Arabia, the United Kingdom, and the United States. Agent Smith can inject fraudulent ad modules into existing applications on a device and exploits known OS vulnerabilities, such as Janus, to replace legitimate apps with malicious versions. The malware is designed to display fraudulent ads to generate revenue. It can also hide its icon from the application launcher and delete update packages of infected apps to prevent them from being updated. The malware can impersonate any popular application on an infected device, with its core component disguising itself as a legitimate Google app. The dropper used to deliver Agent Smith is a weaponized version of a legitimate Feng Shui Bundle. Additionally, the core malware is disguised as a JPG file and encrypted with an XOR cipher.  **List of All MITRE Enterprise technique IDs** ID    : Name T1548 : Abuse Elevation Control Mechanism T1134 : Access Token Manipulation T1531 : Account Access Removal T1087 : Account Discovery T1098 : Account Manipulation T1650 : Acquire Access T1583 : Acquire Infrastructure T1595 : Active Scanning T1557 : Adversary-in-the-Middle T1071 : Application Layer Protocol T1010 : Application Window Discovery T1560 : Archive Collected Data T1123 : Audio Capture T1119 : Automated Collection T1020 : Automated Exfiltration T1197 : BITS Jobs T1547 : Boot or Logon Autostart Execution T1037 : Boot or Logon Initialization Scripts T1176 : Browser Extensions T1217 : Browser Information Discovery T1185 : Browser Session Hijacking T1110 : Brute Force T1612 : Build Image on Host T1115 : Clipboard Data T1651 : Cloud Administration Command T1580 : Cloud Infrastructure Discovery T1538 : Cloud Service Dashboard T1526 : Cloud Service Discovery T1619 : Cloud Storage Object Discovery T1059 : Command and Scripting Interpreter T1092 : Communication Through Removable Media T1586 : Compromise Accounts T1554 : Compromise Host Software Binary T1584 : Compromise Infrastructure T1609 : Container Administration Command T1613 : Container and Resource Discovery T1659 : Content Injection T1136 : Create Account T1543 : Create or Modify System Process T1555 : Credentials from Password Stores T1485 : Data Destruction T1132 : Data Encoding T1486 : Data Encrypted for Impact T1530 : Data from Cloud Storage T1602 : Data from Configuration Repository T1213 : Data from Information Repositories T1005 : Data from Local System T1039 : Data from Network Shared Drive T1025 : Data from Removable Media T1565 : Data Manipulation T1001 : Data Obfuscation T1074 : Data Staged T1030 : Data Transfer Size Limits T1622 : Debugger Evasion T1491 : Defacement T1140 : Deobfuscate/Decode Files or Information T1610 : Deploy Container T1587 : Develop Capabilities T1652 : Device Driver Discovery T1006 : Direct Volume Access T1561 : Disk Wipe T1484 : Domain or Tenant Policy Modification T1482 : Domain Trust Discovery T1189 : Drive-by Compromise T1568 : Dynamic Resolution T1114 : Email Collection T1573 : Encrypted Channel T1499 : Endpoint Denial of Service T1611 : Escape to Host T1585 : Establish Accounts T1546 : Event Triggered Execution T1480 : Execution Guardrails T1048 : Exfiltration Over Alternative Protocol T1041 : Exfiltration Over C2 Channel T1011 : Exfiltration Over Other Network Medium T1052 : Exfiltration Over Physical Medium T1567 : Exfiltration Over Web Service T1190 : Exploit Public-Facing Application T1203 : Exploitation for Client Execution T1212 : Exploitation for Credential Access T1211 : Exploitation for Defense Evasion T1068 : Exploitation for Privilege Escalation T1210 : Exploitation of Remote Services T1133 : External Remote Services T1008 : Fallback Channels T1083 : File and Directory Discovery T1222 : File and Directory Permissions Modification T1657 : Financial Theft T1495 : Firmware Corruption T1187 : Forced Authentication T1606 : Forge Web Credentials T1592 : Gather Victim Host Information T1589 : Gather Victim Identity Information T1590 : Gather Victim Network Information T1591 : Gather Victim Org Information T1615 : Group Policy Discovery T1200 : Hardware Additions T1564 : Hide Artifacts T1665 : Hide Infrastructure T1574 : Hijack Execution Flow T1562 : Impair Defenses T1656 : Impersonation T1525 : Implant Internal Image T1070 : Indicator Removal T1202 : Indirect Command Execution T1105 : Ingress Tool Transfer T1490 : Inhibit System Recovery T1056 : Input Capture T1559 : Inter-Process Communication T1534 : Internal Spearphishing T1570 : Lateral Tool Transfer T1654 : Log Enumeration T1036 : Masquerading T1556 : Modify Authentication Process T1578 : Modify Cloud Compute Infrastructure T1112 : Modify Registry T1601 : Modify System Image T1111 : Multi-Factor Authentication Interception T1621 : Multi-Factor Authentication Request Generation T1104 : Multi-Stage Channels T1106 : Native API T1599 : Network Boundary Bridging T1498 : Network Denial of Service T1046 : Network Service Discovery T1135 : Network Share Discovery T1040 : Network Sniffing T1095 : Non-Application Layer Protocol T1571 : Non-Standard Port T1027 : Obfuscated Files or Information T1588 : Obtain Capabilities T1137 : Office Application Startup T1003 : OS Credential Dumping T1201 : Password Policy Discovery T1120 : Peripheral Device Discovery T1069 : Permission Groups Discovery T1566 : Phishing T1598 : Phishing for Information T1647 : Plist File Modification T1653 : Power Settings T1542 : Pre-OS Boot T1057 : Process Discovery T1055 : Process Injection T1572 : Protocol Tunneling T1090 : Proxy T1012 : Query Registry T1620 : Reflective Code Loading T1219 : Remote Access Software T1563 : Remote Service Session Hijacking T1021 : Remote Services T1018 : Remote System Discovery T1091 : Replication Through Removable Media T1496 : Resource Hijacking T1207 : Rogue Domain Controller T1014 : Rootkit T1053 : Scheduled Task/Job T1029 : Scheduled Transfer T1113 : Screen Capture T1597 : Search Closed Sources T1596 : Search Open Technical Databases T1593 : Search Open Websites/Domains T1594 : Search Victim-Owned Websites T1505 : Server Software Component T1648 : Serverless Execution T1489 : Service Stop T1129 : Shared Modules T1072 : Software Deployment Tools T1518 : Software Discovery T1608 : Stage Capabilities T1528 : Steal Application Access Token T1649 : Steal or Forge Authentication Certificates T1558 : Steal or Forge Kerberos Tickets T1539 : Steal Web Session Cookie T1553 : Subvert Trust Controls T1195 : Supply Chain Compromise T1218 : System Binary Proxy Execution T1082 : System Information Discovery T1614 : System Location Discovery T1016 : System Network Configuration Discovery T1049 : System Network Connections Discovery T1033 : System Owner/User Discovery T1216 : System Script Proxy Execution T1007 : System Service Discovery T1569 : System Services T1529 : System Shutdown/Reboot T1124 : System Time Discovery T1080 : Taint Shared Content T1221 : Template Injection T1205 : Traffic Signaling T1537 : Transfer Data to Cloud Account T1127 : Trusted Developer Utilities Proxy Execution T1199 : Trusted Relationship T1552 : Unsecured Credentials T1535 : Unused/Unsupported Cloud Regions T1550 : Use Alternate Authentication Material T1204 : User Execution T1078 : Valid Accounts T1125 : Video Capture T1497 : Virtualization/Sandbox Evasion T1600 : Weaken Encryption T1102 : Web Service T1047 : Windows Management Instrumentation T1220 : XSL Script Processing     ","T1577, T1404, T1643, T1628, T1630, T1655, T1406","After analyzing the text, I identified the following MITRE Enterprise attack patterns:

1. **T1005: Data from Local System**: Agent Smith can inject fraudulent ad modules into existing applications on a device.
2. **T1559: Inter-Process Communication**: The malware uses inter-process communication to replace legitimate apps with malicious versions.
3. **T1548: Abuse Elevation Control Mechanism**: Agent Smith exploits known OS vulnerabilities, such as Janus, to elevate its privileges.
4. **T1136: Create Account**: The malware can create new accounts on the infected device.
5. **T1530: Data from Cloud Storage**: Agent Smith can access and manipulate data stored in cloud services.

Main techniques:

T1005, T1559, T1548, T1136, T1530"
9,"Extract all MITRE Enterprise attack patterns from the following text and map them to their corresponding MITRE technique IDs. Provide reasoning for each identification. Ensure the final line contains only the IDs for the main techniques, separated by commas, excluding any subtechnique IDs. MITRE Enterprise IDs are given below as reference.  **Text:** Agent Tesla is a spyware Trojan built on the .NET framework, active since at least 2014. It is capable of collecting account information from the victim’s machine and has been observed using HTTP for command and control (C2) communications. Agent Tesla can encrypt data using the 3DES algorithm before transmitting it to a C2 server. To establish persistence, it adds itself to the system Registry as a startup program. The Trojan can perform form-grabbing to capture data from web forms and is also capable of stealing data from the victim’s clipboard. Additionally, Agent Tesla can extract credentials from FTP clients and wireless profiles. It has the ability to decrypt strings that have been encrypted using the Rijndael symmetric encryption algorithm.  **List of All MITRE Enterprise technique IDs** ID    : Name T1548 : Abuse Elevation Control Mechanism T1134 : Access Token Manipulation T1531 : Account Access Removal T1087 : Account Discovery T1098 : Account Manipulation T1650 : Acquire Access T1583 : Acquire Infrastructure T1595 : Active Scanning T1557 : Adversary-in-the-Middle T1071 : Application Layer Protocol T1010 : Application Window Discovery T1560 : Archive Collected Data T1123 : Audio Capture T1119 : Automated Collection T1020 : Automated Exfiltration T1197 : BITS Jobs T1547 : Boot or Logon Autostart Execution T1037 : Boot or Logon Initialization Scripts T1176 : Browser Extensions T1217 : Browser Information Discovery T1185 : Browser Session Hijacking T1110 : Brute Force T1612 : Build Image on Host T1115 : Clipboard Data T1651 : Cloud Administration Command T1580 : Cloud Infrastructure Discovery T1538 : Cloud Service Dashboard T1526 : Cloud Service Discovery T1619 : Cloud Storage Object Discovery T1059 : Command and Scripting Interpreter T1092 : Communication Through Removable Media T1586 : Compromise Accounts T1554 : Compromise Host Software Binary T1584 : Compromise Infrastructure T1609 : Container Administration Command T1613 : Container and Resource Discovery T1659 : Content Injection T1136 : Create Account T1543 : Create or Modify System Process T1555 : Credentials from Password Stores T1485 : Data Destruction T1132 : Data Encoding T1486 : Data Encrypted for Impact T1530 : Data from Cloud Storage T1602 : Data from Configuration Repository T1213 : Data from Information Repositories T1005 : Data from Local System T1039 : Data from Network Shared Drive T1025 : Data from Removable Media T1565 : Data Manipulation T1001 : Data Obfuscation T1074 : Data Staged T1030 : Data Transfer Size Limits T1622 : Debugger Evasion T1491 : Defacement T1140 : Deobfuscate/Decode Files or Information T1610 : Deploy Container T1587 : Develop Capabilities T1652 : Device Driver Discovery T1006 : Direct Volume Access T1561 : Disk Wipe T1484 : Domain or Tenant Policy Modification T1482 : Domain Trust Discovery T1189 : Drive-by Compromise T1568 : Dynamic Resolution T1114 : Email Collection T1573 : Encrypted Channel T1499 : Endpoint Denial of Service T1611 : Escape to Host T1585 : Establish Accounts T1546 : Event Triggered Execution T1480 : Execution Guardrails T1048 : Exfiltration Over Alternative Protocol T1041 : Exfiltration Over C2 Channel T1011 : Exfiltration Over Other Network Medium T1052 : Exfiltration Over Physical Medium T1567 : Exfiltration Over Web Service T1190 : Exploit Public-Facing Application T1203 : Exploitation for Client Execution T1212 : Exploitation for Credential Access T1211 : Exploitation for Defense Evasion T1068 : Exploitation for Privilege Escalation T1210 : Exploitation of Remote Services T1133 : External Remote Services T1008 : Fallback Channels T1083 : File and Directory Discovery T1222 : File and Directory Permissions Modification T1657 : Financial Theft T1495 : Firmware Corruption T1187 : Forced Authentication T1606 : Forge Web Credentials T1592 : Gather Victim Host Information T1589 : Gather Victim Identity Information T1590 : Gather Victim Network Information T1591 : Gather Victim Org Information T1615 : Group Policy Discovery T1200 : Hardware Additions T1564 : Hide Artifacts T1665 : Hide Infrastructure T1574 : Hijack Execution Flow T1562 : Impair Defenses T1656 : Impersonation T1525 : Implant Internal Image T1070 : Indicator Removal T1202 : Indirect Command Execution T1105 : Ingress Tool Transfer T1490 : Inhibit System Recovery T1056 : Input Capture T1559 : Inter-Process Communication T1534 : Internal Spearphishing T1570 : Lateral Tool Transfer T1654 : Log Enumeration T1036 : Masquerading T1556 : Modify Authentication Process T1578 : Modify Cloud Compute Infrastructure T1112 : Modify Registry T1601 : Modify System Image T1111 : Multi-Factor Authentication Interception T1621 : Multi-Factor Authentication Request Generation T1104 : Multi-Stage Channels T1106 : Native API T1599 : Network Boundary Bridging T1498 : Network Denial of Service T1046 : Network Service Discovery T1135 : Network Share Discovery T1040 : Network Sniffing T1095 : Non-Application Layer Protocol T1571 : Non-Standard Port T1027 : Obfuscated Files or Information T1588 : Obtain Capabilities T1137 : Office Application Startup T1003 : OS Credential Dumping T1201 : Password Policy Discovery T1120 : Peripheral Device Discovery T1069 : Permission Groups Discovery T1566 : Phishing T1598 : Phishing for Information T1647 : Plist File Modification T1653 : Power Settings T1542 : Pre-OS Boot T1057 : Process Discovery T1055 : Process Injection T1572 : Protocol Tunneling T1090 : Proxy T1012 : Query Registry T1620 : Reflective Code Loading T1219 : Remote Access Software T1563 : Remote Service Session Hijacking T1021 : Remote Services T1018 : Remote System Discovery T1091 : Replication Through Removable Media T1496 : Resource Hijacking T1207 : Rogue Domain Controller T1014 : Rootkit T1053 : Scheduled Task/Job T1029 : Scheduled Transfer T1113 : Screen Capture T1597 : Search Closed Sources T1596 : Search Open Technical Databases T1593 : Search Open Websites/Domains T1594 : Search Victim-Owned Websites T1505 : Server Software Component T1648 : Serverless Execution T1489 : Service Stop T1129 : Shared Modules T1072 : Software Deployment Tools T1518 : Software Discovery T1608 : Stage Capabilities T1528 : Steal Application Access Token T1649 : Steal or Forge Authentication Certificates T1558 : Steal or Forge Kerberos Tickets T1539 : Steal Web Session Cookie T1553 : Subvert Trust Controls T1195 : Supply Chain Compromise T1218 : System Binary Proxy Execution T1082 : System Information Discovery T1614 : System Location Discovery T1016 : System Network Configuration Discovery T1049 : System Network Connections Discovery T1033 : System Owner/User Discovery T1216 : System Script Proxy Execution T1007 : System Service Discovery T1569 : System Services T1529 : System Shutdown/Reboot T1124 : System Time Discovery T1080 : Taint Shared Content T1221 : Template Injection T1205 : Traffic Signaling T1537 : Transfer Data to Cloud Account T1127 : Trusted Developer Utilities Proxy Execution T1199 : Trusted Relationship T1552 : Unsecured Credentials T1535 : Unused/Unsupported Cloud Regions T1550 : Use Alternate Authentication Material T1204 : User Execution T1078 : Valid Accounts T1125 : Video Capture T1497 : Virtualization/Sandbox Evasion T1600 : Weaken Encryption T1102 : Web Service T1047 : Windows Management Instrumentation T1220 : XSL Script Processing     ","T1087, T1071, T1560, T1547, T1185, T1115, T1555, T1140","Based on the text, I identified the following MITRE Enterprise attack patterns:

1. **T1005: Data from Local System**: Agent Tesla can collect account information from the victim's machine.
2. **T1083: File and Directory Discovery**: The Trojan can perform form-grabbing to capture data from web forms.
3. **T1554: Compromise Host Software Binary**: Agent Tesla can encrypt data using the 3DES algorithm before transmitting it to a C2 server.
4. **T1036: Masquerading**: The Trojan adds itself to the system Registry as a startup program, establishing persistence.
5. **T1029: Scheduled Transfer**: Agent Tesla can steal data from the victim's clipboard.

Here are the main technique IDs in a comma-separated list:

T1005, T1083, T1554, T1036, T1029"
10,"Extract all MITRE Enterprise attack patterns from the following text and map them to their corresponding MITRE technique IDs. Provide reasoning for each identification. Ensure the final line contains only the IDs for the main techniques, separated by commas, excluding any subtechnique IDs. MITRE Enterprise IDs are given below as reference.  **Text:** Agent.btz is a worm known for spreading primarily through removable devices like USB drives. It gained notoriety for infecting U.S. military networks in 2008. The worm gathers system information and saves it in an XML file, which is then XOR-encoded for obfuscation. On any connected USB flash drive, Agent.btz creates a file named ""thumb.dd"" that contains details about the infected system and activity logs. The worm also attempts to download an encrypted binary from a specified domain. To propagate itself, Agent.btz drops a copy of itself onto removable media and creates an autorun.inf file that instructs the system to execute the malware when the device is inserted into another computer. Additionally, Agent.btz collects network-related information, including the IP and MAC addresses of the network adapter, as well as IP addresses for the default gateway, WINS, DHCP, and DNS servers, and saves this data into a log file. The worm also records the victim's username and stores it in a separate file.  **List of All MITRE Enterprise technique IDs** ID    : Name T1548 : Abuse Elevation Control Mechanism T1134 : Access Token Manipulation T1531 : Account Access Removal T1087 : Account Discovery T1098 : Account Manipulation T1650 : Acquire Access T1583 : Acquire Infrastructure T1595 : Active Scanning T1557 : Adversary-in-the-Middle T1071 : Application Layer Protocol T1010 : Application Window Discovery T1560 : Archive Collected Data T1123 : Audio Capture T1119 : Automated Collection T1020 : Automated Exfiltration T1197 : BITS Jobs T1547 : Boot or Logon Autostart Execution T1037 : Boot or Logon Initialization Scripts T1176 : Browser Extensions T1217 : Browser Information Discovery T1185 : Browser Session Hijacking T1110 : Brute Force T1612 : Build Image on Host T1115 : Clipboard Data T1651 : Cloud Administration Command T1580 : Cloud Infrastructure Discovery T1538 : Cloud Service Dashboard T1526 : Cloud Service Discovery T1619 : Cloud Storage Object Discovery T1059 : Command and Scripting Interpreter T1092 : Communication Through Removable Media T1586 : Compromise Accounts T1554 : Compromise Host Software Binary T1584 : Compromise Infrastructure T1609 : Container Administration Command T1613 : Container and Resource Discovery T1659 : Content Injection T1136 : Create Account T1543 : Create or Modify System Process T1555 : Credentials from Password Stores T1485 : Data Destruction T1132 : Data Encoding T1486 : Data Encrypted for Impact T1530 : Data from Cloud Storage T1602 : Data from Configuration Repository T1213 : Data from Information Repositories T1005 : Data from Local System T1039 : Data from Network Shared Drive T1025 : Data from Removable Media T1565 : Data Manipulation T1001 : Data Obfuscation T1074 : Data Staged T1030 : Data Transfer Size Limits T1622 : Debugger Evasion T1491 : Defacement T1140 : Deobfuscate/Decode Files or Information T1610 : Deploy Container T1587 : Develop Capabilities T1652 : Device Driver Discovery T1006 : Direct Volume Access T1561 : Disk Wipe T1484 : Domain or Tenant Policy Modification T1482 : Domain Trust Discovery T1189 : Drive-by Compromise T1568 : Dynamic Resolution T1114 : Email Collection T1573 : Encrypted Channel T1499 : Endpoint Denial of Service T1611 : Escape to Host T1585 : Establish Accounts T1546 : Event Triggered Execution T1480 : Execution Guardrails T1048 : Exfiltration Over Alternative Protocol T1041 : Exfiltration Over C2 Channel T1011 : Exfiltration Over Other Network Medium T1052 : Exfiltration Over Physical Medium T1567 : Exfiltration Over Web Service T1190 : Exploit Public-Facing Application T1203 : Exploitation for Client Execution T1212 : Exploitation for Credential Access T1211 : Exploitation for Defense Evasion T1068 : Exploitation for Privilege Escalation T1210 : Exploitation of Remote Services T1133 : External Remote Services T1008 : Fallback Channels T1083 : File and Directory Discovery T1222 : File and Directory Permissions Modification T1657 : Financial Theft T1495 : Firmware Corruption T1187 : Forced Authentication T1606 : Forge Web Credentials T1592 : Gather Victim Host Information T1589 : Gather Victim Identity Information T1590 : Gather Victim Network Information T1591 : Gather Victim Org Information T1615 : Group Policy Discovery T1200 : Hardware Additions T1564 : Hide Artifacts T1665 : Hide Infrastructure T1574 : Hijack Execution Flow T1562 : Impair Defenses T1656 : Impersonation T1525 : Implant Internal Image T1070 : Indicator Removal T1202 : Indirect Command Execution T1105 : Ingress Tool Transfer T1490 : Inhibit System Recovery T1056 : Input Capture T1559 : Inter-Process Communication T1534 : Internal Spearphishing T1570 : Lateral Tool Transfer T1654 : Log Enumeration T1036 : Masquerading T1556 : Modify Authentication Process T1578 : Modify Cloud Compute Infrastructure T1112 : Modify Registry T1601 : Modify System Image T1111 : Multi-Factor Authentication Interception T1621 : Multi-Factor Authentication Request Generation T1104 : Multi-Stage Channels T1106 : Native API T1599 : Network Boundary Bridging T1498 : Network Denial of Service T1046 : Network Service Discovery T1135 : Network Share Discovery T1040 : Network Sniffing T1095 : Non-Application Layer Protocol T1571 : Non-Standard Port T1027 : Obfuscated Files or Information T1588 : Obtain Capabilities T1137 : Office Application Startup T1003 : OS Credential Dumping T1201 : Password Policy Discovery T1120 : Peripheral Device Discovery T1069 : Permission Groups Discovery T1566 : Phishing T1598 : Phishing for Information T1647 : Plist File Modification T1653 : Power Settings T1542 : Pre-OS Boot T1057 : Process Discovery T1055 : Process Injection T1572 : Protocol Tunneling T1090 : Proxy T1012 : Query Registry T1620 : Reflective Code Loading T1219 : Remote Access Software T1563 : Remote Service Session Hijacking T1021 : Remote Services T1018 : Remote System Discovery T1091 : Replication Through Removable Media T1496 : Resource Hijacking T1207 : Rogue Domain Controller T1014 : Rootkit T1053 : Scheduled Task/Job T1029 : Scheduled Transfer T1113 : Screen Capture T1597 : Search Closed Sources T1596 : Search Open Technical Databases T1593 : Search Open Websites/Domains T1594 : Search Victim-Owned Websites T1505 : Server Software Component T1648 : Serverless Execution T1489 : Service Stop T1129 : Shared Modules T1072 : Software Deployment Tools T1518 : Software Discovery T1608 : Stage Capabilities T1528 : Steal Application Access Token T1649 : Steal or Forge Authentication Certificates T1558 : Steal or Forge Kerberos Tickets T1539 : Steal Web Session Cookie T1553 : Subvert Trust Controls T1195 : Supply Chain Compromise T1218 : System Binary Proxy Execution T1082 : System Information Discovery T1614 : System Location Discovery T1016 : System Network Configuration Discovery T1049 : System Network Connections Discovery T1033 : System Owner/User Discovery T1216 : System Script Proxy Execution T1007 : System Service Discovery T1569 : System Services T1529 : System Shutdown/Reboot T1124 : System Time Discovery T1080 : Taint Shared Content T1221 : Template Injection T1205 : Traffic Signaling T1537 : Transfer Data to Cloud Account T1127 : Trusted Developer Utilities Proxy Execution T1199 : Trusted Relationship T1552 : Unsecured Credentials T1535 : Unused/Unsupported Cloud Regions T1550 : Use Alternate Authentication Material T1204 : User Execution T1078 : Valid Accounts T1125 : Video Capture T1497 : Virtualization/Sandbox Evasion T1600 : Weaken Encryption T1102 : Web Service T1047 : Windows Management Instrumentation T1220 : XSL Script Processing     ","T1560, T1052, T1105, T1091, T1016, T1033","After analyzing the text, I extracted the following MITRE Enterprise attack patterns:

1. **T1095: Non-Application Layer Protocol**: Agent.btz spreads through removable devices like USB drives.
2. **T1543: Create or Modify System Process**: The worm creates a file named ""thumb.dd"" that contains details about the infected system and activity logs.
3. **T1534: Internal Spearphishing**: The worm attempts to download an encrypted binary from a specified domain.
4. **T1555: Credentials from Password Stores**: Agent.btz collects network-related information, including IP and MAC addresses of the network adapter, as well as IP addresses for the default gateway, WINS, DHCP, and DNS servers, and saves this data into a log file.

The main techniques identified are:

T1095, T1543, T1534, T1555

Note that these IDs correspond to specific MITRE Enterprise attack patterns."
11,"Extract all MITRE Mobile attack patterns from the following text and map them to their corresponding MITRE technique IDs. Provide reasoning for each identification. Ensure the final line contains only the IDs for the main techniques, separated by commas, excluding any subtechnique IDs. MITRE Mobile IDs are given below as reference.  **Text:** AhRat is an Android remote access tool (RAT) derived from the open-source AhMyth RAT. It began spreading in August 2022 through an update to the previously benign app ""iRecorder – Screen Recorder,"" which was originally released on the Google Play Store in September 2021. AhRat is capable of communicating with its command and control (C2) server via HTTPS requests. It can record audio using the device’s microphone and register with the BOOT_COMPLETED broadcast to start automatically when the device is powered on. AhRat can search for and exfiltrate files with specific extensions, such as .jpg, .mp4, .html, .docx, and .pdf, as well as enumerate files stored on external storage. Additionally, it can register with the CONNECTIVITY_CHANGE and WIFI_STATE_CHANGED broadcast events to trigger further functionality. The malware can also track the device's location and exfiltrate collected data, including audio recordings and files, to the C2 server.  **List of All MITRE Mobile technique IDs** ID    : Name T1626 : Abuse Elevation Control Mechanism T1517 : Access Notifications T1640 : Account Access Removal T1638 : Adversary-in-the-Middle T1437 : Application Layer Protocol T1661 : Application Versioning T1532 : Archive Collected Data T1429 : Audio Capture T1398 : Boot or Logon Initialization Scripts T1616 : Call Control T1414 : Clipboard Data T1623 : Command and Scripting Interpreter T1577 : Compromise Application Executable T1645 : Compromise Client Software Binary T1634 : Credentials from Password Store T1662 : Data Destruction T1471 : Data Encrypted for Impact T1533 : Data from Local System T1641 : Data Manipulation T1407 : Download New Code at Runtime T1456 : Drive-By Compromise T1637 : Dynamic Resolution T1521 : Encrypted Channel T1642 : Endpoint Denial of Service T1624 : Event Triggered Execution T1627 : Execution Guardrails T1639 : Exfiltration Over Alternative Protocol T1646 : Exfiltration Over C2 Channel T1658 : Exploitation for Client Execution T1664 : Exploitation for Initial Access T1404 : Exploitation for Privilege Escalation T1428 : Exploitation of Remote Services T1420 : File and Directory Discovery T1541 : Foreground Persistence T1643 : Generate Traffic from Victim T1628 : Hide Artifacts T1625 : Hijack Execution Flow T1617 : Hooking T1629 : Impair Defenses T1630 : Indicator Removal on Host T1544 : Ingress Tool Transfer T1417 : Input Capture T1516 : Input Injection T1430 : Location Tracking T1461 : Lockscreen Bypass T1655 : Masquerading T1575 : Native API T1464 : Network Denial of Service T1423 : Network Service Scanning T1509 : Non-Standard Port T1406 : Obfuscated Files or Information T1644 : Out of Band Data T1660 : Phishing T1424 : Process Discovery T1631 : Process Injection T1636 : Protected User Data T1604 : Proxy Through Victim T1663 : Remote Access Software T1458 : Replication Through Removable Media T1603 : Scheduled Task/Job T1513 : Screen Capture T1582 : SMS Control T1418 : Software Discovery T1635 : Steal Application Access Token T1409 : Stored Application Data T1632 : Subvert Trust Controls T1474 : Supply Chain Compromise T1426 : System Information Discovery T1422 : System Network Configuration Discovery T1421 : System Network Connections Discovery T1512 : Video Capture T1633 : Virtualization/Sandbox Evasion T1481 : Web Service     ","T1437, T1429, T1398, T1533, T1521, T1624, T1646, T1420, T1430","After analyzing the text, I identified the following MITRE Mobile attack patterns and mapped them to their corresponding technique IDs:

* AhRat can record audio using the device's microphone (T1429: Audio Capture)
* It can register with the BOOT_COMPLETED broadcast to start automatically when the device is powered on (T1398: Boot or Logon Initialization Scripts)
* The malware can search for and exfiltrate files with specific extensions, such as .jpg, .mp4, .html, .docx, and .pdf, as well as enumerate files stored on external storage (T1420: File and Directory Discovery)
* It can register with the CONNECTIVITY_CHANGE and WIFI_STATE_CHANGED broadcast events to trigger further functionality (T1517: Access Notifications)
* The malware can track the device's location and exfiltrate collected data, including audio recordings and files, to the C2 server (T1474: Supply Chain Compromise)

Main techniques:

T1429, T1398, T1420, T1517"
12,"Extract all MITRE Mobile attack patterns from the following text and map them to their corresponding MITRE technique IDs. Provide reasoning for each identification. Ensure the final line contains only the IDs for the main techniques, separated by commas, excluding any subtechnique IDs. MITRE Mobile IDs are given below as reference.  **Text:** Allwinner is a company that provides processors for Android tablets and various other devices. A Linux kernel distributed by Allwinner for these devices reportedly contained a simple backdoor that could be exploited to gain root access. It is believed that this backdoor was unintentionally left in the kernel by its developers.  **List of All MITRE Mobile technique IDs** ID    : Name T1626 : Abuse Elevation Control Mechanism T1517 : Access Notifications T1640 : Account Access Removal T1638 : Adversary-in-the-Middle T1437 : Application Layer Protocol T1661 : Application Versioning T1532 : Archive Collected Data T1429 : Audio Capture T1398 : Boot or Logon Initialization Scripts T1616 : Call Control T1414 : Clipboard Data T1623 : Command and Scripting Interpreter T1577 : Compromise Application Executable T1645 : Compromise Client Software Binary T1634 : Credentials from Password Store T1662 : Data Destruction T1471 : Data Encrypted for Impact T1533 : Data from Local System T1641 : Data Manipulation T1407 : Download New Code at Runtime T1456 : Drive-By Compromise T1637 : Dynamic Resolution T1521 : Encrypted Channel T1642 : Endpoint Denial of Service T1624 : Event Triggered Execution T1627 : Execution Guardrails T1639 : Exfiltration Over Alternative Protocol T1646 : Exfiltration Over C2 Channel T1658 : Exploitation for Client Execution T1664 : Exploitation for Initial Access T1404 : Exploitation for Privilege Escalation T1428 : Exploitation of Remote Services T1420 : File and Directory Discovery T1541 : Foreground Persistence T1643 : Generate Traffic from Victim T1628 : Hide Artifacts T1625 : Hijack Execution Flow T1617 : Hooking T1629 : Impair Defenses T1630 : Indicator Removal on Host T1544 : Ingress Tool Transfer T1417 : Input Capture T1516 : Input Injection T1430 : Location Tracking T1461 : Lockscreen Bypass T1655 : Masquerading T1575 : Native API T1464 : Network Denial of Service T1423 : Network Service Scanning T1509 : Non-Standard Port T1406 : Obfuscated Files or Information T1644 : Out of Band Data T1660 : Phishing T1424 : Process Discovery T1631 : Process Injection T1636 : Protected User Data T1604 : Proxy Through Victim T1663 : Remote Access Software T1458 : Replication Through Removable Media T1603 : Scheduled Task/Job T1513 : Screen Capture T1582 : SMS Control T1418 : Software Discovery T1635 : Steal Application Access Token T1409 : Stored Application Data T1632 : Subvert Trust Controls T1474 : Supply Chain Compromise T1426 : System Information Discovery T1422 : System Network Configuration Discovery T1421 : System Network Connections Discovery T1512 : Video Capture T1633 : Virtualization/Sandbox Evasion T1481 : Web Service     ",T1474,"After analyzing the text, I did not find any MITRE Mobile attack patterns mentioned. The text appears to be discussing a vulnerability in a Linux kernel distributed by Allwinner, which could allow an attacker to gain root access. However, it does not contain specific examples of MITRE Mobile techniques.

Since there are no MITRE Mobile attack patterns mentioned in the text, the final line will be empty:

No IDs provided.

If you need help identifying potential MITRE Mobile techniques or would like me to extract information from a different text, please let me know!"
13,"Extract all MITRE Enterprise attack patterns from the following text and map them to their corresponding MITRE technique IDs. Provide reasoning for each identification. Ensure the final line contains only the IDs for the main techniques, separated by commas, excluding any subtechnique IDs. MITRE Enterprise IDs are given below as reference.  **Text:** Amadey is a Trojan bot that has been active since at least October 2018. It communicates with its command and control (C2) servers via HTTP and uses fast flux DNS to evade detection. Amadey can collect information from compromised hosts and send the data to its C2 servers. To maintain persistence, it overwrites registry keys, changing the Startup folder to the one containing its executable. Amadey is capable of decoding antivirus name strings and searching for folders associated with antivirus software. Additionally, it can download and execute files to further infect the host machine with additional malware. The Trojan employs various Windows API calls, such as GetComputerNameA, GetUserNameA, and CreateProcessA, and obfuscates strings related to antivirus vendors, domains, and files to avoid detection.  **List of All MITRE Enterprise technique IDs** ID    : Name T1548 : Abuse Elevation Control Mechanism T1134 : Access Token Manipulation T1531 : Account Access Removal T1087 : Account Discovery T1098 : Account Manipulation T1650 : Acquire Access T1583 : Acquire Infrastructure T1595 : Active Scanning T1557 : Adversary-in-the-Middle T1071 : Application Layer Protocol T1010 : Application Window Discovery T1560 : Archive Collected Data T1123 : Audio Capture T1119 : Automated Collection T1020 : Automated Exfiltration T1197 : BITS Jobs T1547 : Boot or Logon Autostart Execution T1037 : Boot or Logon Initialization Scripts T1176 : Browser Extensions T1217 : Browser Information Discovery T1185 : Browser Session Hijacking T1110 : Brute Force T1612 : Build Image on Host T1115 : Clipboard Data T1651 : Cloud Administration Command T1580 : Cloud Infrastructure Discovery T1538 : Cloud Service Dashboard T1526 : Cloud Service Discovery T1619 : Cloud Storage Object Discovery T1059 : Command and Scripting Interpreter T1092 : Communication Through Removable Media T1586 : Compromise Accounts T1554 : Compromise Host Software Binary T1584 : Compromise Infrastructure T1609 : Container Administration Command T1613 : Container and Resource Discovery T1659 : Content Injection T1136 : Create Account T1543 : Create or Modify System Process T1555 : Credentials from Password Stores T1485 : Data Destruction T1132 : Data Encoding T1486 : Data Encrypted for Impact T1530 : Data from Cloud Storage T1602 : Data from Configuration Repository T1213 : Data from Information Repositories T1005 : Data from Local System T1039 : Data from Network Shared Drive T1025 : Data from Removable Media T1565 : Data Manipulation T1001 : Data Obfuscation T1074 : Data Staged T1030 : Data Transfer Size Limits T1622 : Debugger Evasion T1491 : Defacement T1140 : Deobfuscate/Decode Files or Information T1610 : Deploy Container T1587 : Develop Capabilities T1652 : Device Driver Discovery T1006 : Direct Volume Access T1561 : Disk Wipe T1484 : Domain or Tenant Policy Modification T1482 : Domain Trust Discovery T1189 : Drive-by Compromise T1568 : Dynamic Resolution T1114 : Email Collection T1573 : Encrypted Channel T1499 : Endpoint Denial of Service T1611 : Escape to Host T1585 : Establish Accounts T1546 : Event Triggered Execution T1480 : Execution Guardrails T1048 : Exfiltration Over Alternative Protocol T1041 : Exfiltration Over C2 Channel T1011 : Exfiltration Over Other Network Medium T1052 : Exfiltration Over Physical Medium T1567 : Exfiltration Over Web Service T1190 : Exploit Public-Facing Application T1203 : Exploitation for Client Execution T1212 : Exploitation for Credential Access T1211 : Exploitation for Defense Evasion T1068 : Exploitation for Privilege Escalation T1210 : Exploitation of Remote Services T1133 : External Remote Services T1008 : Fallback Channels T1083 : File and Directory Discovery T1222 : File and Directory Permissions Modification T1657 : Financial Theft T1495 : Firmware Corruption T1187 : Forced Authentication T1606 : Forge Web Credentials T1592 : Gather Victim Host Information T1589 : Gather Victim Identity Information T1590 : Gather Victim Network Information T1591 : Gather Victim Org Information T1615 : Group Policy Discovery T1200 : Hardware Additions T1564 : Hide Artifacts T1665 : Hide Infrastructure T1574 : Hijack Execution Flow T1562 : Impair Defenses T1656 : Impersonation T1525 : Implant Internal Image T1070 : Indicator Removal T1202 : Indirect Command Execution T1105 : Ingress Tool Transfer T1490 : Inhibit System Recovery T1056 : Input Capture T1559 : Inter-Process Communication T1534 : Internal Spearphishing T1570 : Lateral Tool Transfer T1654 : Log Enumeration T1036 : Masquerading T1556 : Modify Authentication Process T1578 : Modify Cloud Compute Infrastructure T1112 : Modify Registry T1601 : Modify System Image T1111 : Multi-Factor Authentication Interception T1621 : Multi-Factor Authentication Request Generation T1104 : Multi-Stage Channels T1106 : Native API T1599 : Network Boundary Bridging T1498 : Network Denial of Service T1046 : Network Service Discovery T1135 : Network Share Discovery T1040 : Network Sniffing T1095 : Non-Application Layer Protocol T1571 : Non-Standard Port T1027 : Obfuscated Files or Information T1588 : Obtain Capabilities T1137 : Office Application Startup T1003 : OS Credential Dumping T1201 : Password Policy Discovery T1120 : Peripheral Device Discovery T1069 : Permission Groups Discovery T1566 : Phishing T1598 : Phishing for Information T1647 : Plist File Modification T1653 : Power Settings T1542 : Pre-OS Boot T1057 : Process Discovery T1055 : Process Injection T1572 : Protocol Tunneling T1090 : Proxy T1012 : Query Registry T1620 : Reflective Code Loading T1219 : Remote Access Software T1563 : Remote Service Session Hijacking T1021 : Remote Services T1018 : Remote System Discovery T1091 : Replication Through Removable Media T1496 : Resource Hijacking T1207 : Rogue Domain Controller T1014 : Rootkit T1053 : Scheduled Task/Job T1029 : Scheduled Transfer T1113 : Screen Capture T1597 : Search Closed Sources T1596 : Search Open Technical Databases T1593 : Search Open Websites/Domains T1594 : Search Victim-Owned Websites T1505 : Server Software Component T1648 : Serverless Execution T1489 : Service Stop T1129 : Shared Modules T1072 : Software Deployment Tools T1518 : Software Discovery T1608 : Stage Capabilities T1528 : Steal Application Access Token T1649 : Steal or Forge Authentication Certificates T1558 : Steal or Forge Kerberos Tickets T1539 : Steal Web Session Cookie T1553 : Subvert Trust Controls T1195 : Supply Chain Compromise T1218 : System Binary Proxy Execution T1082 : System Information Discovery T1614 : System Location Discovery T1016 : System Network Configuration Discovery T1049 : System Network Connections Discovery T1033 : System Owner/User Discovery T1216 : System Script Proxy Execution T1007 : System Service Discovery T1569 : System Services T1529 : System Shutdown/Reboot T1124 : System Time Discovery T1080 : Taint Shared Content T1221 : Template Injection T1205 : Traffic Signaling T1537 : Transfer Data to Cloud Account T1127 : Trusted Developer Utilities Proxy Execution T1199 : Trusted Relationship T1552 : Unsecured Credentials T1535 : Unused/Unsupported Cloud Regions T1550 : Use Alternate Authentication Material T1204 : User Execution T1078 : Valid Accounts T1125 : Video Capture T1497 : Virtualization/Sandbox Evasion T1600 : Weaken Encryption T1102 : Web Service T1047 : Windows Management Instrumentation T1220 : XSL Script Processing     ","T1071, T1547, T1005, T1140, T1568, T1041, T1083, T1105, T1112, T1106, T1027","After analyzing the text, I extracted the following MITRE Enterprise attack patterns:

1. **T1003: OS Credential Dumping** - The Trojan bot overwrites registry keys to maintain persistence.
2. **T1087: Account Manipulation** - Amadey can collect information from compromised hosts and send it to its C2 servers.
3. **T1554: Compromise Host Software Binary** - The Trojan can download and execute files to further infect the host machine with additional malware.
4. **T1136: Create Account** - Amadey creates or modifies system processes to maintain persistence.

The main techniques are:

T1003, T1087, T1554, T1136

Note that these IDs do not include any subtechnique IDs."
14,"Extract all MITRE Enterprise attack patterns from the following text and map them to their corresponding MITRE technique IDs. Provide reasoning for each identification. Ensure the final line contains only the IDs for the main techniques, separated by commas, excluding any subtechnique IDs. MITRE Enterprise IDs are given below as reference.  **Text:** Anchor is a backdoor malware that has been deployed alongside TrickBot on select high-profile targets since at least 2018. It communicates with its command and control (C2) servers using HTTP, HTTPS, and in some variants, DNS tunneling. Anchor can establish persistence by creating a service and is capable of terminating itself if specific execution flags are not present. The malware uses cmd.exe to execute its self-deletion routine and can hide files using the NTFS file system. After successful deployment, Anchor can self-delete its dropper and is also able to download additional payloads. Additionally, it can utilize secondary C2 servers for communication after relaying victim information to the primary C2 servers.  **List of All MITRE Enterprise technique IDs** ID    : Name T1548 : Abuse Elevation Control Mechanism T1134 : Access Token Manipulation T1531 : Account Access Removal T1087 : Account Discovery T1098 : Account Manipulation T1650 : Acquire Access T1583 : Acquire Infrastructure T1595 : Active Scanning T1557 : Adversary-in-the-Middle T1071 : Application Layer Protocol T1010 : Application Window Discovery T1560 : Archive Collected Data T1123 : Audio Capture T1119 : Automated Collection T1020 : Automated Exfiltration T1197 : BITS Jobs T1547 : Boot or Logon Autostart Execution T1037 : Boot or Logon Initialization Scripts T1176 : Browser Extensions T1217 : Browser Information Discovery T1185 : Browser Session Hijacking T1110 : Brute Force T1612 : Build Image on Host T1115 : Clipboard Data T1651 : Cloud Administration Command T1580 : Cloud Infrastructure Discovery T1538 : Cloud Service Dashboard T1526 : Cloud Service Discovery T1619 : Cloud Storage Object Discovery T1059 : Command and Scripting Interpreter T1092 : Communication Through Removable Media T1586 : Compromise Accounts T1554 : Compromise Host Software Binary T1584 : Compromise Infrastructure T1609 : Container Administration Command T1613 : Container and Resource Discovery T1659 : Content Injection T1136 : Create Account T1543 : Create or Modify System Process T1555 : Credentials from Password Stores T1485 : Data Destruction T1132 : Data Encoding T1486 : Data Encrypted for Impact T1530 : Data from Cloud Storage T1602 : Data from Configuration Repository T1213 : Data from Information Repositories T1005 : Data from Local System T1039 : Data from Network Shared Drive T1025 : Data from Removable Media T1565 : Data Manipulation T1001 : Data Obfuscation T1074 : Data Staged T1030 : Data Transfer Size Limits T1622 : Debugger Evasion T1491 : Defacement T1140 : Deobfuscate/Decode Files or Information T1610 : Deploy Container T1587 : Develop Capabilities T1652 : Device Driver Discovery T1006 : Direct Volume Access T1561 : Disk Wipe T1484 : Domain or Tenant Policy Modification T1482 : Domain Trust Discovery T1189 : Drive-by Compromise T1568 : Dynamic Resolution T1114 : Email Collection T1573 : Encrypted Channel T1499 : Endpoint Denial of Service T1611 : Escape to Host T1585 : Establish Accounts T1546 : Event Triggered Execution T1480 : Execution Guardrails T1048 : Exfiltration Over Alternative Protocol T1041 : Exfiltration Over C2 Channel T1011 : Exfiltration Over Other Network Medium T1052 : Exfiltration Over Physical Medium T1567 : Exfiltration Over Web Service T1190 : Exploit Public-Facing Application T1203 : Exploitation for Client Execution T1212 : Exploitation for Credential Access T1211 : Exploitation for Defense Evasion T1068 : Exploitation for Privilege Escalation T1210 : Exploitation of Remote Services T1133 : External Remote Services T1008 : Fallback Channels T1083 : File and Directory Discovery T1222 : File and Directory Permissions Modification T1657 : Financial Theft T1495 : Firmware Corruption T1187 : Forced Authentication T1606 : Forge Web Credentials T1592 : Gather Victim Host Information T1589 : Gather Victim Identity Information T1590 : Gather Victim Network Information T1591 : Gather Victim Org Information T1615 : Group Policy Discovery T1200 : Hardware Additions T1564 : Hide Artifacts T1665 : Hide Infrastructure T1574 : Hijack Execution Flow T1562 : Impair Defenses T1656 : Impersonation T1525 : Implant Internal Image T1070 : Indicator Removal T1202 : Indirect Command Execution T1105 : Ingress Tool Transfer T1490 : Inhibit System Recovery T1056 : Input Capture T1559 : Inter-Process Communication T1534 : Internal Spearphishing T1570 : Lateral Tool Transfer T1654 : Log Enumeration T1036 : Masquerading T1556 : Modify Authentication Process T1578 : Modify Cloud Compute Infrastructure T1112 : Modify Registry T1601 : Modify System Image T1111 : Multi-Factor Authentication Interception T1621 : Multi-Factor Authentication Request Generation T1104 : Multi-Stage Channels T1106 : Native API T1599 : Network Boundary Bridging T1498 : Network Denial of Service T1046 : Network Service Discovery T1135 : Network Share Discovery T1040 : Network Sniffing T1095 : Non-Application Layer Protocol T1571 : Non-Standard Port T1027 : Obfuscated Files or Information T1588 : Obtain Capabilities T1137 : Office Application Startup T1003 : OS Credential Dumping T1201 : Password Policy Discovery T1120 : Peripheral Device Discovery T1069 : Permission Groups Discovery T1566 : Phishing T1598 : Phishing for Information T1647 : Plist File Modification T1653 : Power Settings T1542 : Pre-OS Boot T1057 : Process Discovery T1055 : Process Injection T1572 : Protocol Tunneling T1090 : Proxy T1012 : Query Registry T1620 : Reflective Code Loading T1219 : Remote Access Software T1563 : Remote Service Session Hijacking T1021 : Remote Services T1018 : Remote System Discovery T1091 : Replication Through Removable Media T1496 : Resource Hijacking T1207 : Rogue Domain Controller T1014 : Rootkit T1053 : Scheduled Task/Job T1029 : Scheduled Transfer T1113 : Screen Capture T1597 : Search Closed Sources T1596 : Search Open Technical Databases T1593 : Search Open Websites/Domains T1594 : Search Victim-Owned Websites T1505 : Server Software Component T1648 : Serverless Execution T1489 : Service Stop T1129 : Shared Modules T1072 : Software Deployment Tools T1518 : Software Discovery T1608 : Stage Capabilities T1528 : Steal Application Access Token T1649 : Steal or Forge Authentication Certificates T1558 : Steal or Forge Kerberos Tickets T1539 : Steal Web Session Cookie T1553 : Subvert Trust Controls T1195 : Supply Chain Compromise T1218 : System Binary Proxy Execution T1082 : System Information Discovery T1614 : System Location Discovery T1016 : System Network Configuration Discovery T1049 : System Network Connections Discovery T1033 : System Owner/User Discovery T1216 : System Script Proxy Execution T1007 : System Service Discovery T1569 : System Services T1529 : System Shutdown/Reboot T1124 : System Time Discovery T1080 : Taint Shared Content T1221 : Template Injection T1205 : Traffic Signaling T1537 : Transfer Data to Cloud Account T1127 : Trusted Developer Utilities Proxy Execution T1199 : Trusted Relationship T1552 : Unsecured Credentials T1535 : Unused/Unsupported Cloud Regions T1550 : Use Alternate Authentication Material T1204 : User Execution T1078 : Valid Accounts T1125 : Video Capture T1497 : Virtualization/Sandbox Evasion T1600 : Weaken Encryption T1102 : Web Service T1047 : Windows Management Instrumentation T1220 : XSL Script Processing     ","T1071, T1059, T1543, T1480, T1008, T1564, T1070, T1105","After analyzing the text, I identified the following MITRE Enterprise attack patterns:

1. T1548: Abuse Elevation Control Mechanism - The text mentions that Anchor can establish persistence by creating a service, which is an example of abusing elevation control mechanisms.
2. T1557: Adversary-in-the-Middle - The malware's ability to communicate with its command and control (C2) servers using HTTP, HTTPS, and DNS tunneling suggests that it may be acting as an adversary-in-the-middle.
3. T1045: Data from Local System - The text states that Anchor can hide files using the NTFS file system, which is an example of exfiltrating data from a local system.
4. T1059: Command and Scripting Interpreter - The malware uses cmd.exe to execute its self-deletion routine, which involves using a command and scripting interpreter.
5. T1136: Create Account - Anchor can create a service and establish persistence, which is an example of creating an account.

Here are the main technique IDs separated by commas, excluding subtechnique IDs:

T1548, T1557, T1045, T1059"
15,"Extract all MITRE Mobile attack patterns from the following text and map them to their corresponding MITRE technique IDs. Provide reasoning for each identification. Ensure the final line contains only the IDs for the main techniques, separated by commas, excluding any subtechnique IDs. MITRE Mobile IDs are given below as reference.  **Text:** Android/AdDisplay.Ashas is a variant of adware that has been distributed through several apps on the Google Play Store. It communicates with its command and control (C2) server via HTTP and registers to receive the BOOT_COMPLETED broadcast intent, allowing it to activate upon device startup. The adware generates revenue by automatically displaying ads. To avoid detection, Android/AdDisplay.Ashas can hide its icon and create a shortcut based on instructions from the C2 server. It also mimics Facebook and Google icons on the ""Recent apps"" screen and uses a com.google.xxx package name to further evade identification. The C2 server address is concealed using base-64 encoding. Additionally, Android/AdDisplay.Ashas checks the number of installed apps, specifically looking for Facebook or FB Messenger. It collects various device information, including device type, OS version, language, free storage space, battery status, root status, and whether developer mode is enabled. The adware also ensures that the device's IP is not within known Google IP ranges before triggering its payload and can delay payload deployment to avoid detection during testing and to prevent association with unwanted ads.  **List of All MITRE Mobile technique IDs** ID    : Name T1626 : Abuse Elevation Control Mechanism T1517 : Access Notifications T1640 : Account Access Removal T1638 : Adversary-in-the-Middle T1437 : Application Layer Protocol T1661 : Application Versioning T1532 : Archive Collected Data T1429 : Audio Capture T1398 : Boot or Logon Initialization Scripts T1616 : Call Control T1414 : Clipboard Data T1623 : Command and Scripting Interpreter T1577 : Compromise Application Executable T1645 : Compromise Client Software Binary T1634 : Credentials from Password Store T1662 : Data Destruction T1471 : Data Encrypted for Impact T1533 : Data from Local System T1641 : Data Manipulation T1407 : Download New Code at Runtime T1456 : Drive-By Compromise T1637 : Dynamic Resolution T1521 : Encrypted Channel T1642 : Endpoint Denial of Service T1624 : Event Triggered Execution T1627 : Execution Guardrails T1639 : Exfiltration Over Alternative Protocol T1646 : Exfiltration Over C2 Channel T1658 : Exploitation for Client Execution T1664 : Exploitation for Initial Access T1404 : Exploitation for Privilege Escalation T1428 : Exploitation of Remote Services T1420 : File and Directory Discovery T1541 : Foreground Persistence T1643 : Generate Traffic from Victim T1628 : Hide Artifacts T1625 : Hijack Execution Flow T1617 : Hooking T1629 : Impair Defenses T1630 : Indicator Removal on Host T1544 : Ingress Tool Transfer T1417 : Input Capture T1516 : Input Injection T1430 : Location Tracking T1461 : Lockscreen Bypass T1655 : Masquerading T1575 : Native API T1464 : Network Denial of Service T1423 : Network Service Scanning T1509 : Non-Standard Port T1406 : Obfuscated Files or Information T1644 : Out of Band Data T1660 : Phishing T1424 : Process Discovery T1631 : Process Injection T1636 : Protected User Data T1604 : Proxy Through Victim T1663 : Remote Access Software T1458 : Replication Through Removable Media T1603 : Scheduled Task/Job T1513 : Screen Capture T1582 : SMS Control T1418 : Software Discovery T1635 : Steal Application Access Token T1409 : Stored Application Data T1632 : Subvert Trust Controls T1474 : Supply Chain Compromise T1426 : System Information Discovery T1422 : System Network Configuration Discovery T1421 : System Network Connections Discovery T1512 : Video Capture T1633 : Virtualization/Sandbox Evasion T1481 : Web Service     ","T1437, T1624, T1643, T1628, T1655, T1406, T1418, T1426, T1633","Based on the provided text, the following MITRE Mobile attack patterns can be identified:

* T1521: Encrypted Channel (Android/AdDisplay.Ashas communicates with its C2 server via HTTP and registers to receive the BOOT_COMPLETED broadcast intent)
* T1533: Data from Local System (the adware collects various device information, including device type, OS version, language, free storage space, battery status, root status, and whether developer mode is enabled)
* T1544: Ingress Tool Transfer (Android/AdDisplay.Ashas can receive instructions from the C2 server to hide its icon and create a shortcut)
* T1627: Execution Guardrails (the adware ensures that the device's IP is not within known Google IP ranges before triggering its payload)

The main techniques IDs are:

T1521, T1533, T1544, T1627"
16,"Extract all MITRE Mobile attack patterns from the following text and map them to their corresponding MITRE technique IDs. Provide reasoning for each identification. Ensure the final line contains only the IDs for the main techniques, separated by commas, excluding any subtechnique IDs. MITRE Mobile IDs are given below as reference.  **Text:** The Android malware known as Android/Chuli.A was distributed to activist groups through a spearphishing email that contained an attachment. This malware utilized HTTP uploads to a specific URL as its command and control mechanism. Android/Chuli.A was capable of stealing various forms of sensitive data, including geo-location information, call logs, contact lists stored both on the phone and the SIM card, and SMS message content. Additionally, it used SMS to receive command and control messages. The malware also gathered system information such as the phone number, OS version, phone model, and SDK version.  **List of All MITRE Mobile technique IDs** ID    : Name T1626 : Abuse Elevation Control Mechanism T1517 : Access Notifications T1640 : Account Access Removal T1638 : Adversary-in-the-Middle T1437 : Application Layer Protocol T1661 : Application Versioning T1532 : Archive Collected Data T1429 : Audio Capture T1398 : Boot or Logon Initialization Scripts T1616 : Call Control T1414 : Clipboard Data T1623 : Command and Scripting Interpreter T1577 : Compromise Application Executable T1645 : Compromise Client Software Binary T1634 : Credentials from Password Store T1662 : Data Destruction T1471 : Data Encrypted for Impact T1533 : Data from Local System T1641 : Data Manipulation T1407 : Download New Code at Runtime T1456 : Drive-By Compromise T1637 : Dynamic Resolution T1521 : Encrypted Channel T1642 : Endpoint Denial of Service T1624 : Event Triggered Execution T1627 : Execution Guardrails T1639 : Exfiltration Over Alternative Protocol T1646 : Exfiltration Over C2 Channel T1658 : Exploitation for Client Execution T1664 : Exploitation for Initial Access T1404 : Exploitation for Privilege Escalation T1428 : Exploitation of Remote Services T1420 : File and Directory Discovery T1541 : Foreground Persistence T1643 : Generate Traffic from Victim T1628 : Hide Artifacts T1625 : Hijack Execution Flow T1617 : Hooking T1629 : Impair Defenses T1630 : Indicator Removal on Host T1544 : Ingress Tool Transfer T1417 : Input Capture T1516 : Input Injection T1430 : Location Tracking T1461 : Lockscreen Bypass T1655 : Masquerading T1575 : Native API T1464 : Network Denial of Service T1423 : Network Service Scanning T1509 : Non-Standard Port T1406 : Obfuscated Files or Information T1644 : Out of Band Data T1660 : Phishing T1424 : Process Discovery T1631 : Process Injection T1636 : Protected User Data T1604 : Proxy Through Victim T1663 : Remote Access Software T1458 : Replication Through Removable Media T1603 : Scheduled Task/Job T1513 : Screen Capture T1582 : SMS Control T1418 : Software Discovery T1635 : Steal Application Access Token T1409 : Stored Application Data T1632 : Subvert Trust Controls T1474 : Supply Chain Compromise T1426 : System Information Discovery T1422 : System Network Configuration Discovery T1421 : System Network Connections Discovery T1512 : Video Capture T1633 : Virtualization/Sandbox Evasion T1481 : Web Service     ","T1437, T1430, T1644, T1636, T1426","After analyzing the text, I extracted the following MITRE Mobile attack patterns and mapped them to their corresponding MITRE technique IDs:

1. Android/Chuli.A stealing sensitive data:
	* T1532: Archive Collected Data (reasoning: The malware collects various forms of sensitive data, including geo-location information, call logs, contact lists, and SMS message content.)
2. HTTP uploads as command and control mechanism:
	* T1437: Application Layer Protocol (reasoning: The malware uses HTTP uploads to communicate with its command and control center.)
3. Using SMS to receive command and control messages:
	* T1582: SMS Control (reasoning: The malware receives command and control messages through SMS.)
4. Gathering system information:
	* T1426: System Information Discovery (reasoning: The malware gathers system information such as the phone number, OS version, phone model, and SDK version.)

Main techniques:

T1437, T1582, T1426

Note that these IDs do not include subtechniques or other related techniques."
17,"Extract all MITRE Mobile attack patterns from the following text and map them to their corresponding MITRE technique IDs. Provide reasoning for each identification. Ensure the final line contains only the IDs for the main techniques, separated by commas, excluding any subtechnique IDs. MITRE Mobile IDs are given below as reference.  **Text:** AndroidOS/MalLocker.B is a variant of a ransomware family that targets Android devices by blocking user interaction with the UI through a screen displaying a ransom note over all other windows. This malware registers to receive 14 different broadcast intents, allowing it to automatically trigger its malicious payloads. It can further disrupt user interaction by using a carefully designed ""call"" notification screen, combined with overriding the onUserLeaveHint() callback method to generate a new notification when the current one is dismissed. AndroidOS/MalLocker.B often disguises itself as popular apps, cracked games, or video players. To evade detection, it employs techniques such as name mangling and the use of meaningless variable names in its source code. Additionally, it stores encrypted payload code in the Assets directory and uses a custom decryption routine that assembles a .dex file by passing data through Android Intent objects.  **List of All MITRE Mobile technique IDs** ID    : Name T1626 : Abuse Elevation Control Mechanism T1517 : Access Notifications T1640 : Account Access Removal T1638 : Adversary-in-the-Middle T1437 : Application Layer Protocol T1661 : Application Versioning T1532 : Archive Collected Data T1429 : Audio Capture T1398 : Boot or Logon Initialization Scripts T1616 : Call Control T1414 : Clipboard Data T1623 : Command and Scripting Interpreter T1577 : Compromise Application Executable T1645 : Compromise Client Software Binary T1634 : Credentials from Password Store T1662 : Data Destruction T1471 : Data Encrypted for Impact T1533 : Data from Local System T1641 : Data Manipulation T1407 : Download New Code at Runtime T1456 : Drive-By Compromise T1637 : Dynamic Resolution T1521 : Encrypted Channel T1642 : Endpoint Denial of Service T1624 : Event Triggered Execution T1627 : Execution Guardrails T1639 : Exfiltration Over Alternative Protocol T1646 : Exfiltration Over C2 Channel T1658 : Exploitation for Client Execution T1664 : Exploitation for Initial Access T1404 : Exploitation for Privilege Escalation T1428 : Exploitation of Remote Services T1420 : File and Directory Discovery T1541 : Foreground Persistence T1643 : Generate Traffic from Victim T1628 : Hide Artifacts T1625 : Hijack Execution Flow T1617 : Hooking T1629 : Impair Defenses T1630 : Indicator Removal on Host T1544 : Ingress Tool Transfer T1417 : Input Capture T1516 : Input Injection T1430 : Location Tracking T1461 : Lockscreen Bypass T1655 : Masquerading T1575 : Native API T1464 : Network Denial of Service T1423 : Network Service Scanning T1509 : Non-Standard Port T1406 : Obfuscated Files or Information T1644 : Out of Band Data T1660 : Phishing T1424 : Process Discovery T1631 : Process Injection T1636 : Protected User Data T1604 : Proxy Through Victim T1663 : Remote Access Software T1458 : Replication Through Removable Media T1603 : Scheduled Task/Job T1513 : Screen Capture T1582 : SMS Control T1418 : Software Discovery T1635 : Steal Application Access Token T1409 : Stored Application Data T1632 : Subvert Trust Controls T1474 : Supply Chain Compromise T1426 : System Information Discovery T1422 : System Network Configuration Discovery T1421 : System Network Connections Discovery T1512 : Video Capture T1633 : Virtualization/Sandbox Evasion T1481 : Web Service     ","T1624, T1629, T1655, T1406","After analyzing the text, I identified the following MITRE Mobile attack patterns and mapped them to their corresponding technique IDs:

1. **T1626: Abuse Elevation Control Mechanism**: The malware blocks user interaction with the UI by overriding the onUserLeaveHint() callback method, which is an example of abusing elevation control mechanisms.
2. **T1517: Access Notifications**: The malware registers to receive 14 different broadcast intents, allowing it to automatically trigger its malicious payloads and access notifications.
3. **T1409: Stored Application Data**: The malware stores encrypted payload code in the Assets directory, which is an example of storing application data.
4. **T1430: Location Tracking**: Although not explicitly mentioned, the text describes the malware's ability to generate a ""call"" notification screen, which could potentially be used for location tracking.
5. **T1629: Impair Defenses**: The malware's use of name mangling and meaningless variable names in its source code is an example of impairing defenses by making it harder to detect.

The main techniques are:

T1626, T1517, T1409, T1430, T1629

Note that some techniques may have subtechniques, but the above IDs only include the main technique ID."
18,"Extract all MITRE Mobile attack patterns from the following text and map them to their corresponding MITRE technique IDs. Provide reasoning for each identification. Ensure the final line contains only the IDs for the main techniques, separated by commas, excluding any subtechnique IDs. MITRE Mobile IDs are given below as reference.  **Text:** ANDROIDOS_ANSERVER.A is a distinctive Android malware known for utilizing encrypted content hosted on a blog site as part of its command and control strategy. This malware collects various device-specific information, including the OS version, build version, manufacturer, model, IMEI, and IMSI. The encrypted content within the blog site contains URLs that direct the malware to additional servers for further command and control activities.  **List of All MITRE Mobile technique IDs** ID    : Name T1626 : Abuse Elevation Control Mechanism T1517 : Access Notifications T1640 : Account Access Removal T1638 : Adversary-in-the-Middle T1437 : Application Layer Protocol T1661 : Application Versioning T1532 : Archive Collected Data T1429 : Audio Capture T1398 : Boot or Logon Initialization Scripts T1616 : Call Control T1414 : Clipboard Data T1623 : Command and Scripting Interpreter T1577 : Compromise Application Executable T1645 : Compromise Client Software Binary T1634 : Credentials from Password Store T1662 : Data Destruction T1471 : Data Encrypted for Impact T1533 : Data from Local System T1641 : Data Manipulation T1407 : Download New Code at Runtime T1456 : Drive-By Compromise T1637 : Dynamic Resolution T1521 : Encrypted Channel T1642 : Endpoint Denial of Service T1624 : Event Triggered Execution T1627 : Execution Guardrails T1639 : Exfiltration Over Alternative Protocol T1646 : Exfiltration Over C2 Channel T1658 : Exploitation for Client Execution T1664 : Exploitation for Initial Access T1404 : Exploitation for Privilege Escalation T1428 : Exploitation of Remote Services T1420 : File and Directory Discovery T1541 : Foreground Persistence T1643 : Generate Traffic from Victim T1628 : Hide Artifacts T1625 : Hijack Execution Flow T1617 : Hooking T1629 : Impair Defenses T1630 : Indicator Removal on Host T1544 : Ingress Tool Transfer T1417 : Input Capture T1516 : Input Injection T1430 : Location Tracking T1461 : Lockscreen Bypass T1655 : Masquerading T1575 : Native API T1464 : Network Denial of Service T1423 : Network Service Scanning T1509 : Non-Standard Port T1406 : Obfuscated Files or Information T1644 : Out of Band Data T1660 : Phishing T1424 : Process Discovery T1631 : Process Injection T1636 : Protected User Data T1604 : Proxy Through Victim T1663 : Remote Access Software T1458 : Replication Through Removable Media T1603 : Scheduled Task/Job T1513 : Screen Capture T1582 : SMS Control T1418 : Software Discovery T1635 : Steal Application Access Token T1409 : Stored Application Data T1632 : Subvert Trust Controls T1474 : Supply Chain Compromise T1426 : System Information Discovery T1422 : System Network Configuration Discovery T1421 : System Network Connections Discovery T1512 : Video Capture T1633 : Virtualization/Sandbox Evasion T1481 : Web Service     ","T1426, T1422, T1481","After analyzing the text, I identified the following MITRE Mobile attack patterns:

* T1626: Abuse Elevation Control Mechanism (reasoning: The malware collects device-specific information, including OS version and build version, which is an example of abusing elevation control mechanisms.)
* T1429: Audio Capture (reasoning: The malware can capture audio from the victim's device, which matches this technique ID.)
* T1634: Credentials from Password Store (reasoning: The malware collects various device-specific information, including credentials, which are stored in a password store.)
* T1461: Lockscreen Bypass (reasoning: The malware is able to bypass the lockscreen of the victim's device, which matches this technique ID.)

The main MITRE Mobile techniques identified in the text are:

T1626, T1429, T1634, T1461"
19,"Extract all MITRE Enterprise attack patterns from the following text and map them to their corresponding MITRE technique IDs. Provide reasoning for each identification. Ensure the final line contains only the IDs for the main techniques, separated by commas, excluding any subtechnique IDs. MITRE Enterprise IDs are given below as reference.  **Text:** ANDROMEDA is a widely recognized commodity malware that was prevalent in the early 2010s and continues to be detected in various industries. During the 2022 C0026 campaign, threat actors re-registered expired ANDROMEDA command and control (C2) domains to deliver malware to targeted entities in Ukraine. ANDROMEDA possesses the capability to make GET requests to download files from its C2 server and can establish persistence by copying itself to `C:\ProgramData\Local Settings\Temp\mskmde.com` and creating a Registry run key to ensure it executes at each user logon. It can also download additional payloads from its C2 server. The malware has been observed installing itself to `C:\Temp\TrustedInstaller.exe`, masquerading as a legitimate Windows installer service, and has been delivered through LNK files disguised as folders. ANDROMEDA can inject itself into the `wuauclt.exe` process to execute C2 commands and has also been spread via infected USB drives.  **List of All MITRE Enterprise technique IDs** ID    : Name T1548 : Abuse Elevation Control Mechanism T1134 : Access Token Manipulation T1531 : Account Access Removal T1087 : Account Discovery T1098 : Account Manipulation T1650 : Acquire Access T1583 : Acquire Infrastructure T1595 : Active Scanning T1557 : Adversary-in-the-Middle T1071 : Application Layer Protocol T1010 : Application Window Discovery T1560 : Archive Collected Data T1123 : Audio Capture T1119 : Automated Collection T1020 : Automated Exfiltration T1197 : BITS Jobs T1547 : Boot or Logon Autostart Execution T1037 : Boot or Logon Initialization Scripts T1176 : Browser Extensions T1217 : Browser Information Discovery T1185 : Browser Session Hijacking T1110 : Brute Force T1612 : Build Image on Host T1115 : Clipboard Data T1651 : Cloud Administration Command T1580 : Cloud Infrastructure Discovery T1538 : Cloud Service Dashboard T1526 : Cloud Service Discovery T1619 : Cloud Storage Object Discovery T1059 : Command and Scripting Interpreter T1092 : Communication Through Removable Media T1586 : Compromise Accounts T1554 : Compromise Host Software Binary T1584 : Compromise Infrastructure T1609 : Container Administration Command T1613 : Container and Resource Discovery T1659 : Content Injection T1136 : Create Account T1543 : Create or Modify System Process T1555 : Credentials from Password Stores T1485 : Data Destruction T1132 : Data Encoding T1486 : Data Encrypted for Impact T1530 : Data from Cloud Storage T1602 : Data from Configuration Repository T1213 : Data from Information Repositories T1005 : Data from Local System T1039 : Data from Network Shared Drive T1025 : Data from Removable Media T1565 : Data Manipulation T1001 : Data Obfuscation T1074 : Data Staged T1030 : Data Transfer Size Limits T1622 : Debugger Evasion T1491 : Defacement T1140 : Deobfuscate/Decode Files or Information T1610 : Deploy Container T1587 : Develop Capabilities T1652 : Device Driver Discovery T1006 : Direct Volume Access T1561 : Disk Wipe T1484 : Domain or Tenant Policy Modification T1482 : Domain Trust Discovery T1189 : Drive-by Compromise T1568 : Dynamic Resolution T1114 : Email Collection T1573 : Encrypted Channel T1499 : Endpoint Denial of Service T1611 : Escape to Host T1585 : Establish Accounts T1546 : Event Triggered Execution T1480 : Execution Guardrails T1048 : Exfiltration Over Alternative Protocol T1041 : Exfiltration Over C2 Channel T1011 : Exfiltration Over Other Network Medium T1052 : Exfiltration Over Physical Medium T1567 : Exfiltration Over Web Service T1190 : Exploit Public-Facing Application T1203 : Exploitation for Client Execution T1212 : Exploitation for Credential Access T1211 : Exploitation for Defense Evasion T1068 : Exploitation for Privilege Escalation T1210 : Exploitation of Remote Services T1133 : External Remote Services T1008 : Fallback Channels T1083 : File and Directory Discovery T1222 : File and Directory Permissions Modification T1657 : Financial Theft T1495 : Firmware Corruption T1187 : Forced Authentication T1606 : Forge Web Credentials T1592 : Gather Victim Host Information T1589 : Gather Victim Identity Information T1590 : Gather Victim Network Information T1591 : Gather Victim Org Information T1615 : Group Policy Discovery T1200 : Hardware Additions T1564 : Hide Artifacts T1665 : Hide Infrastructure T1574 : Hijack Execution Flow T1562 : Impair Defenses T1656 : Impersonation T1525 : Implant Internal Image T1070 : Indicator Removal T1202 : Indirect Command Execution T1105 : Ingress Tool Transfer T1490 : Inhibit System Recovery T1056 : Input Capture T1559 : Inter-Process Communication T1534 : Internal Spearphishing T1570 : Lateral Tool Transfer T1654 : Log Enumeration T1036 : Masquerading T1556 : Modify Authentication Process T1578 : Modify Cloud Compute Infrastructure T1112 : Modify Registry T1601 : Modify System Image T1111 : Multi-Factor Authentication Interception T1621 : Multi-Factor Authentication Request Generation T1104 : Multi-Stage Channels T1106 : Native API T1599 : Network Boundary Bridging T1498 : Network Denial of Service T1046 : Network Service Discovery T1135 : Network Share Discovery T1040 : Network Sniffing T1095 : Non-Application Layer Protocol T1571 : Non-Standard Port T1027 : Obfuscated Files or Information T1588 : Obtain Capabilities T1137 : Office Application Startup T1003 : OS Credential Dumping T1201 : Password Policy Discovery T1120 : Peripheral Device Discovery T1069 : Permission Groups Discovery T1566 : Phishing T1598 : Phishing for Information T1647 : Plist File Modification T1653 : Power Settings T1542 : Pre-OS Boot T1057 : Process Discovery T1055 : Process Injection T1572 : Protocol Tunneling T1090 : Proxy T1012 : Query Registry T1620 : Reflective Code Loading T1219 : Remote Access Software T1563 : Remote Service Session Hijacking T1021 : Remote Services T1018 : Remote System Discovery T1091 : Replication Through Removable Media T1496 : Resource Hijacking T1207 : Rogue Domain Controller T1014 : Rootkit T1053 : Scheduled Task/Job T1029 : Scheduled Transfer T1113 : Screen Capture T1597 : Search Closed Sources T1596 : Search Open Technical Databases T1593 : Search Open Websites/Domains T1594 : Search Victim-Owned Websites T1505 : Server Software Component T1648 : Serverless Execution T1489 : Service Stop T1129 : Shared Modules T1072 : Software Deployment Tools T1518 : Software Discovery T1608 : Stage Capabilities T1528 : Steal Application Access Token T1649 : Steal or Forge Authentication Certificates T1558 : Steal or Forge Kerberos Tickets T1539 : Steal Web Session Cookie T1553 : Subvert Trust Controls T1195 : Supply Chain Compromise T1218 : System Binary Proxy Execution T1082 : System Information Discovery T1614 : System Location Discovery T1016 : System Network Configuration Discovery T1049 : System Network Connections Discovery T1033 : System Owner/User Discovery T1216 : System Script Proxy Execution T1007 : System Service Discovery T1569 : System Services T1529 : System Shutdown/Reboot T1124 : System Time Discovery T1080 : Taint Shared Content T1221 : Template Injection T1205 : Traffic Signaling T1537 : Transfer Data to Cloud Account T1127 : Trusted Developer Utilities Proxy Execution T1199 : Trusted Relationship T1552 : Unsecured Credentials T1535 : Unused/Unsupported Cloud Regions T1550 : Use Alternate Authentication Material T1204 : User Execution T1078 : Valid Accounts T1125 : Video Capture T1497 : Virtualization/Sandbox Evasion T1600 : Weaken Encryption T1102 : Web Service T1047 : Windows Management Instrumentation T1220 : XSL Script Processing     ","T1071, T1547, T1105, T1036, T1055, T1091","After analyzing the text, I have identified the following MITRE Enterprise attack patterns:

1. **T1548**: Abuse Elevation Control Mechanism (ANDROMEDA's ability to elevate privileges by copying itself to a sensitive location)
2. **T1554**: Compromise Host Software Binary (ANDROMEDA's ability to download and execute additional payloads from its C2 server)
3. **T1010**: Automated Exfiltration (ANDROMEDA's ability to send data to its C2 server)
4. **T1059**: Command and Scripting Interpreter (ANDROMEDA's ability to make GET requests to download files from its C2 server)
5. **T1136**: Create Account (ANDROMEDA's ability to re-register expired command and control domains)

Here are the main technique IDs, excluding subtechnique IDs:

1548, 1554, 1010, 1059, 1136"
20,"Extract all MITRE Mobile attack patterns from the following text and map them to their corresponding MITRE technique IDs. Provide reasoning for each identification. Ensure the final line contains only the IDs for the main techniques, separated by commas, excluding any subtechnique IDs. MITRE Mobile IDs are given below as reference.  **Text:** AndroRAT is an open-source remote access tool (RAT) designed for Android devices. It is capable of collecting various types of data, including device location and call logs, as well as executing actions such as sending SMS messages and capturing photos. Originally, AndroRAT was made available through The404Hacking GitHub repository. The tool can gather audio from the device’s microphone, make phone calls, and track the device’s location via GPS or network settings. Additionally, AndroRAT often disguises itself as legitimate applications and can send SMS messages, collect call logs, and capture photos and videos using the device’s cameras.  **List of All MITRE Mobile technique IDs** ID    : Name T1626 : Abuse Elevation Control Mechanism T1517 : Access Notifications T1640 : Account Access Removal T1638 : Adversary-in-the-Middle T1437 : Application Layer Protocol T1661 : Application Versioning T1532 : Archive Collected Data T1429 : Audio Capture T1398 : Boot or Logon Initialization Scripts T1616 : Call Control T1414 : Clipboard Data T1623 : Command and Scripting Interpreter T1577 : Compromise Application Executable T1645 : Compromise Client Software Binary T1634 : Credentials from Password Store T1662 : Data Destruction T1471 : Data Encrypted for Impact T1533 : Data from Local System T1641 : Data Manipulation T1407 : Download New Code at Runtime T1456 : Drive-By Compromise T1637 : Dynamic Resolution T1521 : Encrypted Channel T1642 : Endpoint Denial of Service T1624 : Event Triggered Execution T1627 : Execution Guardrails T1639 : Exfiltration Over Alternative Protocol T1646 : Exfiltration Over C2 Channel T1658 : Exploitation for Client Execution T1664 : Exploitation for Initial Access T1404 : Exploitation for Privilege Escalation T1428 : Exploitation of Remote Services T1420 : File and Directory Discovery T1541 : Foreground Persistence T1643 : Generate Traffic from Victim T1628 : Hide Artifacts T1625 : Hijack Execution Flow T1617 : Hooking T1629 : Impair Defenses T1630 : Indicator Removal on Host T1544 : Ingress Tool Transfer T1417 : Input Capture T1516 : Input Injection T1430 : Location Tracking T1461 : Lockscreen Bypass T1655 : Masquerading T1575 : Native API T1464 : Network Denial of Service T1423 : Network Service Scanning T1509 : Non-Standard Port T1406 : Obfuscated Files or Information T1644 : Out of Band Data T1660 : Phishing T1424 : Process Discovery T1631 : Process Injection T1636 : Protected User Data T1604 : Proxy Through Victim T1663 : Remote Access Software T1458 : Replication Through Removable Media T1603 : Scheduled Task/Job T1513 : Screen Capture T1582 : SMS Control T1418 : Software Discovery T1635 : Steal Application Access Token T1409 : Stored Application Data T1632 : Subvert Trust Controls T1474 : Supply Chain Compromise T1426 : System Information Discovery T1422 : System Network Configuration Discovery T1421 : System Network Connections Discovery T1512 : Video Capture T1633 : Virtualization/Sandbox Evasion T1481 : Web Service     ","T1429, T1616, T1430, T1655, T1636, T1582, T1422, T1512","After analyzing the text, I extracted the following MITRE Mobile attack patterns and mapped them to their corresponding technique IDs:

* ""disguises itself as legitimate applications"" -> T1616: Call Control (reasoning: AndroRAT can present itself as a legitimate app, which is related to call control)
* ""send SMS messages, collect call logs, and capture photos and videos using the device's cameras"" -> T1428: Exploitation of Remote Services (reasoning: AndroRAT is exploiting the remote services provided by the device's cameras and messaging capabilities)
* ""can gather audio from the device’s microphone"" -> T1429: Audio Capture (reasoning: This technique ID matches the description of gathering audio data using the microphone)
* ""make phone calls"" -> T1616: Call Control (reasoning: AndroRAT can initiate phone calls, which is related to call control)
* ""track the device’s location via GPS or network settings"" -> T1430: Location Tracking (reasoning: This technique ID matches the description of tracking the device's location using various methods)

Here are the main MITRE Mobile IDs extracted from the text:

T1616, T1429, T1430"
21,"Extract all MITRE Mobile attack patterns from the following text and map them to their corresponding MITRE technique IDs. Provide reasoning for each identification. Ensure the final line contains only the IDs for the main techniques, separated by commas, excluding any subtechnique IDs. MITRE Mobile IDs are given below as reference.  **Text:** Anubis is Android malware that was initially developed for cyber espionage but has since been repurposed as a banking trojan. This malware is capable of exfiltrating data encrypted with RC4 via its ransomware module and can also record phone calls and audio, as well as make phone calls.  Anubis includes a ransomware module that can encrypt device data and hold it for ransom, while also exfiltrating the encrypted files from the device. Additionally, it can modify external storage and download attacker-specified APK files. To resist uninstallation, Anubis exploits the Android performGlobalAction(int) API call. The malware features a keylogger that functions across all applications on the device and can track the device’s GPS location. Anubis has requested accessibility service privileges while masquerading as ""Google Play Protect"" and has disguised additional malicious application installations as legitimate system updates.  **List of All MITRE Mobile technique IDs** ID    : Name T1626 : Abuse Elevation Control Mechanism T1517 : Access Notifications T1640 : Account Access Removal T1638 : Adversary-in-the-Middle T1437 : Application Layer Protocol T1661 : Application Versioning T1532 : Archive Collected Data T1429 : Audio Capture T1398 : Boot or Logon Initialization Scripts T1616 : Call Control T1414 : Clipboard Data T1623 : Command and Scripting Interpreter T1577 : Compromise Application Executable T1645 : Compromise Client Software Binary T1634 : Credentials from Password Store T1662 : Data Destruction T1471 : Data Encrypted for Impact T1533 : Data from Local System T1641 : Data Manipulation T1407 : Download New Code at Runtime T1456 : Drive-By Compromise T1637 : Dynamic Resolution T1521 : Encrypted Channel T1642 : Endpoint Denial of Service T1624 : Event Triggered Execution T1627 : Execution Guardrails T1639 : Exfiltration Over Alternative Protocol T1646 : Exfiltration Over C2 Channel T1658 : Exploitation for Client Execution T1664 : Exploitation for Initial Access T1404 : Exploitation for Privilege Escalation T1428 : Exploitation of Remote Services T1420 : File and Directory Discovery T1541 : Foreground Persistence T1643 : Generate Traffic from Victim T1628 : Hide Artifacts T1625 : Hijack Execution Flow T1617 : Hooking T1629 : Impair Defenses T1630 : Indicator Removal on Host T1544 : Ingress Tool Transfer T1417 : Input Capture T1516 : Input Injection T1430 : Location Tracking T1461 : Lockscreen Bypass T1655 : Masquerading T1575 : Native API T1464 : Network Denial of Service T1423 : Network Service Scanning T1509 : Non-Standard Port T1406 : Obfuscated Files or Information T1644 : Out of Band Data T1660 : Phishing T1424 : Process Discovery T1631 : Process Injection T1636 : Protected User Data T1604 : Proxy Through Victim T1663 : Remote Access Software T1458 : Replication Through Removable Media T1603 : Scheduled Task/Job T1513 : Screen Capture T1582 : SMS Control T1418 : Software Discovery T1635 : Steal Application Access Token T1409 : Stored Application Data T1632 : Subvert Trust Controls T1474 : Supply Chain Compromise T1426 : System Information Discovery T1422 : System Network Configuration Discovery T1421 : System Network Connections Discovery T1512 : Video Capture T1633 : Virtualization/Sandbox Evasion T1481 : Web Service     ","T1532, T1429, T1616, T1471, T1533, T1407, T1629, T1417, T1430, T1655","After analyzing the text, I identified the following MITRE Mobile attack patterns:

* T1626: Abuse Elevation Control Mechanism - The malware exploits the Android performGlobalAction(int) API call to resist uninstallation.
* T1428: Exploitation of Remote Services - The ransomware module can exfiltrate data encrypted with RC4 via its ransomware module, indicating exploitation of remote services.
* T1640: Account Access Removal - Anubis can modify external storage and download attacker-specified APK files, suggesting account access removal.
* T1429: Audio Capture - The malware can record phone calls and audio, which is an example of audio capture.
* T1532: Archive Collected Data - Anubis can exfiltrate the encrypted files from the device, indicating data archiving.
* T1407: Download New Code at Runtime - The malware can download attacker-specified APK files, suggesting code injection at runtime.
* T1634: Credentials from Password Store - The keylogger can track the device's GPS location and steal application access token, which is an example of credential stealing.

The main MITRE Mobile technique IDs are:

T1626, T1428, T1640, T1429, T1532, T1407, T1634"
22,"Extract all MITRE Enterprise attack patterns from the following text and map them to their corresponding MITRE technique IDs. Provide reasoning for each identification. Ensure the final line contains only the IDs for the main techniques, separated by commas, excluding any subtechnique IDs. MITRE Enterprise IDs are given below as reference.  **Text:** AppleJeus is a malware family of downloaders first discovered in 2018, embedded within trojanized cryptocurrency applications. This malware, attributed to the Lazarus Group, has targeted organizations in various sectors, including energy, finance, government, technology, and telecommunications, across multiple countries such as the United States, United Kingdom, South Korea, Australia, Brazil, New Zealand, and Russia. AppleJeus has been used to distribute the FALLCHILL Remote Access Trojan (RAT). AppleJeus has the capability to present a User Account Control (UAC) prompt to elevate privileges during installation. It communicates with its command and control (C2) server via POST requests and uses shell scripts to execute commands and establish persistence after installation. The malware can install itself as a service and has been observed decoding files received from its C2 server. During installation, AppleJeus uses post-installation scripts to extract a hidden plist file from the application's /Resources folder, which is then executed as a Launch Daemon with elevated permissions. Additionally, it exfiltrates collected host information to its C2 server.  **List of All MITRE Enterprise technique IDs** ID    : Name T1548 : Abuse Elevation Control Mechanism T1134 : Access Token Manipulation T1531 : Account Access Removal T1087 : Account Discovery T1098 : Account Manipulation T1650 : Acquire Access T1583 : Acquire Infrastructure T1595 : Active Scanning T1557 : Adversary-in-the-Middle T1071 : Application Layer Protocol T1010 : Application Window Discovery T1560 : Archive Collected Data T1123 : Audio Capture T1119 : Automated Collection T1020 : Automated Exfiltration T1197 : BITS Jobs T1547 : Boot or Logon Autostart Execution T1037 : Boot or Logon Initialization Scripts T1176 : Browser Extensions T1217 : Browser Information Discovery T1185 : Browser Session Hijacking T1110 : Brute Force T1612 : Build Image on Host T1115 : Clipboard Data T1651 : Cloud Administration Command T1580 : Cloud Infrastructure Discovery T1538 : Cloud Service Dashboard T1526 : Cloud Service Discovery T1619 : Cloud Storage Object Discovery T1059 : Command and Scripting Interpreter T1092 : Communication Through Removable Media T1586 : Compromise Accounts T1554 : Compromise Host Software Binary T1584 : Compromise Infrastructure T1609 : Container Administration Command T1613 : Container and Resource Discovery T1659 : Content Injection T1136 : Create Account T1543 : Create or Modify System Process T1555 : Credentials from Password Stores T1485 : Data Destruction T1132 : Data Encoding T1486 : Data Encrypted for Impact T1530 : Data from Cloud Storage T1602 : Data from Configuration Repository T1213 : Data from Information Repositories T1005 : Data from Local System T1039 : Data from Network Shared Drive T1025 : Data from Removable Media T1565 : Data Manipulation T1001 : Data Obfuscation T1074 : Data Staged T1030 : Data Transfer Size Limits T1622 : Debugger Evasion T1491 : Defacement T1140 : Deobfuscate/Decode Files or Information T1610 : Deploy Container T1587 : Develop Capabilities T1652 : Device Driver Discovery T1006 : Direct Volume Access T1561 : Disk Wipe T1484 : Domain or Tenant Policy Modification T1482 : Domain Trust Discovery T1189 : Drive-by Compromise T1568 : Dynamic Resolution T1114 : Email Collection T1573 : Encrypted Channel T1499 : Endpoint Denial of Service T1611 : Escape to Host T1585 : Establish Accounts T1546 : Event Triggered Execution T1480 : Execution Guardrails T1048 : Exfiltration Over Alternative Protocol T1041 : Exfiltration Over C2 Channel T1011 : Exfiltration Over Other Network Medium T1052 : Exfiltration Over Physical Medium T1567 : Exfiltration Over Web Service T1190 : Exploit Public-Facing Application T1203 : Exploitation for Client Execution T1212 : Exploitation for Credential Access T1211 : Exploitation for Defense Evasion T1068 : Exploitation for Privilege Escalation T1210 : Exploitation of Remote Services T1133 : External Remote Services T1008 : Fallback Channels T1083 : File and Directory Discovery T1222 : File and Directory Permissions Modification T1657 : Financial Theft T1495 : Firmware Corruption T1187 : Forced Authentication T1606 : Forge Web Credentials T1592 : Gather Victim Host Information T1589 : Gather Victim Identity Information T1590 : Gather Victim Network Information T1591 : Gather Victim Org Information T1615 : Group Policy Discovery T1200 : Hardware Additions T1564 : Hide Artifacts T1665 : Hide Infrastructure T1574 : Hijack Execution Flow T1562 : Impair Defenses T1656 : Impersonation T1525 : Implant Internal Image T1070 : Indicator Removal T1202 : Indirect Command Execution T1105 : Ingress Tool Transfer T1490 : Inhibit System Recovery T1056 : Input Capture T1559 : Inter-Process Communication T1534 : Internal Spearphishing T1570 : Lateral Tool Transfer T1654 : Log Enumeration T1036 : Masquerading T1556 : Modify Authentication Process T1578 : Modify Cloud Compute Infrastructure T1112 : Modify Registry T1601 : Modify System Image T1111 : Multi-Factor Authentication Interception T1621 : Multi-Factor Authentication Request Generation T1104 : Multi-Stage Channels T1106 : Native API T1599 : Network Boundary Bridging T1498 : Network Denial of Service T1046 : Network Service Discovery T1135 : Network Share Discovery T1040 : Network Sniffing T1095 : Non-Application Layer Protocol T1571 : Non-Standard Port T1027 : Obfuscated Files or Information T1588 : Obtain Capabilities T1137 : Office Application Startup T1003 : OS Credential Dumping T1201 : Password Policy Discovery T1120 : Peripheral Device Discovery T1069 : Permission Groups Discovery T1566 : Phishing T1598 : Phishing for Information T1647 : Plist File Modification T1653 : Power Settings T1542 : Pre-OS Boot T1057 : Process Discovery T1055 : Process Injection T1572 : Protocol Tunneling T1090 : Proxy T1012 : Query Registry T1620 : Reflective Code Loading T1219 : Remote Access Software T1563 : Remote Service Session Hijacking T1021 : Remote Services T1018 : Remote System Discovery T1091 : Replication Through Removable Media T1496 : Resource Hijacking T1207 : Rogue Domain Controller T1014 : Rootkit T1053 : Scheduled Task/Job T1029 : Scheduled Transfer T1113 : Screen Capture T1597 : Search Closed Sources T1596 : Search Open Technical Databases T1593 : Search Open Websites/Domains T1594 : Search Victim-Owned Websites T1505 : Server Software Component T1648 : Serverless Execution T1489 : Service Stop T1129 : Shared Modules T1072 : Software Deployment Tools T1518 : Software Discovery T1608 : Stage Capabilities T1528 : Steal Application Access Token T1649 : Steal or Forge Authentication Certificates T1558 : Steal or Forge Kerberos Tickets T1539 : Steal Web Session Cookie T1553 : Subvert Trust Controls T1195 : Supply Chain Compromise T1218 : System Binary Proxy Execution T1082 : System Information Discovery T1614 : System Location Discovery T1016 : System Network Configuration Discovery T1049 : System Network Connections Discovery T1033 : System Owner/User Discovery T1216 : System Script Proxy Execution T1007 : System Service Discovery T1569 : System Services T1529 : System Shutdown/Reboot T1124 : System Time Discovery T1080 : Taint Shared Content T1221 : Template Injection T1205 : Traffic Signaling T1537 : Transfer Data to Cloud Account T1127 : Trusted Developer Utilities Proxy Execution T1199 : Trusted Relationship T1552 : Unsecured Credentials T1535 : Unused/Unsupported Cloud Regions T1550 : Use Alternate Authentication Material T1204 : User Execution T1078 : Valid Accounts T1125 : Video Capture T1497 : Virtualization/Sandbox Evasion T1600 : Weaken Encryption T1102 : Web Service T1047 : Windows Management Instrumentation T1220 : XSL Script Processing     ","T1548, T1071, T1059, T1543, T1140, T1546, T1041","After analyzing the provided text, I have identified several MITRE Enterprise attack patterns. Here are the corresponding IDs and a brief explanation for each:

1. **T1548: Abuse Elevation Control Mechanism**: AppleJeus presents a User Account Control (UAC) prompt to elevate privileges during installation.
2. **T1534: Internal Spearphishing**: The malware targets organizations in various sectors, including energy, finance, government, technology, and telecommunications, across multiple countries.
3. **T1059: Command and Scripting Interpreter**: AppleJeus uses shell scripts to execute commands and establish persistence after installation.
4. **T1048: Exfiltration Over Alternative Protocol**: The malware exfiltrates collected host information to its C2 server via POST requests.
5. **T1547: Boot or Logon Autostart Execution**: During installation, AppleJeus uses post-installation scripts to extract a hidden plist file from the application's /Resources folder, which is then executed as a Launch Daemon with elevated permissions.
6. **T1105: Ingress Tool Transfer**: The malware installs itself as a service and has been observed decoding files received from its C2 server.

Main techniques:

T1548, T1534, T1059, T1048, T1547

Note that these IDs only include the main attack patterns and do not include subtechniques."
23,"Extract all MITRE Enterprise attack patterns from the following text and map them to their corresponding MITRE technique IDs. Provide reasoning for each identification. Ensure the final line contains only the IDs for the main techniques, separated by commas, excluding any subtechnique IDs. MITRE Enterprise IDs are given below as reference.  **Text:** AppleSeed is a backdoor used by the Kimsuky group to target South Korean government, academic, and commercial entities since at least 2021.  AppleSeed can escalate its privileges to the system level by passing the SeDebugPrivilege to the AdjustTokenPrivilege API. It communicates with its command and control (C2) server over HTTP and compresses collected data before exfiltration. The malware is capable of automatically gathering data from USB drives, keystrokes, and screen captures prior to exfiltration. For persistence, AppleSeed creates the Registry key `EstsoftAutoUpdate` at `HKCU\Software\Microsoft\Windows\CurrentVersion\RunOnce`. It can also execute its payload via PowerShell, collect data from compromised hosts, and locate and extract information from removable media devices.  **List of All MITRE Enterprise technique IDs** ID    : Name T1548 : Abuse Elevation Control Mechanism T1134 : Access Token Manipulation T1531 : Account Access Removal T1087 : Account Discovery T1098 : Account Manipulation T1650 : Acquire Access T1583 : Acquire Infrastructure T1595 : Active Scanning T1557 : Adversary-in-the-Middle T1071 : Application Layer Protocol T1010 : Application Window Discovery T1560 : Archive Collected Data T1123 : Audio Capture T1119 : Automated Collection T1020 : Automated Exfiltration T1197 : BITS Jobs T1547 : Boot or Logon Autostart Execution T1037 : Boot or Logon Initialization Scripts T1176 : Browser Extensions T1217 : Browser Information Discovery T1185 : Browser Session Hijacking T1110 : Brute Force T1612 : Build Image on Host T1115 : Clipboard Data T1651 : Cloud Administration Command T1580 : Cloud Infrastructure Discovery T1538 : Cloud Service Dashboard T1526 : Cloud Service Discovery T1619 : Cloud Storage Object Discovery T1059 : Command and Scripting Interpreter T1092 : Communication Through Removable Media T1586 : Compromise Accounts T1554 : Compromise Host Software Binary T1584 : Compromise Infrastructure T1609 : Container Administration Command T1613 : Container and Resource Discovery T1659 : Content Injection T1136 : Create Account T1543 : Create or Modify System Process T1555 : Credentials from Password Stores T1485 : Data Destruction T1132 : Data Encoding T1486 : Data Encrypted for Impact T1530 : Data from Cloud Storage T1602 : Data from Configuration Repository T1213 : Data from Information Repositories T1005 : Data from Local System T1039 : Data from Network Shared Drive T1025 : Data from Removable Media T1565 : Data Manipulation T1001 : Data Obfuscation T1074 : Data Staged T1030 : Data Transfer Size Limits T1622 : Debugger Evasion T1491 : Defacement T1140 : Deobfuscate/Decode Files or Information T1610 : Deploy Container T1587 : Develop Capabilities T1652 : Device Driver Discovery T1006 : Direct Volume Access T1561 : Disk Wipe T1484 : Domain or Tenant Policy Modification T1482 : Domain Trust Discovery T1189 : Drive-by Compromise T1568 : Dynamic Resolution T1114 : Email Collection T1573 : Encrypted Channel T1499 : Endpoint Denial of Service T1611 : Escape to Host T1585 : Establish Accounts T1546 : Event Triggered Execution T1480 : Execution Guardrails T1048 : Exfiltration Over Alternative Protocol T1041 : Exfiltration Over C2 Channel T1011 : Exfiltration Over Other Network Medium T1052 : Exfiltration Over Physical Medium T1567 : Exfiltration Over Web Service T1190 : Exploit Public-Facing Application T1203 : Exploitation for Client Execution T1212 : Exploitation for Credential Access T1211 : Exploitation for Defense Evasion T1068 : Exploitation for Privilege Escalation T1210 : Exploitation of Remote Services T1133 : External Remote Services T1008 : Fallback Channels T1083 : File and Directory Discovery T1222 : File and Directory Permissions Modification T1657 : Financial Theft T1495 : Firmware Corruption T1187 : Forced Authentication T1606 : Forge Web Credentials T1592 : Gather Victim Host Information T1589 : Gather Victim Identity Information T1590 : Gather Victim Network Information T1591 : Gather Victim Org Information T1615 : Group Policy Discovery T1200 : Hardware Additions T1564 : Hide Artifacts T1665 : Hide Infrastructure T1574 : Hijack Execution Flow T1562 : Impair Defenses T1656 : Impersonation T1525 : Implant Internal Image T1070 : Indicator Removal T1202 : Indirect Command Execution T1105 : Ingress Tool Transfer T1490 : Inhibit System Recovery T1056 : Input Capture T1559 : Inter-Process Communication T1534 : Internal Spearphishing T1570 : Lateral Tool Transfer T1654 : Log Enumeration T1036 : Masquerading T1556 : Modify Authentication Process T1578 : Modify Cloud Compute Infrastructure T1112 : Modify Registry T1601 : Modify System Image T1111 : Multi-Factor Authentication Interception T1621 : Multi-Factor Authentication Request Generation T1104 : Multi-Stage Channels T1106 : Native API T1599 : Network Boundary Bridging T1498 : Network Denial of Service T1046 : Network Service Discovery T1135 : Network Share Discovery T1040 : Network Sniffing T1095 : Non-Application Layer Protocol T1571 : Non-Standard Port T1027 : Obfuscated Files or Information T1588 : Obtain Capabilities T1137 : Office Application Startup T1003 : OS Credential Dumping T1201 : Password Policy Discovery T1120 : Peripheral Device Discovery T1069 : Permission Groups Discovery T1566 : Phishing T1598 : Phishing for Information T1647 : Plist File Modification T1653 : Power Settings T1542 : Pre-OS Boot T1057 : Process Discovery T1055 : Process Injection T1572 : Protocol Tunneling T1090 : Proxy T1012 : Query Registry T1620 : Reflective Code Loading T1219 : Remote Access Software T1563 : Remote Service Session Hijacking T1021 : Remote Services T1018 : Remote System Discovery T1091 : Replication Through Removable Media T1496 : Resource Hijacking T1207 : Rogue Domain Controller T1014 : Rootkit T1053 : Scheduled Task/Job T1029 : Scheduled Transfer T1113 : Screen Capture T1597 : Search Closed Sources T1596 : Search Open Technical Databases T1593 : Search Open Websites/Domains T1594 : Search Victim-Owned Websites T1505 : Server Software Component T1648 : Serverless Execution T1489 : Service Stop T1129 : Shared Modules T1072 : Software Deployment Tools T1518 : Software Discovery T1608 : Stage Capabilities T1528 : Steal Application Access Token T1649 : Steal or Forge Authentication Certificates T1558 : Steal or Forge Kerberos Tickets T1539 : Steal Web Session Cookie T1553 : Subvert Trust Controls T1195 : Supply Chain Compromise T1218 : System Binary Proxy Execution T1082 : System Information Discovery T1614 : System Location Discovery T1016 : System Network Configuration Discovery T1049 : System Network Connections Discovery T1033 : System Owner/User Discovery T1216 : System Script Proxy Execution T1007 : System Service Discovery T1569 : System Services T1529 : System Shutdown/Reboot T1124 : System Time Discovery T1080 : Taint Shared Content T1221 : Template Injection T1205 : Traffic Signaling T1537 : Transfer Data to Cloud Account T1127 : Trusted Developer Utilities Proxy Execution T1199 : Trusted Relationship T1552 : Unsecured Credentials T1535 : Unused/Unsupported Cloud Regions T1550 : Use Alternate Authentication Material T1204 : User Execution T1078 : Valid Accounts T1125 : Video Capture T1497 : Virtualization/Sandbox Evasion T1600 : Weaken Encryption T1102 : Web Service T1047 : Windows Management Instrumentation T1220 : XSL Script Processing     ","T1134, T1071, T1560, T1119, T1547, T1059, T1005, T1025","After analyzing the text, I identified the following MITRE Enterprise attack patterns:

1. **T1548**: Abuse Elevation Control Mechanism (AppleSeed can escalate its privileges to the system level by passing the SeDebugPrivilege to the AdjustTokenPrivilege API.)
2. **T1134**: Access Token Manipulation (AppleSeed communicates with its command and control server over HTTP and compresses collected data before exfiltration, which involves manipulating access tokens.)
3. **T1547**: Boot or Logon Autostart Execution (AppleSeed creates the Registry key `EstsoftAutoUpdate` at `HKCU\Software\Microsoft\Windows\CurrentVersion\RunOnce`, which allows it to execute on boot or logon.)

Reasoning for each identification:

1. T1548: The description of AppleSeed's privilege escalation mechanism matches the behavior described in T1548.
2. T1134: The manipulation of access tokens for communication and data exfiltration is a key aspect of this attack pattern.
3. T1547: The creation of a Registry key and its association with autostart execution on boot or logon matches the behavior described in T1547.

Main techniques (excluding subtechniques):

T1548, T1134, T1547"
24,"Extract all MITRE Mobile attack patterns from the following text and map them to their corresponding MITRE technique IDs. Provide reasoning for each identification. Ensure the final line contains only the IDs for the main techniques, separated by commas, excluding any subtechnique IDs. MITRE Mobile IDs are given below as reference.  **Text:** Asacub is a banking trojan designed to steal money from victims' bank accounts by initiating wire transfers via SMS from compromised devices. Asacub can request device administrator permissions to enhance its control over the infected device. It communicates with its command and control (C2) server using HTTP POST requests, with C2 communications encrypted using Base64-encoded RC4. The trojan often masquerades as a client of popular free ad services to deceive users. Asacub implements some of its functions in native code and stores encrypted strings within the APK file. It is capable of collecting the device’s contact list, sending SMS messages from compromised devices, and gathering various device information, such as the device model and OS version.  **List of All MITRE Mobile technique IDs** ID    : Name T1626 : Abuse Elevation Control Mechanism T1517 : Access Notifications T1640 : Account Access Removal T1638 : Adversary-in-the-Middle T1437 : Application Layer Protocol T1661 : Application Versioning T1532 : Archive Collected Data T1429 : Audio Capture T1398 : Boot or Logon Initialization Scripts T1616 : Call Control T1414 : Clipboard Data T1623 : Command and Scripting Interpreter T1577 : Compromise Application Executable T1645 : Compromise Client Software Binary T1634 : Credentials from Password Store T1662 : Data Destruction T1471 : Data Encrypted for Impact T1533 : Data from Local System T1641 : Data Manipulation T1407 : Download New Code at Runtime T1456 : Drive-By Compromise T1637 : Dynamic Resolution T1521 : Encrypted Channel T1642 : Endpoint Denial of Service T1624 : Event Triggered Execution T1627 : Execution Guardrails T1639 : Exfiltration Over Alternative Protocol T1646 : Exfiltration Over C2 Channel T1658 : Exploitation for Client Execution T1664 : Exploitation for Initial Access T1404 : Exploitation for Privilege Escalation T1428 : Exploitation of Remote Services T1420 : File and Directory Discovery T1541 : Foreground Persistence T1643 : Generate Traffic from Victim T1628 : Hide Artifacts T1625 : Hijack Execution Flow T1617 : Hooking T1629 : Impair Defenses T1630 : Indicator Removal on Host T1544 : Ingress Tool Transfer T1417 : Input Capture T1516 : Input Injection T1430 : Location Tracking T1461 : Lockscreen Bypass T1655 : Masquerading T1575 : Native API T1464 : Network Denial of Service T1423 : Network Service Scanning T1509 : Non-Standard Port T1406 : Obfuscated Files or Information T1644 : Out of Band Data T1660 : Phishing T1424 : Process Discovery T1631 : Process Injection T1636 : Protected User Data T1604 : Proxy Through Victim T1663 : Remote Access Software T1458 : Replication Through Removable Media T1603 : Scheduled Task/Job T1513 : Screen Capture T1582 : SMS Control T1418 : Software Discovery T1635 : Steal Application Access Token T1409 : Stored Application Data T1632 : Subvert Trust Controls T1474 : Supply Chain Compromise T1426 : System Information Discovery T1422 : System Network Configuration Discovery T1421 : System Network Connections Discovery T1512 : Video Capture T1633 : Virtualization/Sandbox Evasion T1481 : Web Service     ","T1626, T1437, T1532, T1655, T1575, T1406, T1636, T1582, T1426, T1422","After analyzing the text, I extracted the following MITRE Mobile attack patterns:

* T1626: Abuse Elevation Control Mechanism (Asacub requests device administrator permissions to enhance its control over the infected device)
* T1429: Audio Capture (Asacub is capable of collecting various device information, including audio capture)
* T1414: Clipboard Data (Asacub can gather data from the clipboard)
* T1623: Command and Scripting Interpreter (Asacub communicates with its command and control server using HTTP POST requests)
* T1638: Adversary-in-the-Middle (Asacub implements some of its functions in native code and stores encrypted strings within the APK file)
* T1645: Compromise Client Software Binary (Asacub is capable of modifying client software binaries)
* T1616: Call Control (Asacub can send SMS messages from compromised devices)

Here are the main technique IDs, excluding subtechnique IDs:

T1626, T1429, T1414, T1623, T1638, T1645"
25,"Extract all MITRE Enterprise attack patterns from the following text and map them to their corresponding MITRE technique IDs. Provide reasoning for each identification. Ensure the final line contains only the IDs for the main techniques, separated by commas, excluding any subtechnique IDs. MITRE Enterprise IDs are given below as reference.  **Text:** ASPXSpy is a web shell that has been modified by Threat Group-3390 to create a variant known as ASPXTool. This modified version has been deployed by the group on accessible servers running Internet Information Services (IIS).  **List of All MITRE Enterprise technique IDs** ID    : Name T1548 : Abuse Elevation Control Mechanism T1134 : Access Token Manipulation T1531 : Account Access Removal T1087 : Account Discovery T1098 : Account Manipulation T1650 : Acquire Access T1583 : Acquire Infrastructure T1595 : Active Scanning T1557 : Adversary-in-the-Middle T1071 : Application Layer Protocol T1010 : Application Window Discovery T1560 : Archive Collected Data T1123 : Audio Capture T1119 : Automated Collection T1020 : Automated Exfiltration T1197 : BITS Jobs T1547 : Boot or Logon Autostart Execution T1037 : Boot or Logon Initialization Scripts T1176 : Browser Extensions T1217 : Browser Information Discovery T1185 : Browser Session Hijacking T1110 : Brute Force T1612 : Build Image on Host T1115 : Clipboard Data T1651 : Cloud Administration Command T1580 : Cloud Infrastructure Discovery T1538 : Cloud Service Dashboard T1526 : Cloud Service Discovery T1619 : Cloud Storage Object Discovery T1059 : Command and Scripting Interpreter T1092 : Communication Through Removable Media T1586 : Compromise Accounts T1554 : Compromise Host Software Binary T1584 : Compromise Infrastructure T1609 : Container Administration Command T1613 : Container and Resource Discovery T1659 : Content Injection T1136 : Create Account T1543 : Create or Modify System Process T1555 : Credentials from Password Stores T1485 : Data Destruction T1132 : Data Encoding T1486 : Data Encrypted for Impact T1530 : Data from Cloud Storage T1602 : Data from Configuration Repository T1213 : Data from Information Repositories T1005 : Data from Local System T1039 : Data from Network Shared Drive T1025 : Data from Removable Media T1565 : Data Manipulation T1001 : Data Obfuscation T1074 : Data Staged T1030 : Data Transfer Size Limits T1622 : Debugger Evasion T1491 : Defacement T1140 : Deobfuscate/Decode Files or Information T1610 : Deploy Container T1587 : Develop Capabilities T1652 : Device Driver Discovery T1006 : Direct Volume Access T1561 : Disk Wipe T1484 : Domain or Tenant Policy Modification T1482 : Domain Trust Discovery T1189 : Drive-by Compromise T1568 : Dynamic Resolution T1114 : Email Collection T1573 : Encrypted Channel T1499 : Endpoint Denial of Service T1611 : Escape to Host T1585 : Establish Accounts T1546 : Event Triggered Execution T1480 : Execution Guardrails T1048 : Exfiltration Over Alternative Protocol T1041 : Exfiltration Over C2 Channel T1011 : Exfiltration Over Other Network Medium T1052 : Exfiltration Over Physical Medium T1567 : Exfiltration Over Web Service T1190 : Exploit Public-Facing Application T1203 : Exploitation for Client Execution T1212 : Exploitation for Credential Access T1211 : Exploitation for Defense Evasion T1068 : Exploitation for Privilege Escalation T1210 : Exploitation of Remote Services T1133 : External Remote Services T1008 : Fallback Channels T1083 : File and Directory Discovery T1222 : File and Directory Permissions Modification T1657 : Financial Theft T1495 : Firmware Corruption T1187 : Forced Authentication T1606 : Forge Web Credentials T1592 : Gather Victim Host Information T1589 : Gather Victim Identity Information T1590 : Gather Victim Network Information T1591 : Gather Victim Org Information T1615 : Group Policy Discovery T1200 : Hardware Additions T1564 : Hide Artifacts T1665 : Hide Infrastructure T1574 : Hijack Execution Flow T1562 : Impair Defenses T1656 : Impersonation T1525 : Implant Internal Image T1070 : Indicator Removal T1202 : Indirect Command Execution T1105 : Ingress Tool Transfer T1490 : Inhibit System Recovery T1056 : Input Capture T1559 : Inter-Process Communication T1534 : Internal Spearphishing T1570 : Lateral Tool Transfer T1654 : Log Enumeration T1036 : Masquerading T1556 : Modify Authentication Process T1578 : Modify Cloud Compute Infrastructure T1112 : Modify Registry T1601 : Modify System Image T1111 : Multi-Factor Authentication Interception T1621 : Multi-Factor Authentication Request Generation T1104 : Multi-Stage Channels T1106 : Native API T1599 : Network Boundary Bridging T1498 : Network Denial of Service T1046 : Network Service Discovery T1135 : Network Share Discovery T1040 : Network Sniffing T1095 : Non-Application Layer Protocol T1571 : Non-Standard Port T1027 : Obfuscated Files or Information T1588 : Obtain Capabilities T1137 : Office Application Startup T1003 : OS Credential Dumping T1201 : Password Policy Discovery T1120 : Peripheral Device Discovery T1069 : Permission Groups Discovery T1566 : Phishing T1598 : Phishing for Information T1647 : Plist File Modification T1653 : Power Settings T1542 : Pre-OS Boot T1057 : Process Discovery T1055 : Process Injection T1572 : Protocol Tunneling T1090 : Proxy T1012 : Query Registry T1620 : Reflective Code Loading T1219 : Remote Access Software T1563 : Remote Service Session Hijacking T1021 : Remote Services T1018 : Remote System Discovery T1091 : Replication Through Removable Media T1496 : Resource Hijacking T1207 : Rogue Domain Controller T1014 : Rootkit T1053 : Scheduled Task/Job T1029 : Scheduled Transfer T1113 : Screen Capture T1597 : Search Closed Sources T1596 : Search Open Technical Databases T1593 : Search Open Websites/Domains T1594 : Search Victim-Owned Websites T1505 : Server Software Component T1648 : Serverless Execution T1489 : Service Stop T1129 : Shared Modules T1072 : Software Deployment Tools T1518 : Software Discovery T1608 : Stage Capabilities T1528 : Steal Application Access Token T1649 : Steal or Forge Authentication Certificates T1558 : Steal or Forge Kerberos Tickets T1539 : Steal Web Session Cookie T1553 : Subvert Trust Controls T1195 : Supply Chain Compromise T1218 : System Binary Proxy Execution T1082 : System Information Discovery T1614 : System Location Discovery T1016 : System Network Configuration Discovery T1049 : System Network Connections Discovery T1033 : System Owner/User Discovery T1216 : System Script Proxy Execution T1007 : System Service Discovery T1569 : System Services T1529 : System Shutdown/Reboot T1124 : System Time Discovery T1080 : Taint Shared Content T1221 : Template Injection T1205 : Traffic Signaling T1537 : Transfer Data to Cloud Account T1127 : Trusted Developer Utilities Proxy Execution T1199 : Trusted Relationship T1552 : Unsecured Credentials T1535 : Unused/Unsupported Cloud Regions T1550 : Use Alternate Authentication Material T1204 : User Execution T1078 : Valid Accounts T1125 : Video Capture T1497 : Virtualization/Sandbox Evasion T1600 : Weaken Encryption T1102 : Web Service T1047 : Windows Management Instrumentation T1220 : XSL Script Processing     ",T1505,"After analyzing the text, I identified the following MITRE Enterprise attack patterns:

1. **T1548: Abuse Elevation Control Mechanism**: Threat Group-3390 modified ASPXSpy to create a variant, indicating an attempt to abuse elevation control mechanisms.
2. **T1087: Account Discovery**: The group deployed the modified web shell on accessible servers running IIS, likely aiming to discover accounts or credentials.

No other MITRE Enterprise attack patterns were identified in the text.

Here are the main technique IDs (excluding subtechnique IDs), separated by commas:

1548, 1087"
26,"Extract all MITRE Enterprise attack patterns from the following text and map them to their corresponding MITRE technique IDs. Provide reasoning for each identification. Ensure the final line contains only the IDs for the main techniques, separated by commas, excluding any subtechnique IDs. MITRE Enterprise IDs are given below as reference.  **Text:** The `at` command is used to schedule tasks on a system to run at a specified date and time.  **List of All MITRE Enterprise technique IDs** ID    : Name T1548 : Abuse Elevation Control Mechanism T1134 : Access Token Manipulation T1531 : Account Access Removal T1087 : Account Discovery T1098 : Account Manipulation T1650 : Acquire Access T1583 : Acquire Infrastructure T1595 : Active Scanning T1557 : Adversary-in-the-Middle T1071 : Application Layer Protocol T1010 : Application Window Discovery T1560 : Archive Collected Data T1123 : Audio Capture T1119 : Automated Collection T1020 : Automated Exfiltration T1197 : BITS Jobs T1547 : Boot or Logon Autostart Execution T1037 : Boot or Logon Initialization Scripts T1176 : Browser Extensions T1217 : Browser Information Discovery T1185 : Browser Session Hijacking T1110 : Brute Force T1612 : Build Image on Host T1115 : Clipboard Data T1651 : Cloud Administration Command T1580 : Cloud Infrastructure Discovery T1538 : Cloud Service Dashboard T1526 : Cloud Service Discovery T1619 : Cloud Storage Object Discovery T1059 : Command and Scripting Interpreter T1092 : Communication Through Removable Media T1586 : Compromise Accounts T1554 : Compromise Host Software Binary T1584 : Compromise Infrastructure T1609 : Container Administration Command T1613 : Container and Resource Discovery T1659 : Content Injection T1136 : Create Account T1543 : Create or Modify System Process T1555 : Credentials from Password Stores T1485 : Data Destruction T1132 : Data Encoding T1486 : Data Encrypted for Impact T1530 : Data from Cloud Storage T1602 : Data from Configuration Repository T1213 : Data from Information Repositories T1005 : Data from Local System T1039 : Data from Network Shared Drive T1025 : Data from Removable Media T1565 : Data Manipulation T1001 : Data Obfuscation T1074 : Data Staged T1030 : Data Transfer Size Limits T1622 : Debugger Evasion T1491 : Defacement T1140 : Deobfuscate/Decode Files or Information T1610 : Deploy Container T1587 : Develop Capabilities T1652 : Device Driver Discovery T1006 : Direct Volume Access T1561 : Disk Wipe T1484 : Domain or Tenant Policy Modification T1482 : Domain Trust Discovery T1189 : Drive-by Compromise T1568 : Dynamic Resolution T1114 : Email Collection T1573 : Encrypted Channel T1499 : Endpoint Denial of Service T1611 : Escape to Host T1585 : Establish Accounts T1546 : Event Triggered Execution T1480 : Execution Guardrails T1048 : Exfiltration Over Alternative Protocol T1041 : Exfiltration Over C2 Channel T1011 : Exfiltration Over Other Network Medium T1052 : Exfiltration Over Physical Medium T1567 : Exfiltration Over Web Service T1190 : Exploit Public-Facing Application T1203 : Exploitation for Client Execution T1212 : Exploitation for Credential Access T1211 : Exploitation for Defense Evasion T1068 : Exploitation for Privilege Escalation T1210 : Exploitation of Remote Services T1133 : External Remote Services T1008 : Fallback Channels T1083 : File and Directory Discovery T1222 : File and Directory Permissions Modification T1657 : Financial Theft T1495 : Firmware Corruption T1187 : Forced Authentication T1606 : Forge Web Credentials T1592 : Gather Victim Host Information T1589 : Gather Victim Identity Information T1590 : Gather Victim Network Information T1591 : Gather Victim Org Information T1615 : Group Policy Discovery T1200 : Hardware Additions T1564 : Hide Artifacts T1665 : Hide Infrastructure T1574 : Hijack Execution Flow T1562 : Impair Defenses T1656 : Impersonation T1525 : Implant Internal Image T1070 : Indicator Removal T1202 : Indirect Command Execution T1105 : Ingress Tool Transfer T1490 : Inhibit System Recovery T1056 : Input Capture T1559 : Inter-Process Communication T1534 : Internal Spearphishing T1570 : Lateral Tool Transfer T1654 : Log Enumeration T1036 : Masquerading T1556 : Modify Authentication Process T1578 : Modify Cloud Compute Infrastructure T1112 : Modify Registry T1601 : Modify System Image T1111 : Multi-Factor Authentication Interception T1621 : Multi-Factor Authentication Request Generation T1104 : Multi-Stage Channels T1106 : Native API T1599 : Network Boundary Bridging T1498 : Network Denial of Service T1046 : Network Service Discovery T1135 : Network Share Discovery T1040 : Network Sniffing T1095 : Non-Application Layer Protocol T1571 : Non-Standard Port T1027 : Obfuscated Files or Information T1588 : Obtain Capabilities T1137 : Office Application Startup T1003 : OS Credential Dumping T1201 : Password Policy Discovery T1120 : Peripheral Device Discovery T1069 : Permission Groups Discovery T1566 : Phishing T1598 : Phishing for Information T1647 : Plist File Modification T1653 : Power Settings T1542 : Pre-OS Boot T1057 : Process Discovery T1055 : Process Injection T1572 : Protocol Tunneling T1090 : Proxy T1012 : Query Registry T1620 : Reflective Code Loading T1219 : Remote Access Software T1563 : Remote Service Session Hijacking T1021 : Remote Services T1018 : Remote System Discovery T1091 : Replication Through Removable Media T1496 : Resource Hijacking T1207 : Rogue Domain Controller T1014 : Rootkit T1053 : Scheduled Task/Job T1029 : Scheduled Transfer T1113 : Screen Capture T1597 : Search Closed Sources T1596 : Search Open Technical Databases T1593 : Search Open Websites/Domains T1594 : Search Victim-Owned Websites T1505 : Server Software Component T1648 : Serverless Execution T1489 : Service Stop T1129 : Shared Modules T1072 : Software Deployment Tools T1518 : Software Discovery T1608 : Stage Capabilities T1528 : Steal Application Access Token T1649 : Steal or Forge Authentication Certificates T1558 : Steal or Forge Kerberos Tickets T1539 : Steal Web Session Cookie T1553 : Subvert Trust Controls T1195 : Supply Chain Compromise T1218 : System Binary Proxy Execution T1082 : System Information Discovery T1614 : System Location Discovery T1016 : System Network Configuration Discovery T1049 : System Network Connections Discovery T1033 : System Owner/User Discovery T1216 : System Script Proxy Execution T1007 : System Service Discovery T1569 : System Services T1529 : System Shutdown/Reboot T1124 : System Time Discovery T1080 : Taint Shared Content T1221 : Template Injection T1205 : Traffic Signaling T1537 : Transfer Data to Cloud Account T1127 : Trusted Developer Utilities Proxy Execution T1199 : Trusted Relationship T1552 : Unsecured Credentials T1535 : Unused/Unsupported Cloud Regions T1550 : Use Alternate Authentication Material T1204 : User Execution T1078 : Valid Accounts T1125 : Video Capture T1497 : Virtualization/Sandbox Evasion T1600 : Weaken Encryption T1102 : Web Service T1047 : Windows Management Instrumentation T1220 : XSL Script Processing     ",T1053,"After analyzing the provided text, I identified the following MITRE Enterprise attack patterns:

1. **T1548: Abuse Elevation Control Mechanism**: The `at` command is used to schedule tasks on a system to run at a specified date and time, which can potentially abuse elevation control mechanisms.
2. **T1098: Account Manipulation**: The text implies that the attacker may manipulate account information or credentials to gain unauthorized access.

These are the only two MITRE Enterprise attack patterns that can be identified from the provided text.

Main techniques:
T1548, T1098"
27,"Extract all MITRE Enterprise attack patterns from the following text and map them to their corresponding MITRE technique IDs. Provide reasoning for each identification. Ensure the final line contains only the IDs for the main techniques, separated by commas, excluding any subtechnique IDs. MITRE Enterprise IDs are given below as reference.  **Text:** AuTo Stealer is malware written in C++ that has been used by SideCopy since at least December 2021 to target government agencies and personnel in India and Afghanistan. AuTo Stealer communicates with its command and control (C2) servers using HTTP or TCP. It maintains persistence by placing malicious executables in the AutoRun registry key or StartUp directory, depending on the installed antivirus (AV) product. The malware can execute a batch file using `cmd.exe`. AuTo Stealer is capable of collecting various types of data from an infected machine, including PowerPoint files, Word documents, Excel files, PDF files, text files, database files, and image files. This collected data is stored in a file named `Hostname_UserName.txt` before exfiltration. The malware then exfiltrates the data to actor-controlled C2 servers via HTTP or TCP. Additionally, AuTo Stealer can gather information about the installed AV products on an infected host.  **List of All MITRE Enterprise technique IDs** ID    : Name T1548 : Abuse Elevation Control Mechanism T1134 : Access Token Manipulation T1531 : Account Access Removal T1087 : Account Discovery T1098 : Account Manipulation T1650 : Acquire Access T1583 : Acquire Infrastructure T1595 : Active Scanning T1557 : Adversary-in-the-Middle T1071 : Application Layer Protocol T1010 : Application Window Discovery T1560 : Archive Collected Data T1123 : Audio Capture T1119 : Automated Collection T1020 : Automated Exfiltration T1197 : BITS Jobs T1547 : Boot or Logon Autostart Execution T1037 : Boot or Logon Initialization Scripts T1176 : Browser Extensions T1217 : Browser Information Discovery T1185 : Browser Session Hijacking T1110 : Brute Force T1612 : Build Image on Host T1115 : Clipboard Data T1651 : Cloud Administration Command T1580 : Cloud Infrastructure Discovery T1538 : Cloud Service Dashboard T1526 : Cloud Service Discovery T1619 : Cloud Storage Object Discovery T1059 : Command and Scripting Interpreter T1092 : Communication Through Removable Media T1586 : Compromise Accounts T1554 : Compromise Host Software Binary T1584 : Compromise Infrastructure T1609 : Container Administration Command T1613 : Container and Resource Discovery T1659 : Content Injection T1136 : Create Account T1543 : Create or Modify System Process T1555 : Credentials from Password Stores T1485 : Data Destruction T1132 : Data Encoding T1486 : Data Encrypted for Impact T1530 : Data from Cloud Storage T1602 : Data from Configuration Repository T1213 : Data from Information Repositories T1005 : Data from Local System T1039 : Data from Network Shared Drive T1025 : Data from Removable Media T1565 : Data Manipulation T1001 : Data Obfuscation T1074 : Data Staged T1030 : Data Transfer Size Limits T1622 : Debugger Evasion T1491 : Defacement T1140 : Deobfuscate/Decode Files or Information T1610 : Deploy Container T1587 : Develop Capabilities T1652 : Device Driver Discovery T1006 : Direct Volume Access T1561 : Disk Wipe T1484 : Domain or Tenant Policy Modification T1482 : Domain Trust Discovery T1189 : Drive-by Compromise T1568 : Dynamic Resolution T1114 : Email Collection T1573 : Encrypted Channel T1499 : Endpoint Denial of Service T1611 : Escape to Host T1585 : Establish Accounts T1546 : Event Triggered Execution T1480 : Execution Guardrails T1048 : Exfiltration Over Alternative Protocol T1041 : Exfiltration Over C2 Channel T1011 : Exfiltration Over Other Network Medium T1052 : Exfiltration Over Physical Medium T1567 : Exfiltration Over Web Service T1190 : Exploit Public-Facing Application T1203 : Exploitation for Client Execution T1212 : Exploitation for Credential Access T1211 : Exploitation for Defense Evasion T1068 : Exploitation for Privilege Escalation T1210 : Exploitation of Remote Services T1133 : External Remote Services T1008 : Fallback Channels T1083 : File and Directory Discovery T1222 : File and Directory Permissions Modification T1657 : Financial Theft T1495 : Firmware Corruption T1187 : Forced Authentication T1606 : Forge Web Credentials T1592 : Gather Victim Host Information T1589 : Gather Victim Identity Information T1590 : Gather Victim Network Information T1591 : Gather Victim Org Information T1615 : Group Policy Discovery T1200 : Hardware Additions T1564 : Hide Artifacts T1665 : Hide Infrastructure T1574 : Hijack Execution Flow T1562 : Impair Defenses T1656 : Impersonation T1525 : Implant Internal Image T1070 : Indicator Removal T1202 : Indirect Command Execution T1105 : Ingress Tool Transfer T1490 : Inhibit System Recovery T1056 : Input Capture T1559 : Inter-Process Communication T1534 : Internal Spearphishing T1570 : Lateral Tool Transfer T1654 : Log Enumeration T1036 : Masquerading T1556 : Modify Authentication Process T1578 : Modify Cloud Compute Infrastructure T1112 : Modify Registry T1601 : Modify System Image T1111 : Multi-Factor Authentication Interception T1621 : Multi-Factor Authentication Request Generation T1104 : Multi-Stage Channels T1106 : Native API T1599 : Network Boundary Bridging T1498 : Network Denial of Service T1046 : Network Service Discovery T1135 : Network Share Discovery T1040 : Network Sniffing T1095 : Non-Application Layer Protocol T1571 : Non-Standard Port T1027 : Obfuscated Files or Information T1588 : Obtain Capabilities T1137 : Office Application Startup T1003 : OS Credential Dumping T1201 : Password Policy Discovery T1120 : Peripheral Device Discovery T1069 : Permission Groups Discovery T1566 : Phishing T1598 : Phishing for Information T1647 : Plist File Modification T1653 : Power Settings T1542 : Pre-OS Boot T1057 : Process Discovery T1055 : Process Injection T1572 : Protocol Tunneling T1090 : Proxy T1012 : Query Registry T1620 : Reflective Code Loading T1219 : Remote Access Software T1563 : Remote Service Session Hijacking T1021 : Remote Services T1018 : Remote System Discovery T1091 : Replication Through Removable Media T1496 : Resource Hijacking T1207 : Rogue Domain Controller T1014 : Rootkit T1053 : Scheduled Task/Job T1029 : Scheduled Transfer T1113 : Screen Capture T1597 : Search Closed Sources T1596 : Search Open Technical Databases T1593 : Search Open Websites/Domains T1594 : Search Victim-Owned Websites T1505 : Server Software Component T1648 : Serverless Execution T1489 : Service Stop T1129 : Shared Modules T1072 : Software Deployment Tools T1518 : Software Discovery T1608 : Stage Capabilities T1528 : Steal Application Access Token T1649 : Steal or Forge Authentication Certificates T1558 : Steal or Forge Kerberos Tickets T1539 : Steal Web Session Cookie T1553 : Subvert Trust Controls T1195 : Supply Chain Compromise T1218 : System Binary Proxy Execution T1082 : System Information Discovery T1614 : System Location Discovery T1016 : System Network Configuration Discovery T1049 : System Network Connections Discovery T1033 : System Owner/User Discovery T1216 : System Script Proxy Execution T1007 : System Service Discovery T1569 : System Services T1529 : System Shutdown/Reboot T1124 : System Time Discovery T1080 : Taint Shared Content T1221 : Template Injection T1205 : Traffic Signaling T1537 : Transfer Data to Cloud Account T1127 : Trusted Developer Utilities Proxy Execution T1199 : Trusted Relationship T1552 : Unsecured Credentials T1535 : Unused/Unsupported Cloud Regions T1550 : Use Alternate Authentication Material T1204 : User Execution T1078 : Valid Accounts T1125 : Video Capture T1497 : Virtualization/Sandbox Evasion T1600 : Weaken Encryption T1102 : Web Service T1047 : Windows Management Instrumentation T1220 : XSL Script Processing     ","T1071, T1547, T1059, T1005, T1074, T1041, T1095, T1518","After analyzing the text, I extracted the following MITRE Enterprise attack patterns and mapped them to their corresponding technique IDs:

1. **Persistence**: AuTo Stealer maintains persistence by placing malicious executables in the AutoRun registry key or StartUp directory, depending on the installed antivirus (AV) product.

Mapped ID: T1547 - Boot or Logon Autostart Execution

2. **Data Collection**: The malware can collect various types of data from an infected machine, including PowerPoint files, Word documents, Excel files, PDF files, text files, database files, and image files.

Mapped IDs:
- T1025 - Data from Removable Media
- T1039 - Data from Network Shared Drive
- T1005 - Data from Local System

3. **Data Exfiltration**: The collected data is stored in a file named `Hostname_UserName.txt` before exfiltration to actor-controlled C2 servers via HTTP or TCP.

Mapped IDs:
- T1048 - Exfiltration Over Alternative Protocol
- T1041 - Exfiltration Over C2 Channel

4. **Adversary-in-the-Middle**: The malware gathers information about the installed AV products on an infected host, which is typical of an Adversary-in-the-Middle (AitM) attack.

Mapped ID: T1557 - Adversary-in-the-Middle

Main technique IDs:

T1547, T1048, T1041, T1557"
28,"Extract all MITRE Enterprise attack patterns from the following text and map them to their corresponding MITRE technique IDs. Provide reasoning for each identification. Ensure the final line contains only the IDs for the main techniques, separated by commas, excluding any subtechnique IDs. MITRE Enterprise IDs are given below as reference.  **Text:** The AutoIt backdoor is malware used by the threat actors behind the MONSOON campaign. It was frequently deployed via weaponized .pps files exploiting CVE-2014-6352. This malware leverages the legitimate AutoIt scripting language, designed for Windows GUI automation, for malicious purposes. The AutoIt backdoor attempts to escalate privileges by bypassing User Account Control (UAC). It downloads a PowerShell script that decodes into a standard shellcode loader and communicates with its command and control (C2) server using base64-encoded responses. Additionally, the backdoor is capable of identifying and targeting documents on the victim's system with specific extensions, including .doc, .pdf, .csv, .ppt, .docx, .pst, .xls, .xlsx, .pptx, and .jpeg.  **List of All MITRE Enterprise technique IDs** ID    : Name T1548 : Abuse Elevation Control Mechanism T1134 : Access Token Manipulation T1531 : Account Access Removal T1087 : Account Discovery T1098 : Account Manipulation T1650 : Acquire Access T1583 : Acquire Infrastructure T1595 : Active Scanning T1557 : Adversary-in-the-Middle T1071 : Application Layer Protocol T1010 : Application Window Discovery T1560 : Archive Collected Data T1123 : Audio Capture T1119 : Automated Collection T1020 : Automated Exfiltration T1197 : BITS Jobs T1547 : Boot or Logon Autostart Execution T1037 : Boot or Logon Initialization Scripts T1176 : Browser Extensions T1217 : Browser Information Discovery T1185 : Browser Session Hijacking T1110 : Brute Force T1612 : Build Image on Host T1115 : Clipboard Data T1651 : Cloud Administration Command T1580 : Cloud Infrastructure Discovery T1538 : Cloud Service Dashboard T1526 : Cloud Service Discovery T1619 : Cloud Storage Object Discovery T1059 : Command and Scripting Interpreter T1092 : Communication Through Removable Media T1586 : Compromise Accounts T1554 : Compromise Host Software Binary T1584 : Compromise Infrastructure T1609 : Container Administration Command T1613 : Container and Resource Discovery T1659 : Content Injection T1136 : Create Account T1543 : Create or Modify System Process T1555 : Credentials from Password Stores T1485 : Data Destruction T1132 : Data Encoding T1486 : Data Encrypted for Impact T1530 : Data from Cloud Storage T1602 : Data from Configuration Repository T1213 : Data from Information Repositories T1005 : Data from Local System T1039 : Data from Network Shared Drive T1025 : Data from Removable Media T1565 : Data Manipulation T1001 : Data Obfuscation T1074 : Data Staged T1030 : Data Transfer Size Limits T1622 : Debugger Evasion T1491 : Defacement T1140 : Deobfuscate/Decode Files or Information T1610 : Deploy Container T1587 : Develop Capabilities T1652 : Device Driver Discovery T1006 : Direct Volume Access T1561 : Disk Wipe T1484 : Domain or Tenant Policy Modification T1482 : Domain Trust Discovery T1189 : Drive-by Compromise T1568 : Dynamic Resolution T1114 : Email Collection T1573 : Encrypted Channel T1499 : Endpoint Denial of Service T1611 : Escape to Host T1585 : Establish Accounts T1546 : Event Triggered Execution T1480 : Execution Guardrails T1048 : Exfiltration Over Alternative Protocol T1041 : Exfiltration Over C2 Channel T1011 : Exfiltration Over Other Network Medium T1052 : Exfiltration Over Physical Medium T1567 : Exfiltration Over Web Service T1190 : Exploit Public-Facing Application T1203 : Exploitation for Client Execution T1212 : Exploitation for Credential Access T1211 : Exploitation for Defense Evasion T1068 : Exploitation for Privilege Escalation T1210 : Exploitation of Remote Services T1133 : External Remote Services T1008 : Fallback Channels T1083 : File and Directory Discovery T1222 : File and Directory Permissions Modification T1657 : Financial Theft T1495 : Firmware Corruption T1187 : Forced Authentication T1606 : Forge Web Credentials T1592 : Gather Victim Host Information T1589 : Gather Victim Identity Information T1590 : Gather Victim Network Information T1591 : Gather Victim Org Information T1615 : Group Policy Discovery T1200 : Hardware Additions T1564 : Hide Artifacts T1665 : Hide Infrastructure T1574 : Hijack Execution Flow T1562 : Impair Defenses T1656 : Impersonation T1525 : Implant Internal Image T1070 : Indicator Removal T1202 : Indirect Command Execution T1105 : Ingress Tool Transfer T1490 : Inhibit System Recovery T1056 : Input Capture T1559 : Inter-Process Communication T1534 : Internal Spearphishing T1570 : Lateral Tool Transfer T1654 : Log Enumeration T1036 : Masquerading T1556 : Modify Authentication Process T1578 : Modify Cloud Compute Infrastructure T1112 : Modify Registry T1601 : Modify System Image T1111 : Multi-Factor Authentication Interception T1621 : Multi-Factor Authentication Request Generation T1104 : Multi-Stage Channels T1106 : Native API T1599 : Network Boundary Bridging T1498 : Network Denial of Service T1046 : Network Service Discovery T1135 : Network Share Discovery T1040 : Network Sniffing T1095 : Non-Application Layer Protocol T1571 : Non-Standard Port T1027 : Obfuscated Files or Information T1588 : Obtain Capabilities T1137 : Office Application Startup T1003 : OS Credential Dumping T1201 : Password Policy Discovery T1120 : Peripheral Device Discovery T1069 : Permission Groups Discovery T1566 : Phishing T1598 : Phishing for Information T1647 : Plist File Modification T1653 : Power Settings T1542 : Pre-OS Boot T1057 : Process Discovery T1055 : Process Injection T1572 : Protocol Tunneling T1090 : Proxy T1012 : Query Registry T1620 : Reflective Code Loading T1219 : Remote Access Software T1563 : Remote Service Session Hijacking T1021 : Remote Services T1018 : Remote System Discovery T1091 : Replication Through Removable Media T1496 : Resource Hijacking T1207 : Rogue Domain Controller T1014 : Rootkit T1053 : Scheduled Task/Job T1029 : Scheduled Transfer T1113 : Screen Capture T1597 : Search Closed Sources T1596 : Search Open Technical Databases T1593 : Search Open Websites/Domains T1594 : Search Victim-Owned Websites T1505 : Server Software Component T1648 : Serverless Execution T1489 : Service Stop T1129 : Shared Modules T1072 : Software Deployment Tools T1518 : Software Discovery T1608 : Stage Capabilities T1528 : Steal Application Access Token T1649 : Steal or Forge Authentication Certificates T1558 : Steal or Forge Kerberos Tickets T1539 : Steal Web Session Cookie T1553 : Subvert Trust Controls T1195 : Supply Chain Compromise T1218 : System Binary Proxy Execution T1082 : System Information Discovery T1614 : System Location Discovery T1016 : System Network Configuration Discovery T1049 : System Network Connections Discovery T1033 : System Owner/User Discovery T1216 : System Script Proxy Execution T1007 : System Service Discovery T1569 : System Services T1529 : System Shutdown/Reboot T1124 : System Time Discovery T1080 : Taint Shared Content T1221 : Template Injection T1205 : Traffic Signaling T1537 : Transfer Data to Cloud Account T1127 : Trusted Developer Utilities Proxy Execution T1199 : Trusted Relationship T1552 : Unsecured Credentials T1535 : Unused/Unsupported Cloud Regions T1550 : Use Alternate Authentication Material T1204 : User Execution T1078 : Valid Accounts T1125 : Video Capture T1497 : Virtualization/Sandbox Evasion T1600 : Weaken Encryption T1102 : Web Service T1047 : Windows Management Instrumentation T1220 : XSL Script Processing     ","T1548, T1059, T1132, T1083","After analyzing the text, I extracted the following MITRE Enterprise attack patterns and mapped them to their corresponding IDs:

1. The AutoIt backdoor attempts to escalate privileges by bypassing User Account Control (UAC). -> **T1548: Abuse Elevation Control Mechanism**
2. It downloads a PowerShell script that decodes into a standard shellcode loader. -> **T1059: Command and Scripting Interpreter**
3. The backdoor communicates with its command and control (C2) server using base64-encoded responses. -> **T1041: Exfiltration Over C2 Channel**
4. It identifies and targets documents on the victim's system with specific extensions. -> **T1213: Data from Information Repositories** (subtechnique T1225: Discovery of Sensitive Information)

The main techniques identified are:

T1548, T1059, T1041"
29,"Extract all MITRE Enterprise attack patterns from the following text and map them to their corresponding MITRE technique IDs. Provide reasoning for each identification. Ensure the final line contains only the IDs for the main techniques, separated by commas, excluding any subtechnique IDs. MITRE Enterprise IDs are given below as reference.  **Text:** WellMail is a lightweight malware written in Golang used by APT29, similar in design and structure to WellMess. WellMail can archive files on the compromised host. WellMail can exfiltrate files from the victim machine. WellMail can decompress scripts received from C2. WellMail can use hard coded client and certificate authority certificates to communicate with C2 over mutual TLS. WellMail can receive data and executable scripts from C2. WellMail can use TCP for C2 communications. WellMail has been observed using TCP port 25, without using SMTP, to leverage an open port for secure command and control communications. WellMail can identify the IP address of the victim system. WellMail can identify the current username on the victim system.[1]  **List of All MITRE Enterprise technique IDs** ID    : Name T1548 : Abuse Elevation Control Mechanism T1134 : Access Token Manipulation T1531 : Account Access Removal T1087 : Account Discovery T1098 : Account Manipulation T1650 : Acquire Access T1583 : Acquire Infrastructure T1595 : Active Scanning T1557 : Adversary-in-the-Middle T1071 : Application Layer Protocol T1010 : Application Window Discovery T1560 : Archive Collected Data T1123 : Audio Capture T1119 : Automated Collection T1020 : Automated Exfiltration T1197 : BITS Jobs T1547 : Boot or Logon Autostart Execution T1037 : Boot or Logon Initialization Scripts T1176 : Browser Extensions T1217 : Browser Information Discovery T1185 : Browser Session Hijacking T1110 : Brute Force T1612 : Build Image on Host T1115 : Clipboard Data T1651 : Cloud Administration Command T1580 : Cloud Infrastructure Discovery T1538 : Cloud Service Dashboard T1526 : Cloud Service Discovery T1619 : Cloud Storage Object Discovery T1059 : Command and Scripting Interpreter T1092 : Communication Through Removable Media T1586 : Compromise Accounts T1554 : Compromise Host Software Binary T1584 : Compromise Infrastructure T1609 : Container Administration Command T1613 : Container and Resource Discovery T1659 : Content Injection T1136 : Create Account T1543 : Create or Modify System Process T1555 : Credentials from Password Stores T1485 : Data Destruction T1132 : Data Encoding T1486 : Data Encrypted for Impact T1530 : Data from Cloud Storage T1602 : Data from Configuration Repository T1213 : Data from Information Repositories T1005 : Data from Local System T1039 : Data from Network Shared Drive T1025 : Data from Removable Media T1565 : Data Manipulation T1001 : Data Obfuscation T1074 : Data Staged T1030 : Data Transfer Size Limits T1622 : Debugger Evasion T1491 : Defacement T1140 : Deobfuscate/Decode Files or Information T1610 : Deploy Container T1587 : Develop Capabilities T1652 : Device Driver Discovery T1006 : Direct Volume Access T1561 : Disk Wipe T1484 : Domain or Tenant Policy Modification T1482 : Domain Trust Discovery T1189 : Drive-by Compromise T1568 : Dynamic Resolution T1114 : Email Collection T1573 : Encrypted Channel T1499 : Endpoint Denial of Service T1611 : Escape to Host T1585 : Establish Accounts T1546 : Event Triggered Execution T1480 : Execution Guardrails T1048 : Exfiltration Over Alternative Protocol T1041 : Exfiltration Over C2 Channel T1011 : Exfiltration Over Other Network Medium T1052 : Exfiltration Over Physical Medium T1567 : Exfiltration Over Web Service T1190 : Exploit Public-Facing Application T1203 : Exploitation for Client Execution T1212 : Exploitation for Credential Access T1211 : Exploitation for Defense Evasion T1068 : Exploitation for Privilege Escalation T1210 : Exploitation of Remote Services T1133 : External Remote Services T1008 : Fallback Channels T1083 : File and Directory Discovery T1222 : File and Directory Permissions Modification T1657 : Financial Theft T1495 : Firmware Corruption T1187 : Forced Authentication T1606 : Forge Web Credentials T1592 : Gather Victim Host Information T1589 : Gather Victim Identity Information T1590 : Gather Victim Network Information T1591 : Gather Victim Org Information T1615 : Group Policy Discovery T1200 : Hardware Additions T1564 : Hide Artifacts T1665 : Hide Infrastructure T1574 : Hijack Execution Flow T1562 : Impair Defenses T1656 : Impersonation T1525 : Implant Internal Image T1070 : Indicator Removal T1202 : Indirect Command Execution T1105 : Ingress Tool Transfer T1490 : Inhibit System Recovery T1056 : Input Capture T1559 : Inter-Process Communication T1534 : Internal Spearphishing T1570 : Lateral Tool Transfer T1654 : Log Enumeration T1036 : Masquerading T1556 : Modify Authentication Process T1578 : Modify Cloud Compute Infrastructure T1112 : Modify Registry T1601 : Modify System Image T1111 : Multi-Factor Authentication Interception T1621 : Multi-Factor Authentication Request Generation T1104 : Multi-Stage Channels T1106 : Native API T1599 : Network Boundary Bridging T1498 : Network Denial of Service T1046 : Network Service Discovery T1135 : Network Share Discovery T1040 : Network Sniffing T1095 : Non-Application Layer Protocol T1571 : Non-Standard Port T1027 : Obfuscated Files or Information T1588 : Obtain Capabilities T1137 : Office Application Startup T1003 : OS Credential Dumping T1201 : Password Policy Discovery T1120 : Peripheral Device Discovery T1069 : Permission Groups Discovery T1566 : Phishing T1598 : Phishing for Information T1647 : Plist File Modification T1653 : Power Settings T1542 : Pre-OS Boot T1057 : Process Discovery T1055 : Process Injection T1572 : Protocol Tunneling T1090 : Proxy T1012 : Query Registry T1620 : Reflective Code Loading T1219 : Remote Access Software T1563 : Remote Service Session Hijacking T1021 : Remote Services T1018 : Remote System Discovery T1091 : Replication Through Removable Media T1496 : Resource Hijacking T1207 : Rogue Domain Controller T1014 : Rootkit T1053 : Scheduled Task/Job T1029 : Scheduled Transfer T1113 : Screen Capture T1597 : Search Closed Sources T1596 : Search Open Technical Databases T1593 : Search Open Websites/Domains T1594 : Search Victim-Owned Websites T1505 : Server Software Component T1648 : Serverless Execution T1489 : Service Stop T1129 : Shared Modules T1072 : Software Deployment Tools T1518 : Software Discovery T1608 : Stage Capabilities T1528 : Steal Application Access Token T1649 : Steal or Forge Authentication Certificates T1558 : Steal or Forge Kerberos Tickets T1539 : Steal Web Session Cookie T1553 : Subvert Trust Controls T1195 : Supply Chain Compromise T1218 : System Binary Proxy Execution T1082 : System Information Discovery T1614 : System Location Discovery T1016 : System Network Configuration Discovery T1049 : System Network Connections Discovery T1033 : System Owner/User Discovery T1216 : System Script Proxy Execution T1007 : System Service Discovery T1569 : System Services T1529 : System Shutdown/Reboot T1124 : System Time Discovery T1080 : Taint Shared Content T1221 : Template Injection T1205 : Traffic Signaling T1537 : Transfer Data to Cloud Account T1127 : Trusted Developer Utilities Proxy Execution T1199 : Trusted Relationship T1552 : Unsecured Credentials T1535 : Unused/Unsupported Cloud Regions T1550 : Use Alternate Authentication Material T1204 : User Execution T1078 : Valid Accounts T1125 : Video Capture T1497 : Virtualization/Sandbox Evasion T1600 : Weaken Encryption T1102 : Web Service T1047 : Windows Management Instrumentation T1220 : XSL Script Processing     ","T1560, T1005, T1140, T1573, T1105, T1095, T1571, T1016, T1033","After analyzing the text, I extracted the following MITRE Enterprise attack patterns:

1. T1005: Data from Local System (WellMail can archive files on the compromised host.)
2. T1554: Compromise Host Software Binary (WellMail can decompress scripts received from C2.)
3. T1048: Exfiltration Over Alternative Protocol (WellMail can exfiltrate files from the victim machine.)
4. T1010: Application Window Discovery (WellMail can identify the IP address of the victim system.)
5. T1087: Account Discovery (WellMail can identify the current username on the victim system.)

Here are the main technique IDs, excluding subtechnique IDs:

T1005, T1554, T1048, T1010, T1087

Note that some of these techniques may be subtechniques of more general categories. For example, T1005 is a subtechnique of T1560: Archive Collected Data."
30,"Extract all MITRE Enterprise attack patterns from the following text and map them to their corresponding MITRE technique IDs. Provide reasoning for each identification. Ensure the final line contains only the IDs for the main techniques, separated by commas, excluding any subtechnique IDs. MITRE Enterprise IDs are given below as reference.  **Text:** PITSTOP is a backdoor deployed on compromised Ivanti Connect Secure VPNs during the Cutting Edge campaign, enabling command execution and file read/write operations. PITSTOP can receive shell commands over a Unix domain socket and deobfuscate base64 encoded and AES encrypted commands. It communicates securely over TLS and listens on the Unix domain socket located at `/data/runtime/cockpit/wd.fd`. Additionally, PITSTOP can evaluate incoming commands on the domain socket created by the PITHOOK malware, specifically searching for a predefined magic byte sequence, and then duplicate the socket for further communication over TLS.  **List of All MITRE Enterprise technique IDs** ID    : Name T1548 : Abuse Elevation Control Mechanism T1134 : Access Token Manipulation T1531 : Account Access Removal T1087 : Account Discovery T1098 : Account Manipulation T1650 : Acquire Access T1583 : Acquire Infrastructure T1595 : Active Scanning T1557 : Adversary-in-the-Middle T1071 : Application Layer Protocol T1010 : Application Window Discovery T1560 : Archive Collected Data T1123 : Audio Capture T1119 : Automated Collection T1020 : Automated Exfiltration T1197 : BITS Jobs T1547 : Boot or Logon Autostart Execution T1037 : Boot or Logon Initialization Scripts T1176 : Browser Extensions T1217 : Browser Information Discovery T1185 : Browser Session Hijacking T1110 : Brute Force T1612 : Build Image on Host T1115 : Clipboard Data T1651 : Cloud Administration Command T1580 : Cloud Infrastructure Discovery T1538 : Cloud Service Dashboard T1526 : Cloud Service Discovery T1619 : Cloud Storage Object Discovery T1059 : Command and Scripting Interpreter T1092 : Communication Through Removable Media T1586 : Compromise Accounts T1554 : Compromise Host Software Binary T1584 : Compromise Infrastructure T1609 : Container Administration Command T1613 : Container and Resource Discovery T1659 : Content Injection T1136 : Create Account T1543 : Create or Modify System Process T1555 : Credentials from Password Stores T1485 : Data Destruction T1132 : Data Encoding T1486 : Data Encrypted for Impact T1530 : Data from Cloud Storage T1602 : Data from Configuration Repository T1213 : Data from Information Repositories T1005 : Data from Local System T1039 : Data from Network Shared Drive T1025 : Data from Removable Media T1565 : Data Manipulation T1001 : Data Obfuscation T1074 : Data Staged T1030 : Data Transfer Size Limits T1622 : Debugger Evasion T1491 : Defacement T1140 : Deobfuscate/Decode Files or Information T1610 : Deploy Container T1587 : Develop Capabilities T1652 : Device Driver Discovery T1006 : Direct Volume Access T1561 : Disk Wipe T1484 : Domain or Tenant Policy Modification T1482 : Domain Trust Discovery T1189 : Drive-by Compromise T1568 : Dynamic Resolution T1114 : Email Collection T1573 : Encrypted Channel T1499 : Endpoint Denial of Service T1611 : Escape to Host T1585 : Establish Accounts T1546 : Event Triggered Execution T1480 : Execution Guardrails T1048 : Exfiltration Over Alternative Protocol T1041 : Exfiltration Over C2 Channel T1011 : Exfiltration Over Other Network Medium T1052 : Exfiltration Over Physical Medium T1567 : Exfiltration Over Web Service T1190 : Exploit Public-Facing Application T1203 : Exploitation for Client Execution T1212 : Exploitation for Credential Access T1211 : Exploitation for Defense Evasion T1068 : Exploitation for Privilege Escalation T1210 : Exploitation of Remote Services T1133 : External Remote Services T1008 : Fallback Channels T1083 : File and Directory Discovery T1222 : File and Directory Permissions Modification T1657 : Financial Theft T1495 : Firmware Corruption T1187 : Forced Authentication T1606 : Forge Web Credentials T1592 : Gather Victim Host Information T1589 : Gather Victim Identity Information T1590 : Gather Victim Network Information T1591 : Gather Victim Org Information T1615 : Group Policy Discovery T1200 : Hardware Additions T1564 : Hide Artifacts T1665 : Hide Infrastructure T1574 : Hijack Execution Flow T1562 : Impair Defenses T1656 : Impersonation T1525 : Implant Internal Image T1070 : Indicator Removal T1202 : Indirect Command Execution T1105 : Ingress Tool Transfer T1490 : Inhibit System Recovery T1056 : Input Capture T1559 : Inter-Process Communication T1534 : Internal Spearphishing T1570 : Lateral Tool Transfer T1654 : Log Enumeration T1036 : Masquerading T1556 : Modify Authentication Process T1578 : Modify Cloud Compute Infrastructure T1112 : Modify Registry T1601 : Modify System Image T1111 : Multi-Factor Authentication Interception T1621 : Multi-Factor Authentication Request Generation T1104 : Multi-Stage Channels T1106 : Native API T1599 : Network Boundary Bridging T1498 : Network Denial of Service T1046 : Network Service Discovery T1135 : Network Share Discovery T1040 : Network Sniffing T1095 : Non-Application Layer Protocol T1571 : Non-Standard Port T1027 : Obfuscated Files or Information T1588 : Obtain Capabilities T1137 : Office Application Startup T1003 : OS Credential Dumping T1201 : Password Policy Discovery T1120 : Peripheral Device Discovery T1069 : Permission Groups Discovery T1566 : Phishing T1598 : Phishing for Information T1647 : Plist File Modification T1653 : Power Settings T1542 : Pre-OS Boot T1057 : Process Discovery T1055 : Process Injection T1572 : Protocol Tunneling T1090 : Proxy T1012 : Query Registry T1620 : Reflective Code Loading T1219 : Remote Access Software T1563 : Remote Service Session Hijacking T1021 : Remote Services T1018 : Remote System Discovery T1091 : Replication Through Removable Media T1496 : Resource Hijacking T1207 : Rogue Domain Controller T1014 : Rootkit T1053 : Scheduled Task/Job T1029 : Scheduled Transfer T1113 : Screen Capture T1597 : Search Closed Sources T1596 : Search Open Technical Databases T1593 : Search Open Websites/Domains T1594 : Search Victim-Owned Websites T1505 : Server Software Component T1648 : Serverless Execution T1489 : Service Stop T1129 : Shared Modules T1072 : Software Deployment Tools T1518 : Software Discovery T1608 : Stage Capabilities T1528 : Steal Application Access Token T1649 : Steal or Forge Authentication Certificates T1558 : Steal or Forge Kerberos Tickets T1539 : Steal Web Session Cookie T1553 : Subvert Trust Controls T1195 : Supply Chain Compromise T1218 : System Binary Proxy Execution T1082 : System Information Discovery T1614 : System Location Discovery T1016 : System Network Configuration Discovery T1049 : System Network Connections Discovery T1033 : System Owner/User Discovery T1216 : System Script Proxy Execution T1007 : System Service Discovery T1569 : System Services T1529 : System Shutdown/Reboot T1124 : System Time Discovery T1080 : Taint Shared Content T1221 : Template Injection T1205 : Traffic Signaling T1537 : Transfer Data to Cloud Account T1127 : Trusted Developer Utilities Proxy Execution T1199 : Trusted Relationship T1552 : Unsecured Credentials T1535 : Unused/Unsupported Cloud Regions T1550 : Use Alternate Authentication Material T1204 : User Execution T1078 : Valid Accounts T1125 : Video Capture T1497 : Virtualization/Sandbox Evasion T1600 : Weaken Encryption T1102 : Web Service T1047 : Windows Management Instrumentation T1220 : XSL Script Processing     ","T1059, T1140, T1573, T1559, T1205","After analyzing the text, I extracted the following MITRE Enterprise attack patterns:

1. **T1548**: Abuse Elevation Control Mechanism - The backdoor enables command execution and file read/write operations, which indicates abuse of elevation control mechanisms.
2. **T1119**: Automated Collection - PITSTOP can evaluate incoming commands on the domain socket created by PITHOOK malware, indicating automated collection.
3. **T1554**: Compromise Host Software Binary - PITSTOP is a backdoor deployed on compromised Ivanti Connect Secure VPNs, compromising host software binaries.
4. **T1547**: Boot or Logon Autostart Execution - PITSTOP can execute commands over TLS and listens on the Unix domain socket located at `/data/runtime/cockpit/wd.fd`, indicating boot or logon autostart execution.

Main techniques:
T1548, T1119, T1554, T1547"
31,"Extract all MITRE Enterprise attack patterns from the following text and map them to their corresponding MITRE technique IDs. Provide reasoning for each identification. Ensure the final line contains only the IDs for the main techniques, separated by commas, excluding any subtechnique IDs. MITRE Enterprise IDs are given below as reference.  **Text:** DarkGate, first identified in 2018, has evolved into a versatile tool used in various criminal cyber operations, including initial access, data gathering, credential theft, cryptomining, cryptotheft, and pre-ransomware activities. Written in Delphi and named by its author, DarkGate has seen a significant increase in use since 2022 and is actively being developed as a Malware-as-a-Service (MaaS) offering. DarkGate employs two distinct User Account Control (UAC) bypass techniques to escalate privileges and utilizes parent PID spoofing as part of its ""rootkit-like"" features to evade detection by tools like Task Manager or Process Explorer. During execution, the malware elevates accounts it creates to the local administrator group. The command and control (C2) infrastructure of DarkGate includes hard-coded domains designed to mimic legitimate services like Akamai CDN or Amazon Web Services. It also disguises C2 traffic within DNS records associated with legitimate services to evade reputation-based detection. DarkGate is capable of searching for cryptocurrency wallets by scanning application window names for specific strings and uses the FindWindow API function to extract data collected via NirSoft tools from the hosting process's memory. When stored credentials linked to cryptocurrency wallets are identified, DarkGate alerts its C2 server.  **List of All MITRE Enterprise technique IDs** ID    : Name T1548 : Abuse Elevation Control Mechanism T1134 : Access Token Manipulation T1531 : Account Access Removal T1087 : Account Discovery T1098 : Account Manipulation T1650 : Acquire Access T1583 : Acquire Infrastructure T1595 : Active Scanning T1557 : Adversary-in-the-Middle T1071 : Application Layer Protocol T1010 : Application Window Discovery T1560 : Archive Collected Data T1123 : Audio Capture T1119 : Automated Collection T1020 : Automated Exfiltration T1197 : BITS Jobs T1547 : Boot or Logon Autostart Execution T1037 : Boot or Logon Initialization Scripts T1176 : Browser Extensions T1217 : Browser Information Discovery T1185 : Browser Session Hijacking T1110 : Brute Force T1612 : Build Image on Host T1115 : Clipboard Data T1651 : Cloud Administration Command T1580 : Cloud Infrastructure Discovery T1538 : Cloud Service Dashboard T1526 : Cloud Service Discovery T1619 : Cloud Storage Object Discovery T1059 : Command and Scripting Interpreter T1092 : Communication Through Removable Media T1586 : Compromise Accounts T1554 : Compromise Host Software Binary T1584 : Compromise Infrastructure T1609 : Container Administration Command T1613 : Container and Resource Discovery T1659 : Content Injection T1136 : Create Account T1543 : Create or Modify System Process T1555 : Credentials from Password Stores T1485 : Data Destruction T1132 : Data Encoding T1486 : Data Encrypted for Impact T1530 : Data from Cloud Storage T1602 : Data from Configuration Repository T1213 : Data from Information Repositories T1005 : Data from Local System T1039 : Data from Network Shared Drive T1025 : Data from Removable Media T1565 : Data Manipulation T1001 : Data Obfuscation T1074 : Data Staged T1030 : Data Transfer Size Limits T1622 : Debugger Evasion T1491 : Defacement T1140 : Deobfuscate/Decode Files or Information T1610 : Deploy Container T1587 : Develop Capabilities T1652 : Device Driver Discovery T1006 : Direct Volume Access T1561 : Disk Wipe T1484 : Domain or Tenant Policy Modification T1482 : Domain Trust Discovery T1189 : Drive-by Compromise T1568 : Dynamic Resolution T1114 : Email Collection T1573 : Encrypted Channel T1499 : Endpoint Denial of Service T1611 : Escape to Host T1585 : Establish Accounts T1546 : Event Triggered Execution T1480 : Execution Guardrails T1048 : Exfiltration Over Alternative Protocol T1041 : Exfiltration Over C2 Channel T1011 : Exfiltration Over Other Network Medium T1052 : Exfiltration Over Physical Medium T1567 : Exfiltration Over Web Service T1190 : Exploit Public-Facing Application T1203 : Exploitation for Client Execution T1212 : Exploitation for Credential Access T1211 : Exploitation for Defense Evasion T1068 : Exploitation for Privilege Escalation T1210 : Exploitation of Remote Services T1133 : External Remote Services T1008 : Fallback Channels T1083 : File and Directory Discovery T1222 : File and Directory Permissions Modification T1657 : Financial Theft T1495 : Firmware Corruption T1187 : Forced Authentication T1606 : Forge Web Credentials T1592 : Gather Victim Host Information T1589 : Gather Victim Identity Information T1590 : Gather Victim Network Information T1591 : Gather Victim Org Information T1615 : Group Policy Discovery T1200 : Hardware Additions T1564 : Hide Artifacts T1665 : Hide Infrastructure T1574 : Hijack Execution Flow T1562 : Impair Defenses T1656 : Impersonation T1525 : Implant Internal Image T1070 : Indicator Removal T1202 : Indirect Command Execution T1105 : Ingress Tool Transfer T1490 : Inhibit System Recovery T1056 : Input Capture T1559 : Inter-Process Communication T1534 : Internal Spearphishing T1570 : Lateral Tool Transfer T1654 : Log Enumeration T1036 : Masquerading T1556 : Modify Authentication Process T1578 : Modify Cloud Compute Infrastructure T1112 : Modify Registry T1601 : Modify System Image T1111 : Multi-Factor Authentication Interception T1621 : Multi-Factor Authentication Request Generation T1104 : Multi-Stage Channels T1106 : Native API T1599 : Network Boundary Bridging T1498 : Network Denial of Service T1046 : Network Service Discovery T1135 : Network Share Discovery T1040 : Network Sniffing T1095 : Non-Application Layer Protocol T1571 : Non-Standard Port T1027 : Obfuscated Files or Information T1588 : Obtain Capabilities T1137 : Office Application Startup T1003 : OS Credential Dumping T1201 : Password Policy Discovery T1120 : Peripheral Device Discovery T1069 : Permission Groups Discovery T1566 : Phishing T1598 : Phishing for Information T1647 : Plist File Modification T1653 : Power Settings T1542 : Pre-OS Boot T1057 : Process Discovery T1055 : Process Injection T1572 : Protocol Tunneling T1090 : Proxy T1012 : Query Registry T1620 : Reflective Code Loading T1219 : Remote Access Software T1563 : Remote Service Session Hijacking T1021 : Remote Services T1018 : Remote System Discovery T1091 : Replication Through Removable Media T1496 : Resource Hijacking T1207 : Rogue Domain Controller T1014 : Rootkit T1053 : Scheduled Task/Job T1029 : Scheduled Transfer T1113 : Screen Capture T1597 : Search Closed Sources T1596 : Search Open Technical Databases T1593 : Search Open Websites/Domains T1594 : Search Victim-Owned Websites T1505 : Server Software Component T1648 : Serverless Execution T1489 : Service Stop T1129 : Shared Modules T1072 : Software Deployment Tools T1518 : Software Discovery T1608 : Stage Capabilities T1528 : Steal Application Access Token T1649 : Steal or Forge Authentication Certificates T1558 : Steal or Forge Kerberos Tickets T1539 : Steal Web Session Cookie T1553 : Subvert Trust Controls T1195 : Supply Chain Compromise T1218 : System Binary Proxy Execution T1082 : System Information Discovery T1614 : System Location Discovery T1016 : System Network Configuration Discovery T1049 : System Network Connections Discovery T1033 : System Owner/User Discovery T1216 : System Script Proxy Execution T1007 : System Service Discovery T1569 : System Services T1529 : System Shutdown/Reboot T1124 : System Time Discovery T1080 : Taint Shared Content T1221 : Template Injection T1205 : Traffic Signaling T1537 : Transfer Data to Cloud Account T1127 : Trusted Developer Utilities Proxy Execution T1199 : Trusted Relationship T1552 : Unsecured Credentials T1535 : Unused/Unsupported Cloud Regions T1550 : Use Alternate Authentication Material T1204 : User Execution T1078 : Valid Accounts T1125 : Video Capture T1497 : Virtualization/Sandbox Evasion T1600 : Weaken Encryption T1102 : Web Service T1047 : Windows Management Instrumentation T1220 : XSL Script Processing     ","T1548, T1134, T1098, T1583, T1071, T1010, T1119","After analyzing the text, I extracted the following MITRE Enterprise attack patterns and mapped them to their corresponding IDs:

1. ""Abuse Elevation Control Mechanism"" - T1548
Reasoning: The text mentions that DarkGate employs two distinct User Account Control (UAC) bypass techniques to escalate privileges.
2. ""Access Token Manipulation"" - T1134
Reasoning: The text states that DarkGate uses the FindWindow API function to extract data collected via NirSoft tools from the hosting process's memory, which involves manipulating access tokens.
3. ""Acquire Access"" - T1650
Reasoning: The text describes how DarkGate searches for cryptocurrency wallets by scanning application window names for specific strings and uses the extracted data to acquire access to those wallets.
4. ""Active Scanning"" - T1595
Reasoning: The text mentions that DarkGate is capable of searching for cryptocurrency wallets, which involves active scanning.
5. ""Audio Capture"" - T1123
Reasoning: Not applicable, as there is no mention of audio capture in the provided text.
6. ""Brute Force"" - T1110
Reasoning: Not applicable, as there is no mention of brute force attacks in the provided text.

Main techniques IDs (excluding sub-technique IDs):

T1548, T1134, T1650, T1595"
32,"Extract all MITRE Enterprise attack patterns from the following text and map them to their corresponding MITRE technique IDs. Provide reasoning for each identification. Ensure the final line contains only the IDs for the main techniques, separated by commas, excluding any subtechnique IDs. MITRE Enterprise IDs are given below as reference.  **Text:** NGLite is a backdoor Trojan designed to execute commands received through its command and control (C2) channel. While its capabilities are typical for a backdoor, NGLite stands out for using a novel C2 channel that leverages a decentralized network based on the legitimate NKN (New Kind of Network) protocol for communication between the backdoor and threat actors. NGLite initially beacons to the NKN network via an HTTP POST request over TCP port 30003. It uses an AES-encrypted channel for C2 communication, with one observed instance employing the encryption key ""WHATswrongwithUu."" NGLite abuses NKN infrastructure to facilitate its C2 communication. It identifies the victim system's MAC and IPv4 addresses to establish a unique victim identifier. Additionally, NGLite executes the ""whoami"" command to collect system information and transmit it back to the C2 server.  **List of All MITRE Enterprise technique IDs** ID    : Name T1548 : Abuse Elevation Control Mechanism T1134 : Access Token Manipulation T1531 : Account Access Removal T1087 : Account Discovery T1098 : Account Manipulation T1650 : Acquire Access T1583 : Acquire Infrastructure T1595 : Active Scanning T1557 : Adversary-in-the-Middle T1071 : Application Layer Protocol T1010 : Application Window Discovery T1560 : Archive Collected Data T1123 : Audio Capture T1119 : Automated Collection T1020 : Automated Exfiltration T1197 : BITS Jobs T1547 : Boot or Logon Autostart Execution T1037 : Boot or Logon Initialization Scripts T1176 : Browser Extensions T1217 : Browser Information Discovery T1185 : Browser Session Hijacking T1110 : Brute Force T1612 : Build Image on Host T1115 : Clipboard Data T1651 : Cloud Administration Command T1580 : Cloud Infrastructure Discovery T1538 : Cloud Service Dashboard T1526 : Cloud Service Discovery T1619 : Cloud Storage Object Discovery T1059 : Command and Scripting Interpreter T1092 : Communication Through Removable Media T1586 : Compromise Accounts T1554 : Compromise Host Software Binary T1584 : Compromise Infrastructure T1609 : Container Administration Command T1613 : Container and Resource Discovery T1659 : Content Injection T1136 : Create Account T1543 : Create or Modify System Process T1555 : Credentials from Password Stores T1485 : Data Destruction T1132 : Data Encoding T1486 : Data Encrypted for Impact T1530 : Data from Cloud Storage T1602 : Data from Configuration Repository T1213 : Data from Information Repositories T1005 : Data from Local System T1039 : Data from Network Shared Drive T1025 : Data from Removable Media T1565 : Data Manipulation T1001 : Data Obfuscation T1074 : Data Staged T1030 : Data Transfer Size Limits T1622 : Debugger Evasion T1491 : Defacement T1140 : Deobfuscate/Decode Files or Information T1610 : Deploy Container T1587 : Develop Capabilities T1652 : Device Driver Discovery T1006 : Direct Volume Access T1561 : Disk Wipe T1484 : Domain or Tenant Policy Modification T1482 : Domain Trust Discovery T1189 : Drive-by Compromise T1568 : Dynamic Resolution T1114 : Email Collection T1573 : Encrypted Channel T1499 : Endpoint Denial of Service T1611 : Escape to Host T1585 : Establish Accounts T1546 : Event Triggered Execution T1480 : Execution Guardrails T1048 : Exfiltration Over Alternative Protocol T1041 : Exfiltration Over C2 Channel T1011 : Exfiltration Over Other Network Medium T1052 : Exfiltration Over Physical Medium T1567 : Exfiltration Over Web Service T1190 : Exploit Public-Facing Application T1203 : Exploitation for Client Execution T1212 : Exploitation for Credential Access T1211 : Exploitation for Defense Evasion T1068 : Exploitation for Privilege Escalation T1210 : Exploitation of Remote Services T1133 : External Remote Services T1008 : Fallback Channels T1083 : File and Directory Discovery T1222 : File and Directory Permissions Modification T1657 : Financial Theft T1495 : Firmware Corruption T1187 : Forced Authentication T1606 : Forge Web Credentials T1592 : Gather Victim Host Information T1589 : Gather Victim Identity Information T1590 : Gather Victim Network Information T1591 : Gather Victim Org Information T1615 : Group Policy Discovery T1200 : Hardware Additions T1564 : Hide Artifacts T1665 : Hide Infrastructure T1574 : Hijack Execution Flow T1562 : Impair Defenses T1656 : Impersonation T1525 : Implant Internal Image T1070 : Indicator Removal T1202 : Indirect Command Execution T1105 : Ingress Tool Transfer T1490 : Inhibit System Recovery T1056 : Input Capture T1559 : Inter-Process Communication T1534 : Internal Spearphishing T1570 : Lateral Tool Transfer T1654 : Log Enumeration T1036 : Masquerading T1556 : Modify Authentication Process T1578 : Modify Cloud Compute Infrastructure T1112 : Modify Registry T1601 : Modify System Image T1111 : Multi-Factor Authentication Interception T1621 : Multi-Factor Authentication Request Generation T1104 : Multi-Stage Channels T1106 : Native API T1599 : Network Boundary Bridging T1498 : Network Denial of Service T1046 : Network Service Discovery T1135 : Network Share Discovery T1040 : Network Sniffing T1095 : Non-Application Layer Protocol T1571 : Non-Standard Port T1027 : Obfuscated Files or Information T1588 : Obtain Capabilities T1137 : Office Application Startup T1003 : OS Credential Dumping T1201 : Password Policy Discovery T1120 : Peripheral Device Discovery T1069 : Permission Groups Discovery T1566 : Phishing T1598 : Phishing for Information T1647 : Plist File Modification T1653 : Power Settings T1542 : Pre-OS Boot T1057 : Process Discovery T1055 : Process Injection T1572 : Protocol Tunneling T1090 : Proxy T1012 : Query Registry T1620 : Reflective Code Loading T1219 : Remote Access Software T1563 : Remote Service Session Hijacking T1021 : Remote Services T1018 : Remote System Discovery T1091 : Replication Through Removable Media T1496 : Resource Hijacking T1207 : Rogue Domain Controller T1014 : Rootkit T1053 : Scheduled Task/Job T1029 : Scheduled Transfer T1113 : Screen Capture T1597 : Search Closed Sources T1596 : Search Open Technical Databases T1593 : Search Open Websites/Domains T1594 : Search Victim-Owned Websites T1505 : Server Software Component T1648 : Serverless Execution T1489 : Service Stop T1129 : Shared Modules T1072 : Software Deployment Tools T1518 : Software Discovery T1608 : Stage Capabilities T1528 : Steal Application Access Token T1649 : Steal or Forge Authentication Certificates T1558 : Steal or Forge Kerberos Tickets T1539 : Steal Web Session Cookie T1553 : Subvert Trust Controls T1195 : Supply Chain Compromise T1218 : System Binary Proxy Execution T1082 : System Information Discovery T1614 : System Location Discovery T1016 : System Network Configuration Discovery T1049 : System Network Connections Discovery T1033 : System Owner/User Discovery T1216 : System Script Proxy Execution T1007 : System Service Discovery T1569 : System Services T1529 : System Shutdown/Reboot T1124 : System Time Discovery T1080 : Taint Shared Content T1221 : Template Injection T1205 : Traffic Signaling T1537 : Transfer Data to Cloud Account T1127 : Trusted Developer Utilities Proxy Execution T1199 : Trusted Relationship T1552 : Unsecured Credentials T1535 : Unused/Unsupported Cloud Regions T1550 : Use Alternate Authentication Material T1204 : User Execution T1078 : Valid Accounts T1125 : Video Capture T1497 : Virtualization/Sandbox Evasion T1600 : Weaken Encryption T1102 : Web Service T1047 : Windows Management Instrumentation T1220 : XSL Script Processing     ","T1071, T1573, T1090, T1016, T1033","After analyzing the text, I identified the following MITRE Enterprise attack patterns:

1. **T1534: Internal Spearphishing** - NGLite's C2 communication uses a decentralized network based on the legitimate NKN protocol, which is an example of internal spear phishing.
2. **T1555: Credentials from Password Stores** - The backdoor Trojan collects system information and transmits it back to the C2 server, indicating that it may be using credentials from password stores.
3. **T1087: Account Discovery** - NGLite identifies the victim system's MAC and IPv4 addresses to establish a unique victim identifier, which is an example of account discovery.
4. **T1559: Inter-Process Communication** - The backdoor Trojan executes commands received through its C2 channel, which involves inter-process communication.

The main techniques identified are:

T1534, T1555, T1087, T1559

Note that these IDs only represent the main techniques and do not include subtechniques."
33,"Extract all MITRE Enterprise attack patterns from the following text and map them to their corresponding MITRE technique IDs. Provide reasoning for each identification. Ensure the final line contains only the IDs for the main techniques, separated by commas, excluding any subtechnique IDs. MITRE Enterprise IDs are given below as reference.  **Text:** SocGholish is a JavaScript-based loader malware that has been active since at least 2017. It has been used in global attacks across various sectors, primarily gaining initial access through drive-by downloads disguised as software updates. Operated by Mustard Tempest, SocGholish’s access has been sold to groups like Indrik Spider for deploying secondary payloads, including remote access Trojans (RATs) and ransomware. SocGholish is executed as a JavaScript payload and can write the output of the `whoami` command to a local temp file using the naming convention `rad<5-hex-chars>.tmp`. It profiles compromised systems to identify domain trust relationships and is often distributed through compromised websites that present malicious content as browser updates.  The malware can exfiltrate data directly to its command and control (C2) server via HTTP and is capable of downloading additional malware onto infected hosts. SocGholish has been named `AutoUpdater.js` to mimic legitimate update files and is frequently delivered within compressed ZIP archives. It also employs single or double Base64 encoding for references to its second-stage server URLs. Additionally, SocGholish has been spread via emails containing malicious links.  **List of All MITRE Enterprise technique IDs** ID    : Name T1548 : Abuse Elevation Control Mechanism T1134 : Access Token Manipulation T1531 : Account Access Removal T1087 : Account Discovery T1098 : Account Manipulation T1650 : Acquire Access T1583 : Acquire Infrastructure T1595 : Active Scanning T1557 : Adversary-in-the-Middle T1071 : Application Layer Protocol T1010 : Application Window Discovery T1560 : Archive Collected Data T1123 : Audio Capture T1119 : Automated Collection T1020 : Automated Exfiltration T1197 : BITS Jobs T1547 : Boot or Logon Autostart Execution T1037 : Boot or Logon Initialization Scripts T1176 : Browser Extensions T1217 : Browser Information Discovery T1185 : Browser Session Hijacking T1110 : Brute Force T1612 : Build Image on Host T1115 : Clipboard Data T1651 : Cloud Administration Command T1580 : Cloud Infrastructure Discovery T1538 : Cloud Service Dashboard T1526 : Cloud Service Discovery T1619 : Cloud Storage Object Discovery T1059 : Command and Scripting Interpreter T1092 : Communication Through Removable Media T1586 : Compromise Accounts T1554 : Compromise Host Software Binary T1584 : Compromise Infrastructure T1609 : Container Administration Command T1613 : Container and Resource Discovery T1659 : Content Injection T1136 : Create Account T1543 : Create or Modify System Process T1555 : Credentials from Password Stores T1485 : Data Destruction T1132 : Data Encoding T1486 : Data Encrypted for Impact T1530 : Data from Cloud Storage T1602 : Data from Configuration Repository T1213 : Data from Information Repositories T1005 : Data from Local System T1039 : Data from Network Shared Drive T1025 : Data from Removable Media T1565 : Data Manipulation T1001 : Data Obfuscation T1074 : Data Staged T1030 : Data Transfer Size Limits T1622 : Debugger Evasion T1491 : Defacement T1140 : Deobfuscate/Decode Files or Information T1610 : Deploy Container T1587 : Develop Capabilities T1652 : Device Driver Discovery T1006 : Direct Volume Access T1561 : Disk Wipe T1484 : Domain or Tenant Policy Modification T1482 : Domain Trust Discovery T1189 : Drive-by Compromise T1568 : Dynamic Resolution T1114 : Email Collection T1573 : Encrypted Channel T1499 : Endpoint Denial of Service T1611 : Escape to Host T1585 : Establish Accounts T1546 : Event Triggered Execution T1480 : Execution Guardrails T1048 : Exfiltration Over Alternative Protocol T1041 : Exfiltration Over C2 Channel T1011 : Exfiltration Over Other Network Medium T1052 : Exfiltration Over Physical Medium T1567 : Exfiltration Over Web Service T1190 : Exploit Public-Facing Application T1203 : Exploitation for Client Execution T1212 : Exploitation for Credential Access T1211 : Exploitation for Defense Evasion T1068 : Exploitation for Privilege Escalation T1210 : Exploitation of Remote Services T1133 : External Remote Services T1008 : Fallback Channels T1083 : File and Directory Discovery T1222 : File and Directory Permissions Modification T1657 : Financial Theft T1495 : Firmware Corruption T1187 : Forced Authentication T1606 : Forge Web Credentials T1592 : Gather Victim Host Information T1589 : Gather Victim Identity Information T1590 : Gather Victim Network Information T1591 : Gather Victim Org Information T1615 : Group Policy Discovery T1200 : Hardware Additions T1564 : Hide Artifacts T1665 : Hide Infrastructure T1574 : Hijack Execution Flow T1562 : Impair Defenses T1656 : Impersonation T1525 : Implant Internal Image T1070 : Indicator Removal T1202 : Indirect Command Execution T1105 : Ingress Tool Transfer T1490 : Inhibit System Recovery T1056 : Input Capture T1559 : Inter-Process Communication T1534 : Internal Spearphishing T1570 : Lateral Tool Transfer T1654 : Log Enumeration T1036 : Masquerading T1556 : Modify Authentication Process T1578 : Modify Cloud Compute Infrastructure T1112 : Modify Registry T1601 : Modify System Image T1111 : Multi-Factor Authentication Interception T1621 : Multi-Factor Authentication Request Generation T1104 : Multi-Stage Channels T1106 : Native API T1599 : Network Boundary Bridging T1498 : Network Denial of Service T1046 : Network Service Discovery T1135 : Network Share Discovery T1040 : Network Sniffing T1095 : Non-Application Layer Protocol T1571 : Non-Standard Port T1027 : Obfuscated Files or Information T1588 : Obtain Capabilities T1137 : Office Application Startup T1003 : OS Credential Dumping T1201 : Password Policy Discovery T1120 : Peripheral Device Discovery T1069 : Permission Groups Discovery T1566 : Phishing T1598 : Phishing for Information T1647 : Plist File Modification T1653 : Power Settings T1542 : Pre-OS Boot T1057 : Process Discovery T1055 : Process Injection T1572 : Protocol Tunneling T1090 : Proxy T1012 : Query Registry T1620 : Reflective Code Loading T1219 : Remote Access Software T1563 : Remote Service Session Hijacking T1021 : Remote Services T1018 : Remote System Discovery T1091 : Replication Through Removable Media T1496 : Resource Hijacking T1207 : Rogue Domain Controller T1014 : Rootkit T1053 : Scheduled Task/Job T1029 : Scheduled Transfer T1113 : Screen Capture T1597 : Search Closed Sources T1596 : Search Open Technical Databases T1593 : Search Open Websites/Domains T1594 : Search Victim-Owned Websites T1505 : Server Software Component T1648 : Serverless Execution T1489 : Service Stop T1129 : Shared Modules T1072 : Software Deployment Tools T1518 : Software Discovery T1608 : Stage Capabilities T1528 : Steal Application Access Token T1649 : Steal or Forge Authentication Certificates T1558 : Steal or Forge Kerberos Tickets T1539 : Steal Web Session Cookie T1553 : Subvert Trust Controls T1195 : Supply Chain Compromise T1218 : System Binary Proxy Execution T1082 : System Information Discovery T1614 : System Location Discovery T1016 : System Network Configuration Discovery T1049 : System Network Connections Discovery T1033 : System Owner/User Discovery T1216 : System Script Proxy Execution T1007 : System Service Discovery T1569 : System Services T1529 : System Shutdown/Reboot T1124 : System Time Discovery T1080 : Taint Shared Content T1221 : Template Injection T1205 : Traffic Signaling T1537 : Transfer Data to Cloud Account T1127 : Trusted Developer Utilities Proxy Execution T1199 : Trusted Relationship T1552 : Unsecured Credentials T1535 : Unused/Unsupported Cloud Regions T1550 : Use Alternate Authentication Material T1204 : User Execution T1078 : Valid Accounts T1125 : Video Capture T1497 : Virtualization/Sandbox Evasion T1600 : Weaken Encryption T1102 : Web Service T1047 : Windows Management Instrumentation T1220 : XSL Script Processing     ","T1059, T1074, T1482, T1189, T1048, T1105, T1036, T1027, T1566","After analyzing the text, I identified the following MITRE Enterprise attack patterns:

1. **T1218: System Binary Proxy Execution** - SocGholish is executed as a JavaScript payload and can write the output of the `whoami` command to a local temp file.
2. **T1005: Data from Local System** - SocGholish can exfiltrate data directly to its C2 server via HTTP.
3. **T1087: Account Discovery** - SocGholish profiles compromised systems to identify domain trust relationships.
4. **T1021: Remote Services** - SocGholish can download additional malware onto infected hosts.
5. **T1040: Network Sniffing** - SocGholish is often distributed through compromised websites that present malicious content as browser updates.

These attack patterns are not exhaustive, but they represent the most relevant and obvious connections to the described behavior of SocGholish.

Main techniques:

T1218, T1005, T1087, T1021, T1040"
34,"Extract all MITRE Mobile attack patterns from the following text and map them to their corresponding MITRE technique IDs. Provide reasoning for each identification. Ensure the final line contains only the IDs for the main techniques, separated by commas, excluding any subtechnique IDs. MITRE Mobile IDs are given below as reference.  **Text:** HilalRAT is a remote access Android malware developed and used by UNC788. It has the capability to collect various types of data, such as device location and call logs, and can perform actions like activating a device's camera and microphone. HilalRAT can activate a device's microphone and camera, access its location, retrieve contact lists and SMS messages, and access and extract files stored on the device.  **List of All MITRE Mobile technique IDs** ID    : Name T1626 : Abuse Elevation Control Mechanism T1517 : Access Notifications T1640 : Account Access Removal T1638 : Adversary-in-the-Middle T1437 : Application Layer Protocol T1661 : Application Versioning T1532 : Archive Collected Data T1429 : Audio Capture T1398 : Boot or Logon Initialization Scripts T1616 : Call Control T1414 : Clipboard Data T1623 : Command and Scripting Interpreter T1577 : Compromise Application Executable T1645 : Compromise Client Software Binary T1634 : Credentials from Password Store T1662 : Data Destruction T1471 : Data Encrypted for Impact T1533 : Data from Local System T1641 : Data Manipulation T1407 : Download New Code at Runtime T1456 : Drive-By Compromise T1637 : Dynamic Resolution T1521 : Encrypted Channel T1642 : Endpoint Denial of Service T1624 : Event Triggered Execution T1627 : Execution Guardrails T1639 : Exfiltration Over Alternative Protocol T1646 : Exfiltration Over C2 Channel T1658 : Exploitation for Client Execution T1664 : Exploitation for Initial Access T1404 : Exploitation for Privilege Escalation T1428 : Exploitation of Remote Services T1420 : File and Directory Discovery T1541 : Foreground Persistence T1643 : Generate Traffic from Victim T1628 : Hide Artifacts T1625 : Hijack Execution Flow T1617 : Hooking T1629 : Impair Defenses T1630 : Indicator Removal on Host T1544 : Ingress Tool Transfer T1417 : Input Capture T1516 : Input Injection T1430 : Location Tracking T1461 : Lockscreen Bypass T1655 : Masquerading T1575 : Native API T1464 : Network Denial of Service T1423 : Network Service Scanning T1509 : Non-Standard Port T1406 : Obfuscated Files or Information T1644 : Out of Band Data T1660 : Phishing T1424 : Process Discovery T1631 : Process Injection T1636 : Protected User Data T1604 : Proxy Through Victim T1663 : Remote Access Software T1458 : Replication Through Removable Media T1603 : Scheduled Task/Job T1513 : Screen Capture T1582 : SMS Control T1418 : Software Discovery T1635 : Steal Application Access Token T1409 : Stored Application Data T1632 : Subvert Trust Controls T1474 : Supply Chain Compromise T1426 : System Information Discovery T1422 : System Network Configuration Discovery T1421 : System Network Connections Discovery T1512 : Video Capture T1633 : Virtualization/Sandbox Evasion T1481 : Web Service     ","T1429, T1430, T1636, T1409, T1512","After analyzing the text, I identified the following MITRE Mobile attack patterns:

* **T1428: Exploitation of Remote Services**: HilalRAT has the capability to activate a device's camera and microphone, access its location, retrieve contact lists and SMS messages, and access and extract files stored on the device. This pattern is matched because HilalRAT is exploiting remote services (camera, microphone, location) to collect data.
* **T1429: Audio Capture**: HilalRAT can activate a device's microphone to capture audio.
* **T1407: Download New Code at Runtime**: The malware has the capability to collect various types of data, which suggests that it may be able to download new code or instructions at runtime.
* **T1533: Data from Local System**: HilalRAT can access and extract files stored on the device, which indicates that it is collecting data from the local system.

The final line with only the main technique IDs separated by commas, excluding any subtechnique IDs:

T1428, T1429, T1407, T1533"
35,"Extract all MITRE Enterprise attack patterns from the following text and map them to their corresponding MITRE technique IDs. Provide reasoning for each identification. Ensure the final line contains only the IDs for the main techniques, separated by commas, excluding any subtechnique IDs. MITRE Enterprise IDs are given below as reference.  **Text:** Pcexter is an uploader used by ToddyCat since at least 2023 to exfiltrate stolen files.  Pcexter can upload files from compromised systems and exfiltrate them to OneDrive storage accounts via HTTP POST. It is capable of searching for files within specified directories and has been distributed and executed as a DLL file named `Vspmsg.dll` through DLL side-loading.  **List of All MITRE Enterprise technique IDs** ID    : Name T1548 : Abuse Elevation Control Mechanism T1134 : Access Token Manipulation T1531 : Account Access Removal T1087 : Account Discovery T1098 : Account Manipulation T1650 : Acquire Access T1583 : Acquire Infrastructure T1595 : Active Scanning T1557 : Adversary-in-the-Middle T1071 : Application Layer Protocol T1010 : Application Window Discovery T1560 : Archive Collected Data T1123 : Audio Capture T1119 : Automated Collection T1020 : Automated Exfiltration T1197 : BITS Jobs T1547 : Boot or Logon Autostart Execution T1037 : Boot or Logon Initialization Scripts T1176 : Browser Extensions T1217 : Browser Information Discovery T1185 : Browser Session Hijacking T1110 : Brute Force T1612 : Build Image on Host T1115 : Clipboard Data T1651 : Cloud Administration Command T1580 : Cloud Infrastructure Discovery T1538 : Cloud Service Dashboard T1526 : Cloud Service Discovery T1619 : Cloud Storage Object Discovery T1059 : Command and Scripting Interpreter T1092 : Communication Through Removable Media T1586 : Compromise Accounts T1554 : Compromise Host Software Binary T1584 : Compromise Infrastructure T1609 : Container Administration Command T1613 : Container and Resource Discovery T1659 : Content Injection T1136 : Create Account T1543 : Create or Modify System Process T1555 : Credentials from Password Stores T1485 : Data Destruction T1132 : Data Encoding T1486 : Data Encrypted for Impact T1530 : Data from Cloud Storage T1602 : Data from Configuration Repository T1213 : Data from Information Repositories T1005 : Data from Local System T1039 : Data from Network Shared Drive T1025 : Data from Removable Media T1565 : Data Manipulation T1001 : Data Obfuscation T1074 : Data Staged T1030 : Data Transfer Size Limits T1622 : Debugger Evasion T1491 : Defacement T1140 : Deobfuscate/Decode Files or Information T1610 : Deploy Container T1587 : Develop Capabilities T1652 : Device Driver Discovery T1006 : Direct Volume Access T1561 : Disk Wipe T1484 : Domain or Tenant Policy Modification T1482 : Domain Trust Discovery T1189 : Drive-by Compromise T1568 : Dynamic Resolution T1114 : Email Collection T1573 : Encrypted Channel T1499 : Endpoint Denial of Service T1611 : Escape to Host T1585 : Establish Accounts T1546 : Event Triggered Execution T1480 : Execution Guardrails T1048 : Exfiltration Over Alternative Protocol T1041 : Exfiltration Over C2 Channel T1011 : Exfiltration Over Other Network Medium T1052 : Exfiltration Over Physical Medium T1567 : Exfiltration Over Web Service T1190 : Exploit Public-Facing Application T1203 : Exploitation for Client Execution T1212 : Exploitation for Credential Access T1211 : Exploitation for Defense Evasion T1068 : Exploitation for Privilege Escalation T1210 : Exploitation of Remote Services T1133 : External Remote Services T1008 : Fallback Channels T1083 : File and Directory Discovery T1222 : File and Directory Permissions Modification T1657 : Financial Theft T1495 : Firmware Corruption T1187 : Forced Authentication T1606 : Forge Web Credentials T1592 : Gather Victim Host Information T1589 : Gather Victim Identity Information T1590 : Gather Victim Network Information T1591 : Gather Victim Org Information T1615 : Group Policy Discovery T1200 : Hardware Additions T1564 : Hide Artifacts T1665 : Hide Infrastructure T1574 : Hijack Execution Flow T1562 : Impair Defenses T1656 : Impersonation T1525 : Implant Internal Image T1070 : Indicator Removal T1202 : Indirect Command Execution T1105 : Ingress Tool Transfer T1490 : Inhibit System Recovery T1056 : Input Capture T1559 : Inter-Process Communication T1534 : Internal Spearphishing T1570 : Lateral Tool Transfer T1654 : Log Enumeration T1036 : Masquerading T1556 : Modify Authentication Process T1578 : Modify Cloud Compute Infrastructure T1112 : Modify Registry T1601 : Modify System Image T1111 : Multi-Factor Authentication Interception T1621 : Multi-Factor Authentication Request Generation T1104 : Multi-Stage Channels T1106 : Native API T1599 : Network Boundary Bridging T1498 : Network Denial of Service T1046 : Network Service Discovery T1135 : Network Share Discovery T1040 : Network Sniffing T1095 : Non-Application Layer Protocol T1571 : Non-Standard Port T1027 : Obfuscated Files or Information T1588 : Obtain Capabilities T1137 : Office Application Startup T1003 : OS Credential Dumping T1201 : Password Policy Discovery T1120 : Peripheral Device Discovery T1069 : Permission Groups Discovery T1566 : Phishing T1598 : Phishing for Information T1647 : Plist File Modification T1653 : Power Settings T1542 : Pre-OS Boot T1057 : Process Discovery T1055 : Process Injection T1572 : Protocol Tunneling T1090 : Proxy T1012 : Query Registry T1620 : Reflective Code Loading T1219 : Remote Access Software T1563 : Remote Service Session Hijacking T1021 : Remote Services T1018 : Remote System Discovery T1091 : Replication Through Removable Media T1496 : Resource Hijacking T1207 : Rogue Domain Controller T1014 : Rootkit T1053 : Scheduled Task/Job T1029 : Scheduled Transfer T1113 : Screen Capture T1597 : Search Closed Sources T1596 : Search Open Technical Databases T1593 : Search Open Websites/Domains T1594 : Search Victim-Owned Websites T1505 : Server Software Component T1648 : Serverless Execution T1489 : Service Stop T1129 : Shared Modules T1072 : Software Deployment Tools T1518 : Software Discovery T1608 : Stage Capabilities T1528 : Steal Application Access Token T1649 : Steal or Forge Authentication Certificates T1558 : Steal or Forge Kerberos Tickets T1539 : Steal Web Session Cookie T1553 : Subvert Trust Controls T1195 : Supply Chain Compromise T1218 : System Binary Proxy Execution T1082 : System Information Discovery T1614 : System Location Discovery T1016 : System Network Configuration Discovery T1049 : System Network Connections Discovery T1033 : System Owner/User Discovery T1216 : System Script Proxy Execution T1007 : System Service Discovery T1569 : System Services T1529 : System Shutdown/Reboot T1124 : System Time Discovery T1080 : Taint Shared Content T1221 : Template Injection T1205 : Traffic Signaling T1537 : Transfer Data to Cloud Account T1127 : Trusted Developer Utilities Proxy Execution T1199 : Trusted Relationship T1552 : Unsecured Credentials T1535 : Unused/Unsupported Cloud Regions T1550 : Use Alternate Authentication Material T1204 : User Execution T1078 : Valid Accounts T1125 : Video Capture T1497 : Virtualization/Sandbox Evasion T1600 : Weaken Encryption T1102 : Web Service T1047 : Windows Management Instrumentation T1220 : XSL Script Processing     ","T1005, T1567, T1083, T1574","After analyzing the text, I identified the following MITRE Enterprise attack patterns:

1. **T1548**: Abuse Elevation Control Mechanism - The text mentions that Pcexter can upload files from compromised systems and exfiltrate them to OneDrive storage accounts via HTTP POST.
2. **T1087**: Account Discovery - The attacker is able to gather information about the victim's account, including its existence and credentials.
3. **T1098**: Account Manipulation - The attacker is able to manipulate the victim's account, possibly by stealing or forging Kerberos tickets (T1553) or web session cookies (T1539).
4. **T1557**: Adversary-in-the-Middle - The text suggests that the attacker is intercepting and modifying communication between the victim's systems.
5. **T1560**: Archive Collected Data - The attacker stores stolen data in a cloud storage account, possibly using OneDrive (as mentioned in the text).
6. **T1048**: Exfiltration Over Alternative Protocol - The attacker uses HTTP POST to exfiltrate files from compromised systems.

Main techniques: T1548, T1087, T1098, T1557, T1560, T1048

Note that these IDs are separated by commas and exclude subtechnique IDs."
36,"Extract all MITRE Enterprise attack patterns from the following text and map them to their corresponding MITRE technique IDs. Provide reasoning for each identification. Ensure the final line contains only the IDs for the main techniques, separated by commas, excluding any subtechnique IDs. MITRE Enterprise IDs are given below as reference.  **Text:** SLIGHTPULSE is a web shell that has been used by APT5 since at least 2020, including in attacks against Pulse Secure VPNs targeting U.S. Defense Industrial Base (DIB) entities. SLIGHTPULSE can process HTTP GET requests like a normal web server while inserting logic to read or write files and execute commands in response to HTTP POST requests. It also has the capability to execute arbitrary commands passed to it and can base64 encode all incoming and outgoing command and control (C2) messages. The web shell can read files from the local system and pipe the output of executed commands to `/tmp/1`. Additionally, SLIGHTPULSE can deobfuscate and encrypt C2 messages using base64 encoding and RC4 encryption.  **List of All MITRE Enterprise technique IDs** ID    : Name T1548 : Abuse Elevation Control Mechanism T1134 : Access Token Manipulation T1531 : Account Access Removal T1087 : Account Discovery T1098 : Account Manipulation T1650 : Acquire Access T1583 : Acquire Infrastructure T1595 : Active Scanning T1557 : Adversary-in-the-Middle T1071 : Application Layer Protocol T1010 : Application Window Discovery T1560 : Archive Collected Data T1123 : Audio Capture T1119 : Automated Collection T1020 : Automated Exfiltration T1197 : BITS Jobs T1547 : Boot or Logon Autostart Execution T1037 : Boot or Logon Initialization Scripts T1176 : Browser Extensions T1217 : Browser Information Discovery T1185 : Browser Session Hijacking T1110 : Brute Force T1612 : Build Image on Host T1115 : Clipboard Data T1651 : Cloud Administration Command T1580 : Cloud Infrastructure Discovery T1538 : Cloud Service Dashboard T1526 : Cloud Service Discovery T1619 : Cloud Storage Object Discovery T1059 : Command and Scripting Interpreter T1092 : Communication Through Removable Media T1586 : Compromise Accounts T1554 : Compromise Host Software Binary T1584 : Compromise Infrastructure T1609 : Container Administration Command T1613 : Container and Resource Discovery T1659 : Content Injection T1136 : Create Account T1543 : Create or Modify System Process T1555 : Credentials from Password Stores T1485 : Data Destruction T1132 : Data Encoding T1486 : Data Encrypted for Impact T1530 : Data from Cloud Storage T1602 : Data from Configuration Repository T1213 : Data from Information Repositories T1005 : Data from Local System T1039 : Data from Network Shared Drive T1025 : Data from Removable Media T1565 : Data Manipulation T1001 : Data Obfuscation T1074 : Data Staged T1030 : Data Transfer Size Limits T1622 : Debugger Evasion T1491 : Defacement T1140 : Deobfuscate/Decode Files or Information T1610 : Deploy Container T1587 : Develop Capabilities T1652 : Device Driver Discovery T1006 : Direct Volume Access T1561 : Disk Wipe T1484 : Domain or Tenant Policy Modification T1482 : Domain Trust Discovery T1189 : Drive-by Compromise T1568 : Dynamic Resolution T1114 : Email Collection T1573 : Encrypted Channel T1499 : Endpoint Denial of Service T1611 : Escape to Host T1585 : Establish Accounts T1546 : Event Triggered Execution T1480 : Execution Guardrails T1048 : Exfiltration Over Alternative Protocol T1041 : Exfiltration Over C2 Channel T1011 : Exfiltration Over Other Network Medium T1052 : Exfiltration Over Physical Medium T1567 : Exfiltration Over Web Service T1190 : Exploit Public-Facing Application T1203 : Exploitation for Client Execution T1212 : Exploitation for Credential Access T1211 : Exploitation for Defense Evasion T1068 : Exploitation for Privilege Escalation T1210 : Exploitation of Remote Services T1133 : External Remote Services T1008 : Fallback Channels T1083 : File and Directory Discovery T1222 : File and Directory Permissions Modification T1657 : Financial Theft T1495 : Firmware Corruption T1187 : Forced Authentication T1606 : Forge Web Credentials T1592 : Gather Victim Host Information T1589 : Gather Victim Identity Information T1590 : Gather Victim Network Information T1591 : Gather Victim Org Information T1615 : Group Policy Discovery T1200 : Hardware Additions T1564 : Hide Artifacts T1665 : Hide Infrastructure T1574 : Hijack Execution Flow T1562 : Impair Defenses T1656 : Impersonation T1525 : Implant Internal Image T1070 : Indicator Removal T1202 : Indirect Command Execution T1105 : Ingress Tool Transfer T1490 : Inhibit System Recovery T1056 : Input Capture T1559 : Inter-Process Communication T1534 : Internal Spearphishing T1570 : Lateral Tool Transfer T1654 : Log Enumeration T1036 : Masquerading T1556 : Modify Authentication Process T1578 : Modify Cloud Compute Infrastructure T1112 : Modify Registry T1601 : Modify System Image T1111 : Multi-Factor Authentication Interception T1621 : Multi-Factor Authentication Request Generation T1104 : Multi-Stage Channels T1106 : Native API T1599 : Network Boundary Bridging T1498 : Network Denial of Service T1046 : Network Service Discovery T1135 : Network Share Discovery T1040 : Network Sniffing T1095 : Non-Application Layer Protocol T1571 : Non-Standard Port T1027 : Obfuscated Files or Information T1588 : Obtain Capabilities T1137 : Office Application Startup T1003 : OS Credential Dumping T1201 : Password Policy Discovery T1120 : Peripheral Device Discovery T1069 : Permission Groups Discovery T1566 : Phishing T1598 : Phishing for Information T1647 : Plist File Modification T1653 : Power Settings T1542 : Pre-OS Boot T1057 : Process Discovery T1055 : Process Injection T1572 : Protocol Tunneling T1090 : Proxy T1012 : Query Registry T1620 : Reflective Code Loading T1219 : Remote Access Software T1563 : Remote Service Session Hijacking T1021 : Remote Services T1018 : Remote System Discovery T1091 : Replication Through Removable Media T1496 : Resource Hijacking T1207 : Rogue Domain Controller T1014 : Rootkit T1053 : Scheduled Task/Job T1029 : Scheduled Transfer T1113 : Screen Capture T1597 : Search Closed Sources T1596 : Search Open Technical Databases T1593 : Search Open Websites/Domains T1594 : Search Victim-Owned Websites T1505 : Server Software Component T1648 : Serverless Execution T1489 : Service Stop T1129 : Shared Modules T1072 : Software Deployment Tools T1518 : Software Discovery T1608 : Stage Capabilities T1528 : Steal Application Access Token T1649 : Steal or Forge Authentication Certificates T1558 : Steal or Forge Kerberos Tickets T1539 : Steal Web Session Cookie T1553 : Subvert Trust Controls T1195 : Supply Chain Compromise T1218 : System Binary Proxy Execution T1082 : System Information Discovery T1614 : System Location Discovery T1016 : System Network Configuration Discovery T1049 : System Network Connections Discovery T1033 : System Owner/User Discovery T1216 : System Script Proxy Execution T1007 : System Service Discovery T1569 : System Services T1529 : System Shutdown/Reboot T1124 : System Time Discovery T1080 : Taint Shared Content T1221 : Template Injection T1205 : Traffic Signaling T1537 : Transfer Data to Cloud Account T1127 : Trusted Developer Utilities Proxy Execution T1199 : Trusted Relationship T1552 : Unsecured Credentials T1535 : Unused/Unsupported Cloud Regions T1550 : Use Alternate Authentication Material T1204 : User Execution T1078 : Valid Accounts T1125 : Video Capture T1497 : Virtualization/Sandbox Evasion T1600 : Weaken Encryption T1102 : Web Service T1047 : Windows Management Instrumentation T1220 : XSL Script Processing     ","T1071, T1059, T1132, T1005, T1074, T1140, T1573","After analyzing the text, I identified the following MITRE Enterprise attack patterns:

1. **T1010**: Automated Exfiltration - SLIGHTPULSE can execute arbitrary commands passed to it and can base64 encode all incoming and outgoing command and control (C2) messages.
2. **T1059**: Command and Scripting Interpreter - The web shell can process HTTP GET requests like a normal web server while inserting logic to read or write files and execute commands in response to HTTP POST requests.
3. **T1005**: Data from Local System - SLIGHTPULSE can read files from the local system and pipe the output of executed commands to `/tmp/1`.
4. **T1048**: Exfiltration Over Alternative Protocol - The web shell can base64 encode all incoming and outgoing command and control (C2) messages.
5. **T1136**: Create Account - SLIGHTPULSE has the capability to execute arbitrary commands passed to it.

Here are the main technique IDs, excluding subtechniques:

T1010, T1059, T1005, T1048, T1136"
37,"Extract all MITRE Enterprise attack patterns from the following text and map them to their corresponding MITRE technique IDs. Provide reasoning for each identification. Ensure the final line contains only the IDs for the main techniques, separated by commas, excluding any subtechnique IDs. MITRE Enterprise IDs are given below as reference.  **Text:** STEADYPULSE is a web shell that targets Pulse Secure VPN servers by modifying a legitimate Perl script. It has been used since at least 2020, including in attacks against U.S. Defense Industrial Base (DIB) entities. STEADYPULSE can parse incoming web requests to determine the next steps in its execution and transmit data over its command and control (C2) channel using URL encoding. It is also capable of URL decoding key/value pairs received over C2. The web shell can modify Perl scripts on the targeted server to import additional Perl modules and enable the execution of arbitrary commands on compromised web servers.  **List of All MITRE Enterprise technique IDs** ID    : Name T1548 : Abuse Elevation Control Mechanism T1134 : Access Token Manipulation T1531 : Account Access Removal T1087 : Account Discovery T1098 : Account Manipulation T1650 : Acquire Access T1583 : Acquire Infrastructure T1595 : Active Scanning T1557 : Adversary-in-the-Middle T1071 : Application Layer Protocol T1010 : Application Window Discovery T1560 : Archive Collected Data T1123 : Audio Capture T1119 : Automated Collection T1020 : Automated Exfiltration T1197 : BITS Jobs T1547 : Boot or Logon Autostart Execution T1037 : Boot or Logon Initialization Scripts T1176 : Browser Extensions T1217 : Browser Information Discovery T1185 : Browser Session Hijacking T1110 : Brute Force T1612 : Build Image on Host T1115 : Clipboard Data T1651 : Cloud Administration Command T1580 : Cloud Infrastructure Discovery T1538 : Cloud Service Dashboard T1526 : Cloud Service Discovery T1619 : Cloud Storage Object Discovery T1059 : Command and Scripting Interpreter T1092 : Communication Through Removable Media T1586 : Compromise Accounts T1554 : Compromise Host Software Binary T1584 : Compromise Infrastructure T1609 : Container Administration Command T1613 : Container and Resource Discovery T1659 : Content Injection T1136 : Create Account T1543 : Create or Modify System Process T1555 : Credentials from Password Stores T1485 : Data Destruction T1132 : Data Encoding T1486 : Data Encrypted for Impact T1530 : Data from Cloud Storage T1602 : Data from Configuration Repository T1213 : Data from Information Repositories T1005 : Data from Local System T1039 : Data from Network Shared Drive T1025 : Data from Removable Media T1565 : Data Manipulation T1001 : Data Obfuscation T1074 : Data Staged T1030 : Data Transfer Size Limits T1622 : Debugger Evasion T1491 : Defacement T1140 : Deobfuscate/Decode Files or Information T1610 : Deploy Container T1587 : Develop Capabilities T1652 : Device Driver Discovery T1006 : Direct Volume Access T1561 : Disk Wipe T1484 : Domain or Tenant Policy Modification T1482 : Domain Trust Discovery T1189 : Drive-by Compromise T1568 : Dynamic Resolution T1114 : Email Collection T1573 : Encrypted Channel T1499 : Endpoint Denial of Service T1611 : Escape to Host T1585 : Establish Accounts T1546 : Event Triggered Execution T1480 : Execution Guardrails T1048 : Exfiltration Over Alternative Protocol T1041 : Exfiltration Over C2 Channel T1011 : Exfiltration Over Other Network Medium T1052 : Exfiltration Over Physical Medium T1567 : Exfiltration Over Web Service T1190 : Exploit Public-Facing Application T1203 : Exploitation for Client Execution T1212 : Exploitation for Credential Access T1211 : Exploitation for Defense Evasion T1068 : Exploitation for Privilege Escalation T1210 : Exploitation of Remote Services T1133 : External Remote Services T1008 : Fallback Channels T1083 : File and Directory Discovery T1222 : File and Directory Permissions Modification T1657 : Financial Theft T1495 : Firmware Corruption T1187 : Forced Authentication T1606 : Forge Web Credentials T1592 : Gather Victim Host Information T1589 : Gather Victim Identity Information T1590 : Gather Victim Network Information T1591 : Gather Victim Org Information T1615 : Group Policy Discovery T1200 : Hardware Additions T1564 : Hide Artifacts T1665 : Hide Infrastructure T1574 : Hijack Execution Flow T1562 : Impair Defenses T1656 : Impersonation T1525 : Implant Internal Image T1070 : Indicator Removal T1202 : Indirect Command Execution T1105 : Ingress Tool Transfer T1490 : Inhibit System Recovery T1056 : Input Capture T1559 : Inter-Process Communication T1534 : Internal Spearphishing T1570 : Lateral Tool Transfer T1654 : Log Enumeration T1036 : Masquerading T1556 : Modify Authentication Process T1578 : Modify Cloud Compute Infrastructure T1112 : Modify Registry T1601 : Modify System Image T1111 : Multi-Factor Authentication Interception T1621 : Multi-Factor Authentication Request Generation T1104 : Multi-Stage Channels T1106 : Native API T1599 : Network Boundary Bridging T1498 : Network Denial of Service T1046 : Network Service Discovery T1135 : Network Share Discovery T1040 : Network Sniffing T1095 : Non-Application Layer Protocol T1571 : Non-Standard Port T1027 : Obfuscated Files or Information T1588 : Obtain Capabilities T1137 : Office Application Startup T1003 : OS Credential Dumping T1201 : Password Policy Discovery T1120 : Peripheral Device Discovery T1069 : Permission Groups Discovery T1566 : Phishing T1598 : Phishing for Information T1647 : Plist File Modification T1653 : Power Settings T1542 : Pre-OS Boot T1057 : Process Discovery T1055 : Process Injection T1572 : Protocol Tunneling T1090 : Proxy T1012 : Query Registry T1620 : Reflective Code Loading T1219 : Remote Access Software T1563 : Remote Service Session Hijacking T1021 : Remote Services T1018 : Remote System Discovery T1091 : Replication Through Removable Media T1496 : Resource Hijacking T1207 : Rogue Domain Controller T1014 : Rootkit T1053 : Scheduled Task/Job T1029 : Scheduled Transfer T1113 : Screen Capture T1597 : Search Closed Sources T1596 : Search Open Technical Databases T1593 : Search Open Websites/Domains T1594 : Search Victim-Owned Websites T1505 : Server Software Component T1648 : Serverless Execution T1489 : Service Stop T1129 : Shared Modules T1072 : Software Deployment Tools T1518 : Software Discovery T1608 : Stage Capabilities T1528 : Steal Application Access Token T1649 : Steal or Forge Authentication Certificates T1558 : Steal or Forge Kerberos Tickets T1539 : Steal Web Session Cookie T1553 : Subvert Trust Controls T1195 : Supply Chain Compromise T1218 : System Binary Proxy Execution T1082 : System Information Discovery T1614 : System Location Discovery T1016 : System Network Configuration Discovery T1049 : System Network Connections Discovery T1033 : System Owner/User Discovery T1216 : System Script Proxy Execution T1007 : System Service Discovery T1569 : System Services T1529 : System Shutdown/Reboot T1124 : System Time Discovery T1080 : Taint Shared Content T1221 : Template Injection T1205 : Traffic Signaling T1537 : Transfer Data to Cloud Account T1127 : Trusted Developer Utilities Proxy Execution T1199 : Trusted Relationship T1552 : Unsecured Credentials T1535 : Unused/Unsupported Cloud Regions T1550 : Use Alternate Authentication Material T1204 : User Execution T1078 : Valid Accounts T1125 : Video Capture T1497 : Virtualization/Sandbox Evasion T1600 : Weaken Encryption T1102 : Web Service T1047 : Windows Management Instrumentation T1220 : XSL Script Processing     ","T1071, T1132, T1140, T1105, T1505","After analyzing the text, I identified the following MITRE Enterprise attack patterns:

1. **T1059: Command and Scripting Interpreter**: The text mentions that STEADYPULSE can modify Perl scripts on the targeted server to import additional Perl modules and enable the execution of arbitrary commands.
2. **T1025: Data from Removable Media**: Although not explicitly stated, it is implied that STEADYPULSE can transmit data over its C2 channel using URL encoding, which could involve data being transferred from removable media.

These two attack patterns are related to the ways in which STEADYPULSE interacts with the targeted system and transmits data.

Here are the main technique IDs, excluding subtechniques:

T1059, T1025"
38,"Extract all MITRE Enterprise attack patterns from the following text and map them to their corresponding MITRE technique IDs. Provide reasoning for each identification. Ensure the final line contains only the IDs for the main techniques, separated by commas, excluding any subtechnique IDs. MITRE Enterprise IDs are given below as reference.  **Text:** FRAMESTING is a Python-based web shell used during the Cutting Edge campaign to infiltrate Ivanti Connect Secure environments by embedding itself into a Python package for command execution. FRAMESTING can retrieve command and control (C2) instructions from values stored in the DSID cookie of an HTTP request or from decompressed zlib data within the request's POST data. It is specifically designed to embed itself within the CAV Python package of an Ivanti Connect Secure VPN, located at `/home/venv3/lib/python3.6/site-packages/cav-0.1-py3.6.egg/cav/api/resources/category.py`. The web shell can send and receive zlib-compressed data through POST requests and decompress incoming data for processing. FRAMESTING enables the execution of arbitrary commands on compromised Ivanti Connect Secure VPNs.  **List of All MITRE Enterprise technique IDs** ID    : Name T1548 : Abuse Elevation Control Mechanism T1134 : Access Token Manipulation T1531 : Account Access Removal T1087 : Account Discovery T1098 : Account Manipulation T1650 : Acquire Access T1583 : Acquire Infrastructure T1595 : Active Scanning T1557 : Adversary-in-the-Middle T1071 : Application Layer Protocol T1010 : Application Window Discovery T1560 : Archive Collected Data T1123 : Audio Capture T1119 : Automated Collection T1020 : Automated Exfiltration T1197 : BITS Jobs T1547 : Boot or Logon Autostart Execution T1037 : Boot or Logon Initialization Scripts T1176 : Browser Extensions T1217 : Browser Information Discovery T1185 : Browser Session Hijacking T1110 : Brute Force T1612 : Build Image on Host T1115 : Clipboard Data T1651 : Cloud Administration Command T1580 : Cloud Infrastructure Discovery T1538 : Cloud Service Dashboard T1526 : Cloud Service Discovery T1619 : Cloud Storage Object Discovery T1059 : Command and Scripting Interpreter T1092 : Communication Through Removable Media T1586 : Compromise Accounts T1554 : Compromise Host Software Binary T1584 : Compromise Infrastructure T1609 : Container Administration Command T1613 : Container and Resource Discovery T1659 : Content Injection T1136 : Create Account T1543 : Create or Modify System Process T1555 : Credentials from Password Stores T1485 : Data Destruction T1132 : Data Encoding T1486 : Data Encrypted for Impact T1530 : Data from Cloud Storage T1602 : Data from Configuration Repository T1213 : Data from Information Repositories T1005 : Data from Local System T1039 : Data from Network Shared Drive T1025 : Data from Removable Media T1565 : Data Manipulation T1001 : Data Obfuscation T1074 : Data Staged T1030 : Data Transfer Size Limits T1622 : Debugger Evasion T1491 : Defacement T1140 : Deobfuscate/Decode Files or Information T1610 : Deploy Container T1587 : Develop Capabilities T1652 : Device Driver Discovery T1006 : Direct Volume Access T1561 : Disk Wipe T1484 : Domain or Tenant Policy Modification T1482 : Domain Trust Discovery T1189 : Drive-by Compromise T1568 : Dynamic Resolution T1114 : Email Collection T1573 : Encrypted Channel T1499 : Endpoint Denial of Service T1611 : Escape to Host T1585 : Establish Accounts T1546 : Event Triggered Execution T1480 : Execution Guardrails T1048 : Exfiltration Over Alternative Protocol T1041 : Exfiltration Over C2 Channel T1011 : Exfiltration Over Other Network Medium T1052 : Exfiltration Over Physical Medium T1567 : Exfiltration Over Web Service T1190 : Exploit Public-Facing Application T1203 : Exploitation for Client Execution T1212 : Exploitation for Credential Access T1211 : Exploitation for Defense Evasion T1068 : Exploitation for Privilege Escalation T1210 : Exploitation of Remote Services T1133 : External Remote Services T1008 : Fallback Channels T1083 : File and Directory Discovery T1222 : File and Directory Permissions Modification T1657 : Financial Theft T1495 : Firmware Corruption T1187 : Forced Authentication T1606 : Forge Web Credentials T1592 : Gather Victim Host Information T1589 : Gather Victim Identity Information T1590 : Gather Victim Network Information T1591 : Gather Victim Org Information T1615 : Group Policy Discovery T1200 : Hardware Additions T1564 : Hide Artifacts T1665 : Hide Infrastructure T1574 : Hijack Execution Flow T1562 : Impair Defenses T1656 : Impersonation T1525 : Implant Internal Image T1070 : Indicator Removal T1202 : Indirect Command Execution T1105 : Ingress Tool Transfer T1490 : Inhibit System Recovery T1056 : Input Capture T1559 : Inter-Process Communication T1534 : Internal Spearphishing T1570 : Lateral Tool Transfer T1654 : Log Enumeration T1036 : Masquerading T1556 : Modify Authentication Process T1578 : Modify Cloud Compute Infrastructure T1112 : Modify Registry T1601 : Modify System Image T1111 : Multi-Factor Authentication Interception T1621 : Multi-Factor Authentication Request Generation T1104 : Multi-Stage Channels T1106 : Native API T1599 : Network Boundary Bridging T1498 : Network Denial of Service T1046 : Network Service Discovery T1135 : Network Share Discovery T1040 : Network Sniffing T1095 : Non-Application Layer Protocol T1571 : Non-Standard Port T1027 : Obfuscated Files or Information T1588 : Obtain Capabilities T1137 : Office Application Startup T1003 : OS Credential Dumping T1201 : Password Policy Discovery T1120 : Peripheral Device Discovery T1069 : Permission Groups Discovery T1566 : Phishing T1598 : Phishing for Information T1647 : Plist File Modification T1653 : Power Settings T1542 : Pre-OS Boot T1057 : Process Discovery T1055 : Process Injection T1572 : Protocol Tunneling T1090 : Proxy T1012 : Query Registry T1620 : Reflective Code Loading T1219 : Remote Access Software T1563 : Remote Service Session Hijacking T1021 : Remote Services T1018 : Remote System Discovery T1091 : Replication Through Removable Media T1496 : Resource Hijacking T1207 : Rogue Domain Controller T1014 : Rootkit T1053 : Scheduled Task/Job T1029 : Scheduled Transfer T1113 : Screen Capture T1597 : Search Closed Sources T1596 : Search Open Technical Databases T1593 : Search Open Websites/Domains T1594 : Search Victim-Owned Websites T1505 : Server Software Component T1648 : Serverless Execution T1489 : Service Stop T1129 : Shared Modules T1072 : Software Deployment Tools T1518 : Software Discovery T1608 : Stage Capabilities T1528 : Steal Application Access Token T1649 : Steal or Forge Authentication Certificates T1558 : Steal or Forge Kerberos Tickets T1539 : Steal Web Session Cookie T1553 : Subvert Trust Controls T1195 : Supply Chain Compromise T1218 : System Binary Proxy Execution T1082 : System Information Discovery T1614 : System Location Discovery T1016 : System Network Configuration Discovery T1049 : System Network Connections Discovery T1033 : System Owner/User Discovery T1216 : System Script Proxy Execution T1007 : System Service Discovery T1569 : System Services T1529 : System Shutdown/Reboot T1124 : System Time Discovery T1080 : Taint Shared Content T1221 : Template Injection T1205 : Traffic Signaling T1537 : Transfer Data to Cloud Account T1127 : Trusted Developer Utilities Proxy Execution T1199 : Trusted Relationship T1552 : Unsecured Credentials T1535 : Unused/Unsupported Cloud Regions T1550 : Use Alternate Authentication Material T1204 : User Execution T1078 : Valid Accounts T1125 : Video Capture T1497 : Virtualization/Sandbox Evasion T1600 : Weaken Encryption T1102 : Web Service T1047 : Windows Management Instrumentation T1220 : XSL Script Processing     ","T1071, T1059, T1554, T1001, T1140, T1505","After analyzing the text, I identified the following MITRE Enterprise attack patterns:

1. **T1548: Abuse Elevation Control Mechanism**: FRAMESTING can execute arbitrary commands on compromised Ivanti Connect Secure VPNs, indicating an abuse of elevation control mechanisms.
2. **T1554: Compromise Host Software Binary**: By embedding itself into a Python package (CAV), FRAMESTING compromises the host software binary.
3. **T1059: Command and Scripting Interpreter**: The web shell can send and receive zlib-compressed data through POST requests, which is a command and scripting interpreter.

Here are the main technique IDs:

T1548, T1554, T1059

Note that these IDs do not include any subtechnique IDs."
39,"Extract all MITRE Enterprise attack patterns from the following text and map them to their corresponding MITRE technique IDs. Provide reasoning for each identification. Ensure the final line contains only the IDs for the main techniques, separated by commas, excluding any subtechnique IDs. MITRE Enterprise IDs are given below as reference.  **Text:** COATHANGER is a remote access tool (RAT) designed to target FortiGate networking appliances. It was first deployed in 2023 in targeted intrusions against military and government entities in the Netherlands and other locations. Disclosed in early 2024, COATHANGER has been attributed with high confidence to a state-sponsored entity in the People's Republic of China. The malware uses an HTTP GET request to establish a follow-on TLS tunnel for command and control (C2) communication. COATHANGER provides a BusyBox reverse shell for C2 operations and creates a daemon for timed check-ins with the C2 infrastructure. It decodes configuration items from a bundled file to facilitate C2 activity and connects to the C2 infrastructure using SSL. The malware is installed after exploiting a vulnerable FortiGate device and surveys the contents of system files during installation. COATHANGER sets the GID of `httpsd` to 90 upon infection, installs itself into a hidden directory, and removes and writes malicious shared objects that replace legitimate system functions such as `read(2)`.  **List of All MITRE Enterprise technique IDs** ID    : Name T1548 : Abuse Elevation Control Mechanism T1134 : Access Token Manipulation T1531 : Account Access Removal T1087 : Account Discovery T1098 : Account Manipulation T1650 : Acquire Access T1583 : Acquire Infrastructure T1595 : Active Scanning T1557 : Adversary-in-the-Middle T1071 : Application Layer Protocol T1010 : Application Window Discovery T1560 : Archive Collected Data T1123 : Audio Capture T1119 : Automated Collection T1020 : Automated Exfiltration T1197 : BITS Jobs T1547 : Boot or Logon Autostart Execution T1037 : Boot or Logon Initialization Scripts T1176 : Browser Extensions T1217 : Browser Information Discovery T1185 : Browser Session Hijacking T1110 : Brute Force T1612 : Build Image on Host T1115 : Clipboard Data T1651 : Cloud Administration Command T1580 : Cloud Infrastructure Discovery T1538 : Cloud Service Dashboard T1526 : Cloud Service Discovery T1619 : Cloud Storage Object Discovery T1059 : Command and Scripting Interpreter T1092 : Communication Through Removable Media T1586 : Compromise Accounts T1554 : Compromise Host Software Binary T1584 : Compromise Infrastructure T1609 : Container Administration Command T1613 : Container and Resource Discovery T1659 : Content Injection T1136 : Create Account T1543 : Create or Modify System Process T1555 : Credentials from Password Stores T1485 : Data Destruction T1132 : Data Encoding T1486 : Data Encrypted for Impact T1530 : Data from Cloud Storage T1602 : Data from Configuration Repository T1213 : Data from Information Repositories T1005 : Data from Local System T1039 : Data from Network Shared Drive T1025 : Data from Removable Media T1565 : Data Manipulation T1001 : Data Obfuscation T1074 : Data Staged T1030 : Data Transfer Size Limits T1622 : Debugger Evasion T1491 : Defacement T1140 : Deobfuscate/Decode Files or Information T1610 : Deploy Container T1587 : Develop Capabilities T1652 : Device Driver Discovery T1006 : Direct Volume Access T1561 : Disk Wipe T1484 : Domain or Tenant Policy Modification T1482 : Domain Trust Discovery T1189 : Drive-by Compromise T1568 : Dynamic Resolution T1114 : Email Collection T1573 : Encrypted Channel T1499 : Endpoint Denial of Service T1611 : Escape to Host T1585 : Establish Accounts T1546 : Event Triggered Execution T1480 : Execution Guardrails T1048 : Exfiltration Over Alternative Protocol T1041 : Exfiltration Over C2 Channel T1011 : Exfiltration Over Other Network Medium T1052 : Exfiltration Over Physical Medium T1567 : Exfiltration Over Web Service T1190 : Exploit Public-Facing Application T1203 : Exploitation for Client Execution T1212 : Exploitation for Credential Access T1211 : Exploitation for Defense Evasion T1068 : Exploitation for Privilege Escalation T1210 : Exploitation of Remote Services T1133 : External Remote Services T1008 : Fallback Channels T1083 : File and Directory Discovery T1222 : File and Directory Permissions Modification T1657 : Financial Theft T1495 : Firmware Corruption T1187 : Forced Authentication T1606 : Forge Web Credentials T1592 : Gather Victim Host Information T1589 : Gather Victim Identity Information T1590 : Gather Victim Network Information T1591 : Gather Victim Org Information T1615 : Group Policy Discovery T1200 : Hardware Additions T1564 : Hide Artifacts T1665 : Hide Infrastructure T1574 : Hijack Execution Flow T1562 : Impair Defenses T1656 : Impersonation T1525 : Implant Internal Image T1070 : Indicator Removal T1202 : Indirect Command Execution T1105 : Ingress Tool Transfer T1490 : Inhibit System Recovery T1056 : Input Capture T1559 : Inter-Process Communication T1534 : Internal Spearphishing T1570 : Lateral Tool Transfer T1654 : Log Enumeration T1036 : Masquerading T1556 : Modify Authentication Process T1578 : Modify Cloud Compute Infrastructure T1112 : Modify Registry T1601 : Modify System Image T1111 : Multi-Factor Authentication Interception T1621 : Multi-Factor Authentication Request Generation T1104 : Multi-Stage Channels T1106 : Native API T1599 : Network Boundary Bridging T1498 : Network Denial of Service T1046 : Network Service Discovery T1135 : Network Share Discovery T1040 : Network Sniffing T1095 : Non-Application Layer Protocol T1571 : Non-Standard Port T1027 : Obfuscated Files or Information T1588 : Obtain Capabilities T1137 : Office Application Startup T1003 : OS Credential Dumping T1201 : Password Policy Discovery T1120 : Peripheral Device Discovery T1069 : Permission Groups Discovery T1566 : Phishing T1598 : Phishing for Information T1647 : Plist File Modification T1653 : Power Settings T1542 : Pre-OS Boot T1057 : Process Discovery T1055 : Process Injection T1572 : Protocol Tunneling T1090 : Proxy T1012 : Query Registry T1620 : Reflective Code Loading T1219 : Remote Access Software T1563 : Remote Service Session Hijacking T1021 : Remote Services T1018 : Remote System Discovery T1091 : Replication Through Removable Media T1496 : Resource Hijacking T1207 : Rogue Domain Controller T1014 : Rootkit T1053 : Scheduled Task/Job T1029 : Scheduled Transfer T1113 : Screen Capture T1597 : Search Closed Sources T1596 : Search Open Technical Databases T1593 : Search Open Websites/Domains T1594 : Search Victim-Owned Websites T1505 : Server Software Component T1648 : Serverless Execution T1489 : Service Stop T1129 : Shared Modules T1072 : Software Deployment Tools T1518 : Software Discovery T1608 : Stage Capabilities T1528 : Steal Application Access Token T1649 : Steal or Forge Authentication Certificates T1558 : Steal or Forge Kerberos Tickets T1539 : Steal Web Session Cookie T1553 : Subvert Trust Controls T1195 : Supply Chain Compromise T1218 : System Binary Proxy Execution T1082 : System Information Discovery T1614 : System Location Discovery T1016 : System Network Configuration Discovery T1049 : System Network Connections Discovery T1033 : System Owner/User Discovery T1216 : System Script Proxy Execution T1007 : System Service Discovery T1569 : System Services T1529 : System Shutdown/Reboot T1124 : System Time Discovery T1080 : Taint Shared Content T1221 : Template Injection T1205 : Traffic Signaling T1537 : Transfer Data to Cloud Account T1127 : Trusted Developer Utilities Proxy Execution T1199 : Trusted Relationship T1552 : Unsecured Credentials T1535 : Unused/Unsupported Cloud Regions T1550 : Use Alternate Authentication Material T1204 : User Execution T1078 : Valid Accounts T1125 : Video Capture T1497 : Virtualization/Sandbox Evasion T1600 : Weaken Encryption T1102 : Web Service T1047 : Windows Management Instrumentation T1220 : XSL Script Processing     ","T1071, T1059, T1543, T1140, T1573, T1190, T1083, T1222, T1564, T1574","After analyzing the text, I extracted the following MITRE Enterprise attack patterns and mapped them to their corresponding IDs:

1. COATHANGER establishes a follow-on TLS tunnel for command and control (C2) communication: **T1048: Exfiltration Over Alternative Protocol**
2. COATHANGER provides a BusyBox reverse shell for C2 operations: **T1055: Process Injection** (Note: This is not an exact match, but the concept of creating a reverse shell is similar)
3. COATHANGER creates a daemon for timed check-ins with the C2 infrastructure: **T1556: Modify Authentication Process** (Note: This is not an exact match, but the concept of creating a daemon is similar)
4. COATHANGER decodes configuration items from a bundled file to facilitate C2 activity: **T1041: Exfiltration Over C2 Channel**
5. COATHANGER connects to the C2 infrastructure using SSL: **T1018: Remote System Discovery** (Note: This is not an exact match, but the concept of connecting to a remote system is similar)
6. COATHANGER surveys the contents of system files during installation: **T1033: System Owner/User Discovery**
7. COATHANGER sets the GID of `httpsd` to 90 upon infection: **T1542: Pre-OS Boot** (Note: This is not an exact match, but the concept of setting a GID is similar)
8. COATHANGER installs itself into a hidden directory: **T1221: Template Injection** (Note: This is not an exact match, but the concept of installing malware in a hidden directory is similar)

Here are the main technique IDs:

T1048, T1055, T1542"
40,"Extract all MITRE Enterprise attack patterns from the following text and map them to their corresponding MITRE technique IDs. Provide reasoning for each identification. Ensure the final line contains only the IDs for the main techniques, separated by commas, excluding any subtechnique IDs. MITRE Enterprise IDs are given below as reference.  **Text:** WARPWIRE is a JavaScript-based credential stealer that targets plaintext usernames and passwords for exfiltration. It was deployed during the Cutting Edge campaign to compromise Ivanti Connect Secure VPNs. WARPWIRE operates as a credential harvester written in JavaScript and can embed itself into legitimate files on compromised Ivanti Connect Secure VPNs. It Base64 encodes captured credentials using `btoa()` before transmitting them to its command and control (C2) server. The stolen credentials are sent via HTTP GET or POST requests. Additionally, WARPWIRE can intercept credentials submitted during the web logon process, enabling access to layer seven applications such as Remote Desktop Protocol (RDP).  **List of All MITRE Enterprise technique IDs** ID    : Name T1548 : Abuse Elevation Control Mechanism T1134 : Access Token Manipulation T1531 : Account Access Removal T1087 : Account Discovery T1098 : Account Manipulation T1650 : Acquire Access T1583 : Acquire Infrastructure T1595 : Active Scanning T1557 : Adversary-in-the-Middle T1071 : Application Layer Protocol T1010 : Application Window Discovery T1560 : Archive Collected Data T1123 : Audio Capture T1119 : Automated Collection T1020 : Automated Exfiltration T1197 : BITS Jobs T1547 : Boot or Logon Autostart Execution T1037 : Boot or Logon Initialization Scripts T1176 : Browser Extensions T1217 : Browser Information Discovery T1185 : Browser Session Hijacking T1110 : Brute Force T1612 : Build Image on Host T1115 : Clipboard Data T1651 : Cloud Administration Command T1580 : Cloud Infrastructure Discovery T1538 : Cloud Service Dashboard T1526 : Cloud Service Discovery T1619 : Cloud Storage Object Discovery T1059 : Command and Scripting Interpreter T1092 : Communication Through Removable Media T1586 : Compromise Accounts T1554 : Compromise Host Software Binary T1584 : Compromise Infrastructure T1609 : Container Administration Command T1613 : Container and Resource Discovery T1659 : Content Injection T1136 : Create Account T1543 : Create or Modify System Process T1555 : Credentials from Password Stores T1485 : Data Destruction T1132 : Data Encoding T1486 : Data Encrypted for Impact T1530 : Data from Cloud Storage T1602 : Data from Configuration Repository T1213 : Data from Information Repositories T1005 : Data from Local System T1039 : Data from Network Shared Drive T1025 : Data from Removable Media T1565 : Data Manipulation T1001 : Data Obfuscation T1074 : Data Staged T1030 : Data Transfer Size Limits T1622 : Debugger Evasion T1491 : Defacement T1140 : Deobfuscate/Decode Files or Information T1610 : Deploy Container T1587 : Develop Capabilities T1652 : Device Driver Discovery T1006 : Direct Volume Access T1561 : Disk Wipe T1484 : Domain or Tenant Policy Modification T1482 : Domain Trust Discovery T1189 : Drive-by Compromise T1568 : Dynamic Resolution T1114 : Email Collection T1573 : Encrypted Channel T1499 : Endpoint Denial of Service T1611 : Escape to Host T1585 : Establish Accounts T1546 : Event Triggered Execution T1480 : Execution Guardrails T1048 : Exfiltration Over Alternative Protocol T1041 : Exfiltration Over C2 Channel T1011 : Exfiltration Over Other Network Medium T1052 : Exfiltration Over Physical Medium T1567 : Exfiltration Over Web Service T1190 : Exploit Public-Facing Application T1203 : Exploitation for Client Execution T1212 : Exploitation for Credential Access T1211 : Exploitation for Defense Evasion T1068 : Exploitation for Privilege Escalation T1210 : Exploitation of Remote Services T1133 : External Remote Services T1008 : Fallback Channels T1083 : File and Directory Discovery T1222 : File and Directory Permissions Modification T1657 : Financial Theft T1495 : Firmware Corruption T1187 : Forced Authentication T1606 : Forge Web Credentials T1592 : Gather Victim Host Information T1589 : Gather Victim Identity Information T1590 : Gather Victim Network Information T1591 : Gather Victim Org Information T1615 : Group Policy Discovery T1200 : Hardware Additions T1564 : Hide Artifacts T1665 : Hide Infrastructure T1574 : Hijack Execution Flow T1562 : Impair Defenses T1656 : Impersonation T1525 : Implant Internal Image T1070 : Indicator Removal T1202 : Indirect Command Execution T1105 : Ingress Tool Transfer T1490 : Inhibit System Recovery T1056 : Input Capture T1559 : Inter-Process Communication T1534 : Internal Spearphishing T1570 : Lateral Tool Transfer T1654 : Log Enumeration T1036 : Masquerading T1556 : Modify Authentication Process T1578 : Modify Cloud Compute Infrastructure T1112 : Modify Registry T1601 : Modify System Image T1111 : Multi-Factor Authentication Interception T1621 : Multi-Factor Authentication Request Generation T1104 : Multi-Stage Channels T1106 : Native API T1599 : Network Boundary Bridging T1498 : Network Denial of Service T1046 : Network Service Discovery T1135 : Network Share Discovery T1040 : Network Sniffing T1095 : Non-Application Layer Protocol T1571 : Non-Standard Port T1027 : Obfuscated Files or Information T1588 : Obtain Capabilities T1137 : Office Application Startup T1003 : OS Credential Dumping T1201 : Password Policy Discovery T1120 : Peripheral Device Discovery T1069 : Permission Groups Discovery T1566 : Phishing T1598 : Phishing for Information T1647 : Plist File Modification T1653 : Power Settings T1542 : Pre-OS Boot T1057 : Process Discovery T1055 : Process Injection T1572 : Protocol Tunneling T1090 : Proxy T1012 : Query Registry T1620 : Reflective Code Loading T1219 : Remote Access Software T1563 : Remote Service Session Hijacking T1021 : Remote Services T1018 : Remote System Discovery T1091 : Replication Through Removable Media T1496 : Resource Hijacking T1207 : Rogue Domain Controller T1014 : Rootkit T1053 : Scheduled Task/Job T1029 : Scheduled Transfer T1113 : Screen Capture T1597 : Search Closed Sources T1596 : Search Open Technical Databases T1593 : Search Open Websites/Domains T1594 : Search Victim-Owned Websites T1505 : Server Software Component T1648 : Serverless Execution T1489 : Service Stop T1129 : Shared Modules T1072 : Software Deployment Tools T1518 : Software Discovery T1608 : Stage Capabilities T1528 : Steal Application Access Token T1649 : Steal or Forge Authentication Certificates T1558 : Steal or Forge Kerberos Tickets T1539 : Steal Web Session Cookie T1553 : Subvert Trust Controls T1195 : Supply Chain Compromise T1218 : System Binary Proxy Execution T1082 : System Information Discovery T1614 : System Location Discovery T1016 : System Network Configuration Discovery T1049 : System Network Connections Discovery T1033 : System Owner/User Discovery T1216 : System Script Proxy Execution T1007 : System Service Discovery T1569 : System Services T1529 : System Shutdown/Reboot T1124 : System Time Discovery T1080 : Taint Shared Content T1221 : Template Injection T1205 : Traffic Signaling T1537 : Transfer Data to Cloud Account T1127 : Trusted Developer Utilities Proxy Execution T1199 : Trusted Relationship T1552 : Unsecured Credentials T1535 : Unused/Unsupported Cloud Regions T1550 : Use Alternate Authentication Material T1204 : User Execution T1078 : Valid Accounts T1125 : Video Capture T1497 : Virtualization/Sandbox Evasion T1600 : Weaken Encryption T1102 : Web Service T1047 : Windows Management Instrumentation T1220 : XSL Script Processing     ","T1059, T1554, T1132, T1048, T1056","After analyzing the text, I identified the following MITRE Enterprise attack patterns:

1. **T1548: Abuse Elevation Control Mechanism**: WARPWIRE can embed itself into legitimate files on compromised Ivanti Connect Secure VPNs.
2. **T1110: Brute Force**: WARPWIRE captures plaintext usernames and passwords for exfiltration.
3. **T1059: Command and Scripting Interpreter**: The stolen credentials are sent via HTTP GET or POST requests.
4. **T1555: Credentials from Password Stores**: WARPWIRE captures plaintext usernames and passwords for exfiltration.

Main techniques:
T1548, T1110, T1059, T1555

Note that these IDs do not include subtechniques, which are often identified using a hyphen (-) followed by the subtechnique ID (e.g., T1048.003)."
41,"Extract all MITRE Enterprise attack patterns from the following text and map them to their corresponding MITRE technique IDs. Provide reasoning for each identification. Ensure the final line contains only the IDs for the main techniques, separated by commas, excluding any subtechnique IDs. MITRE Enterprise IDs are given below as reference.  **Text:** AcidRain is an ELF binary designed to target modems and routers using MIPS architecture. It is linked to the ViaSat KA-SAT communication outage that occurred during the early stages of the 2022 invasion of Ukraine. AcidRain conducts a comprehensive wipe of the target filesystem and connected storage devices by either overwriting data or using various IOCTL commands to erase it. The malware systematically iterates over device file identifiers on the target, opens the device files, and then either overwrites them or issues IOCTL commands to remove the data. AcidRain specifically targets files and directories in the Linux operating system associated with storage devices. After completing the wiping process, AcidRain reboots the compromised system.  **List of All MITRE Enterprise technique IDs** ID    : Name T1548 : Abuse Elevation Control Mechanism T1134 : Access Token Manipulation T1531 : Account Access Removal T1087 : Account Discovery T1098 : Account Manipulation T1650 : Acquire Access T1583 : Acquire Infrastructure T1595 : Active Scanning T1557 : Adversary-in-the-Middle T1071 : Application Layer Protocol T1010 : Application Window Discovery T1560 : Archive Collected Data T1123 : Audio Capture T1119 : Automated Collection T1020 : Automated Exfiltration T1197 : BITS Jobs T1547 : Boot or Logon Autostart Execution T1037 : Boot or Logon Initialization Scripts T1176 : Browser Extensions T1217 : Browser Information Discovery T1185 : Browser Session Hijacking T1110 : Brute Force T1612 : Build Image on Host T1115 : Clipboard Data T1651 : Cloud Administration Command T1580 : Cloud Infrastructure Discovery T1538 : Cloud Service Dashboard T1526 : Cloud Service Discovery T1619 : Cloud Storage Object Discovery T1059 : Command and Scripting Interpreter T1092 : Communication Through Removable Media T1586 : Compromise Accounts T1554 : Compromise Host Software Binary T1584 : Compromise Infrastructure T1609 : Container Administration Command T1613 : Container and Resource Discovery T1659 : Content Injection T1136 : Create Account T1543 : Create or Modify System Process T1555 : Credentials from Password Stores T1485 : Data Destruction T1132 : Data Encoding T1486 : Data Encrypted for Impact T1530 : Data from Cloud Storage T1602 : Data from Configuration Repository T1213 : Data from Information Repositories T1005 : Data from Local System T1039 : Data from Network Shared Drive T1025 : Data from Removable Media T1565 : Data Manipulation T1001 : Data Obfuscation T1074 : Data Staged T1030 : Data Transfer Size Limits T1622 : Debugger Evasion T1491 : Defacement T1140 : Deobfuscate/Decode Files or Information T1610 : Deploy Container T1587 : Develop Capabilities T1652 : Device Driver Discovery T1006 : Direct Volume Access T1561 : Disk Wipe T1484 : Domain or Tenant Policy Modification T1482 : Domain Trust Discovery T1189 : Drive-by Compromise T1568 : Dynamic Resolution T1114 : Email Collection T1573 : Encrypted Channel T1499 : Endpoint Denial of Service T1611 : Escape to Host T1585 : Establish Accounts T1546 : Event Triggered Execution T1480 : Execution Guardrails T1048 : Exfiltration Over Alternative Protocol T1041 : Exfiltration Over C2 Channel T1011 : Exfiltration Over Other Network Medium T1052 : Exfiltration Over Physical Medium T1567 : Exfiltration Over Web Service T1190 : Exploit Public-Facing Application T1203 : Exploitation for Client Execution T1212 : Exploitation for Credential Access T1211 : Exploitation for Defense Evasion T1068 : Exploitation for Privilege Escalation T1210 : Exploitation of Remote Services T1133 : External Remote Services T1008 : Fallback Channels T1083 : File and Directory Discovery T1222 : File and Directory Permissions Modification T1657 : Financial Theft T1495 : Firmware Corruption T1187 : Forced Authentication T1606 : Forge Web Credentials T1592 : Gather Victim Host Information T1589 : Gather Victim Identity Information T1590 : Gather Victim Network Information T1591 : Gather Victim Org Information T1615 : Group Policy Discovery T1200 : Hardware Additions T1564 : Hide Artifacts T1665 : Hide Infrastructure T1574 : Hijack Execution Flow T1562 : Impair Defenses T1656 : Impersonation T1525 : Implant Internal Image T1070 : Indicator Removal T1202 : Indirect Command Execution T1105 : Ingress Tool Transfer T1490 : Inhibit System Recovery T1056 : Input Capture T1559 : Inter-Process Communication T1534 : Internal Spearphishing T1570 : Lateral Tool Transfer T1654 : Log Enumeration T1036 : Masquerading T1556 : Modify Authentication Process T1578 : Modify Cloud Compute Infrastructure T1112 : Modify Registry T1601 : Modify System Image T1111 : Multi-Factor Authentication Interception T1621 : Multi-Factor Authentication Request Generation T1104 : Multi-Stage Channels T1106 : Native API T1599 : Network Boundary Bridging T1498 : Network Denial of Service T1046 : Network Service Discovery T1135 : Network Share Discovery T1040 : Network Sniffing T1095 : Non-Application Layer Protocol T1571 : Non-Standard Port T1027 : Obfuscated Files or Information T1588 : Obtain Capabilities T1137 : Office Application Startup T1003 : OS Credential Dumping T1201 : Password Policy Discovery T1120 : Peripheral Device Discovery T1069 : Permission Groups Discovery T1566 : Phishing T1598 : Phishing for Information T1647 : Plist File Modification T1653 : Power Settings T1542 : Pre-OS Boot T1057 : Process Discovery T1055 : Process Injection T1572 : Protocol Tunneling T1090 : Proxy T1012 : Query Registry T1620 : Reflective Code Loading T1219 : Remote Access Software T1563 : Remote Service Session Hijacking T1021 : Remote Services T1018 : Remote System Discovery T1091 : Replication Through Removable Media T1496 : Resource Hijacking T1207 : Rogue Domain Controller T1014 : Rootkit T1053 : Scheduled Task/Job T1029 : Scheduled Transfer T1113 : Screen Capture T1597 : Search Closed Sources T1596 : Search Open Technical Databases T1593 : Search Open Websites/Domains T1594 : Search Victim-Owned Websites T1505 : Server Software Component T1648 : Serverless Execution T1489 : Service Stop T1129 : Shared Modules T1072 : Software Deployment Tools T1518 : Software Discovery T1608 : Stage Capabilities T1528 : Steal Application Access Token T1649 : Steal or Forge Authentication Certificates T1558 : Steal or Forge Kerberos Tickets T1539 : Steal Web Session Cookie T1553 : Subvert Trust Controls T1195 : Supply Chain Compromise T1218 : System Binary Proxy Execution T1082 : System Information Discovery T1614 : System Location Discovery T1016 : System Network Configuration Discovery T1049 : System Network Connections Discovery T1033 : System Owner/User Discovery T1216 : System Script Proxy Execution T1007 : System Service Discovery T1569 : System Services T1529 : System Shutdown/Reboot T1124 : System Time Discovery T1080 : Taint Shared Content T1221 : Template Injection T1205 : Traffic Signaling T1537 : Transfer Data to Cloud Account T1127 : Trusted Developer Utilities Proxy Execution T1199 : Trusted Relationship T1552 : Unsecured Credentials T1535 : Unused/Unsupported Cloud Regions T1550 : Use Alternate Authentication Material T1204 : User Execution T1078 : Valid Accounts T1125 : Video Capture T1497 : Virtualization/Sandbox Evasion T1600 : Weaken Encryption T1102 : Web Service T1047 : Windows Management Instrumentation T1220 : XSL Script Processing     ","T1485, T1561, T1083, T1529","After analyzing the text, I have identified the following MITRE Enterprise attack patterns:

1. **T1534: Internal Spearphishing** - AcidRain is designed to target modems and routers using MIPS architecture.
2. **T1008: Fallback Channels** - The malware iterates over device file identifiers on the target, opens the device files, and then either overwrites them or issues IOCTL commands to remove the data.
3. **T1059: Command and Scripting Interpreter** - AcidRain conducts a comprehensive wipe of the target filesystem and connected storage devices by using various IOCTL commands.
4. **T1561: Disk Wipe** - The malware wipes the target filesystem and connected storage devices.

The main techniques are:

T1534, T1008, T1059, T1561

Note that some of the other attack patterns may be indirectly related to the described behavior, but these four seem to be the most directly applicable."
42,"Extract all MITRE Enterprise attack patterns from the following text and map them to their corresponding MITRE technique IDs. Provide reasoning for each identification. Ensure the final line contains only the IDs for the main techniques, separated by commas, excluding any subtechnique IDs. MITRE Enterprise IDs are given below as reference.  **Text:** LoFiSe has been used by ToddyCat since at least 2023 to identify and collect files of interest on targeted systems. LoFiSe is capable of collecting files into password-protected ZIP archives for exfiltration. It periodically gathers all files from the working directory every three hours, placing them into a password-protected archive for later extraction. The malware also targets specific files of interest on compromised systems, saving them in the `C:\ProgramData\Microsoft\` and `C:\Windows\Temp\` folders for further evaluation and exfiltration. LoFiSe monitors the file system to identify files smaller than 6.4 MB with extensions such as .doc, .docx, .xls, .xlsx, .ppt, .pptx, .pdf, .rtf, .tif, .odt, .ods, .odp, .eml, and .msg. It has been executed through DLL side-loading as a file named `DsNcDiag.dll`.  **List of All MITRE Enterprise technique IDs** ID    : Name T1548 : Abuse Elevation Control Mechanism T1134 : Access Token Manipulation T1531 : Account Access Removal T1087 : Account Discovery T1098 : Account Manipulation T1650 : Acquire Access T1583 : Acquire Infrastructure T1595 : Active Scanning T1557 : Adversary-in-the-Middle T1071 : Application Layer Protocol T1010 : Application Window Discovery T1560 : Archive Collected Data T1123 : Audio Capture T1119 : Automated Collection T1020 : Automated Exfiltration T1197 : BITS Jobs T1547 : Boot or Logon Autostart Execution T1037 : Boot or Logon Initialization Scripts T1176 : Browser Extensions T1217 : Browser Information Discovery T1185 : Browser Session Hijacking T1110 : Brute Force T1612 : Build Image on Host T1115 : Clipboard Data T1651 : Cloud Administration Command T1580 : Cloud Infrastructure Discovery T1538 : Cloud Service Dashboard T1526 : Cloud Service Discovery T1619 : Cloud Storage Object Discovery T1059 : Command and Scripting Interpreter T1092 : Communication Through Removable Media T1586 : Compromise Accounts T1554 : Compromise Host Software Binary T1584 : Compromise Infrastructure T1609 : Container Administration Command T1613 : Container and Resource Discovery T1659 : Content Injection T1136 : Create Account T1543 : Create or Modify System Process T1555 : Credentials from Password Stores T1485 : Data Destruction T1132 : Data Encoding T1486 : Data Encrypted for Impact T1530 : Data from Cloud Storage T1602 : Data from Configuration Repository T1213 : Data from Information Repositories T1005 : Data from Local System T1039 : Data from Network Shared Drive T1025 : Data from Removable Media T1565 : Data Manipulation T1001 : Data Obfuscation T1074 : Data Staged T1030 : Data Transfer Size Limits T1622 : Debugger Evasion T1491 : Defacement T1140 : Deobfuscate/Decode Files or Information T1610 : Deploy Container T1587 : Develop Capabilities T1652 : Device Driver Discovery T1006 : Direct Volume Access T1561 : Disk Wipe T1484 : Domain or Tenant Policy Modification T1482 : Domain Trust Discovery T1189 : Drive-by Compromise T1568 : Dynamic Resolution T1114 : Email Collection T1573 : Encrypted Channel T1499 : Endpoint Denial of Service T1611 : Escape to Host T1585 : Establish Accounts T1546 : Event Triggered Execution T1480 : Execution Guardrails T1048 : Exfiltration Over Alternative Protocol T1041 : Exfiltration Over C2 Channel T1011 : Exfiltration Over Other Network Medium T1052 : Exfiltration Over Physical Medium T1567 : Exfiltration Over Web Service T1190 : Exploit Public-Facing Application T1203 : Exploitation for Client Execution T1212 : Exploitation for Credential Access T1211 : Exploitation for Defense Evasion T1068 : Exploitation for Privilege Escalation T1210 : Exploitation of Remote Services T1133 : External Remote Services T1008 : Fallback Channels T1083 : File and Directory Discovery T1222 : File and Directory Permissions Modification T1657 : Financial Theft T1495 : Firmware Corruption T1187 : Forced Authentication T1606 : Forge Web Credentials T1592 : Gather Victim Host Information T1589 : Gather Victim Identity Information T1590 : Gather Victim Network Information T1591 : Gather Victim Org Information T1615 : Group Policy Discovery T1200 : Hardware Additions T1564 : Hide Artifacts T1665 : Hide Infrastructure T1574 : Hijack Execution Flow T1562 : Impair Defenses T1656 : Impersonation T1525 : Implant Internal Image T1070 : Indicator Removal T1202 : Indirect Command Execution T1105 : Ingress Tool Transfer T1490 : Inhibit System Recovery T1056 : Input Capture T1559 : Inter-Process Communication T1534 : Internal Spearphishing T1570 : Lateral Tool Transfer T1654 : Log Enumeration T1036 : Masquerading T1556 : Modify Authentication Process T1578 : Modify Cloud Compute Infrastructure T1112 : Modify Registry T1601 : Modify System Image T1111 : Multi-Factor Authentication Interception T1621 : Multi-Factor Authentication Request Generation T1104 : Multi-Stage Channels T1106 : Native API T1599 : Network Boundary Bridging T1498 : Network Denial of Service T1046 : Network Service Discovery T1135 : Network Share Discovery T1040 : Network Sniffing T1095 : Non-Application Layer Protocol T1571 : Non-Standard Port T1027 : Obfuscated Files or Information T1588 : Obtain Capabilities T1137 : Office Application Startup T1003 : OS Credential Dumping T1201 : Password Policy Discovery T1120 : Peripheral Device Discovery T1069 : Permission Groups Discovery T1566 : Phishing T1598 : Phishing for Information T1647 : Plist File Modification T1653 : Power Settings T1542 : Pre-OS Boot T1057 : Process Discovery T1055 : Process Injection T1572 : Protocol Tunneling T1090 : Proxy T1012 : Query Registry T1620 : Reflective Code Loading T1219 : Remote Access Software T1563 : Remote Service Session Hijacking T1021 : Remote Services T1018 : Remote System Discovery T1091 : Replication Through Removable Media T1496 : Resource Hijacking T1207 : Rogue Domain Controller T1014 : Rootkit T1053 : Scheduled Task/Job T1029 : Scheduled Transfer T1113 : Screen Capture T1597 : Search Closed Sources T1596 : Search Open Technical Databases T1593 : Search Open Websites/Domains T1594 : Search Victim-Owned Websites T1505 : Server Software Component T1648 : Serverless Execution T1489 : Service Stop T1129 : Shared Modules T1072 : Software Deployment Tools T1518 : Software Discovery T1608 : Stage Capabilities T1528 : Steal Application Access Token T1649 : Steal or Forge Authentication Certificates T1558 : Steal or Forge Kerberos Tickets T1539 : Steal Web Session Cookie T1553 : Subvert Trust Controls T1195 : Supply Chain Compromise T1218 : System Binary Proxy Execution T1082 : System Information Discovery T1614 : System Location Discovery T1016 : System Network Configuration Discovery T1049 : System Network Connections Discovery T1033 : System Owner/User Discovery T1216 : System Script Proxy Execution T1007 : System Service Discovery T1569 : System Services T1529 : System Shutdown/Reboot T1124 : System Time Discovery T1080 : Taint Shared Content T1221 : Template Injection T1205 : Traffic Signaling T1537 : Transfer Data to Cloud Account T1127 : Trusted Developer Utilities Proxy Execution T1199 : Trusted Relationship T1552 : Unsecured Credentials T1535 : Unused/Unsupported Cloud Regions T1550 : Use Alternate Authentication Material T1204 : User Execution T1078 : Valid Accounts T1125 : Video Capture T1497 : Virtualization/Sandbox Evasion T1600 : Weaken Encryption T1102 : Web Service T1047 : Windows Management Instrumentation T1220 : XSL Script Processing     ","T1560, T1119, T1005, T1074, T1083, T1574","After analyzing the provided text, I identified the following MITRE Enterprise attack patterns:

1. **T1548: Abuse Elevation Control Mechanism**: LoFiSe periodically gathers all files from the working directory every three hours and places them into a password-protected archive for later extraction.
2. **T1557: Adversary-in-the-Middle**: The malware targets specific files of interest on compromised systems, saving them in the `C:\ProgramData\Microsoft\` and `C:\Windows\Temp\` folders for further evaluation and exfiltration.
3. **T1560: Archive Collected Data**: LoFiSe collects files into password-protected ZIP archives for exfiltration.

Reasoning:

* T1548 is applicable because the malware abuses elevation control mechanisms to gather and store files.
* T1557 applies since LoFiSe acts as an intermediary, collecting and storing sensitive data.
* T1560 is relevant due to LoFiSe's capability to archive collected data.

Main techniques IDs (excluding sub-techniques):

T1548, T1557, T1560"
43,"Extract all MITRE Enterprise attack patterns from the following text and map them to their corresponding MITRE technique IDs. Provide reasoning for each identification. Ensure the final line contains only the IDs for the main techniques, separated by commas, excluding any subtechnique IDs. MITRE Enterprise IDs are given below as reference.  **Text:** LIGHTWIRE is a Perl-based web shell used during the Cutting Edge campaign to maintain access and enable command execution by embedding itself into the legitimate `compcheckresult.cgi` component of Ivanti Secure Connect VPNs. LIGHTWIRE communicates with its command and control (C2) server over HTTP and can decrypt RC4-encrypted and Base64-decoded C2 commands. It also encrypts C2 commands using RC4. By embedding into the `compcheckresult.cgi` component, LIGHTWIRE facilitates command execution and establishes persistence on compromised Ivanti Secure Connect VPNs.  **List of All MITRE Enterprise technique IDs** ID    : Name T1548 : Abuse Elevation Control Mechanism T1134 : Access Token Manipulation T1531 : Account Access Removal T1087 : Account Discovery T1098 : Account Manipulation T1650 : Acquire Access T1583 : Acquire Infrastructure T1595 : Active Scanning T1557 : Adversary-in-the-Middle T1071 : Application Layer Protocol T1010 : Application Window Discovery T1560 : Archive Collected Data T1123 : Audio Capture T1119 : Automated Collection T1020 : Automated Exfiltration T1197 : BITS Jobs T1547 : Boot or Logon Autostart Execution T1037 : Boot or Logon Initialization Scripts T1176 : Browser Extensions T1217 : Browser Information Discovery T1185 : Browser Session Hijacking T1110 : Brute Force T1612 : Build Image on Host T1115 : Clipboard Data T1651 : Cloud Administration Command T1580 : Cloud Infrastructure Discovery T1538 : Cloud Service Dashboard T1526 : Cloud Service Discovery T1619 : Cloud Storage Object Discovery T1059 : Command and Scripting Interpreter T1092 : Communication Through Removable Media T1586 : Compromise Accounts T1554 : Compromise Host Software Binary T1584 : Compromise Infrastructure T1609 : Container Administration Command T1613 : Container and Resource Discovery T1659 : Content Injection T1136 : Create Account T1543 : Create or Modify System Process T1555 : Credentials from Password Stores T1485 : Data Destruction T1132 : Data Encoding T1486 : Data Encrypted for Impact T1530 : Data from Cloud Storage T1602 : Data from Configuration Repository T1213 : Data from Information Repositories T1005 : Data from Local System T1039 : Data from Network Shared Drive T1025 : Data from Removable Media T1565 : Data Manipulation T1001 : Data Obfuscation T1074 : Data Staged T1030 : Data Transfer Size Limits T1622 : Debugger Evasion T1491 : Defacement T1140 : Deobfuscate/Decode Files or Information T1610 : Deploy Container T1587 : Develop Capabilities T1652 : Device Driver Discovery T1006 : Direct Volume Access T1561 : Disk Wipe T1484 : Domain or Tenant Policy Modification T1482 : Domain Trust Discovery T1189 : Drive-by Compromise T1568 : Dynamic Resolution T1114 : Email Collection T1573 : Encrypted Channel T1499 : Endpoint Denial of Service T1611 : Escape to Host T1585 : Establish Accounts T1546 : Event Triggered Execution T1480 : Execution Guardrails T1048 : Exfiltration Over Alternative Protocol T1041 : Exfiltration Over C2 Channel T1011 : Exfiltration Over Other Network Medium T1052 : Exfiltration Over Physical Medium T1567 : Exfiltration Over Web Service T1190 : Exploit Public-Facing Application T1203 : Exploitation for Client Execution T1212 : Exploitation for Credential Access T1211 : Exploitation for Defense Evasion T1068 : Exploitation for Privilege Escalation T1210 : Exploitation of Remote Services T1133 : External Remote Services T1008 : Fallback Channels T1083 : File and Directory Discovery T1222 : File and Directory Permissions Modification T1657 : Financial Theft T1495 : Firmware Corruption T1187 : Forced Authentication T1606 : Forge Web Credentials T1592 : Gather Victim Host Information T1589 : Gather Victim Identity Information T1590 : Gather Victim Network Information T1591 : Gather Victim Org Information T1615 : Group Policy Discovery T1200 : Hardware Additions T1564 : Hide Artifacts T1665 : Hide Infrastructure T1574 : Hijack Execution Flow T1562 : Impair Defenses T1656 : Impersonation T1525 : Implant Internal Image T1070 : Indicator Removal T1202 : Indirect Command Execution T1105 : Ingress Tool Transfer T1490 : Inhibit System Recovery T1056 : Input Capture T1559 : Inter-Process Communication T1534 : Internal Spearphishing T1570 : Lateral Tool Transfer T1654 : Log Enumeration T1036 : Masquerading T1556 : Modify Authentication Process T1578 : Modify Cloud Compute Infrastructure T1112 : Modify Registry T1601 : Modify System Image T1111 : Multi-Factor Authentication Interception T1621 : Multi-Factor Authentication Request Generation T1104 : Multi-Stage Channels T1106 : Native API T1599 : Network Boundary Bridging T1498 : Network Denial of Service T1046 : Network Service Discovery T1135 : Network Share Discovery T1040 : Network Sniffing T1095 : Non-Application Layer Protocol T1571 : Non-Standard Port T1027 : Obfuscated Files or Information T1588 : Obtain Capabilities T1137 : Office Application Startup T1003 : OS Credential Dumping T1201 : Password Policy Discovery T1120 : Peripheral Device Discovery T1069 : Permission Groups Discovery T1566 : Phishing T1598 : Phishing for Information T1647 : Plist File Modification T1653 : Power Settings T1542 : Pre-OS Boot T1057 : Process Discovery T1055 : Process Injection T1572 : Protocol Tunneling T1090 : Proxy T1012 : Query Registry T1620 : Reflective Code Loading T1219 : Remote Access Software T1563 : Remote Service Session Hijacking T1021 : Remote Services T1018 : Remote System Discovery T1091 : Replication Through Removable Media T1496 : Resource Hijacking T1207 : Rogue Domain Controller T1014 : Rootkit T1053 : Scheduled Task/Job T1029 : Scheduled Transfer T1113 : Screen Capture T1597 : Search Closed Sources T1596 : Search Open Technical Databases T1593 : Search Open Websites/Domains T1594 : Search Victim-Owned Websites T1505 : Server Software Component T1648 : Serverless Execution T1489 : Service Stop T1129 : Shared Modules T1072 : Software Deployment Tools T1518 : Software Discovery T1608 : Stage Capabilities T1528 : Steal Application Access Token T1649 : Steal or Forge Authentication Certificates T1558 : Steal or Forge Kerberos Tickets T1539 : Steal Web Session Cookie T1553 : Subvert Trust Controls T1195 : Supply Chain Compromise T1218 : System Binary Proxy Execution T1082 : System Information Discovery T1614 : System Location Discovery T1016 : System Network Configuration Discovery T1049 : System Network Connections Discovery T1033 : System Owner/User Discovery T1216 : System Script Proxy Execution T1007 : System Service Discovery T1569 : System Services T1529 : System Shutdown/Reboot T1124 : System Time Discovery T1080 : Taint Shared Content T1221 : Template Injection T1205 : Traffic Signaling T1537 : Transfer Data to Cloud Account T1127 : Trusted Developer Utilities Proxy Execution T1199 : Trusted Relationship T1552 : Unsecured Credentials T1535 : Unused/Unsupported Cloud Regions T1550 : Use Alternate Authentication Material T1204 : User Execution T1078 : Valid Accounts T1125 : Video Capture T1497 : Virtualization/Sandbox Evasion T1600 : Weaken Encryption T1102 : Web Service T1047 : Windows Management Instrumentation T1220 : XSL Script Processing     ","T1071, T1554, T1140, T1573, T1505","After analyzing the text, I identified the following MITRE Enterprise attack patterns:

1. **T1534: Internal Spearphishing**: LIGHTWIRE uses phishing tactics to maintain access and enable command execution.
2. **T1087: Account Discovery**: The campaign involves discovering accounts or credentials.
3. **T1098: Account Manipulation**: LIGHTWIRE manipulates accounts or credentials for unauthorized access.
4. **T1550: Use Alternate Authentication Material**: The attack uses alternative authentication methods to bypass security controls.
5. **T1010: Application Window Discovery**: The campaign involves discovering application windows or UI components.

Here are the main techniques, excluding subtechniques:

T1534, T1087, T1098, T1550, T1010"
44,"Extract all MITRE Enterprise attack patterns from the following text and map them to their corresponding MITRE technique IDs. Provide reasoning for each identification. Ensure the final line contains only the IDs for the main techniques, separated by commas, excluding any subtechnique IDs. MITRE Enterprise IDs are given below as reference.  **Text:** Mispadu is a banking trojan written in Delphi, first observed in 2019, that operates under a Malware-as-a-Service (MaaS) model. Managed and sold by the Malteiro cybercriminal group, Mispadu primarily targets victims in Brazil and Mexico, with confirmed operations across Latin America and Europe. Mispadu establishes persistence by creating a link in the startup folder and adding an entry to the registry key `HKCU\Software\Microsoft\Windows\CurrentVersion\Run`. It utilizes malicious Google Chrome extensions to steal financial data and monitors browser activity for online banking actions, often displaying full-screen overlays to block user access to legitimate sites or to prompt for additional data. The trojan can capture and replace Bitcoin wallet addresses in the clipboard on compromised hosts. Mispadu’s dropper uses VBS files to install and execute its payloads. Additionally, the malware steals credentials from mail clients using NirSoft MailPassView and from Google Chrome. Before execution, Mispadu decrypts its encrypted configuration files. Mispadu includes a copy of the OpenSSL library to encrypt its command and control (C2) traffic, and it sends collected financial data to its C2 server.  **List of All MITRE Enterprise technique IDs** ID    : Name T1548 : Abuse Elevation Control Mechanism T1134 : Access Token Manipulation T1531 : Account Access Removal T1087 : Account Discovery T1098 : Account Manipulation T1650 : Acquire Access T1583 : Acquire Infrastructure T1595 : Active Scanning T1557 : Adversary-in-the-Middle T1071 : Application Layer Protocol T1010 : Application Window Discovery T1560 : Archive Collected Data T1123 : Audio Capture T1119 : Automated Collection T1020 : Automated Exfiltration T1197 : BITS Jobs T1547 : Boot or Logon Autostart Execution T1037 : Boot or Logon Initialization Scripts T1176 : Browser Extensions T1217 : Browser Information Discovery T1185 : Browser Session Hijacking T1110 : Brute Force T1612 : Build Image on Host T1115 : Clipboard Data T1651 : Cloud Administration Command T1580 : Cloud Infrastructure Discovery T1538 : Cloud Service Dashboard T1526 : Cloud Service Discovery T1619 : Cloud Storage Object Discovery T1059 : Command and Scripting Interpreter T1092 : Communication Through Removable Media T1586 : Compromise Accounts T1554 : Compromise Host Software Binary T1584 : Compromise Infrastructure T1609 : Container Administration Command T1613 : Container and Resource Discovery T1659 : Content Injection T1136 : Create Account T1543 : Create or Modify System Process T1555 : Credentials from Password Stores T1485 : Data Destruction T1132 : Data Encoding T1486 : Data Encrypted for Impact T1530 : Data from Cloud Storage T1602 : Data from Configuration Repository T1213 : Data from Information Repositories T1005 : Data from Local System T1039 : Data from Network Shared Drive T1025 : Data from Removable Media T1565 : Data Manipulation T1001 : Data Obfuscation T1074 : Data Staged T1030 : Data Transfer Size Limits T1622 : Debugger Evasion T1491 : Defacement T1140 : Deobfuscate/Decode Files or Information T1610 : Deploy Container T1587 : Develop Capabilities T1652 : Device Driver Discovery T1006 : Direct Volume Access T1561 : Disk Wipe T1484 : Domain or Tenant Policy Modification T1482 : Domain Trust Discovery T1189 : Drive-by Compromise T1568 : Dynamic Resolution T1114 : Email Collection T1573 : Encrypted Channel T1499 : Endpoint Denial of Service T1611 : Escape to Host T1585 : Establish Accounts T1546 : Event Triggered Execution T1480 : Execution Guardrails T1048 : Exfiltration Over Alternative Protocol T1041 : Exfiltration Over C2 Channel T1011 : Exfiltration Over Other Network Medium T1052 : Exfiltration Over Physical Medium T1567 : Exfiltration Over Web Service T1190 : Exploit Public-Facing Application T1203 : Exploitation for Client Execution T1212 : Exploitation for Credential Access T1211 : Exploitation for Defense Evasion T1068 : Exploitation for Privilege Escalation T1210 : Exploitation of Remote Services T1133 : External Remote Services T1008 : Fallback Channels T1083 : File and Directory Discovery T1222 : File and Directory Permissions Modification T1657 : Financial Theft T1495 : Firmware Corruption T1187 : Forced Authentication T1606 : Forge Web Credentials T1592 : Gather Victim Host Information T1589 : Gather Victim Identity Information T1590 : Gather Victim Network Information T1591 : Gather Victim Org Information T1615 : Group Policy Discovery T1200 : Hardware Additions T1564 : Hide Artifacts T1665 : Hide Infrastructure T1574 : Hijack Execution Flow T1562 : Impair Defenses T1656 : Impersonation T1525 : Implant Internal Image T1070 : Indicator Removal T1202 : Indirect Command Execution T1105 : Ingress Tool Transfer T1490 : Inhibit System Recovery T1056 : Input Capture T1559 : Inter-Process Communication T1534 : Internal Spearphishing T1570 : Lateral Tool Transfer T1654 : Log Enumeration T1036 : Masquerading T1556 : Modify Authentication Process T1578 : Modify Cloud Compute Infrastructure T1112 : Modify Registry T1601 : Modify System Image T1111 : Multi-Factor Authentication Interception T1621 : Multi-Factor Authentication Request Generation T1104 : Multi-Stage Channels T1106 : Native API T1599 : Network Boundary Bridging T1498 : Network Denial of Service T1046 : Network Service Discovery T1135 : Network Share Discovery T1040 : Network Sniffing T1095 : Non-Application Layer Protocol T1571 : Non-Standard Port T1027 : Obfuscated Files or Information T1588 : Obtain Capabilities T1137 : Office Application Startup T1003 : OS Credential Dumping T1201 : Password Policy Discovery T1120 : Peripheral Device Discovery T1069 : Permission Groups Discovery T1566 : Phishing T1598 : Phishing for Information T1647 : Plist File Modification T1653 : Power Settings T1542 : Pre-OS Boot T1057 : Process Discovery T1055 : Process Injection T1572 : Protocol Tunneling T1090 : Proxy T1012 : Query Registry T1620 : Reflective Code Loading T1219 : Remote Access Software T1563 : Remote Service Session Hijacking T1021 : Remote Services T1018 : Remote System Discovery T1091 : Replication Through Removable Media T1496 : Resource Hijacking T1207 : Rogue Domain Controller T1014 : Rootkit T1053 : Scheduled Task/Job T1029 : Scheduled Transfer T1113 : Screen Capture T1597 : Search Closed Sources T1596 : Search Open Technical Databases T1593 : Search Open Websites/Domains T1594 : Search Victim-Owned Websites T1505 : Server Software Component T1648 : Serverless Execution T1489 : Service Stop T1129 : Shared Modules T1072 : Software Deployment Tools T1518 : Software Discovery T1608 : Stage Capabilities T1528 : Steal Application Access Token T1649 : Steal or Forge Authentication Certificates T1558 : Steal or Forge Kerberos Tickets T1539 : Steal Web Session Cookie T1553 : Subvert Trust Controls T1195 : Supply Chain Compromise T1218 : System Binary Proxy Execution T1082 : System Information Discovery T1614 : System Location Discovery T1016 : System Network Configuration Discovery T1049 : System Network Connections Discovery T1033 : System Owner/User Discovery T1216 : System Script Proxy Execution T1007 : System Service Discovery T1569 : System Services T1529 : System Shutdown/Reboot T1124 : System Time Discovery T1080 : Taint Shared Content T1221 : Template Injection T1205 : Traffic Signaling T1537 : Transfer Data to Cloud Account T1127 : Trusted Developer Utilities Proxy Execution T1199 : Trusted Relationship T1552 : Unsecured Credentials T1535 : Unused/Unsupported Cloud Regions T1550 : Use Alternate Authentication Material T1204 : User Execution T1078 : Valid Accounts T1125 : Video Capture T1497 : Virtualization/Sandbox Evasion T1600 : Weaken Encryption T1102 : Web Service T1047 : Windows Management Instrumentation T1220 : XSL Script Processing     ","T1547, T1176, T1217, T1115, T1059, T1555, T1140, T1573, T1041","After analyzing the text, I identified the following MITRE Enterprise attack patterns:

1. **T1134: Access Token Manipulation**: Mispadu establishes persistence by creating a link in the startup folder and adding an entry to the registry key `HKCU\Software\Microsoft\Windows\CurrentVersion\Run`.
2. **T1557: Adversary-in-the-Middle**: Mispadu uses malicious Google Chrome extensions to steal financial data and monitors browser activity for online banking actions.
3. **T1059: Command and Scripting Interpreter**: Mispadu's dropper uses VBS files to install and execute its payloads.
4. **T1190: Exploit Public-Facing Application**: The text mentions the exploitation of remote services, which is a type of public-facing application exploitation.
5. **T1087: Account Discovery**: Mispadu steals credentials from mail clients using NirSoft MailPassView and from Google Chrome.
6. **T1041: Exfiltration Over C2 Channel**: Mispadu sends collected financial data to its C2 server, which is a type of exfiltration over a command and control channel.
7. **T1559: Inter-Process Communication**: The text mentions the use of malicious Google Chrome extensions, which implies inter-process communication between the browser and the malware.

The main techniques identified are:

T1134, T1059, T1190, T1087, T1041

Note that these IDs do not include any subtechnique IDs."
45,"Extract all MITRE Enterprise attack patterns from the following text and map them to their corresponding MITRE technique IDs. Provide reasoning for each identification. Ensure the final line contains only the IDs for the main techniques, separated by commas, excluding any subtechnique IDs. MITRE Enterprise IDs are given below as reference.  **Text:** WIREFIRE is a web shell written in Python that exists as trojanized logic to the visits.py component of Ivanti Connect Secure VPN appliances. WIREFIRE was used during Cutting Edge for downloading files and command execution. WIREFIRE can respond to specific HTTP POST requests to /api/v1/cav/client/visits. WIREFIRE can modify the visits.py component of Ivanti Connect Secure VPNs for file download and arbitrary command execution. WIREFIRE can Base64 encode process output sent to C2. WIREFIRE can decode, decrypt, and decompress data received in C2 HTTP POST requests. WIREFIRE can AES encrypt process output sent from compromised devices to C2. WIREFIRE has the ability to download files to compromised devices. WIREFIRE is a web shell that can download files to and execute arbitrary commands from compromised Ivanti Connect Secure VPNs.  **List of All MITRE Enterprise technique IDs** ID    : Name T1548 : Abuse Elevation Control Mechanism T1134 : Access Token Manipulation T1531 : Account Access Removal T1087 : Account Discovery T1098 : Account Manipulation T1650 : Acquire Access T1583 : Acquire Infrastructure T1595 : Active Scanning T1557 : Adversary-in-the-Middle T1071 : Application Layer Protocol T1010 : Application Window Discovery T1560 : Archive Collected Data T1123 : Audio Capture T1119 : Automated Collection T1020 : Automated Exfiltration T1197 : BITS Jobs T1547 : Boot or Logon Autostart Execution T1037 : Boot or Logon Initialization Scripts T1176 : Browser Extensions T1217 : Browser Information Discovery T1185 : Browser Session Hijacking T1110 : Brute Force T1612 : Build Image on Host T1115 : Clipboard Data T1651 : Cloud Administration Command T1580 : Cloud Infrastructure Discovery T1538 : Cloud Service Dashboard T1526 : Cloud Service Discovery T1619 : Cloud Storage Object Discovery T1059 : Command and Scripting Interpreter T1092 : Communication Through Removable Media T1586 : Compromise Accounts T1554 : Compromise Host Software Binary T1584 : Compromise Infrastructure T1609 : Container Administration Command T1613 : Container and Resource Discovery T1659 : Content Injection T1136 : Create Account T1543 : Create or Modify System Process T1555 : Credentials from Password Stores T1485 : Data Destruction T1132 : Data Encoding T1486 : Data Encrypted for Impact T1530 : Data from Cloud Storage T1602 : Data from Configuration Repository T1213 : Data from Information Repositories T1005 : Data from Local System T1039 : Data from Network Shared Drive T1025 : Data from Removable Media T1565 : Data Manipulation T1001 : Data Obfuscation T1074 : Data Staged T1030 : Data Transfer Size Limits T1622 : Debugger Evasion T1491 : Defacement T1140 : Deobfuscate/Decode Files or Information T1610 : Deploy Container T1587 : Develop Capabilities T1652 : Device Driver Discovery T1006 : Direct Volume Access T1561 : Disk Wipe T1484 : Domain or Tenant Policy Modification T1482 : Domain Trust Discovery T1189 : Drive-by Compromise T1568 : Dynamic Resolution T1114 : Email Collection T1573 : Encrypted Channel T1499 : Endpoint Denial of Service T1611 : Escape to Host T1585 : Establish Accounts T1546 : Event Triggered Execution T1480 : Execution Guardrails T1048 : Exfiltration Over Alternative Protocol T1041 : Exfiltration Over C2 Channel T1011 : Exfiltration Over Other Network Medium T1052 : Exfiltration Over Physical Medium T1567 : Exfiltration Over Web Service T1190 : Exploit Public-Facing Application T1203 : Exploitation for Client Execution T1212 : Exploitation for Credential Access T1211 : Exploitation for Defense Evasion T1068 : Exploitation for Privilege Escalation T1210 : Exploitation of Remote Services T1133 : External Remote Services T1008 : Fallback Channels T1083 : File and Directory Discovery T1222 : File and Directory Permissions Modification T1657 : Financial Theft T1495 : Firmware Corruption T1187 : Forced Authentication T1606 : Forge Web Credentials T1592 : Gather Victim Host Information T1589 : Gather Victim Identity Information T1590 : Gather Victim Network Information T1591 : Gather Victim Org Information T1615 : Group Policy Discovery T1200 : Hardware Additions T1564 : Hide Artifacts T1665 : Hide Infrastructure T1574 : Hijack Execution Flow T1562 : Impair Defenses T1656 : Impersonation T1525 : Implant Internal Image T1070 : Indicator Removal T1202 : Indirect Command Execution T1105 : Ingress Tool Transfer T1490 : Inhibit System Recovery T1056 : Input Capture T1559 : Inter-Process Communication T1534 : Internal Spearphishing T1570 : Lateral Tool Transfer T1654 : Log Enumeration T1036 : Masquerading T1556 : Modify Authentication Process T1578 : Modify Cloud Compute Infrastructure T1112 : Modify Registry T1601 : Modify System Image T1111 : Multi-Factor Authentication Interception T1621 : Multi-Factor Authentication Request Generation T1104 : Multi-Stage Channels T1106 : Native API T1599 : Network Boundary Bridging T1498 : Network Denial of Service T1046 : Network Service Discovery T1135 : Network Share Discovery T1040 : Network Sniffing T1095 : Non-Application Layer Protocol T1571 : Non-Standard Port T1027 : Obfuscated Files or Information T1588 : Obtain Capabilities T1137 : Office Application Startup T1003 : OS Credential Dumping T1201 : Password Policy Discovery T1120 : Peripheral Device Discovery T1069 : Permission Groups Discovery T1566 : Phishing T1598 : Phishing for Information T1647 : Plist File Modification T1653 : Power Settings T1542 : Pre-OS Boot T1057 : Process Discovery T1055 : Process Injection T1572 : Protocol Tunneling T1090 : Proxy T1012 : Query Registry T1620 : Reflective Code Loading T1219 : Remote Access Software T1563 : Remote Service Session Hijacking T1021 : Remote Services T1018 : Remote System Discovery T1091 : Replication Through Removable Media T1496 : Resource Hijacking T1207 : Rogue Domain Controller T1014 : Rootkit T1053 : Scheduled Task/Job T1029 : Scheduled Transfer T1113 : Screen Capture T1597 : Search Closed Sources T1596 : Search Open Technical Databases T1593 : Search Open Websites/Domains T1594 : Search Victim-Owned Websites T1505 : Server Software Component T1648 : Serverless Execution T1489 : Service Stop T1129 : Shared Modules T1072 : Software Deployment Tools T1518 : Software Discovery T1608 : Stage Capabilities T1528 : Steal Application Access Token T1649 : Steal or Forge Authentication Certificates T1558 : Steal or Forge Kerberos Tickets T1539 : Steal Web Session Cookie T1553 : Subvert Trust Controls T1195 : Supply Chain Compromise T1218 : System Binary Proxy Execution T1082 : System Information Discovery T1614 : System Location Discovery T1016 : System Network Configuration Discovery T1049 : System Network Connections Discovery T1033 : System Owner/User Discovery T1216 : System Script Proxy Execution T1007 : System Service Discovery T1569 : System Services T1529 : System Shutdown/Reboot T1124 : System Time Discovery T1080 : Taint Shared Content T1221 : Template Injection T1205 : Traffic Signaling T1537 : Transfer Data to Cloud Account T1127 : Trusted Developer Utilities Proxy Execution T1199 : Trusted Relationship T1552 : Unsecured Credentials T1535 : Unused/Unsupported Cloud Regions T1550 : Use Alternate Authentication Material T1204 : User Execution T1078 : Valid Accounts T1125 : Video Capture T1497 : Virtualization/Sandbox Evasion T1600 : Weaken Encryption T1102 : Web Service T1047 : Windows Management Instrumentation T1220 : XSL Script Processing     ","T1071, T1554, T1132, T1140, T1573, T1105, T1505","After analyzing the text, I identified the following MITRE Enterprise attack patterns:

1. **T1059: Command and Scripting Interpreter**: WIREFIRE is a web shell that can execute arbitrary commands from compromised devices.
2. **T1087: Account Discovery**: WIREFIRE can discover accounts on compromised Ivanti Connect Secure VPNs.
3. **T1098: Account Manipulation**: WIREFIRE can modify the visits.py component of Ivanti Connect Secure VPNs to facilitate file download and command execution.
4. **T1546: Event Triggered Execution**: WIREFIRE can execute commands in response to specific HTTP POST requests to /api/v1/cav/client/visits.
5. **T1557: Adversary-in-the-Middle**: WIREFIRE can Base64 encode process output sent to C2 and decode, decrypt, and decompress data received in C2 HTTP POST requests.

Main techniques:
T1059, T1087, T1098, T1546, T1557"
46,"Extract all MITRE Enterprise attack patterns from the following text and map them to their corresponding MITRE technique IDs. Provide reasoning for each identification. Ensure the final line contains only the IDs for the main techniques, separated by commas, excluding any subtechnique IDs. MITRE Enterprise IDs are given below as reference.  **Text:** LITTLELAMB.WOOLTEA is a backdoor that was used by UNC5325 during Cutting Edge to deploy malware on targeted Ivanti Connect Secure VPNs and to establish persistence across system upgrades and patches. LITTLELAMB.WOOLTEA can append malicious components to the tmp/tmpmnt/bin/samba_upgrade.tar archive inside the factory reset partition in attempt to persist post reset. LITTLELAMB.WOOLTEA can initialize itself as a daemon to run persistently in the background. LITTLELAMB.WOOLTEA can communicate over SSL using the private key from the Ivanti Connect Secure web server. LITTLELAMB.WOOLTEA can monitor for system upgrade events by checking for the presence of /tmp/data/root/dev. LITTLELAMB.WOOLTEA can function as a stand-alone backdoor communicating over the /tmp/clientsDownload.sock socket. LITTLELAMB.WOOLTEA has the ability to function as a SOCKS proxy. LITTLELAMB.WOOLTEA can check the type of Ivanti VPN device it is running on by executing first_run() to identify the first four bytes of the motherboard serial number.  **List of All MITRE Enterprise technique IDs** ID    : Name T1548 : Abuse Elevation Control Mechanism T1134 : Access Token Manipulation T1531 : Account Access Removal T1087 : Account Discovery T1098 : Account Manipulation T1650 : Acquire Access T1583 : Acquire Infrastructure T1595 : Active Scanning T1557 : Adversary-in-the-Middle T1071 : Application Layer Protocol T1010 : Application Window Discovery T1560 : Archive Collected Data T1123 : Audio Capture T1119 : Automated Collection T1020 : Automated Exfiltration T1197 : BITS Jobs T1547 : Boot or Logon Autostart Execution T1037 : Boot or Logon Initialization Scripts T1176 : Browser Extensions T1217 : Browser Information Discovery T1185 : Browser Session Hijacking T1110 : Brute Force T1612 : Build Image on Host T1115 : Clipboard Data T1651 : Cloud Administration Command T1580 : Cloud Infrastructure Discovery T1538 : Cloud Service Dashboard T1526 : Cloud Service Discovery T1619 : Cloud Storage Object Discovery T1059 : Command and Scripting Interpreter T1092 : Communication Through Removable Media T1586 : Compromise Accounts T1554 : Compromise Host Software Binary T1584 : Compromise Infrastructure T1609 : Container Administration Command T1613 : Container and Resource Discovery T1659 : Content Injection T1136 : Create Account T1543 : Create or Modify System Process T1555 : Credentials from Password Stores T1485 : Data Destruction T1132 : Data Encoding T1486 : Data Encrypted for Impact T1530 : Data from Cloud Storage T1602 : Data from Configuration Repository T1213 : Data from Information Repositories T1005 : Data from Local System T1039 : Data from Network Shared Drive T1025 : Data from Removable Media T1565 : Data Manipulation T1001 : Data Obfuscation T1074 : Data Staged T1030 : Data Transfer Size Limits T1622 : Debugger Evasion T1491 : Defacement T1140 : Deobfuscate/Decode Files or Information T1610 : Deploy Container T1587 : Develop Capabilities T1652 : Device Driver Discovery T1006 : Direct Volume Access T1561 : Disk Wipe T1484 : Domain or Tenant Policy Modification T1482 : Domain Trust Discovery T1189 : Drive-by Compromise T1568 : Dynamic Resolution T1114 : Email Collection T1573 : Encrypted Channel T1499 : Endpoint Denial of Service T1611 : Escape to Host T1585 : Establish Accounts T1546 : Event Triggered Execution T1480 : Execution Guardrails T1048 : Exfiltration Over Alternative Protocol T1041 : Exfiltration Over C2 Channel T1011 : Exfiltration Over Other Network Medium T1052 : Exfiltration Over Physical Medium T1567 : Exfiltration Over Web Service T1190 : Exploit Public-Facing Application T1203 : Exploitation for Client Execution T1212 : Exploitation for Credential Access T1211 : Exploitation for Defense Evasion T1068 : Exploitation for Privilege Escalation T1210 : Exploitation of Remote Services T1133 : External Remote Services T1008 : Fallback Channels T1083 : File and Directory Discovery T1222 : File and Directory Permissions Modification T1657 : Financial Theft T1495 : Firmware Corruption T1187 : Forced Authentication T1606 : Forge Web Credentials T1592 : Gather Victim Host Information T1589 : Gather Victim Identity Information T1590 : Gather Victim Network Information T1591 : Gather Victim Org Information T1615 : Group Policy Discovery T1200 : Hardware Additions T1564 : Hide Artifacts T1665 : Hide Infrastructure T1574 : Hijack Execution Flow T1562 : Impair Defenses T1656 : Impersonation T1525 : Implant Internal Image T1070 : Indicator Removal T1202 : Indirect Command Execution T1105 : Ingress Tool Transfer T1490 : Inhibit System Recovery T1056 : Input Capture T1559 : Inter-Process Communication T1534 : Internal Spearphishing T1570 : Lateral Tool Transfer T1654 : Log Enumeration T1036 : Masquerading T1556 : Modify Authentication Process T1578 : Modify Cloud Compute Infrastructure T1112 : Modify Registry T1601 : Modify System Image T1111 : Multi-Factor Authentication Interception T1621 : Multi-Factor Authentication Request Generation T1104 : Multi-Stage Channels T1106 : Native API T1599 : Network Boundary Bridging T1498 : Network Denial of Service T1046 : Network Service Discovery T1135 : Network Share Discovery T1040 : Network Sniffing T1095 : Non-Application Layer Protocol T1571 : Non-Standard Port T1027 : Obfuscated Files or Information T1588 : Obtain Capabilities T1137 : Office Application Startup T1003 : OS Credential Dumping T1201 : Password Policy Discovery T1120 : Peripheral Device Discovery T1069 : Permission Groups Discovery T1566 : Phishing T1598 : Phishing for Information T1647 : Plist File Modification T1653 : Power Settings T1542 : Pre-OS Boot T1057 : Process Discovery T1055 : Process Injection T1572 : Protocol Tunneling T1090 : Proxy T1012 : Query Registry T1620 : Reflective Code Loading T1219 : Remote Access Software T1563 : Remote Service Session Hijacking T1021 : Remote Services T1018 : Remote System Discovery T1091 : Replication Through Removable Media T1496 : Resource Hijacking T1207 : Rogue Domain Controller T1014 : Rootkit T1053 : Scheduled Task/Job T1029 : Scheduled Transfer T1113 : Screen Capture T1597 : Search Closed Sources T1596 : Search Open Technical Databases T1593 : Search Open Websites/Domains T1594 : Search Victim-Owned Websites T1505 : Server Software Component T1648 : Serverless Execution T1489 : Service Stop T1129 : Shared Modules T1072 : Software Deployment Tools T1518 : Software Discovery T1608 : Stage Capabilities T1528 : Steal Application Access Token T1649 : Steal or Forge Authentication Certificates T1558 : Steal or Forge Kerberos Tickets T1539 : Steal Web Session Cookie T1553 : Subvert Trust Controls T1195 : Supply Chain Compromise T1218 : System Binary Proxy Execution T1082 : System Information Discovery T1614 : System Location Discovery T1016 : System Network Configuration Discovery T1049 : System Network Connections Discovery T1033 : System Owner/User Discovery T1216 : System Script Proxy Execution T1007 : System Service Discovery T1569 : System Services T1529 : System Shutdown/Reboot T1124 : System Time Discovery T1080 : Taint Shared Content T1221 : Template Injection T1205 : Traffic Signaling T1537 : Transfer Data to Cloud Account T1127 : Trusted Developer Utilities Proxy Execution T1199 : Trusted Relationship T1552 : Unsecured Credentials T1535 : Unused/Unsupported Cloud Regions T1550 : Use Alternate Authentication Material T1204 : User Execution T1078 : Valid Accounts T1125 : Video Capture T1497 : Virtualization/Sandbox Evasion T1600 : Weaken Encryption T1102 : Web Service T1047 : Windows Management Instrumentation T1220 : XSL Script Processing     ","T1554, T1543, T1573, T1083, T1095, T1090, T1082","After analyzing the provided text, I extracted the following MITRE Enterprise attack patterns:

1. T1548: Abuse Elevation Control Mechanism - LITTLELAMB.WOOLTEA can append malicious components to the tmp/tmpmnt/bin/samba_upgrade.tar archive inside the factory reset partition.
2. T1530: Data from Cloud Storage - The malware can monitor for system upgrade events by checking for the presence of /tmp/data/root/dev and access data stored in cloud storage.
3. T1485: Data Destruction - LITTLELAMB.WOOLTEA can initialize itself as a daemon to run persistently in the background, which may lead to data destruction.
4. T1546: Event Triggered Execution - The malware can function as a stand-alone backdoor communicating over the /tmp/clientsDownload.sock socket and execute events triggered by system upgrades.
5. T1557: Adversary-in-the-Middle - LITTLELAMB.WOOLTEA can communicate over SSL using the private key from the Ivanti Connect Secure web server, which may involve man-in-the-middle attacks.

Here are the main MITRE Enterprise technique IDs separated by commas:

T1548,T1530,T1485,T1546,T1557"
47,"Extract all MITRE Mobile attack patterns from the following text and map them to their corresponding MITRE technique IDs. Provide reasoning for each identification. Ensure the final line contains only the IDs for the main techniques, separated by commas, excluding any subtechnique IDs. MITRE Mobile IDs are given below as reference.  **Text:** FlixOnline is an Android malware, first detected in early 2021, believed to target users of WhatsApp. FlixOnline primarily spreads via automatic replies to a device’s incoming WhatsApp messages. FlixOnline requests access to the NotificationListenerService, which can allow it to manipulate a device's notifications. FlixOnline may use the BOOT_COMPLETED action to trigger further scripts on boot. FlixOnline can automatically send replies to a user’s incoming WhatsApp messages. FlixOnline can hide its application icon. FlixOnline requests overlay permissions, which can allow it to create fake Login screens for other apps. FlixOnline can steal data from a user’s WhatsApp account(s).  **List of All MITRE Mobile technique IDs** ID    : Name T1626 : Abuse Elevation Control Mechanism T1517 : Access Notifications T1640 : Account Access Removal T1638 : Adversary-in-the-Middle T1437 : Application Layer Protocol T1661 : Application Versioning T1532 : Archive Collected Data T1429 : Audio Capture T1398 : Boot or Logon Initialization Scripts T1616 : Call Control T1414 : Clipboard Data T1623 : Command and Scripting Interpreter T1577 : Compromise Application Executable T1645 : Compromise Client Software Binary T1634 : Credentials from Password Store T1662 : Data Destruction T1471 : Data Encrypted for Impact T1533 : Data from Local System T1641 : Data Manipulation T1407 : Download New Code at Runtime T1456 : Drive-By Compromise T1637 : Dynamic Resolution T1521 : Encrypted Channel T1642 : Endpoint Denial of Service T1624 : Event Triggered Execution T1627 : Execution Guardrails T1639 : Exfiltration Over Alternative Protocol T1646 : Exfiltration Over C2 Channel T1658 : Exploitation for Client Execution T1664 : Exploitation for Initial Access T1404 : Exploitation for Privilege Escalation T1428 : Exploitation of Remote Services T1420 : File and Directory Discovery T1541 : Foreground Persistence T1643 : Generate Traffic from Victim T1628 : Hide Artifacts T1625 : Hijack Execution Flow T1617 : Hooking T1629 : Impair Defenses T1630 : Indicator Removal on Host T1544 : Ingress Tool Transfer T1417 : Input Capture T1516 : Input Injection T1430 : Location Tracking T1461 : Lockscreen Bypass T1655 : Masquerading T1575 : Native API T1464 : Network Denial of Service T1423 : Network Service Scanning T1509 : Non-Standard Port T1406 : Obfuscated Files or Information T1644 : Out of Band Data T1660 : Phishing T1424 : Process Discovery T1631 : Process Injection T1636 : Protected User Data T1604 : Proxy Through Victim T1663 : Remote Access Software T1458 : Replication Through Removable Media T1603 : Scheduled Task/Job T1513 : Screen Capture T1582 : SMS Control T1418 : Software Discovery T1635 : Steal Application Access Token T1409 : Stored Application Data T1632 : Subvert Trust Controls T1474 : Supply Chain Compromise T1426 : System Information Discovery T1422 : System Network Configuration Discovery T1421 : System Network Connections Discovery T1512 : Video Capture T1633 : Virtualization/Sandbox Evasion T1481 : Web Service     ","T1517, T1624, T1643, T1628, T1417, T1409","Here are the MITRE Mobile attack patterns extracted from the text, mapped to their corresponding MITRE technique IDs:

1. FlixOnline requests access to the NotificationListenerService, which can allow it to manipulate a device's notifications.
	* Reasoning: This behavior matches T1517 : Access Notifications
2. FlixOnline may use the BOOT_COMPLETED action to trigger further scripts on boot.
	* Reasoning: This behavior matches T1398 : Boot or Logon Initialization Scripts
3. FlixOnline can automatically send replies to a user’s incoming WhatsApp messages.
	* Reasoning: This behavior matches T1404 : Exploitation for Initial Access (note: this is not the primary technique, but rather a means of initial access)
4. FlixOnline can hide its application icon.
	* Reasoning: This behavior does not match any specific MITRE Mobile attack pattern or technique
5. FlixOnline requests overlay permissions, which can allow it to create fake Login screens for other apps.
	* Reasoning: This behavior matches T1637 : Dynamic Resolution (note: this is a subtechnique of T1624 : Event Triggered Execution)
6. FlixOnline can steal data from a user’s WhatsApp account(s).
	* Reasoning: This behavior matches T1533 : Data from Local System

Here are the main MITRE Mobile technique IDs extracted, excluding any subtechniques:

T1517, T1398, T1404, T1533"
48,"Extract all MITRE Enterprise attack patterns from the following text and map them to their corresponding MITRE technique IDs. Provide reasoning for each identification. Ensure the final line contains only the IDs for the main techniques, separated by commas, excluding any subtechnique IDs. MITRE Enterprise IDs are given below as reference.  **Text:** PACEMAKER is a credential stealer that was used by APT5 as early as 2020 including activity against US Defense Industrial Base (DIB) companies. PACEMAKER can enter a loop to read /proc/ entries every 2 seconds in order to read a target application's memory. PACEMAKER can use a simple bash script for execution. PACEMAKER has written extracted data to tmp/dsserver-check.statementcounters. PACEMAKER can parse /proc/""process_name""/cmdline to look for the string dswsd within the command line. PACEMAKER has the ability to extract credentials from OS memory. PACEMAKER can use PTRACE to attach to a targeted process to read process memory.  **List of All MITRE Enterprise technique IDs** ID    : Name T1548 : Abuse Elevation Control Mechanism T1134 : Access Token Manipulation T1531 : Account Access Removal T1087 : Account Discovery T1098 : Account Manipulation T1650 : Acquire Access T1583 : Acquire Infrastructure T1595 : Active Scanning T1557 : Adversary-in-the-Middle T1071 : Application Layer Protocol T1010 : Application Window Discovery T1560 : Archive Collected Data T1123 : Audio Capture T1119 : Automated Collection T1020 : Automated Exfiltration T1197 : BITS Jobs T1547 : Boot or Logon Autostart Execution T1037 : Boot or Logon Initialization Scripts T1176 : Browser Extensions T1217 : Browser Information Discovery T1185 : Browser Session Hijacking T1110 : Brute Force T1612 : Build Image on Host T1115 : Clipboard Data T1651 : Cloud Administration Command T1580 : Cloud Infrastructure Discovery T1538 : Cloud Service Dashboard T1526 : Cloud Service Discovery T1619 : Cloud Storage Object Discovery T1059 : Command and Scripting Interpreter T1092 : Communication Through Removable Media T1586 : Compromise Accounts T1554 : Compromise Host Software Binary T1584 : Compromise Infrastructure T1609 : Container Administration Command T1613 : Container and Resource Discovery T1659 : Content Injection T1136 : Create Account T1543 : Create or Modify System Process T1555 : Credentials from Password Stores T1485 : Data Destruction T1132 : Data Encoding T1486 : Data Encrypted for Impact T1530 : Data from Cloud Storage T1602 : Data from Configuration Repository T1213 : Data from Information Repositories T1005 : Data from Local System T1039 : Data from Network Shared Drive T1025 : Data from Removable Media T1565 : Data Manipulation T1001 : Data Obfuscation T1074 : Data Staged T1030 : Data Transfer Size Limits T1622 : Debugger Evasion T1491 : Defacement T1140 : Deobfuscate/Decode Files or Information T1610 : Deploy Container T1587 : Develop Capabilities T1652 : Device Driver Discovery T1006 : Direct Volume Access T1561 : Disk Wipe T1484 : Domain or Tenant Policy Modification T1482 : Domain Trust Discovery T1189 : Drive-by Compromise T1568 : Dynamic Resolution T1114 : Email Collection T1573 : Encrypted Channel T1499 : Endpoint Denial of Service T1611 : Escape to Host T1585 : Establish Accounts T1546 : Event Triggered Execution T1480 : Execution Guardrails T1048 : Exfiltration Over Alternative Protocol T1041 : Exfiltration Over C2 Channel T1011 : Exfiltration Over Other Network Medium T1052 : Exfiltration Over Physical Medium T1567 : Exfiltration Over Web Service T1190 : Exploit Public-Facing Application T1203 : Exploitation for Client Execution T1212 : Exploitation for Credential Access T1211 : Exploitation for Defense Evasion T1068 : Exploitation for Privilege Escalation T1210 : Exploitation of Remote Services T1133 : External Remote Services T1008 : Fallback Channels T1083 : File and Directory Discovery T1222 : File and Directory Permissions Modification T1657 : Financial Theft T1495 : Firmware Corruption T1187 : Forced Authentication T1606 : Forge Web Credentials T1592 : Gather Victim Host Information T1589 : Gather Victim Identity Information T1590 : Gather Victim Network Information T1591 : Gather Victim Org Information T1615 : Group Policy Discovery T1200 : Hardware Additions T1564 : Hide Artifacts T1665 : Hide Infrastructure T1574 : Hijack Execution Flow T1562 : Impair Defenses T1656 : Impersonation T1525 : Implant Internal Image T1070 : Indicator Removal T1202 : Indirect Command Execution T1105 : Ingress Tool Transfer T1490 : Inhibit System Recovery T1056 : Input Capture T1559 : Inter-Process Communication T1534 : Internal Spearphishing T1570 : Lateral Tool Transfer T1654 : Log Enumeration T1036 : Masquerading T1556 : Modify Authentication Process T1578 : Modify Cloud Compute Infrastructure T1112 : Modify Registry T1601 : Modify System Image T1111 : Multi-Factor Authentication Interception T1621 : Multi-Factor Authentication Request Generation T1104 : Multi-Stage Channels T1106 : Native API T1599 : Network Boundary Bridging T1498 : Network Denial of Service T1046 : Network Service Discovery T1135 : Network Share Discovery T1040 : Network Sniffing T1095 : Non-Application Layer Protocol T1571 : Non-Standard Port T1027 : Obfuscated Files or Information T1588 : Obtain Capabilities T1137 : Office Application Startup T1003 : OS Credential Dumping T1201 : Password Policy Discovery T1120 : Peripheral Device Discovery T1069 : Permission Groups Discovery T1566 : Phishing T1598 : Phishing for Information T1647 : Plist File Modification T1653 : Power Settings T1542 : Pre-OS Boot T1057 : Process Discovery T1055 : Process Injection T1572 : Protocol Tunneling T1090 : Proxy T1012 : Query Registry T1620 : Reflective Code Loading T1219 : Remote Access Software T1563 : Remote Service Session Hijacking T1021 : Remote Services T1018 : Remote System Discovery T1091 : Replication Through Removable Media T1496 : Resource Hijacking T1207 : Rogue Domain Controller T1014 : Rootkit T1053 : Scheduled Task/Job T1029 : Scheduled Transfer T1113 : Screen Capture T1597 : Search Closed Sources T1596 : Search Open Technical Databases T1593 : Search Open Websites/Domains T1594 : Search Victim-Owned Websites T1505 : Server Software Component T1648 : Serverless Execution T1489 : Service Stop T1129 : Shared Modules T1072 : Software Deployment Tools T1518 : Software Discovery T1608 : Stage Capabilities T1528 : Steal Application Access Token T1649 : Steal or Forge Authentication Certificates T1558 : Steal or Forge Kerberos Tickets T1539 : Steal Web Session Cookie T1553 : Subvert Trust Controls T1195 : Supply Chain Compromise T1218 : System Binary Proxy Execution T1082 : System Information Discovery T1614 : System Location Discovery T1016 : System Network Configuration Discovery T1049 : System Network Connections Discovery T1033 : System Owner/User Discovery T1216 : System Script Proxy Execution T1007 : System Service Discovery T1569 : System Services T1529 : System Shutdown/Reboot T1124 : System Time Discovery T1080 : Taint Shared Content T1221 : Template Injection T1205 : Traffic Signaling T1537 : Transfer Data to Cloud Account T1127 : Trusted Developer Utilities Proxy Execution T1199 : Trusted Relationship T1552 : Unsecured Credentials T1535 : Unused/Unsupported Cloud Regions T1550 : Use Alternate Authentication Material T1204 : User Execution T1078 : Valid Accounts T1125 : Video Capture T1497 : Virtualization/Sandbox Evasion T1600 : Weaken Encryption T1102 : Web Service T1047 : Windows Management Instrumentation T1220 : XSL Script Processing     ","T1119, T1059, T1074, T1083, T1003, T1055","After analyzing the text, I identified the following MITRE Enterprise attack patterns:

1. **T1014: Rootkit**: PACEMAKER can use PTRACE to attach to a targeted process to read process memory.
2. **T1055: Process Injection**: PACEMAKER can enter a loop to read /proc/ entries every 2 seconds in order to read a target application's memory.

These are the main techniques identified:

T1014, T1055"
49,"Extract all MITRE Enterprise attack patterns from the following text and map them to their corresponding MITRE technique IDs. Provide reasoning for each identification. Ensure the final line contains only the IDs for the main techniques, separated by commas, excluding any subtechnique IDs. MITRE Enterprise IDs are given below as reference.  **Text:** ZIPLINE is a passive backdoor that was used during Cutting Edge on compromised Secure Connect VPNs for reverse shell and proxy functionality. ZIPLINE can use /bin/sh to create a reverse shell and execute commands. ZIPLINE can use AES-128-CBC to encrypt data for both upload and download. ZIPLINE can find and append specific files on Ivanti Connect Secure VPNs based upon received commands. ZIPLINE can add itself to the exclusion list for the Ivanti Connect Secure Integrity Checker Tool if the --exclude parameter is passed by the tar process. ZIPLINE can download files to be saved on the compromised system. ZIPLINE can communicate with C2 using a custom binary protocol. ZIPLINE can identify running processes and their names. ZIPLINE can create a proxy server on compromised hosts. ZIPLINE can identify a specific string in intercepted network traffic, SSH-2.0-OpenSSH_0.3xx., to trigger its command functionality.  **List of All MITRE Enterprise technique IDs** ID    : Name T1548 : Abuse Elevation Control Mechanism T1134 : Access Token Manipulation T1531 : Account Access Removal T1087 : Account Discovery T1098 : Account Manipulation T1650 : Acquire Access T1583 : Acquire Infrastructure T1595 : Active Scanning T1557 : Adversary-in-the-Middle T1071 : Application Layer Protocol T1010 : Application Window Discovery T1560 : Archive Collected Data T1123 : Audio Capture T1119 : Automated Collection T1020 : Automated Exfiltration T1197 : BITS Jobs T1547 : Boot or Logon Autostart Execution T1037 : Boot or Logon Initialization Scripts T1176 : Browser Extensions T1217 : Browser Information Discovery T1185 : Browser Session Hijacking T1110 : Brute Force T1612 : Build Image on Host T1115 : Clipboard Data T1651 : Cloud Administration Command T1580 : Cloud Infrastructure Discovery T1538 : Cloud Service Dashboard T1526 : Cloud Service Discovery T1619 : Cloud Storage Object Discovery T1059 : Command and Scripting Interpreter T1092 : Communication Through Removable Media T1586 : Compromise Accounts T1554 : Compromise Host Software Binary T1584 : Compromise Infrastructure T1609 : Container Administration Command T1613 : Container and Resource Discovery T1659 : Content Injection T1136 : Create Account T1543 : Create or Modify System Process T1555 : Credentials from Password Stores T1485 : Data Destruction T1132 : Data Encoding T1486 : Data Encrypted for Impact T1530 : Data from Cloud Storage T1602 : Data from Configuration Repository T1213 : Data from Information Repositories T1005 : Data from Local System T1039 : Data from Network Shared Drive T1025 : Data from Removable Media T1565 : Data Manipulation T1001 : Data Obfuscation T1074 : Data Staged T1030 : Data Transfer Size Limits T1622 : Debugger Evasion T1491 : Defacement T1140 : Deobfuscate/Decode Files or Information T1610 : Deploy Container T1587 : Develop Capabilities T1652 : Device Driver Discovery T1006 : Direct Volume Access T1561 : Disk Wipe T1484 : Domain or Tenant Policy Modification T1482 : Domain Trust Discovery T1189 : Drive-by Compromise T1568 : Dynamic Resolution T1114 : Email Collection T1573 : Encrypted Channel T1499 : Endpoint Denial of Service T1611 : Escape to Host T1585 : Establish Accounts T1546 : Event Triggered Execution T1480 : Execution Guardrails T1048 : Exfiltration Over Alternative Protocol T1041 : Exfiltration Over C2 Channel T1011 : Exfiltration Over Other Network Medium T1052 : Exfiltration Over Physical Medium T1567 : Exfiltration Over Web Service T1190 : Exploit Public-Facing Application T1203 : Exploitation for Client Execution T1212 : Exploitation for Credential Access T1211 : Exploitation for Defense Evasion T1068 : Exploitation for Privilege Escalation T1210 : Exploitation of Remote Services T1133 : External Remote Services T1008 : Fallback Channels T1083 : File and Directory Discovery T1222 : File and Directory Permissions Modification T1657 : Financial Theft T1495 : Firmware Corruption T1187 : Forced Authentication T1606 : Forge Web Credentials T1592 : Gather Victim Host Information T1589 : Gather Victim Identity Information T1590 : Gather Victim Network Information T1591 : Gather Victim Org Information T1615 : Group Policy Discovery T1200 : Hardware Additions T1564 : Hide Artifacts T1665 : Hide Infrastructure T1574 : Hijack Execution Flow T1562 : Impair Defenses T1656 : Impersonation T1525 : Implant Internal Image T1070 : Indicator Removal T1202 : Indirect Command Execution T1105 : Ingress Tool Transfer T1490 : Inhibit System Recovery T1056 : Input Capture T1559 : Inter-Process Communication T1534 : Internal Spearphishing T1570 : Lateral Tool Transfer T1654 : Log Enumeration T1036 : Masquerading T1556 : Modify Authentication Process T1578 : Modify Cloud Compute Infrastructure T1112 : Modify Registry T1601 : Modify System Image T1111 : Multi-Factor Authentication Interception T1621 : Multi-Factor Authentication Request Generation T1104 : Multi-Stage Channels T1106 : Native API T1599 : Network Boundary Bridging T1498 : Network Denial of Service T1046 : Network Service Discovery T1135 : Network Share Discovery T1040 : Network Sniffing T1095 : Non-Application Layer Protocol T1571 : Non-Standard Port T1027 : Obfuscated Files or Information T1588 : Obtain Capabilities T1137 : Office Application Startup T1003 : OS Credential Dumping T1201 : Password Policy Discovery T1120 : Peripheral Device Discovery T1069 : Permission Groups Discovery T1566 : Phishing T1598 : Phishing for Information T1647 : Plist File Modification T1653 : Power Settings T1542 : Pre-OS Boot T1057 : Process Discovery T1055 : Process Injection T1572 : Protocol Tunneling T1090 : Proxy T1012 : Query Registry T1620 : Reflective Code Loading T1219 : Remote Access Software T1563 : Remote Service Session Hijacking T1021 : Remote Services T1018 : Remote System Discovery T1091 : Replication Through Removable Media T1496 : Resource Hijacking T1207 : Rogue Domain Controller T1014 : Rootkit T1053 : Scheduled Task/Job T1029 : Scheduled Transfer T1113 : Screen Capture T1597 : Search Closed Sources T1596 : Search Open Technical Databases T1593 : Search Open Websites/Domains T1594 : Search Victim-Owned Websites T1505 : Server Software Component T1648 : Serverless Execution T1489 : Service Stop T1129 : Shared Modules T1072 : Software Deployment Tools T1518 : Software Discovery T1608 : Stage Capabilities T1528 : Steal Application Access Token T1649 : Steal or Forge Authentication Certificates T1558 : Steal or Forge Kerberos Tickets T1539 : Steal Web Session Cookie T1553 : Subvert Trust Controls T1195 : Supply Chain Compromise T1218 : System Binary Proxy Execution T1082 : System Information Discovery T1614 : System Location Discovery T1016 : System Network Configuration Discovery T1049 : System Network Connections Discovery T1033 : System Owner/User Discovery T1216 : System Script Proxy Execution T1007 : System Service Discovery T1569 : System Services T1529 : System Shutdown/Reboot T1124 : System Time Discovery T1080 : Taint Shared Content T1221 : Template Injection T1205 : Traffic Signaling T1537 : Transfer Data to Cloud Account T1127 : Trusted Developer Utilities Proxy Execution T1199 : Trusted Relationship T1552 : Unsecured Credentials T1535 : Unused/Unsupported Cloud Regions T1550 : Use Alternate Authentication Material T1204 : User Execution T1078 : Valid Accounts T1125 : Video Capture T1497 : Virtualization/Sandbox Evasion T1600 : Weaken Encryption T1102 : Web Service T1047 : Windows Management Instrumentation T1220 : XSL Script Processing     ","T1059, T1573, T1083, T1562, T1105, T1095, T1057, T1090, T1205","After analyzing the text, I identified the following MITRE Enterprise attack patterns:

1. **T1548**: Abuse Elevation Control Mechanism - ZIPLINE can use /bin/sh to create a reverse shell and execute commands, which implies abuse of elevation control mechanisms.
2. **T1554**: Compromise Host Software Binary - ZIPLINE can find and append specific files on Ivanti Connect Secure VPNs based upon received commands, suggesting compromise of host software binaries.
3. **T1485**: Data Destruction - ZIPLINE can download files to be saved on the compromised system, which could result in data destruction.
4. **T1059**: Command and Scripting Interpreter - ZIPLINE uses a custom binary protocol for communication with C2, which involves command and scripting interpreters.

The main techniques identified are:

T1548, T1554, T1485, T1059

Note that some of the other MITRE Enterprise IDs mentioned in the text may be applicable as well, but these four were specifically identified based on the provided information."
50,"Extract all MITRE Enterprise attack patterns from the following text and map them to their corresponding MITRE technique IDs. Provide reasoning for each identification. Ensure the final line contains only the IDs for the main techniques, separated by commas, excluding any subtechnique IDs. MITRE Enterprise IDs are given below as reference.  **Text:** Ninja is a malware developed in C++ that has been used by ToddyCat to penetrate networks and control remote systems since at least 2020. Ninja is possibly part of a post exploitation toolkit exclusively used by ToddyCat and allows multiple operators to work simultaneously on the same machine. Ninja has been used against government and military entities in Europe and Asia and observed in specific infection chains being deployed by Samurai. Ninja can use HTTP for C2 communications. Ninja can create the services httpsvc and w3esvc for persistence. Ninja can encode C2 communications with a base64 algorithm using a custom alphabet. Ninja has the ability to modify headers and URL paths to hide malicious traffic in HTTP requests. Ninja has the ability to mimic legitimate services with customized HTTP URL paths and headers to hide malicious traffic. The Ninja loader component can decrypt and decompress the payload. Ninja can XOR and AES encrypt C2 messages. Ninja can store its final payload in the Registry under $HKLM\SOFTWARE\Classes\Interface\ encrypted with a dynamically generated key based on the drive’s serial number. Ninja has the ability to enumerate directory content. Ninja loaders can be side-loaded with legitimate and signed executables including the VLC.exe media player. Ninja can change or create the last access or write times.  **List of All MITRE Enterprise technique IDs** ID    : Name T1548 : Abuse Elevation Control Mechanism T1134 : Access Token Manipulation T1531 : Account Access Removal T1087 : Account Discovery T1098 : Account Manipulation T1650 : Acquire Access T1583 : Acquire Infrastructure T1595 : Active Scanning T1557 : Adversary-in-the-Middle T1071 : Application Layer Protocol T1010 : Application Window Discovery T1560 : Archive Collected Data T1123 : Audio Capture T1119 : Automated Collection T1020 : Automated Exfiltration T1197 : BITS Jobs T1547 : Boot or Logon Autostart Execution T1037 : Boot or Logon Initialization Scripts T1176 : Browser Extensions T1217 : Browser Information Discovery T1185 : Browser Session Hijacking T1110 : Brute Force T1612 : Build Image on Host T1115 : Clipboard Data T1651 : Cloud Administration Command T1580 : Cloud Infrastructure Discovery T1538 : Cloud Service Dashboard T1526 : Cloud Service Discovery T1619 : Cloud Storage Object Discovery T1059 : Command and Scripting Interpreter T1092 : Communication Through Removable Media T1586 : Compromise Accounts T1554 : Compromise Host Software Binary T1584 : Compromise Infrastructure T1609 : Container Administration Command T1613 : Container and Resource Discovery T1659 : Content Injection T1136 : Create Account T1543 : Create or Modify System Process T1555 : Credentials from Password Stores T1485 : Data Destruction T1132 : Data Encoding T1486 : Data Encrypted for Impact T1530 : Data from Cloud Storage T1602 : Data from Configuration Repository T1213 : Data from Information Repositories T1005 : Data from Local System T1039 : Data from Network Shared Drive T1025 : Data from Removable Media T1565 : Data Manipulation T1001 : Data Obfuscation T1074 : Data Staged T1030 : Data Transfer Size Limits T1622 : Debugger Evasion T1491 : Defacement T1140 : Deobfuscate/Decode Files or Information T1610 : Deploy Container T1587 : Develop Capabilities T1652 : Device Driver Discovery T1006 : Direct Volume Access T1561 : Disk Wipe T1484 : Domain or Tenant Policy Modification T1482 : Domain Trust Discovery T1189 : Drive-by Compromise T1568 : Dynamic Resolution T1114 : Email Collection T1573 : Encrypted Channel T1499 : Endpoint Denial of Service T1611 : Escape to Host T1585 : Establish Accounts T1546 : Event Triggered Execution T1480 : Execution Guardrails T1048 : Exfiltration Over Alternative Protocol T1041 : Exfiltration Over C2 Channel T1011 : Exfiltration Over Other Network Medium T1052 : Exfiltration Over Physical Medium T1567 : Exfiltration Over Web Service T1190 : Exploit Public-Facing Application T1203 : Exploitation for Client Execution T1212 : Exploitation for Credential Access T1211 : Exploitation for Defense Evasion T1068 : Exploitation for Privilege Escalation T1210 : Exploitation of Remote Services T1133 : External Remote Services T1008 : Fallback Channels T1083 : File and Directory Discovery T1222 : File and Directory Permissions Modification T1657 : Financial Theft T1495 : Firmware Corruption T1187 : Forced Authentication T1606 : Forge Web Credentials T1592 : Gather Victim Host Information T1589 : Gather Victim Identity Information T1590 : Gather Victim Network Information T1591 : Gather Victim Org Information T1615 : Group Policy Discovery T1200 : Hardware Additions T1564 : Hide Artifacts T1665 : Hide Infrastructure T1574 : Hijack Execution Flow T1562 : Impair Defenses T1656 : Impersonation T1525 : Implant Internal Image T1070 : Indicator Removal T1202 : Indirect Command Execution T1105 : Ingress Tool Transfer T1490 : Inhibit System Recovery T1056 : Input Capture T1559 : Inter-Process Communication T1534 : Internal Spearphishing T1570 : Lateral Tool Transfer T1654 : Log Enumeration T1036 : Masquerading T1556 : Modify Authentication Process T1578 : Modify Cloud Compute Infrastructure T1112 : Modify Registry T1601 : Modify System Image T1111 : Multi-Factor Authentication Interception T1621 : Multi-Factor Authentication Request Generation T1104 : Multi-Stage Channels T1106 : Native API T1599 : Network Boundary Bridging T1498 : Network Denial of Service T1046 : Network Service Discovery T1135 : Network Share Discovery T1040 : Network Sniffing T1095 : Non-Application Layer Protocol T1571 : Non-Standard Port T1027 : Obfuscated Files or Information T1588 : Obtain Capabilities T1137 : Office Application Startup T1003 : OS Credential Dumping T1201 : Password Policy Discovery T1120 : Peripheral Device Discovery T1069 : Permission Groups Discovery T1566 : Phishing T1598 : Phishing for Information T1647 : Plist File Modification T1653 : Power Settings T1542 : Pre-OS Boot T1057 : Process Discovery T1055 : Process Injection T1572 : Protocol Tunneling T1090 : Proxy T1012 : Query Registry T1620 : Reflective Code Loading T1219 : Remote Access Software T1563 : Remote Service Session Hijacking T1021 : Remote Services T1018 : Remote System Discovery T1091 : Replication Through Removable Media T1496 : Resource Hijacking T1207 : Rogue Domain Controller T1014 : Rootkit T1053 : Scheduled Task/Job T1029 : Scheduled Transfer T1113 : Screen Capture T1597 : Search Closed Sources T1596 : Search Open Technical Databases T1593 : Search Open Websites/Domains T1594 : Search Victim-Owned Websites T1505 : Server Software Component T1648 : Serverless Execution T1489 : Service Stop T1129 : Shared Modules T1072 : Software Deployment Tools T1518 : Software Discovery T1608 : Stage Capabilities T1528 : Steal Application Access Token T1649 : Steal or Forge Authentication Certificates T1558 : Steal or Forge Kerberos Tickets T1539 : Steal Web Session Cookie T1553 : Subvert Trust Controls T1195 : Supply Chain Compromise T1218 : System Binary Proxy Execution T1082 : System Information Discovery T1614 : System Location Discovery T1016 : System Network Configuration Discovery T1049 : System Network Connections Discovery T1033 : System Owner/User Discovery T1216 : System Script Proxy Execution T1007 : System Service Discovery T1569 : System Services T1529 : System Shutdown/Reboot T1124 : System Time Discovery T1080 : Taint Shared Content T1221 : Template Injection T1205 : Traffic Signaling T1537 : Transfer Data to Cloud Account T1127 : Trusted Developer Utilities Proxy Execution T1199 : Trusted Relationship T1552 : Unsecured Credentials T1535 : Unused/Unsupported Cloud Regions T1550 : Use Alternate Authentication Material T1204 : User Execution T1078 : Valid Accounts T1125 : Video Capture T1497 : Virtualization/Sandbox Evasion T1600 : Weaken Encryption T1102 : Web Service T1047 : Windows Management Instrumentation T1220 : XSL Script Processing     ","T1071, T1543, T1132, T1001, T1140, T1573, T1480, T1083, T1574, T1070","After analyzing the text, I identified the following MITRE Enterprise attack patterns:

* **T1548: Abuse Elevation Control Mechanism**: Ninja can modify headers and URL paths to hide malicious traffic in HTTP requests.
* **T1087: Account Discovery**: Ninja can enumerate directory content.
* **T1554: Compromise Host Software Binary**: Ninja can XOR and AES encrypt C2 messages.
* **T1059: Command and Scripting Interpreter**: Ninja has the ability to mimic legitimate services with customized HTTP URL paths and headers to hide malicious traffic.
* **T1555: Credentials from Password Stores**: Ninja can store its final payload in the Registry under `$HKLM\SOFTWARE\Classes\Interface` encrypted with a dynamically generated key based on the drive's serial number.
* **T1659: Content Injection**: Ninja can create services httpsvc and w3esvc for persistence.

Here are the main technique IDs, excluding subtechnique IDs:

1548, 1087, 1554, 1059, 1555, 1659

Note that some of these techniques may be subsumed under broader categories or require additional context to determine the specific technique being used."
51,"Extract all MITRE Enterprise attack patterns from the following text and map them to their corresponding MITRE technique IDs. Provide reasoning for each identification. Ensure the final line contains only the IDs for the main techniques, separated by commas, excluding any subtechnique IDs. MITRE Enterprise IDs are given below as reference.  **Text:** Samurai is a passive backdoor that has been used by ToddyCat since at least 2020. Samurai allows arbitrary C# code execution and is used with multiple modules for remote administration and lateral movement. Samurai can use a .NET HTTPListener class to receive and handle HTTP POST requests. Samurai can use a remote command module for execution via the Windows command line. Samurai can create a service at HKLM\SOFTWARE\Microsoft\Windows NT\CurrentVersion\SvcHost to trigger execution and maintain persistence. Samurai can base64 encode data sent in C2 communications prior to its encryption. Samurai can leverage an exfiltration module to download arbitrary files from compromised machines. Samurai can encrypt C2 communications with AES. Samurai can use a specific module for file enumeration. Samurai has been used to deploy other malware including Ninja. Samurai has created the directory %COMMONPROGRAMFILES%\Microsoft Shared\wmi\ to contain DLLs for loading successive stages. The Samurai loader component can create multiple Registry keys to force the svchost.exe process to load the final backdoor. Samurai has the ability to call Windows APIs.  **List of All MITRE Enterprise technique IDs** ID    : Name T1548 : Abuse Elevation Control Mechanism T1134 : Access Token Manipulation T1531 : Account Access Removal T1087 : Account Discovery T1098 : Account Manipulation T1650 : Acquire Access T1583 : Acquire Infrastructure T1595 : Active Scanning T1557 : Adversary-in-the-Middle T1071 : Application Layer Protocol T1010 : Application Window Discovery T1560 : Archive Collected Data T1123 : Audio Capture T1119 : Automated Collection T1020 : Automated Exfiltration T1197 : BITS Jobs T1547 : Boot or Logon Autostart Execution T1037 : Boot or Logon Initialization Scripts T1176 : Browser Extensions T1217 : Browser Information Discovery T1185 : Browser Session Hijacking T1110 : Brute Force T1612 : Build Image on Host T1115 : Clipboard Data T1651 : Cloud Administration Command T1580 : Cloud Infrastructure Discovery T1538 : Cloud Service Dashboard T1526 : Cloud Service Discovery T1619 : Cloud Storage Object Discovery T1059 : Command and Scripting Interpreter T1092 : Communication Through Removable Media T1586 : Compromise Accounts T1554 : Compromise Host Software Binary T1584 : Compromise Infrastructure T1609 : Container Administration Command T1613 : Container and Resource Discovery T1659 : Content Injection T1136 : Create Account T1543 : Create or Modify System Process T1555 : Credentials from Password Stores T1485 : Data Destruction T1132 : Data Encoding T1486 : Data Encrypted for Impact T1530 : Data from Cloud Storage T1602 : Data from Configuration Repository T1213 : Data from Information Repositories T1005 : Data from Local System T1039 : Data from Network Shared Drive T1025 : Data from Removable Media T1565 : Data Manipulation T1001 : Data Obfuscation T1074 : Data Staged T1030 : Data Transfer Size Limits T1622 : Debugger Evasion T1491 : Defacement T1140 : Deobfuscate/Decode Files or Information T1610 : Deploy Container T1587 : Develop Capabilities T1652 : Device Driver Discovery T1006 : Direct Volume Access T1561 : Disk Wipe T1484 : Domain or Tenant Policy Modification T1482 : Domain Trust Discovery T1189 : Drive-by Compromise T1568 : Dynamic Resolution T1114 : Email Collection T1573 : Encrypted Channel T1499 : Endpoint Denial of Service T1611 : Escape to Host T1585 : Establish Accounts T1546 : Event Triggered Execution T1480 : Execution Guardrails T1048 : Exfiltration Over Alternative Protocol T1041 : Exfiltration Over C2 Channel T1011 : Exfiltration Over Other Network Medium T1052 : Exfiltration Over Physical Medium T1567 : Exfiltration Over Web Service T1190 : Exploit Public-Facing Application T1203 : Exploitation for Client Execution T1212 : Exploitation for Credential Access T1211 : Exploitation for Defense Evasion T1068 : Exploitation for Privilege Escalation T1210 : Exploitation of Remote Services T1133 : External Remote Services T1008 : Fallback Channels T1083 : File and Directory Discovery T1222 : File and Directory Permissions Modification T1657 : Financial Theft T1495 : Firmware Corruption T1187 : Forced Authentication T1606 : Forge Web Credentials T1592 : Gather Victim Host Information T1589 : Gather Victim Identity Information T1590 : Gather Victim Network Information T1591 : Gather Victim Org Information T1615 : Group Policy Discovery T1200 : Hardware Additions T1564 : Hide Artifacts T1665 : Hide Infrastructure T1574 : Hijack Execution Flow T1562 : Impair Defenses T1656 : Impersonation T1525 : Implant Internal Image T1070 : Indicator Removal T1202 : Indirect Command Execution T1105 : Ingress Tool Transfer T1490 : Inhibit System Recovery T1056 : Input Capture T1559 : Inter-Process Communication T1534 : Internal Spearphishing T1570 : Lateral Tool Transfer T1654 : Log Enumeration T1036 : Masquerading T1556 : Modify Authentication Process T1578 : Modify Cloud Compute Infrastructure T1112 : Modify Registry T1601 : Modify System Image T1111 : Multi-Factor Authentication Interception T1621 : Multi-Factor Authentication Request Generation T1104 : Multi-Stage Channels T1106 : Native API T1599 : Network Boundary Bridging T1498 : Network Denial of Service T1046 : Network Service Discovery T1135 : Network Share Discovery T1040 : Network Sniffing T1095 : Non-Application Layer Protocol T1571 : Non-Standard Port T1027 : Obfuscated Files or Information T1588 : Obtain Capabilities T1137 : Office Application Startup T1003 : OS Credential Dumping T1201 : Password Policy Discovery T1120 : Peripheral Device Discovery T1069 : Permission Groups Discovery T1566 : Phishing T1598 : Phishing for Information T1647 : Plist File Modification T1653 : Power Settings T1542 : Pre-OS Boot T1057 : Process Discovery T1055 : Process Injection T1572 : Protocol Tunneling T1090 : Proxy T1012 : Query Registry T1620 : Reflective Code Loading T1219 : Remote Access Software T1563 : Remote Service Session Hijacking T1021 : Remote Services T1018 : Remote System Discovery T1091 : Replication Through Removable Media T1496 : Resource Hijacking T1207 : Rogue Domain Controller T1014 : Rootkit T1053 : Scheduled Task/Job T1029 : Scheduled Transfer T1113 : Screen Capture T1597 : Search Closed Sources T1596 : Search Open Technical Databases T1593 : Search Open Websites/Domains T1594 : Search Victim-Owned Websites T1505 : Server Software Component T1648 : Serverless Execution T1489 : Service Stop T1129 : Shared Modules T1072 : Software Deployment Tools T1518 : Software Discovery T1608 : Stage Capabilities T1528 : Steal Application Access Token T1649 : Steal or Forge Authentication Certificates T1558 : Steal or Forge Kerberos Tickets T1539 : Steal Web Session Cookie T1553 : Subvert Trust Controls T1195 : Supply Chain Compromise T1218 : System Binary Proxy Execution T1082 : System Information Discovery T1614 : System Location Discovery T1016 : System Network Configuration Discovery T1049 : System Network Connections Discovery T1033 : System Owner/User Discovery T1216 : System Script Proxy Execution T1007 : System Service Discovery T1569 : System Services T1529 : System Shutdown/Reboot T1124 : System Time Discovery T1080 : Taint Shared Content T1221 : Template Injection T1205 : Traffic Signaling T1537 : Transfer Data to Cloud Account T1127 : Trusted Developer Utilities Proxy Execution T1199 : Trusted Relationship T1552 : Unsecured Credentials T1535 : Unused/Unsupported Cloud Regions T1550 : Use Alternate Authentication Material T1204 : User Execution T1078 : Valid Accounts T1125 : Video Capture T1497 : Virtualization/Sandbox Evasion T1600 : Weaken Encryption T1102 : Web Service T1047 : Windows Management Instrumentation T1220 : XSL Script Processing     ","T1071, T1059, T1543, T1132, T1005, T1573, T1083, T1105, T1036, T1112, T1106","After analyzing the text, I identified the following MITRE Enterprise attack patterns:

1. **T1018: Remote System Discovery** - The text mentions that Samurai can create a service at HKLM\SOFTWARE\Microsoft\Windows NT\CurrentVersion\SvcHost to trigger execution and maintain persistence.
2. **T1087: Account Manipulation** - The text states that Samurai can use a remote command module for execution via the Windows command line, which implies manipulation of accounts.
3. **T1059: Command and Scripting Interpreter** - The text mentions that Samurai allows arbitrary C# code execution, which is a form of command and scripting interpreter.
4. **T1011: Exfiltration Over Other Network Medium** - The text states that Samurai can leverage an exfiltration module to download arbitrary files from compromised machines, which implies exfiltration over other network mediums.
5. **T1557: Adversary-in-the-Middle** - The text mentions that Samurai can base64 encode data sent in C2 communications prior to its encryption, which could be considered a form of adversarial manipulation.

Here are the main technique IDs:

T1018, T1087, T1059, T1011, T1557"
52,"Extract all MITRE Enterprise attack patterns from the following text and map them to their corresponding MITRE technique IDs. Provide reasoning for each identification. Ensure the final line contains only the IDs for the main techniques, separated by commas, excluding any subtechnique IDs. MITRE Enterprise IDs are given below as reference.  **Text:** BUSHWALK is a web shell written in Perl that was inserted into the legitimate querymanifest.cgi file on compromised Ivanti Connect Secure VPNs during Cutting Edge. BUSHWALK can embed into the legitimate querymanifest.cgi file on compromised Ivanti Connect Secure VPNs. BUSHWALK can Base64 decode and RC4 decrypt malicious payloads sent through a web request’s command parameter. BUSHWALK can write malicious payloads sent through a web request’s command parameter. BUSHWALK can encrypt the resulting data generated from C2 commands with RC4. BUSHWALK is a web shell that has the ability to execute arbitrary commands or write files. BUSHWALK can modify the DSUserAgentCap.pm Perl module on Ivanti Connect Secure VPNs and either activate or deactivate depending on the value of the user agent in incoming HTTP requests.  **List of All MITRE Enterprise technique IDs** ID    : Name T1548 : Abuse Elevation Control Mechanism T1134 : Access Token Manipulation T1531 : Account Access Removal T1087 : Account Discovery T1098 : Account Manipulation T1650 : Acquire Access T1583 : Acquire Infrastructure T1595 : Active Scanning T1557 : Adversary-in-the-Middle T1071 : Application Layer Protocol T1010 : Application Window Discovery T1560 : Archive Collected Data T1123 : Audio Capture T1119 : Automated Collection T1020 : Automated Exfiltration T1197 : BITS Jobs T1547 : Boot or Logon Autostart Execution T1037 : Boot or Logon Initialization Scripts T1176 : Browser Extensions T1217 : Browser Information Discovery T1185 : Browser Session Hijacking T1110 : Brute Force T1612 : Build Image on Host T1115 : Clipboard Data T1651 : Cloud Administration Command T1580 : Cloud Infrastructure Discovery T1538 : Cloud Service Dashboard T1526 : Cloud Service Discovery T1619 : Cloud Storage Object Discovery T1059 : Command and Scripting Interpreter T1092 : Communication Through Removable Media T1586 : Compromise Accounts T1554 : Compromise Host Software Binary T1584 : Compromise Infrastructure T1609 : Container Administration Command T1613 : Container and Resource Discovery T1659 : Content Injection T1136 : Create Account T1543 : Create or Modify System Process T1555 : Credentials from Password Stores T1485 : Data Destruction T1132 : Data Encoding T1486 : Data Encrypted for Impact T1530 : Data from Cloud Storage T1602 : Data from Configuration Repository T1213 : Data from Information Repositories T1005 : Data from Local System T1039 : Data from Network Shared Drive T1025 : Data from Removable Media T1565 : Data Manipulation T1001 : Data Obfuscation T1074 : Data Staged T1030 : Data Transfer Size Limits T1622 : Debugger Evasion T1491 : Defacement T1140 : Deobfuscate/Decode Files or Information T1610 : Deploy Container T1587 : Develop Capabilities T1652 : Device Driver Discovery T1006 : Direct Volume Access T1561 : Disk Wipe T1484 : Domain or Tenant Policy Modification T1482 : Domain Trust Discovery T1189 : Drive-by Compromise T1568 : Dynamic Resolution T1114 : Email Collection T1573 : Encrypted Channel T1499 : Endpoint Denial of Service T1611 : Escape to Host T1585 : Establish Accounts T1546 : Event Triggered Execution T1480 : Execution Guardrails T1048 : Exfiltration Over Alternative Protocol T1041 : Exfiltration Over C2 Channel T1011 : Exfiltration Over Other Network Medium T1052 : Exfiltration Over Physical Medium T1567 : Exfiltration Over Web Service T1190 : Exploit Public-Facing Application T1203 : Exploitation for Client Execution T1212 : Exploitation for Credential Access T1211 : Exploitation for Defense Evasion T1068 : Exploitation for Privilege Escalation T1210 : Exploitation of Remote Services T1133 : External Remote Services T1008 : Fallback Channels T1083 : File and Directory Discovery T1222 : File and Directory Permissions Modification T1657 : Financial Theft T1495 : Firmware Corruption T1187 : Forced Authentication T1606 : Forge Web Credentials T1592 : Gather Victim Host Information T1589 : Gather Victim Identity Information T1590 : Gather Victim Network Information T1591 : Gather Victim Org Information T1615 : Group Policy Discovery T1200 : Hardware Additions T1564 : Hide Artifacts T1665 : Hide Infrastructure T1574 : Hijack Execution Flow T1562 : Impair Defenses T1656 : Impersonation T1525 : Implant Internal Image T1070 : Indicator Removal T1202 : Indirect Command Execution T1105 : Ingress Tool Transfer T1490 : Inhibit System Recovery T1056 : Input Capture T1559 : Inter-Process Communication T1534 : Internal Spearphishing T1570 : Lateral Tool Transfer T1654 : Log Enumeration T1036 : Masquerading T1556 : Modify Authentication Process T1578 : Modify Cloud Compute Infrastructure T1112 : Modify Registry T1601 : Modify System Image T1111 : Multi-Factor Authentication Interception T1621 : Multi-Factor Authentication Request Generation T1104 : Multi-Stage Channels T1106 : Native API T1599 : Network Boundary Bridging T1498 : Network Denial of Service T1046 : Network Service Discovery T1135 : Network Share Discovery T1040 : Network Sniffing T1095 : Non-Application Layer Protocol T1571 : Non-Standard Port T1027 : Obfuscated Files or Information T1588 : Obtain Capabilities T1137 : Office Application Startup T1003 : OS Credential Dumping T1201 : Password Policy Discovery T1120 : Peripheral Device Discovery T1069 : Permission Groups Discovery T1566 : Phishing T1598 : Phishing for Information T1647 : Plist File Modification T1653 : Power Settings T1542 : Pre-OS Boot T1057 : Process Discovery T1055 : Process Injection T1572 : Protocol Tunneling T1090 : Proxy T1012 : Query Registry T1620 : Reflective Code Loading T1219 : Remote Access Software T1563 : Remote Service Session Hijacking T1021 : Remote Services T1018 : Remote System Discovery T1091 : Replication Through Removable Media T1496 : Resource Hijacking T1207 : Rogue Domain Controller T1014 : Rootkit T1053 : Scheduled Task/Job T1029 : Scheduled Transfer T1113 : Screen Capture T1597 : Search Closed Sources T1596 : Search Open Technical Databases T1593 : Search Open Websites/Domains T1594 : Search Victim-Owned Websites T1505 : Server Software Component T1648 : Serverless Execution T1489 : Service Stop T1129 : Shared Modules T1072 : Software Deployment Tools T1518 : Software Discovery T1608 : Stage Capabilities T1528 : Steal Application Access Token T1649 : Steal or Forge Authentication Certificates T1558 : Steal or Forge Kerberos Tickets T1539 : Steal Web Session Cookie T1553 : Subvert Trust Controls T1195 : Supply Chain Compromise T1218 : System Binary Proxy Execution T1082 : System Information Discovery T1614 : System Location Discovery T1016 : System Network Configuration Discovery T1049 : System Network Connections Discovery T1033 : System Owner/User Discovery T1216 : System Script Proxy Execution T1007 : System Service Discovery T1569 : System Services T1529 : System Shutdown/Reboot T1124 : System Time Discovery T1080 : Taint Shared Content T1221 : Template Injection T1205 : Traffic Signaling T1537 : Transfer Data to Cloud Account T1127 : Trusted Developer Utilities Proxy Execution T1199 : Trusted Relationship T1552 : Unsecured Credentials T1535 : Unused/Unsupported Cloud Regions T1550 : Use Alternate Authentication Material T1204 : User Execution T1078 : Valid Accounts T1125 : Video Capture T1497 : Virtualization/Sandbox Evasion T1600 : Weaken Encryption T1102 : Web Service T1047 : Windows Management Instrumentation T1220 : XSL Script Processing     ","T1554, T1140, T1105, T1027, T1505, T1205","After analyzing the text, I extracted the following MITRE Enterprise attack patterns and mapped them to their corresponding MITRE technique IDs:

1. BUSHWALK can embed into the legitimate querymanifest.cgi file on compromised Ivanti Connect Secure VPNs.
	* T1040: Network Sniffing
2. BUSHWALK can Base64 decode and RC4 decrypt malicious payloads sent through a web request’s command parameter.
	* T1005: Data from Local System
3. BUSHWALK can write malicious payloads sent through a web request’s command parameter.
	* T1036: Masquerading
4. BUSHWALK can encrypt the resulting data generated from C2 commands with RC4.
	* T1048: Exfiltration Over Alternative Protocol
5. BUSHWALK is a web shell that has the ability to execute arbitrary commands or write files.
	* T1053: Scheduled Task/Job
6. BUSHWALK can modify the DSUserAgentCap.pm Perl module on Ivanti Connect Secure VPNs and either activate or deactivate depending on the value of the user agent in incoming HTTP requests.
	* T1137: Office Application Startup

The main techniques identified are:

T1040, T1005, T1036, T1048, T1053, T1137"
53,"Extract all MITRE Enterprise attack patterns from the following text and map them to their corresponding MITRE technique IDs. Provide reasoning for each identification. Ensure the final line contains only the IDs for the main techniques, separated by commas, excluding any subtechnique IDs. MITRE Enterprise IDs are given below as reference.  **Text:** Akira ransomware, written in C++, is most prominently (but not exclusively) associated with the a ransomware-as-a-service entity Akira. Akira will execute PowerShell commands to delete system volume shadow copies. Akira executes from the Windows command line and can take various arguments for execution. Akira encrypts victim filesystems for financial extortion purposes. Akira examines files prior to encryption to determine if they meet requirements for encryption and can be encrypted by the ransomware. These checks are performed through native Windows functions such as GetFileAttributesW. Akira will delete system volume shadow copies via PowerShell commands. Akira executes native Windows functions such as GetFileAttributesW and GetSystemInfo. Akira can identify remote file shares for encryption. Akira verifies the deletion of volume shadow copies by checking for the existence of the process ID related to the process created to delete these items. Akira uses the GetSystemInfo Windows function to determine the number of processors on a victim machine. Akira will leverage COM objects accessed through WMI during execution to evade detection.   **List of All MITRE Enterprise technique IDs** ID    : Name T1548 : Abuse Elevation Control Mechanism T1134 : Access Token Manipulation T1531 : Account Access Removal T1087 : Account Discovery T1098 : Account Manipulation T1650 : Acquire Access T1583 : Acquire Infrastructure T1595 : Active Scanning T1557 : Adversary-in-the-Middle T1071 : Application Layer Protocol T1010 : Application Window Discovery T1560 : Archive Collected Data T1123 : Audio Capture T1119 : Automated Collection T1020 : Automated Exfiltration T1197 : BITS Jobs T1547 : Boot or Logon Autostart Execution T1037 : Boot or Logon Initialization Scripts T1176 : Browser Extensions T1217 : Browser Information Discovery T1185 : Browser Session Hijacking T1110 : Brute Force T1612 : Build Image on Host T1115 : Clipboard Data T1651 : Cloud Administration Command T1580 : Cloud Infrastructure Discovery T1538 : Cloud Service Dashboard T1526 : Cloud Service Discovery T1619 : Cloud Storage Object Discovery T1059 : Command and Scripting Interpreter T1092 : Communication Through Removable Media T1586 : Compromise Accounts T1554 : Compromise Host Software Binary T1584 : Compromise Infrastructure T1609 : Container Administration Command T1613 : Container and Resource Discovery T1659 : Content Injection T1136 : Create Account T1543 : Create or Modify System Process T1555 : Credentials from Password Stores T1485 : Data Destruction T1132 : Data Encoding T1486 : Data Encrypted for Impact T1530 : Data from Cloud Storage T1602 : Data from Configuration Repository T1213 : Data from Information Repositories T1005 : Data from Local System T1039 : Data from Network Shared Drive T1025 : Data from Removable Media T1565 : Data Manipulation T1001 : Data Obfuscation T1074 : Data Staged T1030 : Data Transfer Size Limits T1622 : Debugger Evasion T1491 : Defacement T1140 : Deobfuscate/Decode Files or Information T1610 : Deploy Container T1587 : Develop Capabilities T1652 : Device Driver Discovery T1006 : Direct Volume Access T1561 : Disk Wipe T1484 : Domain or Tenant Policy Modification T1482 : Domain Trust Discovery T1189 : Drive-by Compromise T1568 : Dynamic Resolution T1114 : Email Collection T1573 : Encrypted Channel T1499 : Endpoint Denial of Service T1611 : Escape to Host T1585 : Establish Accounts T1546 : Event Triggered Execution T1480 : Execution Guardrails T1048 : Exfiltration Over Alternative Protocol T1041 : Exfiltration Over C2 Channel T1011 : Exfiltration Over Other Network Medium T1052 : Exfiltration Over Physical Medium T1567 : Exfiltration Over Web Service T1190 : Exploit Public-Facing Application T1203 : Exploitation for Client Execution T1212 : Exploitation for Credential Access T1211 : Exploitation for Defense Evasion T1068 : Exploitation for Privilege Escalation T1210 : Exploitation of Remote Services T1133 : External Remote Services T1008 : Fallback Channels T1083 : File and Directory Discovery T1222 : File and Directory Permissions Modification T1657 : Financial Theft T1495 : Firmware Corruption T1187 : Forced Authentication T1606 : Forge Web Credentials T1592 : Gather Victim Host Information T1589 : Gather Victim Identity Information T1590 : Gather Victim Network Information T1591 : Gather Victim Org Information T1615 : Group Policy Discovery T1200 : Hardware Additions T1564 : Hide Artifacts T1665 : Hide Infrastructure T1574 : Hijack Execution Flow T1562 : Impair Defenses T1656 : Impersonation T1525 : Implant Internal Image T1070 : Indicator Removal T1202 : Indirect Command Execution T1105 : Ingress Tool Transfer T1490 : Inhibit System Recovery T1056 : Input Capture T1559 : Inter-Process Communication T1534 : Internal Spearphishing T1570 : Lateral Tool Transfer T1654 : Log Enumeration T1036 : Masquerading T1556 : Modify Authentication Process T1578 : Modify Cloud Compute Infrastructure T1112 : Modify Registry T1601 : Modify System Image T1111 : Multi-Factor Authentication Interception T1621 : Multi-Factor Authentication Request Generation T1104 : Multi-Stage Channels T1106 : Native API T1599 : Network Boundary Bridging T1498 : Network Denial of Service T1046 : Network Service Discovery T1135 : Network Share Discovery T1040 : Network Sniffing T1095 : Non-Application Layer Protocol T1571 : Non-Standard Port T1027 : Obfuscated Files or Information T1588 : Obtain Capabilities T1137 : Office Application Startup T1003 : OS Credential Dumping T1201 : Password Policy Discovery T1120 : Peripheral Device Discovery T1069 : Permission Groups Discovery T1566 : Phishing T1598 : Phishing for Information T1647 : Plist File Modification T1653 : Power Settings T1542 : Pre-OS Boot T1057 : Process Discovery T1055 : Process Injection T1572 : Protocol Tunneling T1090 : Proxy T1012 : Query Registry T1620 : Reflective Code Loading T1219 : Remote Access Software T1563 : Remote Service Session Hijacking T1021 : Remote Services T1018 : Remote System Discovery T1091 : Replication Through Removable Media T1496 : Resource Hijacking T1207 : Rogue Domain Controller T1014 : Rootkit T1053 : Scheduled Task/Job T1029 : Scheduled Transfer T1113 : Screen Capture T1597 : Search Closed Sources T1596 : Search Open Technical Databases T1593 : Search Open Websites/Domains T1594 : Search Victim-Owned Websites T1505 : Server Software Component T1648 : Serverless Execution T1489 : Service Stop T1129 : Shared Modules T1072 : Software Deployment Tools T1518 : Software Discovery T1608 : Stage Capabilities T1528 : Steal Application Access Token T1649 : Steal or Forge Authentication Certificates T1558 : Steal or Forge Kerberos Tickets T1539 : Steal Web Session Cookie T1553 : Subvert Trust Controls T1195 : Supply Chain Compromise T1218 : System Binary Proxy Execution T1082 : System Information Discovery T1614 : System Location Discovery T1016 : System Network Configuration Discovery T1049 : System Network Connections Discovery T1033 : System Owner/User Discovery T1216 : System Script Proxy Execution T1007 : System Service Discovery T1569 : System Services T1529 : System Shutdown/Reboot T1124 : System Time Discovery T1080 : Taint Shared Content T1221 : Template Injection T1205 : Traffic Signaling T1537 : Transfer Data to Cloud Account T1127 : Trusted Developer Utilities Proxy Execution T1199 : Trusted Relationship T1552 : Unsecured Credentials T1535 : Unused/Unsupported Cloud Regions T1550 : Use Alternate Authentication Material T1204 : User Execution T1078 : Valid Accounts T1125 : Video Capture T1497 : Virtualization/Sandbox Evasion T1600 : Weaken Encryption T1102 : Web Service T1047 : Windows Management Instrumentation T1220 : XSL Script Processing     ","T1059, T1486, T1083, T1490, T1106, T1135, T1057, T1082, T1047","After analyzing the text, I extracted the following MITRE Enterprise attack patterns:

1. **T1548: Abuse Elevation Control Mechanism**: Akira ransomware executes PowerShell commands to delete system volume shadow copies.
2. **T1119: Automated Collection**: Akira ransomware collects data through automated means.
3. **T1087: Account Discovery**: Akira ransomware identifies remote file shares for encryption.
4. **T1547: Boot or Logon Autostart Execution**: Akira ransomware executes from the Windows command line and can take various arguments for execution.
5. **T1037: Boot or Logon Initialization Scripts**: Akira ransomware examines files prior to encryption to determine if they meet requirements for encryption.
6. **T1554: Compromise Host Software Binary**: Akira ransomware encrypts victim filesystems for financial extortion purposes.
7. **T1132: Data Encoding**: Akira ransomware performs data encoding checks through native Windows functions such as GetFileAttributesW.
8. **T1025: Data from Removable Media**: Akira ransomware can identify files on removable media.

The main techniques identified are:

T1548, T1119, T1087, T1547, T1037, T1554, T1132, and T1025

Note that some of these IDs may have sub-techniques or other related IDs, but I've only extracted the main technique IDs from the text."
54,"Extract all MITRE Enterprise attack patterns from the following text and map them to their corresponding MITRE technique IDs. Provide reasoning for each identification. Ensure the final line contains only the IDs for the main techniques, separated by commas, excluding any subtechnique IDs. MITRE Enterprise IDs are given below as reference.  **Text:** NKAbuse is a Go-based, multi-platform malware abusing NKN (New Kind of Network) technology for data exchange between peers, functioning as a potent implant, and equipped with both flooder and backdoor capabilities. NKAbuse is initially installed and executed through an initial shell script. NKAbuse enables multiple types of network denial of service capabilities across several protocols post-installation. NKAbuse will check victim systems to ensure only one copy of the malware is running. NKAbuse has abused the NKN public blockchain protocol for its C2 communications. NKAbuse uses a Cron job to establish persistence when infecting Linux hosts. NKAbuse can take screenshots of the victim machine. NKAbuse conducts multiple system checks and includes these in subsequent ""heartbeat"" messages to the malware's command and control server. NKAbuse utilizes external services such as ifconfig.me to identify the victim machine's IP address.[2]  **List of All MITRE Enterprise technique IDs** ID    : Name T1548 : Abuse Elevation Control Mechanism T1134 : Access Token Manipulation T1531 : Account Access Removal T1087 : Account Discovery T1098 : Account Manipulation T1650 : Acquire Access T1583 : Acquire Infrastructure T1595 : Active Scanning T1557 : Adversary-in-the-Middle T1071 : Application Layer Protocol T1010 : Application Window Discovery T1560 : Archive Collected Data T1123 : Audio Capture T1119 : Automated Collection T1020 : Automated Exfiltration T1197 : BITS Jobs T1547 : Boot or Logon Autostart Execution T1037 : Boot or Logon Initialization Scripts T1176 : Browser Extensions T1217 : Browser Information Discovery T1185 : Browser Session Hijacking T1110 : Brute Force T1612 : Build Image on Host T1115 : Clipboard Data T1651 : Cloud Administration Command T1580 : Cloud Infrastructure Discovery T1538 : Cloud Service Dashboard T1526 : Cloud Service Discovery T1619 : Cloud Storage Object Discovery T1059 : Command and Scripting Interpreter T1092 : Communication Through Removable Media T1586 : Compromise Accounts T1554 : Compromise Host Software Binary T1584 : Compromise Infrastructure T1609 : Container Administration Command T1613 : Container and Resource Discovery T1659 : Content Injection T1136 : Create Account T1543 : Create or Modify System Process T1555 : Credentials from Password Stores T1485 : Data Destruction T1132 : Data Encoding T1486 : Data Encrypted for Impact T1530 : Data from Cloud Storage T1602 : Data from Configuration Repository T1213 : Data from Information Repositories T1005 : Data from Local System T1039 : Data from Network Shared Drive T1025 : Data from Removable Media T1565 : Data Manipulation T1001 : Data Obfuscation T1074 : Data Staged T1030 : Data Transfer Size Limits T1622 : Debugger Evasion T1491 : Defacement T1140 : Deobfuscate/Decode Files or Information T1610 : Deploy Container T1587 : Develop Capabilities T1652 : Device Driver Discovery T1006 : Direct Volume Access T1561 : Disk Wipe T1484 : Domain or Tenant Policy Modification T1482 : Domain Trust Discovery T1189 : Drive-by Compromise T1568 : Dynamic Resolution T1114 : Email Collection T1573 : Encrypted Channel T1499 : Endpoint Denial of Service T1611 : Escape to Host T1585 : Establish Accounts T1546 : Event Triggered Execution T1480 : Execution Guardrails T1048 : Exfiltration Over Alternative Protocol T1041 : Exfiltration Over C2 Channel T1011 : Exfiltration Over Other Network Medium T1052 : Exfiltration Over Physical Medium T1567 : Exfiltration Over Web Service T1190 : Exploit Public-Facing Application T1203 : Exploitation for Client Execution T1212 : Exploitation for Credential Access T1211 : Exploitation for Defense Evasion T1068 : Exploitation for Privilege Escalation T1210 : Exploitation of Remote Services T1133 : External Remote Services T1008 : Fallback Channels T1083 : File and Directory Discovery T1222 : File and Directory Permissions Modification T1657 : Financial Theft T1495 : Firmware Corruption T1187 : Forced Authentication T1606 : Forge Web Credentials T1592 : Gather Victim Host Information T1589 : Gather Victim Identity Information T1590 : Gather Victim Network Information T1591 : Gather Victim Org Information T1615 : Group Policy Discovery T1200 : Hardware Additions T1564 : Hide Artifacts T1665 : Hide Infrastructure T1574 : Hijack Execution Flow T1562 : Impair Defenses T1656 : Impersonation T1525 : Implant Internal Image T1070 : Indicator Removal T1202 : Indirect Command Execution T1105 : Ingress Tool Transfer T1490 : Inhibit System Recovery T1056 : Input Capture T1559 : Inter-Process Communication T1534 : Internal Spearphishing T1570 : Lateral Tool Transfer T1654 : Log Enumeration T1036 : Masquerading T1556 : Modify Authentication Process T1578 : Modify Cloud Compute Infrastructure T1112 : Modify Registry T1601 : Modify System Image T1111 : Multi-Factor Authentication Interception T1621 : Multi-Factor Authentication Request Generation T1104 : Multi-Stage Channels T1106 : Native API T1599 : Network Boundary Bridging T1498 : Network Denial of Service T1046 : Network Service Discovery T1135 : Network Share Discovery T1040 : Network Sniffing T1095 : Non-Application Layer Protocol T1571 : Non-Standard Port T1027 : Obfuscated Files or Information T1588 : Obtain Capabilities T1137 : Office Application Startup T1003 : OS Credential Dumping T1201 : Password Policy Discovery T1120 : Peripheral Device Discovery T1069 : Permission Groups Discovery T1566 : Phishing T1598 : Phishing for Information T1647 : Plist File Modification T1653 : Power Settings T1542 : Pre-OS Boot T1057 : Process Discovery T1055 : Process Injection T1572 : Protocol Tunneling T1090 : Proxy T1012 : Query Registry T1620 : Reflective Code Loading T1219 : Remote Access Software T1563 : Remote Service Session Hijacking T1021 : Remote Services T1018 : Remote System Discovery T1091 : Replication Through Removable Media T1496 : Resource Hijacking T1207 : Rogue Domain Controller T1014 : Rootkit T1053 : Scheduled Task/Job T1029 : Scheduled Transfer T1113 : Screen Capture T1597 : Search Closed Sources T1596 : Search Open Technical Databases T1593 : Search Open Websites/Domains T1594 : Search Victim-Owned Websites T1505 : Server Software Component T1648 : Serverless Execution T1489 : Service Stop T1129 : Shared Modules T1072 : Software Deployment Tools T1518 : Software Discovery T1608 : Stage Capabilities T1528 : Steal Application Access Token T1649 : Steal or Forge Authentication Certificates T1558 : Steal or Forge Kerberos Tickets T1539 : Steal Web Session Cookie T1553 : Subvert Trust Controls T1195 : Supply Chain Compromise T1218 : System Binary Proxy Execution T1082 : System Information Discovery T1614 : System Location Discovery T1016 : System Network Configuration Discovery T1049 : System Network Connections Discovery T1033 : System Owner/User Discovery T1216 : System Script Proxy Execution T1007 : System Service Discovery T1569 : System Services T1529 : System Shutdown/Reboot T1124 : System Time Discovery T1080 : Taint Shared Content T1221 : Template Injection T1205 : Traffic Signaling T1537 : Transfer Data to Cloud Account T1127 : Trusted Developer Utilities Proxy Execution T1199 : Trusted Relationship T1552 : Unsecured Credentials T1535 : Unused/Unsupported Cloud Regions T1550 : Use Alternate Authentication Material T1204 : User Execution T1078 : Valid Accounts T1125 : Video Capture T1497 : Virtualization/Sandbox Evasion T1600 : Weaken Encryption T1102 : Web Service T1047 : Windows Management Instrumentation T1220 : XSL Script Processing     ","T1059, T1498, T1057, T1090, T1053, T1113, T1082, T1016","After analyzing the text, I identified the following MITRE Enterprise attack patterns:

1. **T1548: Abuse Elevation Control Mechanism** - NKAbuse enables multiple types of network denial of service capabilities across several protocols post-installation.
2. **T1134: Access Token Manipulation** - Not explicitly mentioned in the text, but implied by the phrase ""NKAbuse will check victim systems to ensure only one copy of the malware is running.""
3. **T1087: Account Discovery** - NKAbuse uses a Cron job to establish persistence when infecting Linux hosts.
4. **T1098: Account Manipulation** - NKAbuse conducts multiple system checks and includes these in subsequent ""heartbeat"" messages to the malware's command and control server.
5. **T1650: Acquire Access** - Not explicitly mentioned in the text, but implied by the phrase ""NKAbuse enables multiple types of network denial of service capabilities across several protocols post-installation.""
6. **T1595: Active Scanning** - NKAbuse takes screenshots of the victim machine.
7. **T1020: Automated Exfiltration** - Not explicitly mentioned in the text, but implied by the phrase ""NKAbuse uses a Cron job to establish persistence when infecting Linux hosts.""
8. **T1197: BITS Jobs** - NKAbuse establishes persistence using a Cron job on Linux hosts.
9. **T1547: Boot or Logon Autostart Execution** - Not explicitly mentioned in the text, but implied by the phrase ""NKAbuse establishes persistence using a Cron job on Linux hosts.""
10. **T1110: Brute Force** - NKAbuse uses ifconfig.me to identify the victim machine's IP address.
11. **T1651: Cloud Administration Command** - Not explicitly mentioned in the text, but implied by the phrase ""NKAbuse has abused the NKN public blockchain protocol for its C2 communications.""
12. **T1480: Execution Guardrails** - NKAbuse uses a Cron job to establish persistence when infecting Linux hosts.
13. **T1048: Exfiltration Over Alternative Protocol** - Not explicitly mentioned in the text, but implied by the phrase ""NKAbuse takes screenshots of the victim machine.""
14. **T1567: Exfiltration Over Web Service** - NKAbuse uses ifconfig.me to identify the victim machine's IP address.
15. **T1203: Exploitation for Client Execution** - Not explicitly mentioned in the text, but implied by the phrase ""NKAbuse conducts multiple system checks and includes these in subsequent 'heartbeat' messages to the malware's command and control server.""

Main techniques:

T1548, T1134, T1087, T1098, T1650, T1595"
55,"Extract all MITRE Enterprise attack patterns from the following text and map them to their corresponding MITRE technique IDs. Provide reasoning for each identification. Ensure the final line contains only the IDs for the main techniques, separated by commas, excluding any subtechnique IDs. MITRE Enterprise IDs are given below as reference.  **Text:** SLOWPULSE is a malware that was used by APT5 as early as 2020 including against U.S. Defense Industrial Base (DIB) companies. SLOWPULSE has several variants and can modify legitimate Pulse Secure VPN files in order to log credentials and bypass single and two-factor authentication flows. SLOWPULSE is applied in compromised environments through modifications to legitimate Pulse Secure files. SLOWPULSE can write logged ACE credentials to /home/perl/PAUS.pm in append mode, using the format string %s:%s\n. SLOWPULSE can modify LDAP and two factor authentication flows by inspecting login credentials and forcing successful authentication if the provided password matches a chosen backdoor password. SLOWPULSE can insert malicious logic to bypass RADIUS and ACE two factor authentication (2FA) flows if a designated attacker-supplied password is provided. SLOWPULSE can log credentials on compromised Pulse Secure VPNs during the DSAuth::AceAuthServer::checkUsernamePasswordACE-2FA authentication procedure. SLOWPULSE can hide malicious code in the padding regions between legitimate functions in the Pulse Secure libdsplibs.so file.  **List of All MITRE Enterprise technique IDs** ID    : Name T1548 : Abuse Elevation Control Mechanism T1134 : Access Token Manipulation T1531 : Account Access Removal T1087 : Account Discovery T1098 : Account Manipulation T1650 : Acquire Access T1583 : Acquire Infrastructure T1595 : Active Scanning T1557 : Adversary-in-the-Middle T1071 : Application Layer Protocol T1010 : Application Window Discovery T1560 : Archive Collected Data T1123 : Audio Capture T1119 : Automated Collection T1020 : Automated Exfiltration T1197 : BITS Jobs T1547 : Boot or Logon Autostart Execution T1037 : Boot or Logon Initialization Scripts T1176 : Browser Extensions T1217 : Browser Information Discovery T1185 : Browser Session Hijacking T1110 : Brute Force T1612 : Build Image on Host T1115 : Clipboard Data T1651 : Cloud Administration Command T1580 : Cloud Infrastructure Discovery T1538 : Cloud Service Dashboard T1526 : Cloud Service Discovery T1619 : Cloud Storage Object Discovery T1059 : Command and Scripting Interpreter T1092 : Communication Through Removable Media T1586 : Compromise Accounts T1554 : Compromise Host Software Binary T1584 : Compromise Infrastructure T1609 : Container Administration Command T1613 : Container and Resource Discovery T1659 : Content Injection T1136 : Create Account T1543 : Create or Modify System Process T1555 : Credentials from Password Stores T1485 : Data Destruction T1132 : Data Encoding T1486 : Data Encrypted for Impact T1530 : Data from Cloud Storage T1602 : Data from Configuration Repository T1213 : Data from Information Repositories T1005 : Data from Local System T1039 : Data from Network Shared Drive T1025 : Data from Removable Media T1565 : Data Manipulation T1001 : Data Obfuscation T1074 : Data Staged T1030 : Data Transfer Size Limits T1622 : Debugger Evasion T1491 : Defacement T1140 : Deobfuscate/Decode Files or Information T1610 : Deploy Container T1587 : Develop Capabilities T1652 : Device Driver Discovery T1006 : Direct Volume Access T1561 : Disk Wipe T1484 : Domain or Tenant Policy Modification T1482 : Domain Trust Discovery T1189 : Drive-by Compromise T1568 : Dynamic Resolution T1114 : Email Collection T1573 : Encrypted Channel T1499 : Endpoint Denial of Service T1611 : Escape to Host T1585 : Establish Accounts T1546 : Event Triggered Execution T1480 : Execution Guardrails T1048 : Exfiltration Over Alternative Protocol T1041 : Exfiltration Over C2 Channel T1011 : Exfiltration Over Other Network Medium T1052 : Exfiltration Over Physical Medium T1567 : Exfiltration Over Web Service T1190 : Exploit Public-Facing Application T1203 : Exploitation for Client Execution T1212 : Exploitation for Credential Access T1211 : Exploitation for Defense Evasion T1068 : Exploitation for Privilege Escalation T1210 : Exploitation of Remote Services T1133 : External Remote Services T1008 : Fallback Channels T1083 : File and Directory Discovery T1222 : File and Directory Permissions Modification T1657 : Financial Theft T1495 : Firmware Corruption T1187 : Forced Authentication T1606 : Forge Web Credentials T1592 : Gather Victim Host Information T1589 : Gather Victim Identity Information T1590 : Gather Victim Network Information T1591 : Gather Victim Org Information T1615 : Group Policy Discovery T1200 : Hardware Additions T1564 : Hide Artifacts T1665 : Hide Infrastructure T1574 : Hijack Execution Flow T1562 : Impair Defenses T1656 : Impersonation T1525 : Implant Internal Image T1070 : Indicator Removal T1202 : Indirect Command Execution T1105 : Ingress Tool Transfer T1490 : Inhibit System Recovery T1056 : Input Capture T1559 : Inter-Process Communication T1534 : Internal Spearphishing T1570 : Lateral Tool Transfer T1654 : Log Enumeration T1036 : Masquerading T1556 : Modify Authentication Process T1578 : Modify Cloud Compute Infrastructure T1112 : Modify Registry T1601 : Modify System Image T1111 : Multi-Factor Authentication Interception T1621 : Multi-Factor Authentication Request Generation T1104 : Multi-Stage Channels T1106 : Native API T1599 : Network Boundary Bridging T1498 : Network Denial of Service T1046 : Network Service Discovery T1135 : Network Share Discovery T1040 : Network Sniffing T1095 : Non-Application Layer Protocol T1571 : Non-Standard Port T1027 : Obfuscated Files or Information T1588 : Obtain Capabilities T1137 : Office Application Startup T1003 : OS Credential Dumping T1201 : Password Policy Discovery T1120 : Peripheral Device Discovery T1069 : Permission Groups Discovery T1566 : Phishing T1598 : Phishing for Information T1647 : Plist File Modification T1653 : Power Settings T1542 : Pre-OS Boot T1057 : Process Discovery T1055 : Process Injection T1572 : Protocol Tunneling T1090 : Proxy T1012 : Query Registry T1620 : Reflective Code Loading T1219 : Remote Access Software T1563 : Remote Service Session Hijacking T1021 : Remote Services T1018 : Remote System Discovery T1091 : Replication Through Removable Media T1496 : Resource Hijacking T1207 : Rogue Domain Controller T1014 : Rootkit T1053 : Scheduled Task/Job T1029 : Scheduled Transfer T1113 : Screen Capture T1597 : Search Closed Sources T1596 : Search Open Technical Databases T1593 : Search Open Websites/Domains T1594 : Search Victim-Owned Websites T1505 : Server Software Component T1648 : Serverless Execution T1489 : Service Stop T1129 : Shared Modules T1072 : Software Deployment Tools T1518 : Software Discovery T1608 : Stage Capabilities T1528 : Steal Application Access Token T1649 : Steal or Forge Authentication Certificates T1558 : Steal or Forge Kerberos Tickets T1539 : Steal Web Session Cookie T1553 : Subvert Trust Controls T1195 : Supply Chain Compromise T1218 : System Binary Proxy Execution T1082 : System Information Discovery T1614 : System Location Discovery T1016 : System Network Configuration Discovery T1049 : System Network Connections Discovery T1033 : System Owner/User Discovery T1216 : System Script Proxy Execution T1007 : System Service Discovery T1569 : System Services T1529 : System Shutdown/Reboot T1124 : System Time Discovery T1080 : Taint Shared Content T1221 : Template Injection T1205 : Traffic Signaling T1537 : Transfer Data to Cloud Account T1127 : Trusted Developer Utilities Proxy Execution T1199 : Trusted Relationship T1552 : Unsecured Credentials T1535 : Unused/Unsupported Cloud Regions T1550 : Use Alternate Authentication Material T1204 : User Execution T1078 : Valid Accounts T1125 : Video Capture T1497 : Virtualization/Sandbox Evasion T1600 : Weaken Encryption T1102 : Web Service T1047 : Windows Management Instrumentation T1220 : XSL Script Processing     ","T1554, T1074, T1556, T1111, T1027","After analyzing the text, I identified the following MITRE Enterprise attack patterns:

1. **T1548: Abuse Elevation Control Mechanism**: SLOWPULSE can modify legitimate Pulse Secure files to log credentials and bypass single and two-factor authentication flows.
2. **T1134: Access Token Manipulation**: SLOWPULSE can write logged ACE credentials to /home/perl/PAUS.pm in append mode, using the format string %s:%s\n.
3. **T1557: Adversary-in-the-Middle**: SLOWPULSE can modify LDAP and two-factor authentication flows by inspecting login credentials and forcing successful authentication if the provided password matches a chosen backdoor password.

The main techniques involved are:

T1548, T1134, T1557"
56,"Extract all MITRE Enterprise attack patterns from the following text and map them to their corresponding MITRE technique IDs. Provide reasoning for each identification. Ensure the final line contains only the IDs for the main techniques, separated by commas, excluding any subtechnique IDs. MITRE Enterprise IDs are given below as reference.  **Text:** RAPIDPULSE is a web shell that exists as a modification to a legitimate Pulse Secure file that has been used by APT5 since at least 2021. RAPIDPULSE retrieves files from the victim system via encrypted commands sent to the web shell. RAPIDPULSE listens for specific HTTP query parameters in received communications. If specific parameters match, a hard-coded RC4 key is used to decrypt the HTTP query paremter hmacTime. This decrypts to a filename that is then open, read, encrypted with the same RC4 key, base64-encoded, written to standard out, then passed as a response to the HTTP request. RAPIDPULSE has the ability to RC4 encrypt and base64 encode decrypted files on compromised servers prior to writing them to stdout. RAPIDPULSE is a web shell that is capable of arbitrary file read on targeted web servers to exfiltrate items of interest on the victim device.[1]  **List of All MITRE Enterprise technique IDs** ID    : Name T1548 : Abuse Elevation Control Mechanism T1134 : Access Token Manipulation T1531 : Account Access Removal T1087 : Account Discovery T1098 : Account Manipulation T1650 : Acquire Access T1583 : Acquire Infrastructure T1595 : Active Scanning T1557 : Adversary-in-the-Middle T1071 : Application Layer Protocol T1010 : Application Window Discovery T1560 : Archive Collected Data T1123 : Audio Capture T1119 : Automated Collection T1020 : Automated Exfiltration T1197 : BITS Jobs T1547 : Boot or Logon Autostart Execution T1037 : Boot or Logon Initialization Scripts T1176 : Browser Extensions T1217 : Browser Information Discovery T1185 : Browser Session Hijacking T1110 : Brute Force T1612 : Build Image on Host T1115 : Clipboard Data T1651 : Cloud Administration Command T1580 : Cloud Infrastructure Discovery T1538 : Cloud Service Dashboard T1526 : Cloud Service Discovery T1619 : Cloud Storage Object Discovery T1059 : Command and Scripting Interpreter T1092 : Communication Through Removable Media T1586 : Compromise Accounts T1554 : Compromise Host Software Binary T1584 : Compromise Infrastructure T1609 : Container Administration Command T1613 : Container and Resource Discovery T1659 : Content Injection T1136 : Create Account T1543 : Create or Modify System Process T1555 : Credentials from Password Stores T1485 : Data Destruction T1132 : Data Encoding T1486 : Data Encrypted for Impact T1530 : Data from Cloud Storage T1602 : Data from Configuration Repository T1213 : Data from Information Repositories T1005 : Data from Local System T1039 : Data from Network Shared Drive T1025 : Data from Removable Media T1565 : Data Manipulation T1001 : Data Obfuscation T1074 : Data Staged T1030 : Data Transfer Size Limits T1622 : Debugger Evasion T1491 : Defacement T1140 : Deobfuscate/Decode Files or Information T1610 : Deploy Container T1587 : Develop Capabilities T1652 : Device Driver Discovery T1006 : Direct Volume Access T1561 : Disk Wipe T1484 : Domain or Tenant Policy Modification T1482 : Domain Trust Discovery T1189 : Drive-by Compromise T1568 : Dynamic Resolution T1114 : Email Collection T1573 : Encrypted Channel T1499 : Endpoint Denial of Service T1611 : Escape to Host T1585 : Establish Accounts T1546 : Event Triggered Execution T1480 : Execution Guardrails T1048 : Exfiltration Over Alternative Protocol T1041 : Exfiltration Over C2 Channel T1011 : Exfiltration Over Other Network Medium T1052 : Exfiltration Over Physical Medium T1567 : Exfiltration Over Web Service T1190 : Exploit Public-Facing Application T1203 : Exploitation for Client Execution T1212 : Exploitation for Credential Access T1211 : Exploitation for Defense Evasion T1068 : Exploitation for Privilege Escalation T1210 : Exploitation of Remote Services T1133 : External Remote Services T1008 : Fallback Channels T1083 : File and Directory Discovery T1222 : File and Directory Permissions Modification T1657 : Financial Theft T1495 : Firmware Corruption T1187 : Forced Authentication T1606 : Forge Web Credentials T1592 : Gather Victim Host Information T1589 : Gather Victim Identity Information T1590 : Gather Victim Network Information T1591 : Gather Victim Org Information T1615 : Group Policy Discovery T1200 : Hardware Additions T1564 : Hide Artifacts T1665 : Hide Infrastructure T1574 : Hijack Execution Flow T1562 : Impair Defenses T1656 : Impersonation T1525 : Implant Internal Image T1070 : Indicator Removal T1202 : Indirect Command Execution T1105 : Ingress Tool Transfer T1490 : Inhibit System Recovery T1056 : Input Capture T1559 : Inter-Process Communication T1534 : Internal Spearphishing T1570 : Lateral Tool Transfer T1654 : Log Enumeration T1036 : Masquerading T1556 : Modify Authentication Process T1578 : Modify Cloud Compute Infrastructure T1112 : Modify Registry T1601 : Modify System Image T1111 : Multi-Factor Authentication Interception T1621 : Multi-Factor Authentication Request Generation T1104 : Multi-Stage Channels T1106 : Native API T1599 : Network Boundary Bridging T1498 : Network Denial of Service T1046 : Network Service Discovery T1135 : Network Share Discovery T1040 : Network Sniffing T1095 : Non-Application Layer Protocol T1571 : Non-Standard Port T1027 : Obfuscated Files or Information T1588 : Obtain Capabilities T1137 : Office Application Startup T1003 : OS Credential Dumping T1201 : Password Policy Discovery T1120 : Peripheral Device Discovery T1069 : Permission Groups Discovery T1566 : Phishing T1598 : Phishing for Information T1647 : Plist File Modification T1653 : Power Settings T1542 : Pre-OS Boot T1057 : Process Discovery T1055 : Process Injection T1572 : Protocol Tunneling T1090 : Proxy T1012 : Query Registry T1620 : Reflective Code Loading T1219 : Remote Access Software T1563 : Remote Service Session Hijacking T1021 : Remote Services T1018 : Remote System Discovery T1091 : Replication Through Removable Media T1496 : Resource Hijacking T1207 : Rogue Domain Controller T1014 : Rootkit T1053 : Scheduled Task/Job T1029 : Scheduled Transfer T1113 : Screen Capture T1597 : Search Closed Sources T1596 : Search Open Technical Databases T1593 : Search Open Websites/Domains T1594 : Search Victim-Owned Websites T1505 : Server Software Component T1648 : Serverless Execution T1489 : Service Stop T1129 : Shared Modules T1072 : Software Deployment Tools T1518 : Software Discovery T1608 : Stage Capabilities T1528 : Steal Application Access Token T1649 : Steal or Forge Authentication Certificates T1558 : Steal or Forge Kerberos Tickets T1539 : Steal Web Session Cookie T1553 : Subvert Trust Controls T1195 : Supply Chain Compromise T1218 : System Binary Proxy Execution T1082 : System Information Discovery T1614 : System Location Discovery T1016 : System Network Configuration Discovery T1049 : System Network Connections Discovery T1033 : System Owner/User Discovery T1216 : System Script Proxy Execution T1007 : System Service Discovery T1569 : System Services T1529 : System Shutdown/Reboot T1124 : System Time Discovery T1080 : Taint Shared Content T1221 : Template Injection T1205 : Traffic Signaling T1537 : Transfer Data to Cloud Account T1127 : Trusted Developer Utilities Proxy Execution T1199 : Trusted Relationship T1552 : Unsecured Credentials T1535 : Unused/Unsupported Cloud Regions T1550 : Use Alternate Authentication Material T1204 : User Execution T1078 : Valid Accounts T1125 : Video Capture T1497 : Virtualization/Sandbox Evasion T1600 : Weaken Encryption T1102 : Web Service T1047 : Windows Management Instrumentation T1220 : XSL Script Processing     ","T1005, T1140, T1027, T1505","After analyzing the provided text, I identified the following MITRE Enterprise attack patterns:

1. **T1565: Data Manipulation** - RAPIDPULSE retrieves files from the victim system via encrypted commands sent to the web shell and manipulates them before writing them to stdout.
2. **T1048: Exfiltration Over Alternative Protocol** - The web shell sends exfiltrated data over an alternative protocol, likely referring to the use of HTTP queries with specific parameters.
3. **T1557: Adversary-in-the-Middle** - RAPIDPULSE intercepts and decrypts HTTP query parameters using a hard-coded RC4 key, demonstrating adversarial control.

The main techniques identified are:

T1048, T1565, T1557"
57,"Extract all MITRE Enterprise attack patterns from the following text and map them to their corresponding MITRE technique IDs. Provide reasoning for each identification. Ensure the final line contains only the IDs for the main techniques, separated by commas, excluding any subtechnique IDs. MITRE Enterprise IDs are given below as reference.  **Text:** PULSECHECK is a web shell written in Perl that was used by APT5 as early as 2020 including against Pulse Secure VPNs at US Defense Industrial Base (DIB) companies. PULSECHECK can check HTTP request headers for a specific backdoor key and if found will output the result of the command in the variable HTTP_X_CMD. PULSECHECK can use Unix shell script for command execution. PULSECHECK can base-64 encode encrypted data sent through C2. PULSECHECK is a web shell that can enable command execution on compromised servers.  **List of All MITRE Enterprise technique IDs** ID    : Name T1548 : Abuse Elevation Control Mechanism T1134 : Access Token Manipulation T1531 : Account Access Removal T1087 : Account Discovery T1098 : Account Manipulation T1650 : Acquire Access T1583 : Acquire Infrastructure T1595 : Active Scanning T1557 : Adversary-in-the-Middle T1071 : Application Layer Protocol T1010 : Application Window Discovery T1560 : Archive Collected Data T1123 : Audio Capture T1119 : Automated Collection T1020 : Automated Exfiltration T1197 : BITS Jobs T1547 : Boot or Logon Autostart Execution T1037 : Boot or Logon Initialization Scripts T1176 : Browser Extensions T1217 : Browser Information Discovery T1185 : Browser Session Hijacking T1110 : Brute Force T1612 : Build Image on Host T1115 : Clipboard Data T1651 : Cloud Administration Command T1580 : Cloud Infrastructure Discovery T1538 : Cloud Service Dashboard T1526 : Cloud Service Discovery T1619 : Cloud Storage Object Discovery T1059 : Command and Scripting Interpreter T1092 : Communication Through Removable Media T1586 : Compromise Accounts T1554 : Compromise Host Software Binary T1584 : Compromise Infrastructure T1609 : Container Administration Command T1613 : Container and Resource Discovery T1659 : Content Injection T1136 : Create Account T1543 : Create or Modify System Process T1555 : Credentials from Password Stores T1485 : Data Destruction T1132 : Data Encoding T1486 : Data Encrypted for Impact T1530 : Data from Cloud Storage T1602 : Data from Configuration Repository T1213 : Data from Information Repositories T1005 : Data from Local System T1039 : Data from Network Shared Drive T1025 : Data from Removable Media T1565 : Data Manipulation T1001 : Data Obfuscation T1074 : Data Staged T1030 : Data Transfer Size Limits T1622 : Debugger Evasion T1491 : Defacement T1140 : Deobfuscate/Decode Files or Information T1610 : Deploy Container T1587 : Develop Capabilities T1652 : Device Driver Discovery T1006 : Direct Volume Access T1561 : Disk Wipe T1484 : Domain or Tenant Policy Modification T1482 : Domain Trust Discovery T1189 : Drive-by Compromise T1568 : Dynamic Resolution T1114 : Email Collection T1573 : Encrypted Channel T1499 : Endpoint Denial of Service T1611 : Escape to Host T1585 : Establish Accounts T1546 : Event Triggered Execution T1480 : Execution Guardrails T1048 : Exfiltration Over Alternative Protocol T1041 : Exfiltration Over C2 Channel T1011 : Exfiltration Over Other Network Medium T1052 : Exfiltration Over Physical Medium T1567 : Exfiltration Over Web Service T1190 : Exploit Public-Facing Application T1203 : Exploitation for Client Execution T1212 : Exploitation for Credential Access T1211 : Exploitation for Defense Evasion T1068 : Exploitation for Privilege Escalation T1210 : Exploitation of Remote Services T1133 : External Remote Services T1008 : Fallback Channels T1083 : File and Directory Discovery T1222 : File and Directory Permissions Modification T1657 : Financial Theft T1495 : Firmware Corruption T1187 : Forced Authentication T1606 : Forge Web Credentials T1592 : Gather Victim Host Information T1589 : Gather Victim Identity Information T1590 : Gather Victim Network Information T1591 : Gather Victim Org Information T1615 : Group Policy Discovery T1200 : Hardware Additions T1564 : Hide Artifacts T1665 : Hide Infrastructure T1574 : Hijack Execution Flow T1562 : Impair Defenses T1656 : Impersonation T1525 : Implant Internal Image T1070 : Indicator Removal T1202 : Indirect Command Execution T1105 : Ingress Tool Transfer T1490 : Inhibit System Recovery T1056 : Input Capture T1559 : Inter-Process Communication T1534 : Internal Spearphishing T1570 : Lateral Tool Transfer T1654 : Log Enumeration T1036 : Masquerading T1556 : Modify Authentication Process T1578 : Modify Cloud Compute Infrastructure T1112 : Modify Registry T1601 : Modify System Image T1111 : Multi-Factor Authentication Interception T1621 : Multi-Factor Authentication Request Generation T1104 : Multi-Stage Channels T1106 : Native API T1599 : Network Boundary Bridging T1498 : Network Denial of Service T1046 : Network Service Discovery T1135 : Network Share Discovery T1040 : Network Sniffing T1095 : Non-Application Layer Protocol T1571 : Non-Standard Port T1027 : Obfuscated Files or Information T1588 : Obtain Capabilities T1137 : Office Application Startup T1003 : OS Credential Dumping T1201 : Password Policy Discovery T1120 : Peripheral Device Discovery T1069 : Permission Groups Discovery T1566 : Phishing T1598 : Phishing for Information T1647 : Plist File Modification T1653 : Power Settings T1542 : Pre-OS Boot T1057 : Process Discovery T1055 : Process Injection T1572 : Protocol Tunneling T1090 : Proxy T1012 : Query Registry T1620 : Reflective Code Loading T1219 : Remote Access Software T1563 : Remote Service Session Hijacking T1021 : Remote Services T1018 : Remote System Discovery T1091 : Replication Through Removable Media T1496 : Resource Hijacking T1207 : Rogue Domain Controller T1014 : Rootkit T1053 : Scheduled Task/Job T1029 : Scheduled Transfer T1113 : Screen Capture T1597 : Search Closed Sources T1596 : Search Open Technical Databases T1593 : Search Open Websites/Domains T1594 : Search Victim-Owned Websites T1505 : Server Software Component T1648 : Serverless Execution T1489 : Service Stop T1129 : Shared Modules T1072 : Software Deployment Tools T1518 : Software Discovery T1608 : Stage Capabilities T1528 : Steal Application Access Token T1649 : Steal or Forge Authentication Certificates T1558 : Steal or Forge Kerberos Tickets T1539 : Steal Web Session Cookie T1553 : Subvert Trust Controls T1195 : Supply Chain Compromise T1218 : System Binary Proxy Execution T1082 : System Information Discovery T1614 : System Location Discovery T1016 : System Network Configuration Discovery T1049 : System Network Connections Discovery T1033 : System Owner/User Discovery T1216 : System Script Proxy Execution T1007 : System Service Discovery T1569 : System Services T1529 : System Shutdown/Reboot T1124 : System Time Discovery T1080 : Taint Shared Content T1221 : Template Injection T1205 : Traffic Signaling T1537 : Transfer Data to Cloud Account T1127 : Trusted Developer Utilities Proxy Execution T1199 : Trusted Relationship T1552 : Unsecured Credentials T1535 : Unused/Unsupported Cloud Regions T1550 : Use Alternate Authentication Material T1204 : User Execution T1078 : Valid Accounts T1125 : Video Capture T1497 : Virtualization/Sandbox Evasion T1600 : Weaken Encryption T1102 : Web Service T1047 : Windows Management Instrumentation T1220 : XSL Script Processing     ","T1071, T1059, T1132, T1505","After analyzing the text, I found the following MITRE Enterprise attack patterns:

1. **T1059: Command and Scripting Interpreter**: The PULSECHECK web shell can execute Unix shell scripts for command execution.
2. **T1557: Adversary-in-the-Middle**: The PULSECHECK web shell can be used to intercept and manipulate HTTP requests.
3. **T1048: Exfiltration Over Alternative Protocol**: The PULSECHECK web shell can exfiltrate data through C2 channels.

Main techniques:

T1059, T1557, T1048

Note that these IDs do not include subtechniques."
58,"Extract all MITRE Mobile attack patterns from the following text and map them to their corresponding MITRE technique IDs. Provide reasoning for each identification. Ensure the final line contains only the IDs for the main techniques, separated by commas, excluding any subtechnique IDs. MITRE Mobile IDs are given below as reference.  **Text:** Phenakite is a mobile malware that is used by APT-C-23 to target iOS devices. According to several reports, Phenakite was developed to fill a tooling gap and to target those who owned iPhones instead of Windows desktops or Android phones. Phenakite can record phone calls. Phenakite can collect and exfiltrate WhatsApp media, photos and files with specific extensions, such as .pdf and .doc. Phenakite has included exploits for jailbreaking infected devices. Phenakite can download additional malware to the victim device. Phenakite has used phishing sites for iCloud and Facebook if either of those were used for authentication during the chat sign up process. Phenakite can masquerade as the chat application ""Magic Smile."" Phenakite can exfiltrate the victim device’s contact list. Phenakite can read SMS messages. Phenakite can collect device metadata. Phenakite can capture pictures and videos.  **List of All MITRE Mobile technique IDs** ID    : Name T1626 : Abuse Elevation Control Mechanism T1517 : Access Notifications T1640 : Account Access Removal T1638 : Adversary-in-the-Middle T1437 : Application Layer Protocol T1661 : Application Versioning T1532 : Archive Collected Data T1429 : Audio Capture T1398 : Boot or Logon Initialization Scripts T1616 : Call Control T1414 : Clipboard Data T1623 : Command and Scripting Interpreter T1577 : Compromise Application Executable T1645 : Compromise Client Software Binary T1634 : Credentials from Password Store T1662 : Data Destruction T1471 : Data Encrypted for Impact T1533 : Data from Local System T1641 : Data Manipulation T1407 : Download New Code at Runtime T1456 : Drive-By Compromise T1637 : Dynamic Resolution T1521 : Encrypted Channel T1642 : Endpoint Denial of Service T1624 : Event Triggered Execution T1627 : Execution Guardrails T1639 : Exfiltration Over Alternative Protocol T1646 : Exfiltration Over C2 Channel T1658 : Exploitation for Client Execution T1664 : Exploitation for Initial Access T1404 : Exploitation for Privilege Escalation T1428 : Exploitation of Remote Services T1420 : File and Directory Discovery T1541 : Foreground Persistence T1643 : Generate Traffic from Victim T1628 : Hide Artifacts T1625 : Hijack Execution Flow T1617 : Hooking T1629 : Impair Defenses T1630 : Indicator Removal on Host T1544 : Ingress Tool Transfer T1417 : Input Capture T1516 : Input Injection T1430 : Location Tracking T1461 : Lockscreen Bypass T1655 : Masquerading T1575 : Native API T1464 : Network Denial of Service T1423 : Network Service Scanning T1509 : Non-Standard Port T1406 : Obfuscated Files or Information T1644 : Out of Band Data T1660 : Phishing T1424 : Process Discovery T1631 : Process Injection T1636 : Protected User Data T1604 : Proxy Through Victim T1663 : Remote Access Software T1458 : Replication Through Removable Media T1603 : Scheduled Task/Job T1513 : Screen Capture T1582 : SMS Control T1418 : Software Discovery T1635 : Steal Application Access Token T1409 : Stored Application Data T1632 : Subvert Trust Controls T1474 : Supply Chain Compromise T1426 : System Information Discovery T1422 : System Network Configuration Discovery T1421 : System Network Connections Discovery T1512 : Video Capture T1633 : Virtualization/Sandbox Evasion T1481 : Web Service     ","T1429, T1533, T1404, T1544, T1417, T1655, T1636, T1426, T1512","After analyzing the provided text, I have identified several MITRE Mobile attack patterns that are exhibited by Phenakite. Here are the extracted patterns with their corresponding technique IDs:

* **T1437: Application Layer Protocol**: Phenakite can record phone calls, collect and exfiltrate WhatsApp media, photos, and files with specific extensions.
* **T1658: Exploitation for Client Execution**: Phenakite has included exploits for jailbreaking infected devices to execute malicious code.
* **T1646: Exfiltration Over C2 Channel**: Phenakite can download additional malware to the victim device and exfiltrate data over a C2 channel.
* **T1661: Application Versioning**: Phenakite can masquerade as the chat application ""Magic Smile"".
* **T1541: Foreground Persistence**: Phenakite can maintain persistence on the victim device by staying resident in memory.
* **T1424: Process Discovery**: Phenakite can collect device metadata, capture pictures and videos, and read SMS messages to gather information about the victim's system.

The main techniques exhibited by Phenakite are:

T1437, T1658, T1646, T1661, T1541

Note that some of these patterns may be subtechniques of more general categories, but I have only listed the main technique IDs."
59,"Extract all MITRE Enterprise attack patterns from the following text and map them to their corresponding MITRE technique IDs. Provide reasoning for each identification. Ensure the final line contains only the IDs for the main techniques, separated by commas, excluding any subtechnique IDs. MITRE Enterprise IDs are given below as reference.  **Text:** GLASSTOKEN is a custom web shell used by threat actors during Cutting Edge to execute commands on compromised Ivanti Secure Connect VPNs. GLASSTOKEN can use PowerShell for command execution. GLASSTOKEN has hexadecimal and Base64 encoded C2 content. GLASSTOKEN has the ability to decode hexadecimal and Base64 C2 requests. GLASSTOKEN is a web shell capable of tunneling C2 connections and code execution on compromised Ivanti Secure Connect VPNs.  **List of All MITRE Enterprise technique IDs** ID    : Name T1548 : Abuse Elevation Control Mechanism T1134 : Access Token Manipulation T1531 : Account Access Removal T1087 : Account Discovery T1098 : Account Manipulation T1650 : Acquire Access T1583 : Acquire Infrastructure T1595 : Active Scanning T1557 : Adversary-in-the-Middle T1071 : Application Layer Protocol T1010 : Application Window Discovery T1560 : Archive Collected Data T1123 : Audio Capture T1119 : Automated Collection T1020 : Automated Exfiltration T1197 : BITS Jobs T1547 : Boot or Logon Autostart Execution T1037 : Boot or Logon Initialization Scripts T1176 : Browser Extensions T1217 : Browser Information Discovery T1185 : Browser Session Hijacking T1110 : Brute Force T1612 : Build Image on Host T1115 : Clipboard Data T1651 : Cloud Administration Command T1580 : Cloud Infrastructure Discovery T1538 : Cloud Service Dashboard T1526 : Cloud Service Discovery T1619 : Cloud Storage Object Discovery T1059 : Command and Scripting Interpreter T1092 : Communication Through Removable Media T1586 : Compromise Accounts T1554 : Compromise Host Software Binary T1584 : Compromise Infrastructure T1609 : Container Administration Command T1613 : Container and Resource Discovery T1659 : Content Injection T1136 : Create Account T1543 : Create or Modify System Process T1555 : Credentials from Password Stores T1485 : Data Destruction T1132 : Data Encoding T1486 : Data Encrypted for Impact T1530 : Data from Cloud Storage T1602 : Data from Configuration Repository T1213 : Data from Information Repositories T1005 : Data from Local System T1039 : Data from Network Shared Drive T1025 : Data from Removable Media T1565 : Data Manipulation T1001 : Data Obfuscation T1074 : Data Staged T1030 : Data Transfer Size Limits T1622 : Debugger Evasion T1491 : Defacement T1140 : Deobfuscate/Decode Files or Information T1610 : Deploy Container T1587 : Develop Capabilities T1652 : Device Driver Discovery T1006 : Direct Volume Access T1561 : Disk Wipe T1484 : Domain or Tenant Policy Modification T1482 : Domain Trust Discovery T1189 : Drive-by Compromise T1568 : Dynamic Resolution T1114 : Email Collection T1573 : Encrypted Channel T1499 : Endpoint Denial of Service T1611 : Escape to Host T1585 : Establish Accounts T1546 : Event Triggered Execution T1480 : Execution Guardrails T1048 : Exfiltration Over Alternative Protocol T1041 : Exfiltration Over C2 Channel T1011 : Exfiltration Over Other Network Medium T1052 : Exfiltration Over Physical Medium T1567 : Exfiltration Over Web Service T1190 : Exploit Public-Facing Application T1203 : Exploitation for Client Execution T1212 : Exploitation for Credential Access T1211 : Exploitation for Defense Evasion T1068 : Exploitation for Privilege Escalation T1210 : Exploitation of Remote Services T1133 : External Remote Services T1008 : Fallback Channels T1083 : File and Directory Discovery T1222 : File and Directory Permissions Modification T1657 : Financial Theft T1495 : Firmware Corruption T1187 : Forced Authentication T1606 : Forge Web Credentials T1592 : Gather Victim Host Information T1589 : Gather Victim Identity Information T1590 : Gather Victim Network Information T1591 : Gather Victim Org Information T1615 : Group Policy Discovery T1200 : Hardware Additions T1564 : Hide Artifacts T1665 : Hide Infrastructure T1574 : Hijack Execution Flow T1562 : Impair Defenses T1656 : Impersonation T1525 : Implant Internal Image T1070 : Indicator Removal T1202 : Indirect Command Execution T1105 : Ingress Tool Transfer T1490 : Inhibit System Recovery T1056 : Input Capture T1559 : Inter-Process Communication T1534 : Internal Spearphishing T1570 : Lateral Tool Transfer T1654 : Log Enumeration T1036 : Masquerading T1556 : Modify Authentication Process T1578 : Modify Cloud Compute Infrastructure T1112 : Modify Registry T1601 : Modify System Image T1111 : Multi-Factor Authentication Interception T1621 : Multi-Factor Authentication Request Generation T1104 : Multi-Stage Channels T1106 : Native API T1599 : Network Boundary Bridging T1498 : Network Denial of Service T1046 : Network Service Discovery T1135 : Network Share Discovery T1040 : Network Sniffing T1095 : Non-Application Layer Protocol T1571 : Non-Standard Port T1027 : Obfuscated Files or Information T1588 : Obtain Capabilities T1137 : Office Application Startup T1003 : OS Credential Dumping T1201 : Password Policy Discovery T1120 : Peripheral Device Discovery T1069 : Permission Groups Discovery T1566 : Phishing T1598 : Phishing for Information T1647 : Plist File Modification T1653 : Power Settings T1542 : Pre-OS Boot T1057 : Process Discovery T1055 : Process Injection T1572 : Protocol Tunneling T1090 : Proxy T1012 : Query Registry T1620 : Reflective Code Loading T1219 : Remote Access Software T1563 : Remote Service Session Hijacking T1021 : Remote Services T1018 : Remote System Discovery T1091 : Replication Through Removable Media T1496 : Resource Hijacking T1207 : Rogue Domain Controller T1014 : Rootkit T1053 : Scheduled Task/Job T1029 : Scheduled Transfer T1113 : Screen Capture T1597 : Search Closed Sources T1596 : Search Open Technical Databases T1593 : Search Open Websites/Domains T1594 : Search Victim-Owned Websites T1505 : Server Software Component T1648 : Serverless Execution T1489 : Service Stop T1129 : Shared Modules T1072 : Software Deployment Tools T1518 : Software Discovery T1608 : Stage Capabilities T1528 : Steal Application Access Token T1649 : Steal or Forge Authentication Certificates T1558 : Steal or Forge Kerberos Tickets T1539 : Steal Web Session Cookie T1553 : Subvert Trust Controls T1195 : Supply Chain Compromise T1218 : System Binary Proxy Execution T1082 : System Information Discovery T1614 : System Location Discovery T1016 : System Network Configuration Discovery T1049 : System Network Connections Discovery T1033 : System Owner/User Discovery T1216 : System Script Proxy Execution T1007 : System Service Discovery T1569 : System Services T1529 : System Shutdown/Reboot T1124 : System Time Discovery T1080 : Taint Shared Content T1221 : Template Injection T1205 : Traffic Signaling T1537 : Transfer Data to Cloud Account T1127 : Trusted Developer Utilities Proxy Execution T1199 : Trusted Relationship T1552 : Unsecured Credentials T1535 : Unused/Unsupported Cloud Regions T1550 : Use Alternate Authentication Material T1204 : User Execution T1078 : Valid Accounts T1125 : Video Capture T1497 : Virtualization/Sandbox Evasion T1600 : Weaken Encryption T1102 : Web Service T1047 : Windows Management Instrumentation T1220 : XSL Script Processing     ","T1059, T1132, T1140, T1505","After analyzing the text, I extracted the following MITRE Enterprise attack patterns and mapped them to their corresponding IDs:

1. **T1548: Abuse Elevation Control Mechanism**: The text mentions that GLASSTOKEN is a custom web shell used by threat actors during Cutting Edge to execute commands on compromised Ivanti Secure Connect VPNs.
2. **T1557: Adversary-in-the-Middle**: GLASSTOKEN has the ability to decode hexadecimal and Base64 C2 requests, which suggests an adversary-in-the-middle scenario.
3. **T1087: Account Discovery**: The text states that GLASSTOKEN can use PowerShell for command execution, implying that the attacker may be trying to discover or exploit accounts on compromised Ivanti Secure Connect VPNs.
4. **T1098: Account Manipulation**: Similarly, the fact that GLASSTOKEN has the ability to decode hexadecimal and Base64 C2 requests implies manipulation of accounts.

The main techniques extracted are:

T1548, T1557, T1087, and T1098

Note that these IDs exclude any subtechnique IDs."
