Index,Prompt,GT,Prediction
0,"Extract all MITRE Enterprise attack patterns from the following text and map them to their corresponding MITRE technique IDs. Provide reasoning for each identification. Ensure the final line contains only the IDs for the main techniques, separated by commas, excluding any subtechnique IDs. MITRE Enterprise IDs are given below as reference.  **Text:** 3PARA RAT is a remote access tool (RAT) developed in C++ and associated with the group Putter Panda. It communicates with its command and control (C2) servers via HTTP, with commands encrypted using the DES algorithm in CBC mode. The encryption key is derived from the MD5 hash of the string ""HYF54&%9&jkMCXuiS."" If the DES decryption fails, 3PARA RAT will attempt to decode the commands using an 8-byte XOR key, also derived from the same string. The tool includes commands to retrieve file metadata, list the current working directory, and modify file attributes, such as creation and modification timestamps.  **List of All MITRE Enterprise technique IDs** ID    : Name T1548 : Abuse Elevation Control Mechanism T1134 : Access Token Manipulation T1531 : Account Access Removal T1087 : Account Discovery T1098 : Account Manipulation T1650 : Acquire Access T1583 : Acquire Infrastructure T1595 : Active Scanning T1557 : Adversary-in-the-Middle T1071 : Application Layer Protocol T1010 : Application Window Discovery T1560 : Archive Collected Data T1123 : Audio Capture T1119 : Automated Collection T1020 : Automated Exfiltration T1197 : BITS Jobs T1547 : Boot or Logon Autostart Execution T1037 : Boot or Logon Initialization Scripts T1176 : Browser Extensions T1217 : Browser Information Discovery T1185 : Browser Session Hijacking T1110 : Brute Force T1612 : Build Image on Host T1115 : Clipboard Data T1651 : Cloud Administration Command T1580 : Cloud Infrastructure Discovery T1538 : Cloud Service Dashboard T1526 : Cloud Service Discovery T1619 : Cloud Storage Object Discovery T1059 : Command and Scripting Interpreter T1092 : Communication Through Removable Media T1586 : Compromise Accounts T1554 : Compromise Host Software Binary T1584 : Compromise Infrastructure T1609 : Container Administration Command T1613 : Container and Resource Discovery T1659 : Content Injection T1136 : Create Account T1543 : Create or Modify System Process T1555 : Credentials from Password Stores T1485 : Data Destruction T1132 : Data Encoding T1486 : Data Encrypted for Impact T1530 : Data from Cloud Storage T1602 : Data from Configuration Repository T1213 : Data from Information Repositories T1005 : Data from Local System T1039 : Data from Network Shared Drive T1025 : Data from Removable Media T1565 : Data Manipulation T1001 : Data Obfuscation T1074 : Data Staged T1030 : Data Transfer Size Limits T1622 : Debugger Evasion T1491 : Defacement T1140 : Deobfuscate/Decode Files or Information T1610 : Deploy Container T1587 : Develop Capabilities T1652 : Device Driver Discovery T1006 : Direct Volume Access T1561 : Disk Wipe T1484 : Domain or Tenant Policy Modification T1482 : Domain Trust Discovery T1189 : Drive-by Compromise T1568 : Dynamic Resolution T1114 : Email Collection T1573 : Encrypted Channel T1499 : Endpoint Denial of Service T1611 : Escape to Host T1585 : Establish Accounts T1546 : Event Triggered Execution T1480 : Execution Guardrails T1048 : Exfiltration Over Alternative Protocol T1041 : Exfiltration Over C2 Channel T1011 : Exfiltration Over Other Network Medium T1052 : Exfiltration Over Physical Medium T1567 : Exfiltration Over Web Service T1190 : Exploit Public-Facing Application T1203 : Exploitation for Client Execution T1212 : Exploitation for Credential Access T1211 : Exploitation for Defense Evasion T1068 : Exploitation for Privilege Escalation T1210 : Exploitation of Remote Services T1133 : External Remote Services T1008 : Fallback Channels T1083 : File and Directory Discovery T1222 : File and Directory Permissions Modification T1657 : Financial Theft T1495 : Firmware Corruption T1187 : Forced Authentication T1606 : Forge Web Credentials T1592 : Gather Victim Host Information T1589 : Gather Victim Identity Information T1590 : Gather Victim Network Information T1591 : Gather Victim Org Information T1615 : Group Policy Discovery T1200 : Hardware Additions T1564 : Hide Artifacts T1665 : Hide Infrastructure T1574 : Hijack Execution Flow T1562 : Impair Defenses T1656 : Impersonation T1525 : Implant Internal Image T1070 : Indicator Removal T1202 : Indirect Command Execution T1105 : Ingress Tool Transfer T1490 : Inhibit System Recovery T1056 : Input Capture T1559 : Inter-Process Communication T1534 : Internal Spearphishing T1570 : Lateral Tool Transfer T1654 : Log Enumeration T1036 : Masquerading T1556 : Modify Authentication Process T1578 : Modify Cloud Compute Infrastructure T1112 : Modify Registry T1601 : Modify System Image T1111 : Multi-Factor Authentication Interception T1621 : Multi-Factor Authentication Request Generation T1104 : Multi-Stage Channels T1106 : Native API T1599 : Network Boundary Bridging T1498 : Network Denial of Service T1046 : Network Service Discovery T1135 : Network Share Discovery T1040 : Network Sniffing T1095 : Non-Application Layer Protocol T1571 : Non-Standard Port T1027 : Obfuscated Files or Information T1588 : Obtain Capabilities T1137 : Office Application Startup T1003 : OS Credential Dumping T1201 : Password Policy Discovery T1120 : Peripheral Device Discovery T1069 : Permission Groups Discovery T1566 : Phishing T1598 : Phishing for Information T1647 : Plist File Modification T1653 : Power Settings T1542 : Pre-OS Boot T1057 : Process Discovery T1055 : Process Injection T1572 : Protocol Tunneling T1090 : Proxy T1012 : Query Registry T1620 : Reflective Code Loading T1219 : Remote Access Software T1563 : Remote Service Session Hijacking T1021 : Remote Services T1018 : Remote System Discovery T1091 : Replication Through Removable Media T1496 : Resource Hijacking T1207 : Rogue Domain Controller T1014 : Rootkit T1053 : Scheduled Task/Job T1029 : Scheduled Transfer T1113 : Screen Capture T1597 : Search Closed Sources T1596 : Search Open Technical Databases T1593 : Search Open Websites/Domains T1594 : Search Victim-Owned Websites T1505 : Server Software Component T1648 : Serverless Execution T1489 : Service Stop T1129 : Shared Modules T1072 : Software Deployment Tools T1518 : Software Discovery T1608 : Stage Capabilities T1528 : Steal Application Access Token T1649 : Steal or Forge Authentication Certificates T1558 : Steal or Forge Kerberos Tickets T1539 : Steal Web Session Cookie T1553 : Subvert Trust Controls T1195 : Supply Chain Compromise T1218 : System Binary Proxy Execution T1082 : System Information Discovery T1614 : System Location Discovery T1016 : System Network Configuration Discovery T1049 : System Network Connections Discovery T1033 : System Owner/User Discovery T1216 : System Script Proxy Execution T1007 : System Service Discovery T1569 : System Services T1529 : System Shutdown/Reboot T1124 : System Time Discovery T1080 : Taint Shared Content T1221 : Template Injection T1205 : Traffic Signaling T1537 : Transfer Data to Cloud Account T1127 : Trusted Developer Utilities Proxy Execution T1199 : Trusted Relationship T1552 : Unsecured Credentials T1535 : Unused/Unsupported Cloud Regions T1550 : Use Alternate Authentication Material T1204 : User Execution T1078 : Valid Accounts T1125 : Video Capture T1497 : Virtualization/Sandbox Evasion T1600 : Weaken Encryption T1102 : Web Service T1047 : Windows Management Instrumentation T1220 : XSL Script Processing     ","T1071, T1573, T1083, T1070","Here's a breakdown of the MITRE ATT&CK techniques present in the text:

* **T1589 : Gather Victim Identity Information:** The tool can retrieve file metadata and timestamps, potentially revealing information about individual users. 
* **T1087 : Account Discovery:**  The mention of ""listing the current working directory"" and modifying file attributes suggests the attacker might be trying to identify existing user accounts or their associated files.
* **T1584 : Compromise Infrastructure:** The RAT's ability to communicate with C2 servers via HTTP, implying control over compromised systems and infrastructure.
* **T1041 : Exfiltration Over C2 Channel:**  The text explicitly states the use of ""HTTP"" for communication between the RAT and its C2 server, a common method for exfiltrating data.
* **T1595 : Active Scanning:** The tool actively scans systems by retrieving file metadata and examining directories. 
* **T1137 : Office Application Startup:**  While not explicitly stated, the potential use of a RAT suggests manipulation or exploitation of applications like Microsoft Office for initial access or persistence.

**Main Technique IDs:** T1589, T1087, T1584, T1041, T1595, T1137 


Let me know if you have any other cybersecurity texts you'd like analyzed!"
1,"Extract all MITRE Enterprise attack patterns from the following text and map them to their corresponding MITRE technique IDs. Provide reasoning for each identification. Ensure the final line contains only the IDs for the main techniques, separated by commas, excluding any subtechnique IDs. MITRE Enterprise IDs are given below as reference.  **Text:** 4H RAT is a piece of malware linked to Putter Panda, with evidence of its use dating back to at least 2007. It relies on HTTP for command and control (C2) communication and has the ability to create a remote shell. To obfuscate its C2 traffic, 4H RAT uses a 1-byte XOR encryption with the key 0xBE. The malware is capable of retrieving file and directory listings, as well as obtaining information about running processes and loaded modules. Additionally, 4H RAT includes an OS version identifier in its beacon messages.  **List of All MITRE Enterprise technique IDs** ID    : Name T1548 : Abuse Elevation Control Mechanism T1134 : Access Token Manipulation T1531 : Account Access Removal T1087 : Account Discovery T1098 : Account Manipulation T1650 : Acquire Access T1583 : Acquire Infrastructure T1595 : Active Scanning T1557 : Adversary-in-the-Middle T1071 : Application Layer Protocol T1010 : Application Window Discovery T1560 : Archive Collected Data T1123 : Audio Capture T1119 : Automated Collection T1020 : Automated Exfiltration T1197 : BITS Jobs T1547 : Boot or Logon Autostart Execution T1037 : Boot or Logon Initialization Scripts T1176 : Browser Extensions T1217 : Browser Information Discovery T1185 : Browser Session Hijacking T1110 : Brute Force T1612 : Build Image on Host T1115 : Clipboard Data T1651 : Cloud Administration Command T1580 : Cloud Infrastructure Discovery T1538 : Cloud Service Dashboard T1526 : Cloud Service Discovery T1619 : Cloud Storage Object Discovery T1059 : Command and Scripting Interpreter T1092 : Communication Through Removable Media T1586 : Compromise Accounts T1554 : Compromise Host Software Binary T1584 : Compromise Infrastructure T1609 : Container Administration Command T1613 : Container and Resource Discovery T1659 : Content Injection T1136 : Create Account T1543 : Create or Modify System Process T1555 : Credentials from Password Stores T1485 : Data Destruction T1132 : Data Encoding T1486 : Data Encrypted for Impact T1530 : Data from Cloud Storage T1602 : Data from Configuration Repository T1213 : Data from Information Repositories T1005 : Data from Local System T1039 : Data from Network Shared Drive T1025 : Data from Removable Media T1565 : Data Manipulation T1001 : Data Obfuscation T1074 : Data Staged T1030 : Data Transfer Size Limits T1622 : Debugger Evasion T1491 : Defacement T1140 : Deobfuscate/Decode Files or Information T1610 : Deploy Container T1587 : Develop Capabilities T1652 : Device Driver Discovery T1006 : Direct Volume Access T1561 : Disk Wipe T1484 : Domain or Tenant Policy Modification T1482 : Domain Trust Discovery T1189 : Drive-by Compromise T1568 : Dynamic Resolution T1114 : Email Collection T1573 : Encrypted Channel T1499 : Endpoint Denial of Service T1611 : Escape to Host T1585 : Establish Accounts T1546 : Event Triggered Execution T1480 : Execution Guardrails T1048 : Exfiltration Over Alternative Protocol T1041 : Exfiltration Over C2 Channel T1011 : Exfiltration Over Other Network Medium T1052 : Exfiltration Over Physical Medium T1567 : Exfiltration Over Web Service T1190 : Exploit Public-Facing Application T1203 : Exploitation for Client Execution T1212 : Exploitation for Credential Access T1211 : Exploitation for Defense Evasion T1068 : Exploitation for Privilege Escalation T1210 : Exploitation of Remote Services T1133 : External Remote Services T1008 : Fallback Channels T1083 : File and Directory Discovery T1222 : File and Directory Permissions Modification T1657 : Financial Theft T1495 : Firmware Corruption T1187 : Forced Authentication T1606 : Forge Web Credentials T1592 : Gather Victim Host Information T1589 : Gather Victim Identity Information T1590 : Gather Victim Network Information T1591 : Gather Victim Org Information T1615 : Group Policy Discovery T1200 : Hardware Additions T1564 : Hide Artifacts T1665 : Hide Infrastructure T1574 : Hijack Execution Flow T1562 : Impair Defenses T1656 : Impersonation T1525 : Implant Internal Image T1070 : Indicator Removal T1202 : Indirect Command Execution T1105 : Ingress Tool Transfer T1490 : Inhibit System Recovery T1056 : Input Capture T1559 : Inter-Process Communication T1534 : Internal Spearphishing T1570 : Lateral Tool Transfer T1654 : Log Enumeration T1036 : Masquerading T1556 : Modify Authentication Process T1578 : Modify Cloud Compute Infrastructure T1112 : Modify Registry T1601 : Modify System Image T1111 : Multi-Factor Authentication Interception T1621 : Multi-Factor Authentication Request Generation T1104 : Multi-Stage Channels T1106 : Native API T1599 : Network Boundary Bridging T1498 : Network Denial of Service T1046 : Network Service Discovery T1135 : Network Share Discovery T1040 : Network Sniffing T1095 : Non-Application Layer Protocol T1571 : Non-Standard Port T1027 : Obfuscated Files or Information T1588 : Obtain Capabilities T1137 : Office Application Startup T1003 : OS Credential Dumping T1201 : Password Policy Discovery T1120 : Peripheral Device Discovery T1069 : Permission Groups Discovery T1566 : Phishing T1598 : Phishing for Information T1647 : Plist File Modification T1653 : Power Settings T1542 : Pre-OS Boot T1057 : Process Discovery T1055 : Process Injection T1572 : Protocol Tunneling T1090 : Proxy T1012 : Query Registry T1620 : Reflective Code Loading T1219 : Remote Access Software T1563 : Remote Service Session Hijacking T1021 : Remote Services T1018 : Remote System Discovery T1091 : Replication Through Removable Media T1496 : Resource Hijacking T1207 : Rogue Domain Controller T1014 : Rootkit T1053 : Scheduled Task/Job T1029 : Scheduled Transfer T1113 : Screen Capture T1597 : Search Closed Sources T1596 : Search Open Technical Databases T1593 : Search Open Websites/Domains T1594 : Search Victim-Owned Websites T1505 : Server Software Component T1648 : Serverless Execution T1489 : Service Stop T1129 : Shared Modules T1072 : Software Deployment Tools T1518 : Software Discovery T1608 : Stage Capabilities T1528 : Steal Application Access Token T1649 : Steal or Forge Authentication Certificates T1558 : Steal or Forge Kerberos Tickets T1539 : Steal Web Session Cookie T1553 : Subvert Trust Controls T1195 : Supply Chain Compromise T1218 : System Binary Proxy Execution T1082 : System Information Discovery T1614 : System Location Discovery T1016 : System Network Configuration Discovery T1049 : System Network Connections Discovery T1033 : System Owner/User Discovery T1216 : System Script Proxy Execution T1007 : System Service Discovery T1569 : System Services T1529 : System Shutdown/Reboot T1124 : System Time Discovery T1080 : Taint Shared Content T1221 : Template Injection T1205 : Traffic Signaling T1537 : Transfer Data to Cloud Account T1127 : Trusted Developer Utilities Proxy Execution T1199 : Trusted Relationship T1552 : Unsecured Credentials T1535 : Unused/Unsupported Cloud Regions T1550 : Use Alternate Authentication Material T1204 : User Execution T1078 : Valid Accounts T1125 : Video Capture T1497 : Virtualization/Sandbox Evasion T1600 : Weaken Encryption T1102 : Web Service T1047 : Windows Management Instrumentation T1220 : XSL Script Processing     ","T1071, T1059, T1573, T1083, T1057, T1082","Here's a breakdown of the MITRE ATT&CK techniques present in the text, along with explanations:

* **T1583:** Acquire Infrastructure -  The malware uses HTTP for C2 communication and likely establishes connections to infrastructure controlled by the attackers. 
* **T1071:** Application Layer Protocol - The use of HTTP for C2 communication directly falls under this technique.
* **T1087:** Account Discovery - The malware retrieves information about running processes, loaded modules, and potentially uses this to identify user accounts.
* **T1560:** Archive Collected Data - The malware could be sending collected data back to the attackers, which might be archived on their infrastructure.
* **T1041:** Exfiltration Over C2 Channel -  The malware's use of HTTP for communication strongly suggests that it uses this channel to exfiltrate data to the attackers.
* **T1027:** Obfuscated Files or Information - The 1-byte XOR encryption used by 4H RAT is a form of obfuscation to hide its C2 traffic.

**Main Technique IDs:** T1583, T1071, T1087, T1560, T1041, T1027


Let me know if you have any other questions or need further clarification!"
2,"Extract all MITRE Enterprise attack patterns from the following text and map them to their corresponding MITRE technique IDs. Provide reasoning for each identification. Ensure the final line contains only the IDs for the main techniques, separated by commas, excluding any subtechnique IDs. MITRE Enterprise IDs are given below as reference.  **Text:** ABK is a downloader associated with BRONZE BUTLER, active since at least 2019. It communicates with its command and control (C2) server via HTTP and can use the command line to execute Portable Executables (PEs) on compromised hosts. ABK is capable of decrypting AES-encrypted payloads and downloading files from the C2 server. Additionally, it can extract malicious PEs from images and inject shellcode into svchost.exe. ABK also has the ability to detect the installed anti-virus software on the compromised host.  **List of All MITRE Enterprise technique IDs** ID    : Name T1548 : Abuse Elevation Control Mechanism T1134 : Access Token Manipulation T1531 : Account Access Removal T1087 : Account Discovery T1098 : Account Manipulation T1650 : Acquire Access T1583 : Acquire Infrastructure T1595 : Active Scanning T1557 : Adversary-in-the-Middle T1071 : Application Layer Protocol T1010 : Application Window Discovery T1560 : Archive Collected Data T1123 : Audio Capture T1119 : Automated Collection T1020 : Automated Exfiltration T1197 : BITS Jobs T1547 : Boot or Logon Autostart Execution T1037 : Boot or Logon Initialization Scripts T1176 : Browser Extensions T1217 : Browser Information Discovery T1185 : Browser Session Hijacking T1110 : Brute Force T1612 : Build Image on Host T1115 : Clipboard Data T1651 : Cloud Administration Command T1580 : Cloud Infrastructure Discovery T1538 : Cloud Service Dashboard T1526 : Cloud Service Discovery T1619 : Cloud Storage Object Discovery T1059 : Command and Scripting Interpreter T1092 : Communication Through Removable Media T1586 : Compromise Accounts T1554 : Compromise Host Software Binary T1584 : Compromise Infrastructure T1609 : Container Administration Command T1613 : Container and Resource Discovery T1659 : Content Injection T1136 : Create Account T1543 : Create or Modify System Process T1555 : Credentials from Password Stores T1485 : Data Destruction T1132 : Data Encoding T1486 : Data Encrypted for Impact T1530 : Data from Cloud Storage T1602 : Data from Configuration Repository T1213 : Data from Information Repositories T1005 : Data from Local System T1039 : Data from Network Shared Drive T1025 : Data from Removable Media T1565 : Data Manipulation T1001 : Data Obfuscation T1074 : Data Staged T1030 : Data Transfer Size Limits T1622 : Debugger Evasion T1491 : Defacement T1140 : Deobfuscate/Decode Files or Information T1610 : Deploy Container T1587 : Develop Capabilities T1652 : Device Driver Discovery T1006 : Direct Volume Access T1561 : Disk Wipe T1484 : Domain or Tenant Policy Modification T1482 : Domain Trust Discovery T1189 : Drive-by Compromise T1568 : Dynamic Resolution T1114 : Email Collection T1573 : Encrypted Channel T1499 : Endpoint Denial of Service T1611 : Escape to Host T1585 : Establish Accounts T1546 : Event Triggered Execution T1480 : Execution Guardrails T1048 : Exfiltration Over Alternative Protocol T1041 : Exfiltration Over C2 Channel T1011 : Exfiltration Over Other Network Medium T1052 : Exfiltration Over Physical Medium T1567 : Exfiltration Over Web Service T1190 : Exploit Public-Facing Application T1203 : Exploitation for Client Execution T1212 : Exploitation for Credential Access T1211 : Exploitation for Defense Evasion T1068 : Exploitation for Privilege Escalation T1210 : Exploitation of Remote Services T1133 : External Remote Services T1008 : Fallback Channels T1083 : File and Directory Discovery T1222 : File and Directory Permissions Modification T1657 : Financial Theft T1495 : Firmware Corruption T1187 : Forced Authentication T1606 : Forge Web Credentials T1592 : Gather Victim Host Information T1589 : Gather Victim Identity Information T1590 : Gather Victim Network Information T1591 : Gather Victim Org Information T1615 : Group Policy Discovery T1200 : Hardware Additions T1564 : Hide Artifacts T1665 : Hide Infrastructure T1574 : Hijack Execution Flow T1562 : Impair Defenses T1656 : Impersonation T1525 : Implant Internal Image T1070 : Indicator Removal T1202 : Indirect Command Execution T1105 : Ingress Tool Transfer T1490 : Inhibit System Recovery T1056 : Input Capture T1559 : Inter-Process Communication T1534 : Internal Spearphishing T1570 : Lateral Tool Transfer T1654 : Log Enumeration T1036 : Masquerading T1556 : Modify Authentication Process T1578 : Modify Cloud Compute Infrastructure T1112 : Modify Registry T1601 : Modify System Image T1111 : Multi-Factor Authentication Interception T1621 : Multi-Factor Authentication Request Generation T1104 : Multi-Stage Channels T1106 : Native API T1599 : Network Boundary Bridging T1498 : Network Denial of Service T1046 : Network Service Discovery T1135 : Network Share Discovery T1040 : Network Sniffing T1095 : Non-Application Layer Protocol T1571 : Non-Standard Port T1027 : Obfuscated Files or Information T1588 : Obtain Capabilities T1137 : Office Application Startup T1003 : OS Credential Dumping T1201 : Password Policy Discovery T1120 : Peripheral Device Discovery T1069 : Permission Groups Discovery T1566 : Phishing T1598 : Phishing for Information T1647 : Plist File Modification T1653 : Power Settings T1542 : Pre-OS Boot T1057 : Process Discovery T1055 : Process Injection T1572 : Protocol Tunneling T1090 : Proxy T1012 : Query Registry T1620 : Reflective Code Loading T1219 : Remote Access Software T1563 : Remote Service Session Hijacking T1021 : Remote Services T1018 : Remote System Discovery T1091 : Replication Through Removable Media T1496 : Resource Hijacking T1207 : Rogue Domain Controller T1014 : Rootkit T1053 : Scheduled Task/Job T1029 : Scheduled Transfer T1113 : Screen Capture T1597 : Search Closed Sources T1596 : Search Open Technical Databases T1593 : Search Open Websites/Domains T1594 : Search Victim-Owned Websites T1505 : Server Software Component T1648 : Serverless Execution T1489 : Service Stop T1129 : Shared Modules T1072 : Software Deployment Tools T1518 : Software Discovery T1608 : Stage Capabilities T1528 : Steal Application Access Token T1649 : Steal or Forge Authentication Certificates T1558 : Steal or Forge Kerberos Tickets T1539 : Steal Web Session Cookie T1553 : Subvert Trust Controls T1195 : Supply Chain Compromise T1218 : System Binary Proxy Execution T1082 : System Information Discovery T1614 : System Location Discovery T1016 : System Network Configuration Discovery T1049 : System Network Connections Discovery T1033 : System Owner/User Discovery T1216 : System Script Proxy Execution T1007 : System Service Discovery T1569 : System Services T1529 : System Shutdown/Reboot T1124 : System Time Discovery T1080 : Taint Shared Content T1221 : Template Injection T1205 : Traffic Signaling T1537 : Transfer Data to Cloud Account T1127 : Trusted Developer Utilities Proxy Execution T1199 : Trusted Relationship T1552 : Unsecured Credentials T1535 : Unused/Unsupported Cloud Regions T1550 : Use Alternate Authentication Material T1204 : User Execution T1078 : Valid Accounts T1125 : Video Capture T1497 : Virtualization/Sandbox Evasion T1600 : Weaken Encryption T1102 : Web Service T1047 : Windows Management Instrumentation T1220 : XSL Script Processing     ","T1071, T1059, T1140, T1105, T1027, T1055, T1518","Here's a breakdown of the MITRE ATT&CK techniques present in the text:

* **T1586 (Compromise Accounts)**: ABK can potentially steal credentials and compromise user accounts for malicious activities. 
* **T1041 (Exfiltration Over C2 Channel)**:  ABK communicates with its C2 server via HTTP, likely exfiltrating data to the attacker.
* **T1587 (Develop Capabilities)**: ABK's ability to decrypt payloads, download files, and execute code indicates a continuous development process.
* **T1087 (Account Discovery)**:  ABK can detect anti-virus software, suggesting it may be used to identify compromised hosts and their security configurations.
* **T1592 (Gather Victim Host Information)**: ABK's capabilities to interact with the system and collect information point towards gathering victim host details. 


**Main Technique IDs:** T1586, T1041, T1587, T1087, T1592"
3,"Extract all MITRE Mobile attack patterns from the following text and map them to their corresponding MITRE technique IDs. Provide reasoning for each identification. Ensure the final line contains only the IDs for the main techniques, separated by commas, excluding any subtechnique IDs. MITRE Mobile IDs are given below as reference.  **Text:** AbstractEmu is mobile malware that was first detected in October 2021 on Google Play and other third-party app stores. It was found in 19 Android applications, with at least 7 exploiting known Android vulnerabilities to gain root permissions. While primarily affecting users in the United States, AbstractEmu’s reach extends to victims across 17 countries. The malware can modify system settings to grant itself device administrator privileges, monitor notifications, and communicate with its command and control (C2) server via HTTP. AbstractEmu can also grant itself microphone and camera permissions, access location data, and disable Play Protect. Additionally, it can collect extensive device information, including the manufacturer, model, version, serial number, telephone number, IP address, and SIM information. AbstractEmu can download and install additional malware post-infection, access call logs, intercept SMS messages containing two-factor authentication codes, and obtain a list of installed applications. The malware uses encoded shell scripts and exploit binaries to facilitate the rooting process and can silently gain permissions or install additional malware using rooting exploits. To evade detection, AbstractEmu employs code abstraction and anti-emulation checks.  **List of All MITRE Mobile technique IDs** ID    : Name T1626 : Abuse Elevation Control Mechanism T1517 : Access Notifications T1640 : Account Access Removal T1638 : Adversary-in-the-Middle T1437 : Application Layer Protocol T1661 : Application Versioning T1532 : Archive Collected Data T1429 : Audio Capture T1398 : Boot or Logon Initialization Scripts T1616 : Call Control T1414 : Clipboard Data T1623 : Command and Scripting Interpreter T1577 : Compromise Application Executable T1645 : Compromise Client Software Binary T1634 : Credentials from Password Store T1662 : Data Destruction T1471 : Data Encrypted for Impact T1533 : Data from Local System T1641 : Data Manipulation T1407 : Download New Code at Runtime T1456 : Drive-By Compromise T1637 : Dynamic Resolution T1521 : Encrypted Channel T1642 : Endpoint Denial of Service T1624 : Event Triggered Execution T1627 : Execution Guardrails T1639 : Exfiltration Over Alternative Protocol T1646 : Exfiltration Over C2 Channel T1658 : Exploitation for Client Execution T1664 : Exploitation for Initial Access T1404 : Exploitation for Privilege Escalation T1428 : Exploitation of Remote Services T1420 : File and Directory Discovery T1541 : Foreground Persistence T1643 : Generate Traffic from Victim T1628 : Hide Artifacts T1625 : Hijack Execution Flow T1617 : Hooking T1629 : Impair Defenses T1630 : Indicator Removal on Host T1544 : Ingress Tool Transfer T1417 : Input Capture T1516 : Input Injection T1430 : Location Tracking T1461 : Lockscreen Bypass T1655 : Masquerading T1575 : Native API T1464 : Network Denial of Service T1423 : Network Service Scanning T1509 : Non-Standard Port T1406 : Obfuscated Files or Information T1644 : Out of Band Data T1660 : Phishing T1424 : Process Discovery T1631 : Process Injection T1636 : Protected User Data T1604 : Proxy Through Victim T1663 : Remote Access Software T1458 : Replication Through Removable Media T1603 : Scheduled Task/Job T1513 : Screen Capture T1582 : SMS Control T1418 : Software Discovery T1635 : Steal Application Access Token T1409 : Stored Application Data T1632 : Subvert Trust Controls T1474 : Supply Chain Compromise T1426 : System Information Discovery T1422 : System Network Configuration Discovery T1421 : System Network Connections Discovery T1512 : Video Capture T1633 : Virtualization/Sandbox Evasion T1481 : Web Service     ","T1626, T1517, T1437, T1429, T1623, T1533, T1407, T1646, T1404, T1629, T1544, T1430, T1406, T1636, T1418, T1426, T1422, T1512, T1633","Here's a breakdown of the MITRE Mobile attack patterns found in the text and their corresponding IDs:

* **T1577 : Compromise Application Executable:** AbstractEmu infects legitimate Android applications, compromising them to further its malicious goals. 
* **T1645 : Compromise Client Software Binary:**  AbstractEmu modifies client software binaries (in this case, the infected apps) to include its own malicious code.

* **T1407 : Download New Code at Runtime:** AbstractEmu can download additional malware post-infection, indicating a capability to retrieve and execute new code dynamically.
* **T1639 : Exfiltration Over Alternative Protocol:** The malware communicates with its C2 server via HTTP, suggesting exfiltration of stolen data over this common web protocol. 
* **T1404 : Exploitation for Privilege Escalation:** AbstractEmu exploits known Android vulnerabilities to gain root permissions, elevating its privileges on the device.
* **T1517 : Access Notifications:** AbstractEmu monitors notifications on infected devices, potentially capturing sensitive information relayed through them.
* **T1623 : Command and Scripting Interpreter:** The malware uses encoded shell scripts as part of its rooting process and for other malicious tasks, relying on an interpreter to execute these scripts. 


**Main Technique IDs:** T1577, T1645, T1407, T1639, T1404, T1517, T1623"
4,"Extract all MITRE Enterprise attack patterns from the following text and map them to their corresponding MITRE technique IDs. Provide reasoning for each identification. Ensure the final line contains only the IDs for the main techniques, separated by commas, excluding any subtechnique IDs. MITRE Enterprise IDs are given below as reference.  **Text:** Action RAT is a remote access tool developed in Delphi and has been employed by SideCopy since at least December 2021, targeting government personnel in India and Afghanistan. The malware communicates with command and control (C2) servers via HTTP and can execute commands on an infected host using cmd.exe. Action RAT is capable of collecting local data, as well as drive and file information from compromised machines. It also uses Base64 decoding to process communications from actor-controlled C2 servers and can download additional payloads onto infected systems.  **List of All MITRE Enterprise technique IDs** ID    : Name T1548 : Abuse Elevation Control Mechanism T1134 : Access Token Manipulation T1531 : Account Access Removal T1087 : Account Discovery T1098 : Account Manipulation T1650 : Acquire Access T1583 : Acquire Infrastructure T1595 : Active Scanning T1557 : Adversary-in-the-Middle T1071 : Application Layer Protocol T1010 : Application Window Discovery T1560 : Archive Collected Data T1123 : Audio Capture T1119 : Automated Collection T1020 : Automated Exfiltration T1197 : BITS Jobs T1547 : Boot or Logon Autostart Execution T1037 : Boot or Logon Initialization Scripts T1176 : Browser Extensions T1217 : Browser Information Discovery T1185 : Browser Session Hijacking T1110 : Brute Force T1612 : Build Image on Host T1115 : Clipboard Data T1651 : Cloud Administration Command T1580 : Cloud Infrastructure Discovery T1538 : Cloud Service Dashboard T1526 : Cloud Service Discovery T1619 : Cloud Storage Object Discovery T1059 : Command and Scripting Interpreter T1092 : Communication Through Removable Media T1586 : Compromise Accounts T1554 : Compromise Host Software Binary T1584 : Compromise Infrastructure T1609 : Container Administration Command T1613 : Container and Resource Discovery T1659 : Content Injection T1136 : Create Account T1543 : Create or Modify System Process T1555 : Credentials from Password Stores T1485 : Data Destruction T1132 : Data Encoding T1486 : Data Encrypted for Impact T1530 : Data from Cloud Storage T1602 : Data from Configuration Repository T1213 : Data from Information Repositories T1005 : Data from Local System T1039 : Data from Network Shared Drive T1025 : Data from Removable Media T1565 : Data Manipulation T1001 : Data Obfuscation T1074 : Data Staged T1030 : Data Transfer Size Limits T1622 : Debugger Evasion T1491 : Defacement T1140 : Deobfuscate/Decode Files or Information T1610 : Deploy Container T1587 : Develop Capabilities T1652 : Device Driver Discovery T1006 : Direct Volume Access T1561 : Disk Wipe T1484 : Domain or Tenant Policy Modification T1482 : Domain Trust Discovery T1189 : Drive-by Compromise T1568 : Dynamic Resolution T1114 : Email Collection T1573 : Encrypted Channel T1499 : Endpoint Denial of Service T1611 : Escape to Host T1585 : Establish Accounts T1546 : Event Triggered Execution T1480 : Execution Guardrails T1048 : Exfiltration Over Alternative Protocol T1041 : Exfiltration Over C2 Channel T1011 : Exfiltration Over Other Network Medium T1052 : Exfiltration Over Physical Medium T1567 : Exfiltration Over Web Service T1190 : Exploit Public-Facing Application T1203 : Exploitation for Client Execution T1212 : Exploitation for Credential Access T1211 : Exploitation for Defense Evasion T1068 : Exploitation for Privilege Escalation T1210 : Exploitation of Remote Services T1133 : External Remote Services T1008 : Fallback Channels T1083 : File and Directory Discovery T1222 : File and Directory Permissions Modification T1657 : Financial Theft T1495 : Firmware Corruption T1187 : Forced Authentication T1606 : Forge Web Credentials T1592 : Gather Victim Host Information T1589 : Gather Victim Identity Information T1590 : Gather Victim Network Information T1591 : Gather Victim Org Information T1615 : Group Policy Discovery T1200 : Hardware Additions T1564 : Hide Artifacts T1665 : Hide Infrastructure T1574 : Hijack Execution Flow T1562 : Impair Defenses T1656 : Impersonation T1525 : Implant Internal Image T1070 : Indicator Removal T1202 : Indirect Command Execution T1105 : Ingress Tool Transfer T1490 : Inhibit System Recovery T1056 : Input Capture T1559 : Inter-Process Communication T1534 : Internal Spearphishing T1570 : Lateral Tool Transfer T1654 : Log Enumeration T1036 : Masquerading T1556 : Modify Authentication Process T1578 : Modify Cloud Compute Infrastructure T1112 : Modify Registry T1601 : Modify System Image T1111 : Multi-Factor Authentication Interception T1621 : Multi-Factor Authentication Request Generation T1104 : Multi-Stage Channels T1106 : Native API T1599 : Network Boundary Bridging T1498 : Network Denial of Service T1046 : Network Service Discovery T1135 : Network Share Discovery T1040 : Network Sniffing T1095 : Non-Application Layer Protocol T1571 : Non-Standard Port T1027 : Obfuscated Files or Information T1588 : Obtain Capabilities T1137 : Office Application Startup T1003 : OS Credential Dumping T1201 : Password Policy Discovery T1120 : Peripheral Device Discovery T1069 : Permission Groups Discovery T1566 : Phishing T1598 : Phishing for Information T1647 : Plist File Modification T1653 : Power Settings T1542 : Pre-OS Boot T1057 : Process Discovery T1055 : Process Injection T1572 : Protocol Tunneling T1090 : Proxy T1012 : Query Registry T1620 : Reflective Code Loading T1219 : Remote Access Software T1563 : Remote Service Session Hijacking T1021 : Remote Services T1018 : Remote System Discovery T1091 : Replication Through Removable Media T1496 : Resource Hijacking T1207 : Rogue Domain Controller T1014 : Rootkit T1053 : Scheduled Task/Job T1029 : Scheduled Transfer T1113 : Screen Capture T1597 : Search Closed Sources T1596 : Search Open Technical Databases T1593 : Search Open Websites/Domains T1594 : Search Victim-Owned Websites T1505 : Server Software Component T1648 : Serverless Execution T1489 : Service Stop T1129 : Shared Modules T1072 : Software Deployment Tools T1518 : Software Discovery T1608 : Stage Capabilities T1528 : Steal Application Access Token T1649 : Steal or Forge Authentication Certificates T1558 : Steal or Forge Kerberos Tickets T1539 : Steal Web Session Cookie T1553 : Subvert Trust Controls T1195 : Supply Chain Compromise T1218 : System Binary Proxy Execution T1082 : System Information Discovery T1614 : System Location Discovery T1016 : System Network Configuration Discovery T1049 : System Network Connections Discovery T1033 : System Owner/User Discovery T1216 : System Script Proxy Execution T1007 : System Service Discovery T1569 : System Services T1529 : System Shutdown/Reboot T1124 : System Time Discovery T1080 : Taint Shared Content T1221 : Template Injection T1205 : Traffic Signaling T1537 : Transfer Data to Cloud Account T1127 : Trusted Developer Utilities Proxy Execution T1199 : Trusted Relationship T1552 : Unsecured Credentials T1535 : Unused/Unsupported Cloud Regions T1550 : Use Alternate Authentication Material T1204 : User Execution T1078 : Valid Accounts T1125 : Video Capture T1497 : Virtualization/Sandbox Evasion T1600 : Weaken Encryption T1102 : Web Service T1047 : Windows Management Instrumentation T1220 : XSL Script Processing     ","T1071, T1059, T1005, T1140, T1083, T1105","Here's a breakdown of the MITRE ATT&CK techniques present in the text:

* **T1583: Acquire Infrastructure** -  The malware uses Base64 decoding to process communications from C2 servers. This suggests the actor is likely using compromised infrastructure (C2 servers) for malicious purposes.
* **T1087: Account Discovery** - The malware collects local data and drive information, indicating it could be used for discovering usernames, network shares, or other account-related details.
* **T1584: Compromise Infrastructure** - The malware establishes communication with C2 servers via HTTP and can execute commands on infected hosts. This demonstrates the actor's ability to compromise infrastructure (servers) for control and malicious activities. 
* **T1041: Exfiltration Over C2 Channel** -  The mention of ""C2 server"" implies that the malware is designed to exfiltrate stolen data through this controlled channel.
* **T1056: Input Capture** - The malware's ability to execute commands on an infected host suggests it could capture user input, potentially for credential harvesting. 
* **T1589: Gather Victim Identity Information** -  The text states that the malware targets government personnel, implying the actor aims to gather information about individuals.
* **T1037: Boot or Logon Initialization Scripts** - The ability to download additional payloads suggests potential manipulation of boot or logon processes for persistent access.

**Final line (Main Techniques):** T1583, T1087, T1584, T1041, T1056, T1589 


Let me know if you have any other cybersecurity content you'd like me to analyze!"
5,"Extract all MITRE Enterprise attack patterns from the following text and map them to their corresponding MITRE technique IDs. Provide reasoning for each identification. Ensure the final line contains only the IDs for the main techniques, separated by commas, excluding any subtechnique IDs. MITRE Enterprise IDs are given below as reference.  **Text:** adbupd is a backdoor utilized by PLATINUM, bearing similarities to Dipsind. It has the capability to execute a copy of cmd.exe and includes the OpenSSL library to encrypt its command and control (C2) traffic. Additionally, adbupd can achieve persistence by leveraging a WMI script.  **List of All MITRE Enterprise technique IDs** ID    : Name T1548 : Abuse Elevation Control Mechanism T1134 : Access Token Manipulation T1531 : Account Access Removal T1087 : Account Discovery T1098 : Account Manipulation T1650 : Acquire Access T1583 : Acquire Infrastructure T1595 : Active Scanning T1557 : Adversary-in-the-Middle T1071 : Application Layer Protocol T1010 : Application Window Discovery T1560 : Archive Collected Data T1123 : Audio Capture T1119 : Automated Collection T1020 : Automated Exfiltration T1197 : BITS Jobs T1547 : Boot or Logon Autostart Execution T1037 : Boot or Logon Initialization Scripts T1176 : Browser Extensions T1217 : Browser Information Discovery T1185 : Browser Session Hijacking T1110 : Brute Force T1612 : Build Image on Host T1115 : Clipboard Data T1651 : Cloud Administration Command T1580 : Cloud Infrastructure Discovery T1538 : Cloud Service Dashboard T1526 : Cloud Service Discovery T1619 : Cloud Storage Object Discovery T1059 : Command and Scripting Interpreter T1092 : Communication Through Removable Media T1586 : Compromise Accounts T1554 : Compromise Host Software Binary T1584 : Compromise Infrastructure T1609 : Container Administration Command T1613 : Container and Resource Discovery T1659 : Content Injection T1136 : Create Account T1543 : Create or Modify System Process T1555 : Credentials from Password Stores T1485 : Data Destruction T1132 : Data Encoding T1486 : Data Encrypted for Impact T1530 : Data from Cloud Storage T1602 : Data from Configuration Repository T1213 : Data from Information Repositories T1005 : Data from Local System T1039 : Data from Network Shared Drive T1025 : Data from Removable Media T1565 : Data Manipulation T1001 : Data Obfuscation T1074 : Data Staged T1030 : Data Transfer Size Limits T1622 : Debugger Evasion T1491 : Defacement T1140 : Deobfuscate/Decode Files or Information T1610 : Deploy Container T1587 : Develop Capabilities T1652 : Device Driver Discovery T1006 : Direct Volume Access T1561 : Disk Wipe T1484 : Domain or Tenant Policy Modification T1482 : Domain Trust Discovery T1189 : Drive-by Compromise T1568 : Dynamic Resolution T1114 : Email Collection T1573 : Encrypted Channel T1499 : Endpoint Denial of Service T1611 : Escape to Host T1585 : Establish Accounts T1546 : Event Triggered Execution T1480 : Execution Guardrails T1048 : Exfiltration Over Alternative Protocol T1041 : Exfiltration Over C2 Channel T1011 : Exfiltration Over Other Network Medium T1052 : Exfiltration Over Physical Medium T1567 : Exfiltration Over Web Service T1190 : Exploit Public-Facing Application T1203 : Exploitation for Client Execution T1212 : Exploitation for Credential Access T1211 : Exploitation for Defense Evasion T1068 : Exploitation for Privilege Escalation T1210 : Exploitation of Remote Services T1133 : External Remote Services T1008 : Fallback Channels T1083 : File and Directory Discovery T1222 : File and Directory Permissions Modification T1657 : Financial Theft T1495 : Firmware Corruption T1187 : Forced Authentication T1606 : Forge Web Credentials T1592 : Gather Victim Host Information T1589 : Gather Victim Identity Information T1590 : Gather Victim Network Information T1591 : Gather Victim Org Information T1615 : Group Policy Discovery T1200 : Hardware Additions T1564 : Hide Artifacts T1665 : Hide Infrastructure T1574 : Hijack Execution Flow T1562 : Impair Defenses T1656 : Impersonation T1525 : Implant Internal Image T1070 : Indicator Removal T1202 : Indirect Command Execution T1105 : Ingress Tool Transfer T1490 : Inhibit System Recovery T1056 : Input Capture T1559 : Inter-Process Communication T1534 : Internal Spearphishing T1570 : Lateral Tool Transfer T1654 : Log Enumeration T1036 : Masquerading T1556 : Modify Authentication Process T1578 : Modify Cloud Compute Infrastructure T1112 : Modify Registry T1601 : Modify System Image T1111 : Multi-Factor Authentication Interception T1621 : Multi-Factor Authentication Request Generation T1104 : Multi-Stage Channels T1106 : Native API T1599 : Network Boundary Bridging T1498 : Network Denial of Service T1046 : Network Service Discovery T1135 : Network Share Discovery T1040 : Network Sniffing T1095 : Non-Application Layer Protocol T1571 : Non-Standard Port T1027 : Obfuscated Files or Information T1588 : Obtain Capabilities T1137 : Office Application Startup T1003 : OS Credential Dumping T1201 : Password Policy Discovery T1120 : Peripheral Device Discovery T1069 : Permission Groups Discovery T1566 : Phishing T1598 : Phishing for Information T1647 : Plist File Modification T1653 : Power Settings T1542 : Pre-OS Boot T1057 : Process Discovery T1055 : Process Injection T1572 : Protocol Tunneling T1090 : Proxy T1012 : Query Registry T1620 : Reflective Code Loading T1219 : Remote Access Software T1563 : Remote Service Session Hijacking T1021 : Remote Services T1018 : Remote System Discovery T1091 : Replication Through Removable Media T1496 : Resource Hijacking T1207 : Rogue Domain Controller T1014 : Rootkit T1053 : Scheduled Task/Job T1029 : Scheduled Transfer T1113 : Screen Capture T1597 : Search Closed Sources T1596 : Search Open Technical Databases T1593 : Search Open Websites/Domains T1594 : Search Victim-Owned Websites T1505 : Server Software Component T1648 : Serverless Execution T1489 : Service Stop T1129 : Shared Modules T1072 : Software Deployment Tools T1518 : Software Discovery T1608 : Stage Capabilities T1528 : Steal Application Access Token T1649 : Steal or Forge Authentication Certificates T1558 : Steal or Forge Kerberos Tickets T1539 : Steal Web Session Cookie T1553 : Subvert Trust Controls T1195 : Supply Chain Compromise T1218 : System Binary Proxy Execution T1082 : System Information Discovery T1614 : System Location Discovery T1016 : System Network Configuration Discovery T1049 : System Network Connections Discovery T1033 : System Owner/User Discovery T1216 : System Script Proxy Execution T1007 : System Service Discovery T1569 : System Services T1529 : System Shutdown/Reboot T1124 : System Time Discovery T1080 : Taint Shared Content T1221 : Template Injection T1205 : Traffic Signaling T1537 : Transfer Data to Cloud Account T1127 : Trusted Developer Utilities Proxy Execution T1199 : Trusted Relationship T1552 : Unsecured Credentials T1535 : Unused/Unsupported Cloud Regions T1550 : Use Alternate Authentication Material T1204 : User Execution T1078 : Valid Accounts T1125 : Video Capture T1497 : Virtualization/Sandbox Evasion T1600 : Weaken Encryption T1102 : Web Service T1047 : Windows Management Instrumentation T1220 : XSL Script Processing     ","T1059, T1573, T1546","Here's a breakdown of the MITRE ATT&CK techniques present in the text:

* **T1087**:  **Account Discovery:**  The mention of ""adbupd... capable of executing a copy of cmd.exe"" implies the adversary might be trying to discover existing accounts on the system.
* **T1546**: **Event Triggered Execution:** The description of adbupd achieving persistence via ""a WMI script"" suggests it could rely on events (like system startup) for execution. 
* **T1583**: **Acquire Infrastructure:** Building upon the earlier points, the adversary's efforts to set up a persistent backdoor (""adbupd"") and utilize C2 traffic point toward acquiring and controlling infrastructure for malicious purposes.
* **T1041**: **Exfiltration Over C2 Channel:** The statement ""adbupd... includes the OpenSSL library to encrypt its command and control (C2) traffic"" directly indicates data exfiltration through a dedicated C2 channel. 

**Final Line (Main Techniques): T1087, T1546, T1583, T1041**  


Let me know if you'd like a deeper dive into any specific technique!"
6,"Extract all MITRE Enterprise attack patterns from the following text and map them to their corresponding MITRE technique IDs. Provide reasoning for each identification. Ensure the final line contains only the IDs for the main techniques, separated by commas, excluding any subtechnique IDs. MITRE Enterprise IDs are given below as reference.  **Text:** AdFind is a free command-line query tool designed for extracting information from Active Directory. It can enumerate domain users, domain groups, and organizational units (OUs), as well as gather details about domain trusts. AdFind is also capable of querying Active Directory for computer accounts and extracting subnet information.  **List of All MITRE Enterprise technique IDs** ID    : Name T1548 : Abuse Elevation Control Mechanism T1134 : Access Token Manipulation T1531 : Account Access Removal T1087 : Account Discovery T1098 : Account Manipulation T1650 : Acquire Access T1583 : Acquire Infrastructure T1595 : Active Scanning T1557 : Adversary-in-the-Middle T1071 : Application Layer Protocol T1010 : Application Window Discovery T1560 : Archive Collected Data T1123 : Audio Capture T1119 : Automated Collection T1020 : Automated Exfiltration T1197 : BITS Jobs T1547 : Boot or Logon Autostart Execution T1037 : Boot or Logon Initialization Scripts T1176 : Browser Extensions T1217 : Browser Information Discovery T1185 : Browser Session Hijacking T1110 : Brute Force T1612 : Build Image on Host T1115 : Clipboard Data T1651 : Cloud Administration Command T1580 : Cloud Infrastructure Discovery T1538 : Cloud Service Dashboard T1526 : Cloud Service Discovery T1619 : Cloud Storage Object Discovery T1059 : Command and Scripting Interpreter T1092 : Communication Through Removable Media T1586 : Compromise Accounts T1554 : Compromise Host Software Binary T1584 : Compromise Infrastructure T1609 : Container Administration Command T1613 : Container and Resource Discovery T1659 : Content Injection T1136 : Create Account T1543 : Create or Modify System Process T1555 : Credentials from Password Stores T1485 : Data Destruction T1132 : Data Encoding T1486 : Data Encrypted for Impact T1530 : Data from Cloud Storage T1602 : Data from Configuration Repository T1213 : Data from Information Repositories T1005 : Data from Local System T1039 : Data from Network Shared Drive T1025 : Data from Removable Media T1565 : Data Manipulation T1001 : Data Obfuscation T1074 : Data Staged T1030 : Data Transfer Size Limits T1622 : Debugger Evasion T1491 : Defacement T1140 : Deobfuscate/Decode Files or Information T1610 : Deploy Container T1587 : Develop Capabilities T1652 : Device Driver Discovery T1006 : Direct Volume Access T1561 : Disk Wipe T1484 : Domain or Tenant Policy Modification T1482 : Domain Trust Discovery T1189 : Drive-by Compromise T1568 : Dynamic Resolution T1114 : Email Collection T1573 : Encrypted Channel T1499 : Endpoint Denial of Service T1611 : Escape to Host T1585 : Establish Accounts T1546 : Event Triggered Execution T1480 : Execution Guardrails T1048 : Exfiltration Over Alternative Protocol T1041 : Exfiltration Over C2 Channel T1011 : Exfiltration Over Other Network Medium T1052 : Exfiltration Over Physical Medium T1567 : Exfiltration Over Web Service T1190 : Exploit Public-Facing Application T1203 : Exploitation for Client Execution T1212 : Exploitation for Credential Access T1211 : Exploitation for Defense Evasion T1068 : Exploitation for Privilege Escalation T1210 : Exploitation of Remote Services T1133 : External Remote Services T1008 : Fallback Channels T1083 : File and Directory Discovery T1222 : File and Directory Permissions Modification T1657 : Financial Theft T1495 : Firmware Corruption T1187 : Forced Authentication T1606 : Forge Web Credentials T1592 : Gather Victim Host Information T1589 : Gather Victim Identity Information T1590 : Gather Victim Network Information T1591 : Gather Victim Org Information T1615 : Group Policy Discovery T1200 : Hardware Additions T1564 : Hide Artifacts T1665 : Hide Infrastructure T1574 : Hijack Execution Flow T1562 : Impair Defenses T1656 : Impersonation T1525 : Implant Internal Image T1070 : Indicator Removal T1202 : Indirect Command Execution T1105 : Ingress Tool Transfer T1490 : Inhibit System Recovery T1056 : Input Capture T1559 : Inter-Process Communication T1534 : Internal Spearphishing T1570 : Lateral Tool Transfer T1654 : Log Enumeration T1036 : Masquerading T1556 : Modify Authentication Process T1578 : Modify Cloud Compute Infrastructure T1112 : Modify Registry T1601 : Modify System Image T1111 : Multi-Factor Authentication Interception T1621 : Multi-Factor Authentication Request Generation T1104 : Multi-Stage Channels T1106 : Native API T1599 : Network Boundary Bridging T1498 : Network Denial of Service T1046 : Network Service Discovery T1135 : Network Share Discovery T1040 : Network Sniffing T1095 : Non-Application Layer Protocol T1571 : Non-Standard Port T1027 : Obfuscated Files or Information T1588 : Obtain Capabilities T1137 : Office Application Startup T1003 : OS Credential Dumping T1201 : Password Policy Discovery T1120 : Peripheral Device Discovery T1069 : Permission Groups Discovery T1566 : Phishing T1598 : Phishing for Information T1647 : Plist File Modification T1653 : Power Settings T1542 : Pre-OS Boot T1057 : Process Discovery T1055 : Process Injection T1572 : Protocol Tunneling T1090 : Proxy T1012 : Query Registry T1620 : Reflective Code Loading T1219 : Remote Access Software T1563 : Remote Service Session Hijacking T1021 : Remote Services T1018 : Remote System Discovery T1091 : Replication Through Removable Media T1496 : Resource Hijacking T1207 : Rogue Domain Controller T1014 : Rootkit T1053 : Scheduled Task/Job T1029 : Scheduled Transfer T1113 : Screen Capture T1597 : Search Closed Sources T1596 : Search Open Technical Databases T1593 : Search Open Websites/Domains T1594 : Search Victim-Owned Websites T1505 : Server Software Component T1648 : Serverless Execution T1489 : Service Stop T1129 : Shared Modules T1072 : Software Deployment Tools T1518 : Software Discovery T1608 : Stage Capabilities T1528 : Steal Application Access Token T1649 : Steal or Forge Authentication Certificates T1558 : Steal or Forge Kerberos Tickets T1539 : Steal Web Session Cookie T1553 : Subvert Trust Controls T1195 : Supply Chain Compromise T1218 : System Binary Proxy Execution T1082 : System Information Discovery T1614 : System Location Discovery T1016 : System Network Configuration Discovery T1049 : System Network Connections Discovery T1033 : System Owner/User Discovery T1216 : System Script Proxy Execution T1007 : System Service Discovery T1569 : System Services T1529 : System Shutdown/Reboot T1124 : System Time Discovery T1080 : Taint Shared Content T1221 : Template Injection T1205 : Traffic Signaling T1537 : Transfer Data to Cloud Account T1127 : Trusted Developer Utilities Proxy Execution T1199 : Trusted Relationship T1552 : Unsecured Credentials T1535 : Unused/Unsupported Cloud Regions T1550 : Use Alternate Authentication Material T1204 : User Execution T1078 : Valid Accounts T1125 : Video Capture T1497 : Virtualization/Sandbox Evasion T1600 : Weaken Encryption T1102 : Web Service T1047 : Windows Management Instrumentation T1220 : XSL Script Processing     ","T1087, T1482, T1069, T1018, T1016","Here are the MITRE ATT&CK techniques identified in the text, along with reasoning for each:

* **T1087 (Account Discovery):** AdFind is explicitly designed to enumerate domain users and groups within Active Directory. This directly aligns with discovering existing accounts. 
* **T1531 (Account Access Removal):** While not directly stated, tools like AdFind can potentially be used in reconnaissance for identifying accounts that may be targets for subsequent removal or manipulation.
* **T1083 (File and Directory Discovery):**  The text mentions AdFind's ability to extract computer account information. This suggests the potential for discovering files and directories associated with those accounts within Active Directory.
* **T1592 (Gather Victim Host Information):**  AdFind can query Active Directory for computer accounts, providing details about host systems within the domain. 

**Final line with main technique IDs:** T1087,T1531,T1083,T1592


Let me know if you have any other text you'd like analyzed!"
7,"Extract all MITRE Enterprise attack patterns from the following text and map them to their corresponding MITRE technique IDs. Provide reasoning for each identification. Ensure the final line contains only the IDs for the main techniques, separated by commas, excluding any subtechnique IDs. MITRE Enterprise IDs are given below as reference.  **Text:** ADVSTORESHELL is a spying backdoor associated with APT28, active from at least 2012 to 2016. It is typically used for long-term espionage on targets identified as valuable after an initial reconnaissance phase. ADVSTORESHELL communicates with its command and control (C2) server via port 80 using the Wininet API, exchanging data through HTTP POST requests. Before exfiltration, the backdoor encrypts data using the 3DES algorithm with a hardcoded key. Persistence is achieved by adding itself to the HKCU\SOFTWARE\Microsoft\Windows\CurrentVersion\Run Registry key. ADVSTORESHELL can create a remote shell and execute specified commands, with command execution output stored in a .dat file in the %TEMP% directory. Its C2 traffic is encrypted and then encoded with Base64. Some variants of ADVSTORESHELL also use 3DES encryption for C2 communications.  **List of All MITRE Enterprise technique IDs** ID    : Name T1548 : Abuse Elevation Control Mechanism T1134 : Access Token Manipulation T1531 : Account Access Removal T1087 : Account Discovery T1098 : Account Manipulation T1650 : Acquire Access T1583 : Acquire Infrastructure T1595 : Active Scanning T1557 : Adversary-in-the-Middle T1071 : Application Layer Protocol T1010 : Application Window Discovery T1560 : Archive Collected Data T1123 : Audio Capture T1119 : Automated Collection T1020 : Automated Exfiltration T1197 : BITS Jobs T1547 : Boot or Logon Autostart Execution T1037 : Boot or Logon Initialization Scripts T1176 : Browser Extensions T1217 : Browser Information Discovery T1185 : Browser Session Hijacking T1110 : Brute Force T1612 : Build Image on Host T1115 : Clipboard Data T1651 : Cloud Administration Command T1580 : Cloud Infrastructure Discovery T1538 : Cloud Service Dashboard T1526 : Cloud Service Discovery T1619 : Cloud Storage Object Discovery T1059 : Command and Scripting Interpreter T1092 : Communication Through Removable Media T1586 : Compromise Accounts T1554 : Compromise Host Software Binary T1584 : Compromise Infrastructure T1609 : Container Administration Command T1613 : Container and Resource Discovery T1659 : Content Injection T1136 : Create Account T1543 : Create or Modify System Process T1555 : Credentials from Password Stores T1485 : Data Destruction T1132 : Data Encoding T1486 : Data Encrypted for Impact T1530 : Data from Cloud Storage T1602 : Data from Configuration Repository T1213 : Data from Information Repositories T1005 : Data from Local System T1039 : Data from Network Shared Drive T1025 : Data from Removable Media T1565 : Data Manipulation T1001 : Data Obfuscation T1074 : Data Staged T1030 : Data Transfer Size Limits T1622 : Debugger Evasion T1491 : Defacement T1140 : Deobfuscate/Decode Files or Information T1610 : Deploy Container T1587 : Develop Capabilities T1652 : Device Driver Discovery T1006 : Direct Volume Access T1561 : Disk Wipe T1484 : Domain or Tenant Policy Modification T1482 : Domain Trust Discovery T1189 : Drive-by Compromise T1568 : Dynamic Resolution T1114 : Email Collection T1573 : Encrypted Channel T1499 : Endpoint Denial of Service T1611 : Escape to Host T1585 : Establish Accounts T1546 : Event Triggered Execution T1480 : Execution Guardrails T1048 : Exfiltration Over Alternative Protocol T1041 : Exfiltration Over C2 Channel T1011 : Exfiltration Over Other Network Medium T1052 : Exfiltration Over Physical Medium T1567 : Exfiltration Over Web Service T1190 : Exploit Public-Facing Application T1203 : Exploitation for Client Execution T1212 : Exploitation for Credential Access T1211 : Exploitation for Defense Evasion T1068 : Exploitation for Privilege Escalation T1210 : Exploitation of Remote Services T1133 : External Remote Services T1008 : Fallback Channels T1083 : File and Directory Discovery T1222 : File and Directory Permissions Modification T1657 : Financial Theft T1495 : Firmware Corruption T1187 : Forced Authentication T1606 : Forge Web Credentials T1592 : Gather Victim Host Information T1589 : Gather Victim Identity Information T1590 : Gather Victim Network Information T1591 : Gather Victim Org Information T1615 : Group Policy Discovery T1200 : Hardware Additions T1564 : Hide Artifacts T1665 : Hide Infrastructure T1574 : Hijack Execution Flow T1562 : Impair Defenses T1656 : Impersonation T1525 : Implant Internal Image T1070 : Indicator Removal T1202 : Indirect Command Execution T1105 : Ingress Tool Transfer T1490 : Inhibit System Recovery T1056 : Input Capture T1559 : Inter-Process Communication T1534 : Internal Spearphishing T1570 : Lateral Tool Transfer T1654 : Log Enumeration T1036 : Masquerading T1556 : Modify Authentication Process T1578 : Modify Cloud Compute Infrastructure T1112 : Modify Registry T1601 : Modify System Image T1111 : Multi-Factor Authentication Interception T1621 : Multi-Factor Authentication Request Generation T1104 : Multi-Stage Channels T1106 : Native API T1599 : Network Boundary Bridging T1498 : Network Denial of Service T1046 : Network Service Discovery T1135 : Network Share Discovery T1040 : Network Sniffing T1095 : Non-Application Layer Protocol T1571 : Non-Standard Port T1027 : Obfuscated Files or Information T1588 : Obtain Capabilities T1137 : Office Application Startup T1003 : OS Credential Dumping T1201 : Password Policy Discovery T1120 : Peripheral Device Discovery T1069 : Permission Groups Discovery T1566 : Phishing T1598 : Phishing for Information T1647 : Plist File Modification T1653 : Power Settings T1542 : Pre-OS Boot T1057 : Process Discovery T1055 : Process Injection T1572 : Protocol Tunneling T1090 : Proxy T1012 : Query Registry T1620 : Reflective Code Loading T1219 : Remote Access Software T1563 : Remote Service Session Hijacking T1021 : Remote Services T1018 : Remote System Discovery T1091 : Replication Through Removable Media T1496 : Resource Hijacking T1207 : Rogue Domain Controller T1014 : Rootkit T1053 : Scheduled Task/Job T1029 : Scheduled Transfer T1113 : Screen Capture T1597 : Search Closed Sources T1596 : Search Open Technical Databases T1593 : Search Open Websites/Domains T1594 : Search Victim-Owned Websites T1505 : Server Software Component T1648 : Serverless Execution T1489 : Service Stop T1129 : Shared Modules T1072 : Software Deployment Tools T1518 : Software Discovery T1608 : Stage Capabilities T1528 : Steal Application Access Token T1649 : Steal or Forge Authentication Certificates T1558 : Steal or Forge Kerberos Tickets T1539 : Steal Web Session Cookie T1553 : Subvert Trust Controls T1195 : Supply Chain Compromise T1218 : System Binary Proxy Execution T1082 : System Information Discovery T1614 : System Location Discovery T1016 : System Network Configuration Discovery T1049 : System Network Connections Discovery T1033 : System Owner/User Discovery T1216 : System Script Proxy Execution T1007 : System Service Discovery T1569 : System Services T1529 : System Shutdown/Reboot T1124 : System Time Discovery T1080 : Taint Shared Content T1221 : Template Injection T1205 : Traffic Signaling T1537 : Transfer Data to Cloud Account T1127 : Trusted Developer Utilities Proxy Execution T1199 : Trusted Relationship T1552 : Unsecured Credentials T1535 : Unused/Unsupported Cloud Regions T1550 : Use Alternate Authentication Material T1204 : User Execution T1078 : Valid Accounts T1125 : Video Capture T1497 : Virtualization/Sandbox Evasion T1600 : Weaken Encryption T1102 : Web Service T1047 : Windows Management Instrumentation T1220 : XSL Script Processing     ","T1071, T1560, T1547, T1059, T1132, T1074, T1573","Here's a breakdown of the MITRE ATT&CK techniques present in the text, along with explanations:

* **T1548: Abuse Elevation Control Mechanism:**  The backdoor might exploit vulnerabilities to gain elevated privileges on the compromised system. 
* **T1098: Account Manipulation:** ADVSTORESHELL could modify existing user accounts or create new ones for persistence and control.
* **T1650: Acquire Access:** The primary goal of this backdoor is espionage, requiring access to sensitive data on target systems.
* **T1583: Acquire Infrastructure:**  APT28 likely used compromised machines to host C2 infrastructure or establish command-and-control channels. 
* **T1071: Application Layer Protocol:** The backdoor uses HTTP POST requests for communication, leveraging a common web protocol.
* **T1547: Boot or Logon Autostart Execution:** Adding itself to the HKCU\SOFTWARE\Microsoft\Windows\CurrentVersion\Run Registry key ensures ADVSTORESHELL starts automatically when the system boots or logs on.
* **T1087: Account Discovery:** The attackers likely discovered existing user accounts on the target systems to identify potential targets for manipulation. 
* **T1560: Archive Collected Data:** The backdoor might encrypt and exfiltrate data, suggesting a process of archiving collected information.
* **T1123: Audio Capture:** While not explicitly mentioned, APT groups often utilize audio capture for intelligence gathering. It's possible ADVSTORESHELL incorporates this capability.
* **T1020: Automated Exfiltration:**  Encrypted data transfer through HTTP POST requests indicates potential automated exfiltration methods.
* **T1092: Communication Through Removable Media:** The backdoor could potentially use removable media for C2 communication or data transfer, although the text focuses on network communication.
* **T1586: Compromise Accounts:**  The ultimate goal is to compromise accounts for prolonged access and control. 
* **T1059: Command and Scripting Interpreter:** ADVSTORESHELL can execute commands, implying the use of scripting interpreters.
* **T1037: Boot or Logon Initialization Scripts:** Similar to T1547, boot scripts could be used for initial setup and persistence. 
* **T1095: Non-Application Layer Protocol:**  Using HTTP POST for C2 suggests a preference for non-standard protocols to avoid detection. 
* **T1083: File and Directory Discovery:**  The backdoor likely scans for valuable files on compromised systems.
* **T1074: Data Staged:** Before exfiltration, ADVSTORESHELL might stage data for efficient transfer.
* **T1041: Exfiltration Over C2 Channel:** The primary exfiltration method is likely through the C2 channel established via HTTP POST requests.
* **T1561: Disk Wipe:**  While not explicitly mentioned, this technique could be used to cover tracks and destroy evidence.
* **T1578: Modify Cloud Compute Infrastructure:** If APT28 targets cloud environments, they might use ADVSTORESHELL for infrastructure manipulation.
* **T1036: Masquerading:** The backdoor might impersonate legitimate processes or services to avoid detection. 
* **T1090: Proxy:**  ADVSTORESHELL could leverage proxy servers for additional obfuscation and access control.
* **T1057: Process Discovery:** The backdoor likely needs to identify running processes on the target system.
* **T1648: Serverless Execution:** It's possible that ADVSTORESHELL uses serverless functions for its operations, given the cloud-focused nature of APT28.



**Main Technique IDs:** T1548, T1098, T1650, T1583, T1071, T1547, T1087, T1560, T1123, T1020, T1092, T1586, T1059, T1037, T1095, T1083, T1074, T1041, T1561, T1036, T1090, T1057"
8,"Extract all MITRE Enterprise attack patterns from the following text and map them to their corresponding MITRE technique IDs. Provide reasoning for each identification. Ensure the final line contains only the IDs for the main techniques, separated by commas, excluding any subtechnique IDs. MITRE Enterprise IDs are given below as reference.  **Text:** Agent Smith is mobile malware that generates financial profit by replacing legitimate apps on infected devices with malicious versions that contain fraudulent ads. By July 2019, Agent Smith had infected approximately 25 million devices, primarily targeting users in India, but also impacting other Asian countries, Saudi Arabia, the United Kingdom, and the United States. Agent Smith can inject fraudulent ad modules into existing applications on a device and exploits known OS vulnerabilities, such as Janus, to replace legitimate apps with malicious versions. The malware is designed to display fraudulent ads to generate revenue. It can also hide its icon from the application launcher and delete update packages of infected apps to prevent them from being updated. The malware can impersonate any popular application on an infected device, with its core component disguising itself as a legitimate Google app. The dropper used to deliver Agent Smith is a weaponized version of a legitimate Feng Shui Bundle. Additionally, the core malware is disguised as a JPG file and encrypted with an XOR cipher.  **List of All MITRE Enterprise technique IDs** ID    : Name T1548 : Abuse Elevation Control Mechanism T1134 : Access Token Manipulation T1531 : Account Access Removal T1087 : Account Discovery T1098 : Account Manipulation T1650 : Acquire Access T1583 : Acquire Infrastructure T1595 : Active Scanning T1557 : Adversary-in-the-Middle T1071 : Application Layer Protocol T1010 : Application Window Discovery T1560 : Archive Collected Data T1123 : Audio Capture T1119 : Automated Collection T1020 : Automated Exfiltration T1197 : BITS Jobs T1547 : Boot or Logon Autostart Execution T1037 : Boot or Logon Initialization Scripts T1176 : Browser Extensions T1217 : Browser Information Discovery T1185 : Browser Session Hijacking T1110 : Brute Force T1612 : Build Image on Host T1115 : Clipboard Data T1651 : Cloud Administration Command T1580 : Cloud Infrastructure Discovery T1538 : Cloud Service Dashboard T1526 : Cloud Service Discovery T1619 : Cloud Storage Object Discovery T1059 : Command and Scripting Interpreter T1092 : Communication Through Removable Media T1586 : Compromise Accounts T1554 : Compromise Host Software Binary T1584 : Compromise Infrastructure T1609 : Container Administration Command T1613 : Container and Resource Discovery T1659 : Content Injection T1136 : Create Account T1543 : Create or Modify System Process T1555 : Credentials from Password Stores T1485 : Data Destruction T1132 : Data Encoding T1486 : Data Encrypted for Impact T1530 : Data from Cloud Storage T1602 : Data from Configuration Repository T1213 : Data from Information Repositories T1005 : Data from Local System T1039 : Data from Network Shared Drive T1025 : Data from Removable Media T1565 : Data Manipulation T1001 : Data Obfuscation T1074 : Data Staged T1030 : Data Transfer Size Limits T1622 : Debugger Evasion T1491 : Defacement T1140 : Deobfuscate/Decode Files or Information T1610 : Deploy Container T1587 : Develop Capabilities T1652 : Device Driver Discovery T1006 : Direct Volume Access T1561 : Disk Wipe T1484 : Domain or Tenant Policy Modification T1482 : Domain Trust Discovery T1189 : Drive-by Compromise T1568 : Dynamic Resolution T1114 : Email Collection T1573 : Encrypted Channel T1499 : Endpoint Denial of Service T1611 : Escape to Host T1585 : Establish Accounts T1546 : Event Triggered Execution T1480 : Execution Guardrails T1048 : Exfiltration Over Alternative Protocol T1041 : Exfiltration Over C2 Channel T1011 : Exfiltration Over Other Network Medium T1052 : Exfiltration Over Physical Medium T1567 : Exfiltration Over Web Service T1190 : Exploit Public-Facing Application T1203 : Exploitation for Client Execution T1212 : Exploitation for Credential Access T1211 : Exploitation for Defense Evasion T1068 : Exploitation for Privilege Escalation T1210 : Exploitation of Remote Services T1133 : External Remote Services T1008 : Fallback Channels T1083 : File and Directory Discovery T1222 : File and Directory Permissions Modification T1657 : Financial Theft T1495 : Firmware Corruption T1187 : Forced Authentication T1606 : Forge Web Credentials T1592 : Gather Victim Host Information T1589 : Gather Victim Identity Information T1590 : Gather Victim Network Information T1591 : Gather Victim Org Information T1615 : Group Policy Discovery T1200 : Hardware Additions T1564 : Hide Artifacts T1665 : Hide Infrastructure T1574 : Hijack Execution Flow T1562 : Impair Defenses T1656 : Impersonation T1525 : Implant Internal Image T1070 : Indicator Removal T1202 : Indirect Command Execution T1105 : Ingress Tool Transfer T1490 : Inhibit System Recovery T1056 : Input Capture T1559 : Inter-Process Communication T1534 : Internal Spearphishing T1570 : Lateral Tool Transfer T1654 : Log Enumeration T1036 : Masquerading T1556 : Modify Authentication Process T1578 : Modify Cloud Compute Infrastructure T1112 : Modify Registry T1601 : Modify System Image T1111 : Multi-Factor Authentication Interception T1621 : Multi-Factor Authentication Request Generation T1104 : Multi-Stage Channels T1106 : Native API T1599 : Network Boundary Bridging T1498 : Network Denial of Service T1046 : Network Service Discovery T1135 : Network Share Discovery T1040 : Network Sniffing T1095 : Non-Application Layer Protocol T1571 : Non-Standard Port T1027 : Obfuscated Files or Information T1588 : Obtain Capabilities T1137 : Office Application Startup T1003 : OS Credential Dumping T1201 : Password Policy Discovery T1120 : Peripheral Device Discovery T1069 : Permission Groups Discovery T1566 : Phishing T1598 : Phishing for Information T1647 : Plist File Modification T1653 : Power Settings T1542 : Pre-OS Boot T1057 : Process Discovery T1055 : Process Injection T1572 : Protocol Tunneling T1090 : Proxy T1012 : Query Registry T1620 : Reflective Code Loading T1219 : Remote Access Software T1563 : Remote Service Session Hijacking T1021 : Remote Services T1018 : Remote System Discovery T1091 : Replication Through Removable Media T1496 : Resource Hijacking T1207 : Rogue Domain Controller T1014 : Rootkit T1053 : Scheduled Task/Job T1029 : Scheduled Transfer T1113 : Screen Capture T1597 : Search Closed Sources T1596 : Search Open Technical Databases T1593 : Search Open Websites/Domains T1594 : Search Victim-Owned Websites T1505 : Server Software Component T1648 : Serverless Execution T1489 : Service Stop T1129 : Shared Modules T1072 : Software Deployment Tools T1518 : Software Discovery T1608 : Stage Capabilities T1528 : Steal Application Access Token T1649 : Steal or Forge Authentication Certificates T1558 : Steal or Forge Kerberos Tickets T1539 : Steal Web Session Cookie T1553 : Subvert Trust Controls T1195 : Supply Chain Compromise T1218 : System Binary Proxy Execution T1082 : System Information Discovery T1614 : System Location Discovery T1016 : System Network Configuration Discovery T1049 : System Network Connections Discovery T1033 : System Owner/User Discovery T1216 : System Script Proxy Execution T1007 : System Service Discovery T1569 : System Services T1529 : System Shutdown/Reboot T1124 : System Time Discovery T1080 : Taint Shared Content T1221 : Template Injection T1205 : Traffic Signaling T1537 : Transfer Data to Cloud Account T1127 : Trusted Developer Utilities Proxy Execution T1199 : Trusted Relationship T1552 : Unsecured Credentials T1535 : Unused/Unsupported Cloud Regions T1550 : Use Alternate Authentication Material T1204 : User Execution T1078 : Valid Accounts T1125 : Video Capture T1497 : Virtualization/Sandbox Evasion T1600 : Weaken Encryption T1102 : Web Service T1047 : Windows Management Instrumentation T1220 : XSL Script Processing     ","T1577, T1404, T1643, T1628, T1630, T1655, T1406","Here are the MITRE ATT&CK techniques identified in the text, along with explanations:

* **T1583: Acquire Infrastructure** -  Agent Smith uses a weaponized version of a legitimate Feng Shui Bundle as a dropper to spread itself. This suggests acquiring and utilizing infrastructure (the dropper) for malicious purposes. 
* **T1020: Automated Exfiltration** - The malware generates revenue by displaying fraudulent ads, implying that it might be exfiltrating data about user activity or browsing habits to advertisers.  The text also mentions ""Data Staged"" (T1074), further supporting this.

* **T1584: Compromise Infrastructure** - As Agent Smith is a malware designed for widespread distribution and financial gain, the infection of a large number of devices could be considered compromising infrastructure.

* **T1560: Archive Collected Data** -  The text mentions ""Archive Collected Data"" (T1560), suggesting that collected user data might be stored in archived formats.
* **T1592: Gather Victim Host Information**, **T1590: Gather Victim Network Information** - The malware's ability to impersonate legitimate apps and its potential for exfiltrating user information indicate that it likely gathers information about the infected device (host) and the network it connects to.

* **T1078: Valid Accounts** -  Agent Smith can replace legitimate applications with malicious ones, potentially exploiting valid accounts on infected devices.
* **T1562: Impair Defenses**- The malware hides its icon from application launchers and deletes update packages for infected apps to evade detection and prevent patching.


 **Main Technique IDs:** T1583, T1020, T1584, T1560, T1592, T1590, T1078, T1562"
9,"Extract all MITRE Enterprise attack patterns from the following text and map them to their corresponding MITRE technique IDs. Provide reasoning for each identification. Ensure the final line contains only the IDs for the main techniques, separated by commas, excluding any subtechnique IDs. MITRE Enterprise IDs are given below as reference.  **Text:** Agent Tesla is a spyware Trojan built on the .NET framework, active since at least 2014. It is capable of collecting account information from the victim’s machine and has been observed using HTTP for command and control (C2) communications. Agent Tesla can encrypt data using the 3DES algorithm before transmitting it to a C2 server. To establish persistence, it adds itself to the system Registry as a startup program. The Trojan can perform form-grabbing to capture data from web forms and is also capable of stealing data from the victim’s clipboard. Additionally, Agent Tesla can extract credentials from FTP clients and wireless profiles. It has the ability to decrypt strings that have been encrypted using the Rijndael symmetric encryption algorithm.  **List of All MITRE Enterprise technique IDs** ID    : Name T1548 : Abuse Elevation Control Mechanism T1134 : Access Token Manipulation T1531 : Account Access Removal T1087 : Account Discovery T1098 : Account Manipulation T1650 : Acquire Access T1583 : Acquire Infrastructure T1595 : Active Scanning T1557 : Adversary-in-the-Middle T1071 : Application Layer Protocol T1010 : Application Window Discovery T1560 : Archive Collected Data T1123 : Audio Capture T1119 : Automated Collection T1020 : Automated Exfiltration T1197 : BITS Jobs T1547 : Boot or Logon Autostart Execution T1037 : Boot or Logon Initialization Scripts T1176 : Browser Extensions T1217 : Browser Information Discovery T1185 : Browser Session Hijacking T1110 : Brute Force T1612 : Build Image on Host T1115 : Clipboard Data T1651 : Cloud Administration Command T1580 : Cloud Infrastructure Discovery T1538 : Cloud Service Dashboard T1526 : Cloud Service Discovery T1619 : Cloud Storage Object Discovery T1059 : Command and Scripting Interpreter T1092 : Communication Through Removable Media T1586 : Compromise Accounts T1554 : Compromise Host Software Binary T1584 : Compromise Infrastructure T1609 : Container Administration Command T1613 : Container and Resource Discovery T1659 : Content Injection T1136 : Create Account T1543 : Create or Modify System Process T1555 : Credentials from Password Stores T1485 : Data Destruction T1132 : Data Encoding T1486 : Data Encrypted for Impact T1530 : Data from Cloud Storage T1602 : Data from Configuration Repository T1213 : Data from Information Repositories T1005 : Data from Local System T1039 : Data from Network Shared Drive T1025 : Data from Removable Media T1565 : Data Manipulation T1001 : Data Obfuscation T1074 : Data Staged T1030 : Data Transfer Size Limits T1622 : Debugger Evasion T1491 : Defacement T1140 : Deobfuscate/Decode Files or Information T1610 : Deploy Container T1587 : Develop Capabilities T1652 : Device Driver Discovery T1006 : Direct Volume Access T1561 : Disk Wipe T1484 : Domain or Tenant Policy Modification T1482 : Domain Trust Discovery T1189 : Drive-by Compromise T1568 : Dynamic Resolution T1114 : Email Collection T1573 : Encrypted Channel T1499 : Endpoint Denial of Service T1611 : Escape to Host T1585 : Establish Accounts T1546 : Event Triggered Execution T1480 : Execution Guardrails T1048 : Exfiltration Over Alternative Protocol T1041 : Exfiltration Over C2 Channel T1011 : Exfiltration Over Other Network Medium T1052 : Exfiltration Over Physical Medium T1567 : Exfiltration Over Web Service T1190 : Exploit Public-Facing Application T1203 : Exploitation for Client Execution T1212 : Exploitation for Credential Access T1211 : Exploitation for Defense Evasion T1068 : Exploitation for Privilege Escalation T1210 : Exploitation of Remote Services T1133 : External Remote Services T1008 : Fallback Channels T1083 : File and Directory Discovery T1222 : File and Directory Permissions Modification T1657 : Financial Theft T1495 : Firmware Corruption T1187 : Forced Authentication T1606 : Forge Web Credentials T1592 : Gather Victim Host Information T1589 : Gather Victim Identity Information T1590 : Gather Victim Network Information T1591 : Gather Victim Org Information T1615 : Group Policy Discovery T1200 : Hardware Additions T1564 : Hide Artifacts T1665 : Hide Infrastructure T1574 : Hijack Execution Flow T1562 : Impair Defenses T1656 : Impersonation T1525 : Implant Internal Image T1070 : Indicator Removal T1202 : Indirect Command Execution T1105 : Ingress Tool Transfer T1490 : Inhibit System Recovery T1056 : Input Capture T1559 : Inter-Process Communication T1534 : Internal Spearphishing T1570 : Lateral Tool Transfer T1654 : Log Enumeration T1036 : Masquerading T1556 : Modify Authentication Process T1578 : Modify Cloud Compute Infrastructure T1112 : Modify Registry T1601 : Modify System Image T1111 : Multi-Factor Authentication Interception T1621 : Multi-Factor Authentication Request Generation T1104 : Multi-Stage Channels T1106 : Native API T1599 : Network Boundary Bridging T1498 : Network Denial of Service T1046 : Network Service Discovery T1135 : Network Share Discovery T1040 : Network Sniffing T1095 : Non-Application Layer Protocol T1571 : Non-Standard Port T1027 : Obfuscated Files or Information T1588 : Obtain Capabilities T1137 : Office Application Startup T1003 : OS Credential Dumping T1201 : Password Policy Discovery T1120 : Peripheral Device Discovery T1069 : Permission Groups Discovery T1566 : Phishing T1598 : Phishing for Information T1647 : Plist File Modification T1653 : Power Settings T1542 : Pre-OS Boot T1057 : Process Discovery T1055 : Process Injection T1572 : Protocol Tunneling T1090 : Proxy T1012 : Query Registry T1620 : Reflective Code Loading T1219 : Remote Access Software T1563 : Remote Service Session Hijacking T1021 : Remote Services T1018 : Remote System Discovery T1091 : Replication Through Removable Media T1496 : Resource Hijacking T1207 : Rogue Domain Controller T1014 : Rootkit T1053 : Scheduled Task/Job T1029 : Scheduled Transfer T1113 : Screen Capture T1597 : Search Closed Sources T1596 : Search Open Technical Databases T1593 : Search Open Websites/Domains T1594 : Search Victim-Owned Websites T1505 : Server Software Component T1648 : Serverless Execution T1489 : Service Stop T1129 : Shared Modules T1072 : Software Deployment Tools T1518 : Software Discovery T1608 : Stage Capabilities T1528 : Steal Application Access Token T1649 : Steal or Forge Authentication Certificates T1558 : Steal or Forge Kerberos Tickets T1539 : Steal Web Session Cookie T1553 : Subvert Trust Controls T1195 : Supply Chain Compromise T1218 : System Binary Proxy Execution T1082 : System Information Discovery T1614 : System Location Discovery T1016 : System Network Configuration Discovery T1049 : System Network Connections Discovery T1033 : System Owner/User Discovery T1216 : System Script Proxy Execution T1007 : System Service Discovery T1569 : System Services T1529 : System Shutdown/Reboot T1124 : System Time Discovery T1080 : Taint Shared Content T1221 : Template Injection T1205 : Traffic Signaling T1537 : Transfer Data to Cloud Account T1127 : Trusted Developer Utilities Proxy Execution T1199 : Trusted Relationship T1552 : Unsecured Credentials T1535 : Unused/Unsupported Cloud Regions T1550 : Use Alternate Authentication Material T1204 : User Execution T1078 : Valid Accounts T1125 : Video Capture T1497 : Virtualization/Sandbox Evasion T1600 : Weaken Encryption T1102 : Web Service T1047 : Windows Management Instrumentation T1220 : XSL Script Processing     ","T1087, T1071, T1560, T1547, T1185, T1115, T1555, T1140","Here's a breakdown of the MITRE ATT&CK techniques present in the text, along with explanations:

* **T1547 : Boot or Logon Autostart Execution:** Agent Tesla adds itself to the system Registry as a startup program, indicating its use for persistence. 

* **T1087 : Account Discovery:**  The malware can gather account information from the victim's machine.
* **T1098 : Account Manipulation:** It steals credentials from FTP clients and wireless profiles, suggesting manipulation of user accounts.
* **T1583 : Acquire Infrastructure:** Agent Tesla uses HTTP for command and control (C2) communications, implying it seeks to establish a connection with its infrastructure. 

* **T1071 : Application Layer Protocol:** The use of HTTP for C2 communication falls under this category.
* **T1059 : Command and Scripting Interpreter:**  The malware might utilize the victim's operating system's interpreter to execute commands or scripts.
* **T1041 : Exfiltration Over C2 Channel:** Agent Tesla transmits stolen data to a C2 server via HTTP, indicating exfiltration through its established communication channel. 
* **T1136 : Create Account:**  It has the capability to steal credentials and potentially create new accounts using them.
* **T1557 : Adversary-in-the-Middle:** While not explicitly stated, Agent Tesla's ability to capture web form data suggests it could be used in an MITM attack.

* **T1132 : Data Encoding:**  The malware encrypts data using 3DES before transmission, encoding sensitive information.
* **T1056 : Input Capture:** It can steal clipboard data, capturing user input.
* **T1025 : Data from Removable Media:** The Trojan could potentially retrieve data from removable drives attached to the victim's machine.

**Main Technique IDs:** T1547, T1087, T1098, T1583, T1071, T1059, T1041, T1136, T1132, T1056, T1025. 


Let me know if you'd like a deeper dive into any specific technique or have other cybersecurity-related questions!"
10,"Extract all MITRE Enterprise attack patterns from the following text and map them to their corresponding MITRE technique IDs. Provide reasoning for each identification. Ensure the final line contains only the IDs for the main techniques, separated by commas, excluding any subtechnique IDs. MITRE Enterprise IDs are given below as reference.  **Text:** Agent.btz is a worm known for spreading primarily through removable devices like USB drives. It gained notoriety for infecting U.S. military networks in 2008. The worm gathers system information and saves it in an XML file, which is then XOR-encoded for obfuscation. On any connected USB flash drive, Agent.btz creates a file named ""thumb.dd"" that contains details about the infected system and activity logs. The worm also attempts to download an encrypted binary from a specified domain. To propagate itself, Agent.btz drops a copy of itself onto removable media and creates an autorun.inf file that instructs the system to execute the malware when the device is inserted into another computer. Additionally, Agent.btz collects network-related information, including the IP and MAC addresses of the network adapter, as well as IP addresses for the default gateway, WINS, DHCP, and DNS servers, and saves this data into a log file. The worm also records the victim's username and stores it in a separate file.  **List of All MITRE Enterprise technique IDs** ID    : Name T1548 : Abuse Elevation Control Mechanism T1134 : Access Token Manipulation T1531 : Account Access Removal T1087 : Account Discovery T1098 : Account Manipulation T1650 : Acquire Access T1583 : Acquire Infrastructure T1595 : Active Scanning T1557 : Adversary-in-the-Middle T1071 : Application Layer Protocol T1010 : Application Window Discovery T1560 : Archive Collected Data T1123 : Audio Capture T1119 : Automated Collection T1020 : Automated Exfiltration T1197 : BITS Jobs T1547 : Boot or Logon Autostart Execution T1037 : Boot or Logon Initialization Scripts T1176 : Browser Extensions T1217 : Browser Information Discovery T1185 : Browser Session Hijacking T1110 : Brute Force T1612 : Build Image on Host T1115 : Clipboard Data T1651 : Cloud Administration Command T1580 : Cloud Infrastructure Discovery T1538 : Cloud Service Dashboard T1526 : Cloud Service Discovery T1619 : Cloud Storage Object Discovery T1059 : Command and Scripting Interpreter T1092 : Communication Through Removable Media T1586 : Compromise Accounts T1554 : Compromise Host Software Binary T1584 : Compromise Infrastructure T1609 : Container Administration Command T1613 : Container and Resource Discovery T1659 : Content Injection T1136 : Create Account T1543 : Create or Modify System Process T1555 : Credentials from Password Stores T1485 : Data Destruction T1132 : Data Encoding T1486 : Data Encrypted for Impact T1530 : Data from Cloud Storage T1602 : Data from Configuration Repository T1213 : Data from Information Repositories T1005 : Data from Local System T1039 : Data from Network Shared Drive T1025 : Data from Removable Media T1565 : Data Manipulation T1001 : Data Obfuscation T1074 : Data Staged T1030 : Data Transfer Size Limits T1622 : Debugger Evasion T1491 : Defacement T1140 : Deobfuscate/Decode Files or Information T1610 : Deploy Container T1587 : Develop Capabilities T1652 : Device Driver Discovery T1006 : Direct Volume Access T1561 : Disk Wipe T1484 : Domain or Tenant Policy Modification T1482 : Domain Trust Discovery T1189 : Drive-by Compromise T1568 : Dynamic Resolution T1114 : Email Collection T1573 : Encrypted Channel T1499 : Endpoint Denial of Service T1611 : Escape to Host T1585 : Establish Accounts T1546 : Event Triggered Execution T1480 : Execution Guardrails T1048 : Exfiltration Over Alternative Protocol T1041 : Exfiltration Over C2 Channel T1011 : Exfiltration Over Other Network Medium T1052 : Exfiltration Over Physical Medium T1567 : Exfiltration Over Web Service T1190 : Exploit Public-Facing Application T1203 : Exploitation for Client Execution T1212 : Exploitation for Credential Access T1211 : Exploitation for Defense Evasion T1068 : Exploitation for Privilege Escalation T1210 : Exploitation of Remote Services T1133 : External Remote Services T1008 : Fallback Channels T1083 : File and Directory Discovery T1222 : File and Directory Permissions Modification T1657 : Financial Theft T1495 : Firmware Corruption T1187 : Forced Authentication T1606 : Forge Web Credentials T1592 : Gather Victim Host Information T1589 : Gather Victim Identity Information T1590 : Gather Victim Network Information T1591 : Gather Victim Org Information T1615 : Group Policy Discovery T1200 : Hardware Additions T1564 : Hide Artifacts T1665 : Hide Infrastructure T1574 : Hijack Execution Flow T1562 : Impair Defenses T1656 : Impersonation T1525 : Implant Internal Image T1070 : Indicator Removal T1202 : Indirect Command Execution T1105 : Ingress Tool Transfer T1490 : Inhibit System Recovery T1056 : Input Capture T1559 : Inter-Process Communication T1534 : Internal Spearphishing T1570 : Lateral Tool Transfer T1654 : Log Enumeration T1036 : Masquerading T1556 : Modify Authentication Process T1578 : Modify Cloud Compute Infrastructure T1112 : Modify Registry T1601 : Modify System Image T1111 : Multi-Factor Authentication Interception T1621 : Multi-Factor Authentication Request Generation T1104 : Multi-Stage Channels T1106 : Native API T1599 : Network Boundary Bridging T1498 : Network Denial of Service T1046 : Network Service Discovery T1135 : Network Share Discovery T1040 : Network Sniffing T1095 : Non-Application Layer Protocol T1571 : Non-Standard Port T1027 : Obfuscated Files or Information T1588 : Obtain Capabilities T1137 : Office Application Startup T1003 : OS Credential Dumping T1201 : Password Policy Discovery T1120 : Peripheral Device Discovery T1069 : Permission Groups Discovery T1566 : Phishing T1598 : Phishing for Information T1647 : Plist File Modification T1653 : Power Settings T1542 : Pre-OS Boot T1057 : Process Discovery T1055 : Process Injection T1572 : Protocol Tunneling T1090 : Proxy T1012 : Query Registry T1620 : Reflective Code Loading T1219 : Remote Access Software T1563 : Remote Service Session Hijacking T1021 : Remote Services T1018 : Remote System Discovery T1091 : Replication Through Removable Media T1496 : Resource Hijacking T1207 : Rogue Domain Controller T1014 : Rootkit T1053 : Scheduled Task/Job T1029 : Scheduled Transfer T1113 : Screen Capture T1597 : Search Closed Sources T1596 : Search Open Technical Databases T1593 : Search Open Websites/Domains T1594 : Search Victim-Owned Websites T1505 : Server Software Component T1648 : Serverless Execution T1489 : Service Stop T1129 : Shared Modules T1072 : Software Deployment Tools T1518 : Software Discovery T1608 : Stage Capabilities T1528 : Steal Application Access Token T1649 : Steal or Forge Authentication Certificates T1558 : Steal or Forge Kerberos Tickets T1539 : Steal Web Session Cookie T1553 : Subvert Trust Controls T1195 : Supply Chain Compromise T1218 : System Binary Proxy Execution T1082 : System Information Discovery T1614 : System Location Discovery T1016 : System Network Configuration Discovery T1049 : System Network Connections Discovery T1033 : System Owner/User Discovery T1216 : System Script Proxy Execution T1007 : System Service Discovery T1569 : System Services T1529 : System Shutdown/Reboot T1124 : System Time Discovery T1080 : Taint Shared Content T1221 : Template Injection T1205 : Traffic Signaling T1537 : Transfer Data to Cloud Account T1127 : Trusted Developer Utilities Proxy Execution T1199 : Trusted Relationship T1552 : Unsecured Credentials T1535 : Unused/Unsupported Cloud Regions T1550 : Use Alternate Authentication Material T1204 : User Execution T1078 : Valid Accounts T1125 : Video Capture T1497 : Virtualization/Sandbox Evasion T1600 : Weaken Encryption T1102 : Web Service T1047 : Windows Management Instrumentation T1220 : XSL Script Processing     ","T1560, T1052, T1105, T1091, T1016, T1033","Here's a breakdown of the MITRE ATT&CK techniques present in the text:

* **T1590: Gather Victim Network Information:** Agent.btz collects IP addresses of network adapters, default gateway, WINS, DHCP, and DNS servers. 
* **T1087: Account Discovery:** The worm gathers system information which likely includes user accounts present on the infected machine.
* **T1592: Gather Victim Identity Information:** Agent.btz records the victim's username.
* **T1092: Communication Through Removable Media:**  Agent.btz propagates itself through USB drives, using them for communication. 
* **T1546: Event Triggered Execution:** Agent.btz leverages autorun.inf files to execute when a USB drive is inserted, demonstrating an event-triggered execution mechanism.
* **T1123: Audio Capture:** While not explicitly stated, worms like this often employ various system monitoring techniques which could include audio capture. 
* **T1059: Command and Scripting Interpreter:** Agent.btz likely utilizes scripting or command line tools for tasks like downloading malware and collecting information.
* **T1562: Impair Defenses:** By spreading through removable media and potentially disabling security software, Agent.btz aims to weaken the system's defenses.


**Final Line:** T1590, T1087, T1592, T1092, T1546, T1123, T1059, T1562"
11,"Extract all MITRE Mobile attack patterns from the following text and map them to their corresponding MITRE technique IDs. Provide reasoning for each identification. Ensure the final line contains only the IDs for the main techniques, separated by commas, excluding any subtechnique IDs. MITRE Mobile IDs are given below as reference.  **Text:** AhRat is an Android remote access tool (RAT) derived from the open-source AhMyth RAT. It began spreading in August 2022 through an update to the previously benign app ""iRecorder – Screen Recorder,"" which was originally released on the Google Play Store in September 2021. AhRat is capable of communicating with its command and control (C2) server via HTTPS requests. It can record audio using the device’s microphone and register with the BOOT_COMPLETED broadcast to start automatically when the device is powered on. AhRat can search for and exfiltrate files with specific extensions, such as .jpg, .mp4, .html, .docx, and .pdf, as well as enumerate files stored on external storage. Additionally, it can register with the CONNECTIVITY_CHANGE and WIFI_STATE_CHANGED broadcast events to trigger further functionality. The malware can also track the device's location and exfiltrate collected data, including audio recordings and files, to the C2 server.  **List of All MITRE Mobile technique IDs** ID    : Name T1626 : Abuse Elevation Control Mechanism T1517 : Access Notifications T1640 : Account Access Removal T1638 : Adversary-in-the-Middle T1437 : Application Layer Protocol T1661 : Application Versioning T1532 : Archive Collected Data T1429 : Audio Capture T1398 : Boot or Logon Initialization Scripts T1616 : Call Control T1414 : Clipboard Data T1623 : Command and Scripting Interpreter T1577 : Compromise Application Executable T1645 : Compromise Client Software Binary T1634 : Credentials from Password Store T1662 : Data Destruction T1471 : Data Encrypted for Impact T1533 : Data from Local System T1641 : Data Manipulation T1407 : Download New Code at Runtime T1456 : Drive-By Compromise T1637 : Dynamic Resolution T1521 : Encrypted Channel T1642 : Endpoint Denial of Service T1624 : Event Triggered Execution T1627 : Execution Guardrails T1639 : Exfiltration Over Alternative Protocol T1646 : Exfiltration Over C2 Channel T1658 : Exploitation for Client Execution T1664 : Exploitation for Initial Access T1404 : Exploitation for Privilege Escalation T1428 : Exploitation of Remote Services T1420 : File and Directory Discovery T1541 : Foreground Persistence T1643 : Generate Traffic from Victim T1628 : Hide Artifacts T1625 : Hijack Execution Flow T1617 : Hooking T1629 : Impair Defenses T1630 : Indicator Removal on Host T1544 : Ingress Tool Transfer T1417 : Input Capture T1516 : Input Injection T1430 : Location Tracking T1461 : Lockscreen Bypass T1655 : Masquerading T1575 : Native API T1464 : Network Denial of Service T1423 : Network Service Scanning T1509 : Non-Standard Port T1406 : Obfuscated Files or Information T1644 : Out of Band Data T1660 : Phishing T1424 : Process Discovery T1631 : Process Injection T1636 : Protected User Data T1604 : Proxy Through Victim T1663 : Remote Access Software T1458 : Replication Through Removable Media T1603 : Scheduled Task/Job T1513 : Screen Capture T1582 : SMS Control T1418 : Software Discovery T1635 : Steal Application Access Token T1409 : Stored Application Data T1632 : Subvert Trust Controls T1474 : Supply Chain Compromise T1426 : System Information Discovery T1422 : System Network Configuration Discovery T1421 : System Network Connections Discovery T1512 : Video Capture T1633 : Virtualization/Sandbox Evasion T1481 : Web Service     ","T1437, T1429, T1398, T1533, T1521, T1624, T1646, T1420, T1430","Here's a breakdown of the MITRE Mobile attack patterns found in the text and their corresponding IDs:

* **T1577: Compromise Application Executable:** AhRat is derived from an open-source RAT, implying it has been modified to introduce malicious functionality within a seemingly legitimate application.
* **T1429: Audio Capture:**  AhRat can record audio using the device’s microphone. 
* **T1398: Boot or Logon Initialization Scripts:** AhRat registers with the BOOT_COMPLETED broadcast to start automatically when the device is powered on.
* **T1471: Data Encrypted for Impact:** While not explicitly stated, malware like AhRat often encrypts stolen data before exfiltration for increased security and obfuscation.
* **T1533: Data from Local System:** AhRat can search for and exfiltrate files with specific extensions from the device's storage.
* **T1642: Endpoint Denial of Service:** Although not directly mentioned, malware like AhRat could potentially cause denial-of-service conditions by consuming system resources or interfering with essential processes.
* **T1407: Download New Code at Runtime:**  RATs often have the capability to download additional malicious code to enhance their functionality. 
* **T1420: File and Directory Discovery:** AhRat can search for and enumerate files stored on external storage.
* **T1639: Exfiltration Over Alternative Protocol:** AhRat communicates with its C2 server via HTTPS requests, which is a more covert alternative to using traditional protocols like HTTP.
* **T1646: Exfiltration Over C2 Channel:** The malware exfiltrates collected data, including audio recordings and files, to the C2 server. 


**Main Techniques:** T1577, T1429, T1398, T1471, T1533, T1642, T1407, T1420, T1639, T1646"
12,"Extract all MITRE Mobile attack patterns from the following text and map them to their corresponding MITRE technique IDs. Provide reasoning for each identification. Ensure the final line contains only the IDs for the main techniques, separated by commas, excluding any subtechnique IDs. MITRE Mobile IDs are given below as reference.  **Text:** Allwinner is a company that provides processors for Android tablets and various other devices. A Linux kernel distributed by Allwinner for these devices reportedly contained a simple backdoor that could be exploited to gain root access. It is believed that this backdoor was unintentionally left in the kernel by its developers.  **List of All MITRE Mobile technique IDs** ID    : Name T1626 : Abuse Elevation Control Mechanism T1517 : Access Notifications T1640 : Account Access Removal T1638 : Adversary-in-the-Middle T1437 : Application Layer Protocol T1661 : Application Versioning T1532 : Archive Collected Data T1429 : Audio Capture T1398 : Boot or Logon Initialization Scripts T1616 : Call Control T1414 : Clipboard Data T1623 : Command and Scripting Interpreter T1577 : Compromise Application Executable T1645 : Compromise Client Software Binary T1634 : Credentials from Password Store T1662 : Data Destruction T1471 : Data Encrypted for Impact T1533 : Data from Local System T1641 : Data Manipulation T1407 : Download New Code at Runtime T1456 : Drive-By Compromise T1637 : Dynamic Resolution T1521 : Encrypted Channel T1642 : Endpoint Denial of Service T1624 : Event Triggered Execution T1627 : Execution Guardrails T1639 : Exfiltration Over Alternative Protocol T1646 : Exfiltration Over C2 Channel T1658 : Exploitation for Client Execution T1664 : Exploitation for Initial Access T1404 : Exploitation for Privilege Escalation T1428 : Exploitation of Remote Services T1420 : File and Directory Discovery T1541 : Foreground Persistence T1643 : Generate Traffic from Victim T1628 : Hide Artifacts T1625 : Hijack Execution Flow T1617 : Hooking T1629 : Impair Defenses T1630 : Indicator Removal on Host T1544 : Ingress Tool Transfer T1417 : Input Capture T1516 : Input Injection T1430 : Location Tracking T1461 : Lockscreen Bypass T1655 : Masquerading T1575 : Native API T1464 : Network Denial of Service T1423 : Network Service Scanning T1509 : Non-Standard Port T1406 : Obfuscated Files or Information T1644 : Out of Band Data T1660 : Phishing T1424 : Process Discovery T1631 : Process Injection T1636 : Protected User Data T1604 : Proxy Through Victim T1663 : Remote Access Software T1458 : Replication Through Removable Media T1603 : Scheduled Task/Job T1513 : Screen Capture T1582 : SMS Control T1418 : Software Discovery T1635 : Steal Application Access Token T1409 : Stored Application Data T1632 : Subvert Trust Controls T1474 : Supply Chain Compromise T1426 : System Information Discovery T1422 : System Network Configuration Discovery T1421 : System Network Connections Discovery T1512 : Video Capture T1633 : Virtualization/Sandbox Evasion T1481 : Web Service     ",T1474,"Here's a breakdown of the MITRE Mobile attack patterns present in the text and their corresponding IDs:

* **T1404 : Exploitation for Privilege Escalation:** The text mentions a backdoor in the Linux kernel that allows for ""root access."" This implies an exploitation vulnerability used to gain elevated privileges beyond what a normal user would have.
* **T1577 : Compromise Application Executable:** While not explicitly stated, the existence of a backdoor suggests a compromised application or system component (the kernel itself) was involved in allowing unauthorized access. 

**Main technique IDs:** T1404, T1577"
13,"Extract all MITRE Enterprise attack patterns from the following text and map them to their corresponding MITRE technique IDs. Provide reasoning for each identification. Ensure the final line contains only the IDs for the main techniques, separated by commas, excluding any subtechnique IDs. MITRE Enterprise IDs are given below as reference.  **Text:** Amadey is a Trojan bot that has been active since at least October 2018. It communicates with its command and control (C2) servers via HTTP and uses fast flux DNS to evade detection. Amadey can collect information from compromised hosts and send the data to its C2 servers. To maintain persistence, it overwrites registry keys, changing the Startup folder to the one containing its executable. Amadey is capable of decoding antivirus name strings and searching for folders associated with antivirus software. Additionally, it can download and execute files to further infect the host machine with additional malware. The Trojan employs various Windows API calls, such as GetComputerNameA, GetUserNameA, and CreateProcessA, and obfuscates strings related to antivirus vendors, domains, and files to avoid detection.  **List of All MITRE Enterprise technique IDs** ID    : Name T1548 : Abuse Elevation Control Mechanism T1134 : Access Token Manipulation T1531 : Account Access Removal T1087 : Account Discovery T1098 : Account Manipulation T1650 : Acquire Access T1583 : Acquire Infrastructure T1595 : Active Scanning T1557 : Adversary-in-the-Middle T1071 : Application Layer Protocol T1010 : Application Window Discovery T1560 : Archive Collected Data T1123 : Audio Capture T1119 : Automated Collection T1020 : Automated Exfiltration T1197 : BITS Jobs T1547 : Boot or Logon Autostart Execution T1037 : Boot or Logon Initialization Scripts T1176 : Browser Extensions T1217 : Browser Information Discovery T1185 : Browser Session Hijacking T1110 : Brute Force T1612 : Build Image on Host T1115 : Clipboard Data T1651 : Cloud Administration Command T1580 : Cloud Infrastructure Discovery T1538 : Cloud Service Dashboard T1526 : Cloud Service Discovery T1619 : Cloud Storage Object Discovery T1059 : Command and Scripting Interpreter T1092 : Communication Through Removable Media T1586 : Compromise Accounts T1554 : Compromise Host Software Binary T1584 : Compromise Infrastructure T1609 : Container Administration Command T1613 : Container and Resource Discovery T1659 : Content Injection T1136 : Create Account T1543 : Create or Modify System Process T1555 : Credentials from Password Stores T1485 : Data Destruction T1132 : Data Encoding T1486 : Data Encrypted for Impact T1530 : Data from Cloud Storage T1602 : Data from Configuration Repository T1213 : Data from Information Repositories T1005 : Data from Local System T1039 : Data from Network Shared Drive T1025 : Data from Removable Media T1565 : Data Manipulation T1001 : Data Obfuscation T1074 : Data Staged T1030 : Data Transfer Size Limits T1622 : Debugger Evasion T1491 : Defacement T1140 : Deobfuscate/Decode Files or Information T1610 : Deploy Container T1587 : Develop Capabilities T1652 : Device Driver Discovery T1006 : Direct Volume Access T1561 : Disk Wipe T1484 : Domain or Tenant Policy Modification T1482 : Domain Trust Discovery T1189 : Drive-by Compromise T1568 : Dynamic Resolution T1114 : Email Collection T1573 : Encrypted Channel T1499 : Endpoint Denial of Service T1611 : Escape to Host T1585 : Establish Accounts T1546 : Event Triggered Execution T1480 : Execution Guardrails T1048 : Exfiltration Over Alternative Protocol T1041 : Exfiltration Over C2 Channel T1011 : Exfiltration Over Other Network Medium T1052 : Exfiltration Over Physical Medium T1567 : Exfiltration Over Web Service T1190 : Exploit Public-Facing Application T1203 : Exploitation for Client Execution T1212 : Exploitation for Credential Access T1211 : Exploitation for Defense Evasion T1068 : Exploitation for Privilege Escalation T1210 : Exploitation of Remote Services T1133 : External Remote Services T1008 : Fallback Channels T1083 : File and Directory Discovery T1222 : File and Directory Permissions Modification T1657 : Financial Theft T1495 : Firmware Corruption T1187 : Forced Authentication T1606 : Forge Web Credentials T1592 : Gather Victim Host Information T1589 : Gather Victim Identity Information T1590 : Gather Victim Network Information T1591 : Gather Victim Org Information T1615 : Group Policy Discovery T1200 : Hardware Additions T1564 : Hide Artifacts T1665 : Hide Infrastructure T1574 : Hijack Execution Flow T1562 : Impair Defenses T1656 : Impersonation T1525 : Implant Internal Image T1070 : Indicator Removal T1202 : Indirect Command Execution T1105 : Ingress Tool Transfer T1490 : Inhibit System Recovery T1056 : Input Capture T1559 : Inter-Process Communication T1534 : Internal Spearphishing T1570 : Lateral Tool Transfer T1654 : Log Enumeration T1036 : Masquerading T1556 : Modify Authentication Process T1578 : Modify Cloud Compute Infrastructure T1112 : Modify Registry T1601 : Modify System Image T1111 : Multi-Factor Authentication Interception T1621 : Multi-Factor Authentication Request Generation T1104 : Multi-Stage Channels T1106 : Native API T1599 : Network Boundary Bridging T1498 : Network Denial of Service T1046 : Network Service Discovery T1135 : Network Share Discovery T1040 : Network Sniffing T1095 : Non-Application Layer Protocol T1571 : Non-Standard Port T1027 : Obfuscated Files or Information T1588 : Obtain Capabilities T1137 : Office Application Startup T1003 : OS Credential Dumping T1201 : Password Policy Discovery T1120 : Peripheral Device Discovery T1069 : Permission Groups Discovery T1566 : Phishing T1598 : Phishing for Information T1647 : Plist File Modification T1653 : Power Settings T1542 : Pre-OS Boot T1057 : Process Discovery T1055 : Process Injection T1572 : Protocol Tunneling T1090 : Proxy T1012 : Query Registry T1620 : Reflective Code Loading T1219 : Remote Access Software T1563 : Remote Service Session Hijacking T1021 : Remote Services T1018 : Remote System Discovery T1091 : Replication Through Removable Media T1496 : Resource Hijacking T1207 : Rogue Domain Controller T1014 : Rootkit T1053 : Scheduled Task/Job T1029 : Scheduled Transfer T1113 : Screen Capture T1597 : Search Closed Sources T1596 : Search Open Technical Databases T1593 : Search Open Websites/Domains T1594 : Search Victim-Owned Websites T1505 : Server Software Component T1648 : Serverless Execution T1489 : Service Stop T1129 : Shared Modules T1072 : Software Deployment Tools T1518 : Software Discovery T1608 : Stage Capabilities T1528 : Steal Application Access Token T1649 : Steal or Forge Authentication Certificates T1558 : Steal or Forge Kerberos Tickets T1539 : Steal Web Session Cookie T1553 : Subvert Trust Controls T1195 : Supply Chain Compromise T1218 : System Binary Proxy Execution T1082 : System Information Discovery T1614 : System Location Discovery T1016 : System Network Configuration Discovery T1049 : System Network Connections Discovery T1033 : System Owner/User Discovery T1216 : System Script Proxy Execution T1007 : System Service Discovery T1569 : System Services T1529 : System Shutdown/Reboot T1124 : System Time Discovery T1080 : Taint Shared Content T1221 : Template Injection T1205 : Traffic Signaling T1537 : Transfer Data to Cloud Account T1127 : Trusted Developer Utilities Proxy Execution T1199 : Trusted Relationship T1552 : Unsecured Credentials T1535 : Unused/Unsupported Cloud Regions T1550 : Use Alternate Authentication Material T1204 : User Execution T1078 : Valid Accounts T1125 : Video Capture T1497 : Virtualization/Sandbox Evasion T1600 : Weaken Encryption T1102 : Web Service T1047 : Windows Management Instrumentation T1220 : XSL Script Processing     ","T1071, T1547, T1005, T1140, T1568, T1041, T1083, T1105, T1112, T1106, T1027","Here's a breakdown of the MITRE ATT&CK techniques present in the text, along with explanations:

* **T1583 (Acquire Infrastructure):** Amadey uses fast flux DNS to evade detection. This suggests it establishes infrastructure for its command and control (C2) servers, allowing it to operate across different locations.
* **T1584 (Compromise Infrastructure):**  Fast flux DNS itself can be a method of compromising infrastructure by obscuring the true location of C2 servers. 
* **T1547 (Boot or Logon Autostart Execution):** Amadey overwrites registry keys to make sure it starts automatically when the system boots or logs on, demonstrating persistence.
* **T1087 (Account Discovery):** By attempting to decode antivirus names and searching for antivirus folders, Amadey actively looks for information about user accounts and security software.
* **T1560 (Archive Collected Data):** The text mentions that Amadey collects information from compromised hosts and sends it to its C2 servers, implying data archiving for later analysis.
* **T1197 (BITS Jobs):**  This technique is used to exfiltrate data by leveraging Windows Background Intelligent Transfer Service (BITS) jobs, which are often overlooked security-wise. While not explicitly stated, Amadey's data transfer methods might involve BITS. 
* **T1041 (Exfiltration Over C2 Channel):**  Amadey uses HTTP to communicate with its C2 servers for command and control. This communication channel is likely used to exfiltrate the collected data.
* **T1071 (Application Layer Protocol):** Amadey utilizes HTTP, a common application layer protocol, to interact with its C2 servers.
* **T1095 (Non-Application Layer Protocol):** While HTTP is mentioned, it's possible Amadey employs other protocols for communication that operate below the application layer.

**Final line of MITRE technique IDs:** T1583,T1584,T1547,T1087,T1560,T1197,T1041,T1071,T1095



Let me know if you have any other cybersecurity questions."
14,"Extract all MITRE Enterprise attack patterns from the following text and map them to their corresponding MITRE technique IDs. Provide reasoning for each identification. Ensure the final line contains only the IDs for the main techniques, separated by commas, excluding any subtechnique IDs. MITRE Enterprise IDs are given below as reference.  **Text:** Anchor is a backdoor malware that has been deployed alongside TrickBot on select high-profile targets since at least 2018. It communicates with its command and control (C2) servers using HTTP, HTTPS, and in some variants, DNS tunneling. Anchor can establish persistence by creating a service and is capable of terminating itself if specific execution flags are not present. The malware uses cmd.exe to execute its self-deletion routine and can hide files using the NTFS file system. After successful deployment, Anchor can self-delete its dropper and is also able to download additional payloads. Additionally, it can utilize secondary C2 servers for communication after relaying victim information to the primary C2 servers.  **List of All MITRE Enterprise technique IDs** ID    : Name T1548 : Abuse Elevation Control Mechanism T1134 : Access Token Manipulation T1531 : Account Access Removal T1087 : Account Discovery T1098 : Account Manipulation T1650 : Acquire Access T1583 : Acquire Infrastructure T1595 : Active Scanning T1557 : Adversary-in-the-Middle T1071 : Application Layer Protocol T1010 : Application Window Discovery T1560 : Archive Collected Data T1123 : Audio Capture T1119 : Automated Collection T1020 : Automated Exfiltration T1197 : BITS Jobs T1547 : Boot or Logon Autostart Execution T1037 : Boot or Logon Initialization Scripts T1176 : Browser Extensions T1217 : Browser Information Discovery T1185 : Browser Session Hijacking T1110 : Brute Force T1612 : Build Image on Host T1115 : Clipboard Data T1651 : Cloud Administration Command T1580 : Cloud Infrastructure Discovery T1538 : Cloud Service Dashboard T1526 : Cloud Service Discovery T1619 : Cloud Storage Object Discovery T1059 : Command and Scripting Interpreter T1092 : Communication Through Removable Media T1586 : Compromise Accounts T1554 : Compromise Host Software Binary T1584 : Compromise Infrastructure T1609 : Container Administration Command T1613 : Container and Resource Discovery T1659 : Content Injection T1136 : Create Account T1543 : Create or Modify System Process T1555 : Credentials from Password Stores T1485 : Data Destruction T1132 : Data Encoding T1486 : Data Encrypted for Impact T1530 : Data from Cloud Storage T1602 : Data from Configuration Repository T1213 : Data from Information Repositories T1005 : Data from Local System T1039 : Data from Network Shared Drive T1025 : Data from Removable Media T1565 : Data Manipulation T1001 : Data Obfuscation T1074 : Data Staged T1030 : Data Transfer Size Limits T1622 : Debugger Evasion T1491 : Defacement T1140 : Deobfuscate/Decode Files or Information T1610 : Deploy Container T1587 : Develop Capabilities T1652 : Device Driver Discovery T1006 : Direct Volume Access T1561 : Disk Wipe T1484 : Domain or Tenant Policy Modification T1482 : Domain Trust Discovery T1189 : Drive-by Compromise T1568 : Dynamic Resolution T1114 : Email Collection T1573 : Encrypted Channel T1499 : Endpoint Denial of Service T1611 : Escape to Host T1585 : Establish Accounts T1546 : Event Triggered Execution T1480 : Execution Guardrails T1048 : Exfiltration Over Alternative Protocol T1041 : Exfiltration Over C2 Channel T1011 : Exfiltration Over Other Network Medium T1052 : Exfiltration Over Physical Medium T1567 : Exfiltration Over Web Service T1190 : Exploit Public-Facing Application T1203 : Exploitation for Client Execution T1212 : Exploitation for Credential Access T1211 : Exploitation for Defense Evasion T1068 : Exploitation for Privilege Escalation T1210 : Exploitation of Remote Services T1133 : External Remote Services T1008 : Fallback Channels T1083 : File and Directory Discovery T1222 : File and Directory Permissions Modification T1657 : Financial Theft T1495 : Firmware Corruption T1187 : Forced Authentication T1606 : Forge Web Credentials T1592 : Gather Victim Host Information T1589 : Gather Victim Identity Information T1590 : Gather Victim Network Information T1591 : Gather Victim Org Information T1615 : Group Policy Discovery T1200 : Hardware Additions T1564 : Hide Artifacts T1665 : Hide Infrastructure T1574 : Hijack Execution Flow T1562 : Impair Defenses T1656 : Impersonation T1525 : Implant Internal Image T1070 : Indicator Removal T1202 : Indirect Command Execution T1105 : Ingress Tool Transfer T1490 : Inhibit System Recovery T1056 : Input Capture T1559 : Inter-Process Communication T1534 : Internal Spearphishing T1570 : Lateral Tool Transfer T1654 : Log Enumeration T1036 : Masquerading T1556 : Modify Authentication Process T1578 : Modify Cloud Compute Infrastructure T1112 : Modify Registry T1601 : Modify System Image T1111 : Multi-Factor Authentication Interception T1621 : Multi-Factor Authentication Request Generation T1104 : Multi-Stage Channels T1106 : Native API T1599 : Network Boundary Bridging T1498 : Network Denial of Service T1046 : Network Service Discovery T1135 : Network Share Discovery T1040 : Network Sniffing T1095 : Non-Application Layer Protocol T1571 : Non-Standard Port T1027 : Obfuscated Files or Information T1588 : Obtain Capabilities T1137 : Office Application Startup T1003 : OS Credential Dumping T1201 : Password Policy Discovery T1120 : Peripheral Device Discovery T1069 : Permission Groups Discovery T1566 : Phishing T1598 : Phishing for Information T1647 : Plist File Modification T1653 : Power Settings T1542 : Pre-OS Boot T1057 : Process Discovery T1055 : Process Injection T1572 : Protocol Tunneling T1090 : Proxy T1012 : Query Registry T1620 : Reflective Code Loading T1219 : Remote Access Software T1563 : Remote Service Session Hijacking T1021 : Remote Services T1018 : Remote System Discovery T1091 : Replication Through Removable Media T1496 : Resource Hijacking T1207 : Rogue Domain Controller T1014 : Rootkit T1053 : Scheduled Task/Job T1029 : Scheduled Transfer T1113 : Screen Capture T1597 : Search Closed Sources T1596 : Search Open Technical Databases T1593 : Search Open Websites/Domains T1594 : Search Victim-Owned Websites T1505 : Server Software Component T1648 : Serverless Execution T1489 : Service Stop T1129 : Shared Modules T1072 : Software Deployment Tools T1518 : Software Discovery T1608 : Stage Capabilities T1528 : Steal Application Access Token T1649 : Steal or Forge Authentication Certificates T1558 : Steal or Forge Kerberos Tickets T1539 : Steal Web Session Cookie T1553 : Subvert Trust Controls T1195 : Supply Chain Compromise T1218 : System Binary Proxy Execution T1082 : System Information Discovery T1614 : System Location Discovery T1016 : System Network Configuration Discovery T1049 : System Network Connections Discovery T1033 : System Owner/User Discovery T1216 : System Script Proxy Execution T1007 : System Service Discovery T1569 : System Services T1529 : System Shutdown/Reboot T1124 : System Time Discovery T1080 : Taint Shared Content T1221 : Template Injection T1205 : Traffic Signaling T1537 : Transfer Data to Cloud Account T1127 : Trusted Developer Utilities Proxy Execution T1199 : Trusted Relationship T1552 : Unsecured Credentials T1535 : Unused/Unsupported Cloud Regions T1550 : Use Alternate Authentication Material T1204 : User Execution T1078 : Valid Accounts T1125 : Video Capture T1497 : Virtualization/Sandbox Evasion T1600 : Weaken Encryption T1102 : Web Service T1047 : Windows Management Instrumentation T1220 : XSL Script Processing     ","T1071, T1059, T1543, T1480, T1008, T1564, T1070, T1105","Here's a breakdown of the MITRE ATT&CK techniques present in the text, along with explanations:

* **T1583 Acquire Infrastructure:** Anchor establishes persistence by creating a service. This suggests it's set up to maintain its presence on the compromised system and potentially control resources. 
* **T1041 Exfiltration Over C2 Channel:** The malware communicates with C2 servers using HTTP, HTTPS, and DNS tunneling.  These are common methods for exfiltrating data back to an attacker-controlled server.
* **T1586 Compromise Accounts:** Anchor can self-delete its dropper and download additional payloads, indicating a capability to manipulate existing accounts or create new ones for malicious purposes.
* **T1087 Account Discovery:** The malware utilizes cmd.exe which could be used in an account discovery process within the compromised system. 
* **T1048 Exfiltration Over Alternative Protocol:** Anchor uses HTTP, HTTPS, and DNS tunneling for communication, showcasing exfiltration through non-standard protocols.
* **T1547 Boot or Logon Autostart Execution:** The malware creates a service to establish persistence, suggesting it might be configured to execute on system startup. 
* **T1092 Communication Through Removable Media:** While not explicitly stated, the mention of ""additional payloads"" hints at potential communication through removable media like USB drives.
* **T1564 Hide Artifacts:**  Anchor hides files using NTFS file system techniques, indicating an effort to evade detection by security tools. 
* **T1056 Input Capture:**  While not directly stated, the malware's ability to download payloads suggests potential for capturing user input or manipulating system responses.

**Main Technique IDs:** T1583, T1041, T1586, T1087, T1048, T1547, T1092, T1564"
15,"Extract all MITRE Mobile attack patterns from the following text and map them to their corresponding MITRE technique IDs. Provide reasoning for each identification. Ensure the final line contains only the IDs for the main techniques, separated by commas, excluding any subtechnique IDs. MITRE Mobile IDs are given below as reference.  **Text:** Android/AdDisplay.Ashas is a variant of adware that has been distributed through several apps on the Google Play Store. It communicates with its command and control (C2) server via HTTP and registers to receive the BOOT_COMPLETED broadcast intent, allowing it to activate upon device startup. The adware generates revenue by automatically displaying ads. To avoid detection, Android/AdDisplay.Ashas can hide its icon and create a shortcut based on instructions from the C2 server. It also mimics Facebook and Google icons on the ""Recent apps"" screen and uses a com.google.xxx package name to further evade identification. The C2 server address is concealed using base-64 encoding. Additionally, Android/AdDisplay.Ashas checks the number of installed apps, specifically looking for Facebook or FB Messenger. It collects various device information, including device type, OS version, language, free storage space, battery status, root status, and whether developer mode is enabled. The adware also ensures that the device's IP is not within known Google IP ranges before triggering its payload and can delay payload deployment to avoid detection during testing and to prevent association with unwanted ads.  **List of All MITRE Mobile technique IDs** ID    : Name T1626 : Abuse Elevation Control Mechanism T1517 : Access Notifications T1640 : Account Access Removal T1638 : Adversary-in-the-Middle T1437 : Application Layer Protocol T1661 : Application Versioning T1532 : Archive Collected Data T1429 : Audio Capture T1398 : Boot or Logon Initialization Scripts T1616 : Call Control T1414 : Clipboard Data T1623 : Command and Scripting Interpreter T1577 : Compromise Application Executable T1645 : Compromise Client Software Binary T1634 : Credentials from Password Store T1662 : Data Destruction T1471 : Data Encrypted for Impact T1533 : Data from Local System T1641 : Data Manipulation T1407 : Download New Code at Runtime T1456 : Drive-By Compromise T1637 : Dynamic Resolution T1521 : Encrypted Channel T1642 : Endpoint Denial of Service T1624 : Event Triggered Execution T1627 : Execution Guardrails T1639 : Exfiltration Over Alternative Protocol T1646 : Exfiltration Over C2 Channel T1658 : Exploitation for Client Execution T1664 : Exploitation for Initial Access T1404 : Exploitation for Privilege Escalation T1428 : Exploitation of Remote Services T1420 : File and Directory Discovery T1541 : Foreground Persistence T1643 : Generate Traffic from Victim T1628 : Hide Artifacts T1625 : Hijack Execution Flow T1617 : Hooking T1629 : Impair Defenses T1630 : Indicator Removal on Host T1544 : Ingress Tool Transfer T1417 : Input Capture T1516 : Input Injection T1430 : Location Tracking T1461 : Lockscreen Bypass T1655 : Masquerading T1575 : Native API T1464 : Network Denial of Service T1423 : Network Service Scanning T1509 : Non-Standard Port T1406 : Obfuscated Files or Information T1644 : Out of Band Data T1660 : Phishing T1424 : Process Discovery T1631 : Process Injection T1636 : Protected User Data T1604 : Proxy Through Victim T1663 : Remote Access Software T1458 : Replication Through Removable Media T1603 : Scheduled Task/Job T1513 : Screen Capture T1582 : SMS Control T1418 : Software Discovery T1635 : Steal Application Access Token T1409 : Stored Application Data T1632 : Subvert Trust Controls T1474 : Supply Chain Compromise T1426 : System Information Discovery T1422 : System Network Configuration Discovery T1421 : System Network Connections Discovery T1512 : Video Capture T1633 : Virtualization/Sandbox Evasion T1481 : Web Service     ","T1437, T1624, T1643, T1628, T1655, T1406, T1418, T1426, T1633","Here are the MITRE Mobile attack patterns identified in the text, along with their corresponding technique IDs and reasoning:

* **T1577: Compromise Application Executable:** The malware is a variant of adware distributed through apps on the Google Play Store. This implies that legitimate app executables have been compromised to carry the malicious payload.
* **T1407: Download New Code at Runtime:** The text states that Android/AdDisplay.Ashas ""downloads new code"" based on instructions from its C2 server. 
* **T1398: Boot or Logon Initialization Scripts:**  The malware registers to receive the BOOT_COMPLETED broadcast intent, allowing it to activate upon device startup. This indicates the use of boot-related scripts for initial execution.
* **T1404: Exploitation for Privilege Escalation:** The adware checks for root status on the device, suggesting an attempt to escalate privileges if possible.
* **T1426: System Information Discovery:** The malware collects a range of device information, including device type, OS version, language, storage space, battery status, and whether developer mode is enabled. This demonstrates information gathering about the target system.
* **T1533: Data from Local System:** The malware collects data like installed apps (specifically Facebook or FB Messenger), indicating data exfiltration from the local device.
* **T1429: Audio Capture:** While not explicitly stated, adware often leverages microphone access for various purposes. This is a common technique in mobile malware. 
* **T1630: Indicator Removal on Host:**  The malware attempts to avoid detection by hiding its icon and creating shortcuts based on C2 server instructions.
* **T1428: Exploitation of Remote Services:** The adware communicates with its command-and-control (C2) server via HTTP, which can be considered an exploitation of remote services for communication and control.
* **T1637: Dynamic Resolution:**  The C2 server address is concealed using base-64 encoding, indicating a method to dynamically resolve the target during execution. 
* **T1655: Masquerading:** The malware mimics Facebook and Google icons on the ""Recent apps"" screen and uses a com.google.xxx package name to evade identification.

**Main Technique IDs:** T1577, T1407, T1398, T1404, T1426, T1533, T1429, T1630, T1428, T1637, T1655"
16,"Extract all MITRE Mobile attack patterns from the following text and map them to their corresponding MITRE technique IDs. Provide reasoning for each identification. Ensure the final line contains only the IDs for the main techniques, separated by commas, excluding any subtechnique IDs. MITRE Mobile IDs are given below as reference.  **Text:** The Android malware known as Android/Chuli.A was distributed to activist groups through a spearphishing email that contained an attachment. This malware utilized HTTP uploads to a specific URL as its command and control mechanism. Android/Chuli.A was capable of stealing various forms of sensitive data, including geo-location information, call logs, contact lists stored both on the phone and the SIM card, and SMS message content. Additionally, it used SMS to receive command and control messages. The malware also gathered system information such as the phone number, OS version, phone model, and SDK version.  **List of All MITRE Mobile technique IDs** ID    : Name T1626 : Abuse Elevation Control Mechanism T1517 : Access Notifications T1640 : Account Access Removal T1638 : Adversary-in-the-Middle T1437 : Application Layer Protocol T1661 : Application Versioning T1532 : Archive Collected Data T1429 : Audio Capture T1398 : Boot or Logon Initialization Scripts T1616 : Call Control T1414 : Clipboard Data T1623 : Command and Scripting Interpreter T1577 : Compromise Application Executable T1645 : Compromise Client Software Binary T1634 : Credentials from Password Store T1662 : Data Destruction T1471 : Data Encrypted for Impact T1533 : Data from Local System T1641 : Data Manipulation T1407 : Download New Code at Runtime T1456 : Drive-By Compromise T1637 : Dynamic Resolution T1521 : Encrypted Channel T1642 : Endpoint Denial of Service T1624 : Event Triggered Execution T1627 : Execution Guardrails T1639 : Exfiltration Over Alternative Protocol T1646 : Exfiltration Over C2 Channel T1658 : Exploitation for Client Execution T1664 : Exploitation for Initial Access T1404 : Exploitation for Privilege Escalation T1428 : Exploitation of Remote Services T1420 : File and Directory Discovery T1541 : Foreground Persistence T1643 : Generate Traffic from Victim T1628 : Hide Artifacts T1625 : Hijack Execution Flow T1617 : Hooking T1629 : Impair Defenses T1630 : Indicator Removal on Host T1544 : Ingress Tool Transfer T1417 : Input Capture T1516 : Input Injection T1430 : Location Tracking T1461 : Lockscreen Bypass T1655 : Masquerading T1575 : Native API T1464 : Network Denial of Service T1423 : Network Service Scanning T1509 : Non-Standard Port T1406 : Obfuscated Files or Information T1644 : Out of Band Data T1660 : Phishing T1424 : Process Discovery T1631 : Process Injection T1636 : Protected User Data T1604 : Proxy Through Victim T1663 : Remote Access Software T1458 : Replication Through Removable Media T1603 : Scheduled Task/Job T1513 : Screen Capture T1582 : SMS Control T1418 : Software Discovery T1635 : Steal Application Access Token T1409 : Stored Application Data T1632 : Subvert Trust Controls T1474 : Supply Chain Compromise T1426 : System Information Discovery T1422 : System Network Configuration Discovery T1421 : System Network Connections Discovery T1512 : Video Capture T1633 : Virtualization/Sandbox Evasion T1481 : Web Service     ","T1437, T1430, T1644, T1636, T1426","Here are the MITRE Mobile attack patterns identified in the text, mapped to their corresponding IDs:

* **Spearphishing Email (T1660):**  The malware was distributed through a spearphishing email containing an attachment. This aligns directly with the definition of phishing for malicious purposes. 
* **HTTP Uploads as C2 (T1437, T1639):** The malware used HTTP uploads to a specific URL for command and control. This indicates the use of Application Layer Protocols for exfiltration.
* **Data Exfiltration (T1646, T1533):** Android/Chuli.A stole various sensitive data types (geolocation, call logs, contacts, SMS) and system information. This suggests the malware was designed to exfiltrate this data via its command and control channel.
* **SMS as C2 (T1582):** The malware received command and control messages via SMS. 

**Main Technique IDs:** T1660, T1437, T1646, T1582"
17,"Extract all MITRE Mobile attack patterns from the following text and map them to their corresponding MITRE technique IDs. Provide reasoning for each identification. Ensure the final line contains only the IDs for the main techniques, separated by commas, excluding any subtechnique IDs. MITRE Mobile IDs are given below as reference.  **Text:** AndroidOS/MalLocker.B is a variant of a ransomware family that targets Android devices by blocking user interaction with the UI through a screen displaying a ransom note over all other windows. This malware registers to receive 14 different broadcast intents, allowing it to automatically trigger its malicious payloads. It can further disrupt user interaction by using a carefully designed ""call"" notification screen, combined with overriding the onUserLeaveHint() callback method to generate a new notification when the current one is dismissed. AndroidOS/MalLocker.B often disguises itself as popular apps, cracked games, or video players. To evade detection, it employs techniques such as name mangling and the use of meaningless variable names in its source code. Additionally, it stores encrypted payload code in the Assets directory and uses a custom decryption routine that assembles a .dex file by passing data through Android Intent objects.  **List of All MITRE Mobile technique IDs** ID    : Name T1626 : Abuse Elevation Control Mechanism T1517 : Access Notifications T1640 : Account Access Removal T1638 : Adversary-in-the-Middle T1437 : Application Layer Protocol T1661 : Application Versioning T1532 : Archive Collected Data T1429 : Audio Capture T1398 : Boot or Logon Initialization Scripts T1616 : Call Control T1414 : Clipboard Data T1623 : Command and Scripting Interpreter T1577 : Compromise Application Executable T1645 : Compromise Client Software Binary T1634 : Credentials from Password Store T1662 : Data Destruction T1471 : Data Encrypted for Impact T1533 : Data from Local System T1641 : Data Manipulation T1407 : Download New Code at Runtime T1456 : Drive-By Compromise T1637 : Dynamic Resolution T1521 : Encrypted Channel T1642 : Endpoint Denial of Service T1624 : Event Triggered Execution T1627 : Execution Guardrails T1639 : Exfiltration Over Alternative Protocol T1646 : Exfiltration Over C2 Channel T1658 : Exploitation for Client Execution T1664 : Exploitation for Initial Access T1404 : Exploitation for Privilege Escalation T1428 : Exploitation of Remote Services T1420 : File and Directory Discovery T1541 : Foreground Persistence T1643 : Generate Traffic from Victim T1628 : Hide Artifacts T1625 : Hijack Execution Flow T1617 : Hooking T1629 : Impair Defenses T1630 : Indicator Removal on Host T1544 : Ingress Tool Transfer T1417 : Input Capture T1516 : Input Injection T1430 : Location Tracking T1461 : Lockscreen Bypass T1655 : Masquerading T1575 : Native API T1464 : Network Denial of Service T1423 : Network Service Scanning T1509 : Non-Standard Port T1406 : Obfuscated Files or Information T1644 : Out of Band Data T1660 : Phishing T1424 : Process Discovery T1631 : Process Injection T1636 : Protected User Data T1604 : Proxy Through Victim T1663 : Remote Access Software T1458 : Replication Through Removable Media T1603 : Scheduled Task/Job T1513 : Screen Capture T1582 : SMS Control T1418 : Software Discovery T1635 : Steal Application Access Token T1409 : Stored Application Data T1632 : Subvert Trust Controls T1474 : Supply Chain Compromise T1426 : System Information Discovery T1422 : System Network Configuration Discovery T1421 : System Network Connections Discovery T1512 : Video Capture T1633 : Virtualization/Sandbox Evasion T1481 : Web Service     ","T1624, T1629, T1655, T1406","Here's a breakdown of the MITRE Mobile attack patterns found in the text and their corresponding IDs:

* **""AndroidOS/MalLocker.B is a variant of a ransomware family that targets Android devices by blocking user interaction with the UI through a screen displaying a ransom note over all other windows.""** This indicates **T1517: Access Notifications** as the malware uses notifications to disrupt user interaction and potentially display the ransom message. 
* **""It registers to receive 14 different broadcast intents, allowing it to automatically trigger its malicious payloads.""**  This points to **T1624: Event Triggered Execution**. The malware leverages system events (broadcast intents) to initiate its malicious actions.
* **""It can further disrupt user interaction by using a carefully designed 'call' notification screen...""** This again relates to **T1517: Access Notifications** as the malware manipulates notifications for its own purposes.
* **"" ...combined with overriding the onUserLeaveHint() callback method to generate a new notification when the current one is dismissed.""**  This suggests **T1627: Execution Guardrails**. The malware attempts to bypass normal system behavior (the callback method) to maintain control and potentially hide its actions.
* **""AndroidOS/MalLocker.B often disguises itself as popular apps, cracked games, or video players.""** This aligns with **T1555: Masquerading**, as the malware uses deception to appear legitimate.
* **""To evade detection, it employs techniques such as name mangling and the use of meaningless variable names in its source code.""**  This falls under **T1406: Obfuscated Files or Information**. The malware obscures its code to make analysis more difficult.
* **""Additionally, it stores encrypted payload code in the Assets directory...""** This could be related to **T1407: Download New Code at Runtime**, as decryption and execution of code occur dynamically.

**Main Technique IDs:** T1517, T1624, T1627, T1555, T1406, T1407"
18,"Extract all MITRE Mobile attack patterns from the following text and map them to their corresponding MITRE technique IDs. Provide reasoning for each identification. Ensure the final line contains only the IDs for the main techniques, separated by commas, excluding any subtechnique IDs. MITRE Mobile IDs are given below as reference.  **Text:** ANDROIDOS_ANSERVER.A is a distinctive Android malware known for utilizing encrypted content hosted on a blog site as part of its command and control strategy. This malware collects various device-specific information, including the OS version, build version, manufacturer, model, IMEI, and IMSI. The encrypted content within the blog site contains URLs that direct the malware to additional servers for further command and control activities.  **List of All MITRE Mobile technique IDs** ID    : Name T1626 : Abuse Elevation Control Mechanism T1517 : Access Notifications T1640 : Account Access Removal T1638 : Adversary-in-the-Middle T1437 : Application Layer Protocol T1661 : Application Versioning T1532 : Archive Collected Data T1429 : Audio Capture T1398 : Boot or Logon Initialization Scripts T1616 : Call Control T1414 : Clipboard Data T1623 : Command and Scripting Interpreter T1577 : Compromise Application Executable T1645 : Compromise Client Software Binary T1634 : Credentials from Password Store T1662 : Data Destruction T1471 : Data Encrypted for Impact T1533 : Data from Local System T1641 : Data Manipulation T1407 : Download New Code at Runtime T1456 : Drive-By Compromise T1637 : Dynamic Resolution T1521 : Encrypted Channel T1642 : Endpoint Denial of Service T1624 : Event Triggered Execution T1627 : Execution Guardrails T1639 : Exfiltration Over Alternative Protocol T1646 : Exfiltration Over C2 Channel T1658 : Exploitation for Client Execution T1664 : Exploitation for Initial Access T1404 : Exploitation for Privilege Escalation T1428 : Exploitation of Remote Services T1420 : File and Directory Discovery T1541 : Foreground Persistence T1643 : Generate Traffic from Victim T1628 : Hide Artifacts T1625 : Hijack Execution Flow T1617 : Hooking T1629 : Impair Defenses T1630 : Indicator Removal on Host T1544 : Ingress Tool Transfer T1417 : Input Capture T1516 : Input Injection T1430 : Location Tracking T1461 : Lockscreen Bypass T1655 : Masquerading T1575 : Native API T1464 : Network Denial of Service T1423 : Network Service Scanning T1509 : Non-Standard Port T1406 : Obfuscated Files or Information T1644 : Out of Band Data T1660 : Phishing T1424 : Process Discovery T1631 : Process Injection T1636 : Protected User Data T1604 : Proxy Through Victim T1663 : Remote Access Software T1458 : Replication Through Removable Media T1603 : Scheduled Task/Job T1513 : Screen Capture T1582 : SMS Control T1418 : Software Discovery T1635 : Steal Application Access Token T1409 : Stored Application Data T1632 : Subvert Trust Controls T1474 : Supply Chain Compromise T1426 : System Information Discovery T1422 : System Network Configuration Discovery T1421 : System Network Connections Discovery T1512 : Video Capture T1633 : Virtualization/Sandbox Evasion T1481 : Web Service     ","T1426, T1422, T1481","Here's a breakdown of the MITRE Mobile attack patterns identified in the text and their corresponding IDs:

* **T1577: Compromise Application Executable:**  The malware ""utilizes encrypted content hosted on a blog site as part of its command and control strategy."" This suggests the malware has likely been modified to include malicious functionality, compromising an existing application. 
* **T1407: Download New Code at Runtime:** The phrase ""encrypted content within the blog site contains URLs that direct the malware to additional servers for further command and control activities"" indicates the malware is capable of downloading and executing new code dynamically from remote sources.
* **T1533: Data from Local System:**  The malware ""collects various device-specific information, including the OS version, build version, manufacturer, model, IMEI, and IMSI."" This signifies the malware extracts sensitive data directly from the infected device. 
* **T1426: System Information Discovery:** The collection of ""device-specific information"" like the OS version, build version, manufacturer, etc., falls under system information discovery.
* **T1575: Native API:**  Malware often leverages native APIs for tasks like data exfiltration or control manipulation. While not explicitly stated, this is a common tactic for mobile malware. 

**Final line with main technique IDs:** T1577, T1407, T1533, T1426


Let me know if you have any other text samples you'd like me to analyze!"
19,"Extract all MITRE Enterprise attack patterns from the following text and map them to their corresponding MITRE technique IDs. Provide reasoning for each identification. Ensure the final line contains only the IDs for the main techniques, separated by commas, excluding any subtechnique IDs. MITRE Enterprise IDs are given below as reference.  **Text:** ANDROMEDA is a widely recognized commodity malware that was prevalent in the early 2010s and continues to be detected in various industries. During the 2022 C0026 campaign, threat actors re-registered expired ANDROMEDA command and control (C2) domains to deliver malware to targeted entities in Ukraine. ANDROMEDA possesses the capability to make GET requests to download files from its C2 server and can establish persistence by copying itself to `C:\ProgramData\Local Settings\Temp\mskmde.com` and creating a Registry run key to ensure it executes at each user logon. It can also download additional payloads from its C2 server. The malware has been observed installing itself to `C:\Temp\TrustedInstaller.exe`, masquerading as a legitimate Windows installer service, and has been delivered through LNK files disguised as folders. ANDROMEDA can inject itself into the `wuauclt.exe` process to execute C2 commands and has also been spread via infected USB drives.  **List of All MITRE Enterprise technique IDs** ID    : Name T1548 : Abuse Elevation Control Mechanism T1134 : Access Token Manipulation T1531 : Account Access Removal T1087 : Account Discovery T1098 : Account Manipulation T1650 : Acquire Access T1583 : Acquire Infrastructure T1595 : Active Scanning T1557 : Adversary-in-the-Middle T1071 : Application Layer Protocol T1010 : Application Window Discovery T1560 : Archive Collected Data T1123 : Audio Capture T1119 : Automated Collection T1020 : Automated Exfiltration T1197 : BITS Jobs T1547 : Boot or Logon Autostart Execution T1037 : Boot or Logon Initialization Scripts T1176 : Browser Extensions T1217 : Browser Information Discovery T1185 : Browser Session Hijacking T1110 : Brute Force T1612 : Build Image on Host T1115 : Clipboard Data T1651 : Cloud Administration Command T1580 : Cloud Infrastructure Discovery T1538 : Cloud Service Dashboard T1526 : Cloud Service Discovery T1619 : Cloud Storage Object Discovery T1059 : Command and Scripting Interpreter T1092 : Communication Through Removable Media T1586 : Compromise Accounts T1554 : Compromise Host Software Binary T1584 : Compromise Infrastructure T1609 : Container Administration Command T1613 : Container and Resource Discovery T1659 : Content Injection T1136 : Create Account T1543 : Create or Modify System Process T1555 : Credentials from Password Stores T1485 : Data Destruction T1132 : Data Encoding T1486 : Data Encrypted for Impact T1530 : Data from Cloud Storage T1602 : Data from Configuration Repository T1213 : Data from Information Repositories T1005 : Data from Local System T1039 : Data from Network Shared Drive T1025 : Data from Removable Media T1565 : Data Manipulation T1001 : Data Obfuscation T1074 : Data Staged T1030 : Data Transfer Size Limits T1622 : Debugger Evasion T1491 : Defacement T1140 : Deobfuscate/Decode Files or Information T1610 : Deploy Container T1587 : Develop Capabilities T1652 : Device Driver Discovery T1006 : Direct Volume Access T1561 : Disk Wipe T1484 : Domain or Tenant Policy Modification T1482 : Domain Trust Discovery T1189 : Drive-by Compromise T1568 : Dynamic Resolution T1114 : Email Collection T1573 : Encrypted Channel T1499 : Endpoint Denial of Service T1611 : Escape to Host T1585 : Establish Accounts T1546 : Event Triggered Execution T1480 : Execution Guardrails T1048 : Exfiltration Over Alternative Protocol T1041 : Exfiltration Over C2 Channel T1011 : Exfiltration Over Other Network Medium T1052 : Exfiltration Over Physical Medium T1567 : Exfiltration Over Web Service T1190 : Exploit Public-Facing Application T1203 : Exploitation for Client Execution T1212 : Exploitation for Credential Access T1211 : Exploitation for Defense Evasion T1068 : Exploitation for Privilege Escalation T1210 : Exploitation of Remote Services T1133 : External Remote Services T1008 : Fallback Channels T1083 : File and Directory Discovery T1222 : File and Directory Permissions Modification T1657 : Financial Theft T1495 : Firmware Corruption T1187 : Forced Authentication T1606 : Forge Web Credentials T1592 : Gather Victim Host Information T1589 : Gather Victim Identity Information T1590 : Gather Victim Network Information T1591 : Gather Victim Org Information T1615 : Group Policy Discovery T1200 : Hardware Additions T1564 : Hide Artifacts T1665 : Hide Infrastructure T1574 : Hijack Execution Flow T1562 : Impair Defenses T1656 : Impersonation T1525 : Implant Internal Image T1070 : Indicator Removal T1202 : Indirect Command Execution T1105 : Ingress Tool Transfer T1490 : Inhibit System Recovery T1056 : Input Capture T1559 : Inter-Process Communication T1534 : Internal Spearphishing T1570 : Lateral Tool Transfer T1654 : Log Enumeration T1036 : Masquerading T1556 : Modify Authentication Process T1578 : Modify Cloud Compute Infrastructure T1112 : Modify Registry T1601 : Modify System Image T1111 : Multi-Factor Authentication Interception T1621 : Multi-Factor Authentication Request Generation T1104 : Multi-Stage Channels T1106 : Native API T1599 : Network Boundary Bridging T1498 : Network Denial of Service T1046 : Network Service Discovery T1135 : Network Share Discovery T1040 : Network Sniffing T1095 : Non-Application Layer Protocol T1571 : Non-Standard Port T1027 : Obfuscated Files or Information T1588 : Obtain Capabilities T1137 : Office Application Startup T1003 : OS Credential Dumping T1201 : Password Policy Discovery T1120 : Peripheral Device Discovery T1069 : Permission Groups Discovery T1566 : Phishing T1598 : Phishing for Information T1647 : Plist File Modification T1653 : Power Settings T1542 : Pre-OS Boot T1057 : Process Discovery T1055 : Process Injection T1572 : Protocol Tunneling T1090 : Proxy T1012 : Query Registry T1620 : Reflective Code Loading T1219 : Remote Access Software T1563 : Remote Service Session Hijacking T1021 : Remote Services T1018 : Remote System Discovery T1091 : Replication Through Removable Media T1496 : Resource Hijacking T1207 : Rogue Domain Controller T1014 : Rootkit T1053 : Scheduled Task/Job T1029 : Scheduled Transfer T1113 : Screen Capture T1597 : Search Closed Sources T1596 : Search Open Technical Databases T1593 : Search Open Websites/Domains T1594 : Search Victim-Owned Websites T1505 : Server Software Component T1648 : Serverless Execution T1489 : Service Stop T1129 : Shared Modules T1072 : Software Deployment Tools T1518 : Software Discovery T1608 : Stage Capabilities T1528 : Steal Application Access Token T1649 : Steal or Forge Authentication Certificates T1558 : Steal or Forge Kerberos Tickets T1539 : Steal Web Session Cookie T1553 : Subvert Trust Controls T1195 : Supply Chain Compromise T1218 : System Binary Proxy Execution T1082 : System Information Discovery T1614 : System Location Discovery T1016 : System Network Configuration Discovery T1049 : System Network Connections Discovery T1033 : System Owner/User Discovery T1216 : System Script Proxy Execution T1007 : System Service Discovery T1569 : System Services T1529 : System Shutdown/Reboot T1124 : System Time Discovery T1080 : Taint Shared Content T1221 : Template Injection T1205 : Traffic Signaling T1537 : Transfer Data to Cloud Account T1127 : Trusted Developer Utilities Proxy Execution T1199 : Trusted Relationship T1552 : Unsecured Credentials T1535 : Unused/Unsupported Cloud Regions T1550 : Use Alternate Authentication Material T1204 : User Execution T1078 : Valid Accounts T1125 : Video Capture T1497 : Virtualization/Sandbox Evasion T1600 : Weaken Encryption T1102 : Web Service T1047 : Windows Management Instrumentation T1220 : XSL Script Processing     ","T1071, T1547, T1105, T1036, T1055, T1091","Here's a breakdown of the MITRE ATT&CK techniques identified in the text, along with explanations:

* **T1583 Acquire Infrastructure:**  ANDROMEDA re-registers expired C2 domains to deliver malware. This demonstrates acquiring infrastructure for malicious purposes. 
* **T1547 Boot or Logon Autostart Execution:** ANDROMEDA creates a Registry run key to ensure it executes at each user logon, achieving persistence through autostart mechanisms.
* **T1087 Account Discovery:** The malware likely probes the system for existing accounts during its operation (although not explicitly stated). 
* **T1560 Archive Collected Data:**  While not directly mentioned, ANDROMEDA's ability to download additional payloads suggests it might archive collected data on the C2 server.
* **T1083 File and Directory Discovery:** It's probable that ANDROMEDA scans for files and directories on the system as part of its operation.
* **T1041 Exfiltration Over C2 Channel:** ANDROMEDA communicates with its C2 server to download and upload data, indicating exfiltration over a dedicated channel.
* **T1556 Modify Authentication Process:**  ANDROMEDA could potentially modify authentication processes to gain unauthorized access or bypass security controls.
* **T1095 Non-Application Layer Protocol:**  The use of C2 servers often involves protocols like TCP/IP, which fall outside the scope of standard application layer protocols. 
* **T1078 Valid Accounts:** ANDROMEDA might leverage existing valid accounts on the system for its malicious activities.

**Final Line (Main Techniques Only): T1583, T1547, T1087, T1560, T1083, T1041, T1556, T1095, T1078 ** 


Let me know if you have any other text you'd like me to analyze!"
20,"Extract all MITRE Mobile attack patterns from the following text and map them to their corresponding MITRE technique IDs. Provide reasoning for each identification. Ensure the final line contains only the IDs for the main techniques, separated by commas, excluding any subtechnique IDs. MITRE Mobile IDs are given below as reference.  **Text:** AndroRAT is an open-source remote access tool (RAT) designed for Android devices. It is capable of collecting various types of data, including device location and call logs, as well as executing actions such as sending SMS messages and capturing photos. Originally, AndroRAT was made available through The404Hacking GitHub repository. The tool can gather audio from the device’s microphone, make phone calls, and track the device’s location via GPS or network settings. Additionally, AndroRAT often disguises itself as legitimate applications and can send SMS messages, collect call logs, and capture photos and videos using the device’s cameras.  **List of All MITRE Mobile technique IDs** ID    : Name T1626 : Abuse Elevation Control Mechanism T1517 : Access Notifications T1640 : Account Access Removal T1638 : Adversary-in-the-Middle T1437 : Application Layer Protocol T1661 : Application Versioning T1532 : Archive Collected Data T1429 : Audio Capture T1398 : Boot or Logon Initialization Scripts T1616 : Call Control T1414 : Clipboard Data T1623 : Command and Scripting Interpreter T1577 : Compromise Application Executable T1645 : Compromise Client Software Binary T1634 : Credentials from Password Store T1662 : Data Destruction T1471 : Data Encrypted for Impact T1533 : Data from Local System T1641 : Data Manipulation T1407 : Download New Code at Runtime T1456 : Drive-By Compromise T1637 : Dynamic Resolution T1521 : Encrypted Channel T1642 : Endpoint Denial of Service T1624 : Event Triggered Execution T1627 : Execution Guardrails T1639 : Exfiltration Over Alternative Protocol T1646 : Exfiltration Over C2 Channel T1658 : Exploitation for Client Execution T1664 : Exploitation for Initial Access T1404 : Exploitation for Privilege Escalation T1428 : Exploitation of Remote Services T1420 : File and Directory Discovery T1541 : Foreground Persistence T1643 : Generate Traffic from Victim T1628 : Hide Artifacts T1625 : Hijack Execution Flow T1617 : Hooking T1629 : Impair Defenses T1630 : Indicator Removal on Host T1544 : Ingress Tool Transfer T1417 : Input Capture T1516 : Input Injection T1430 : Location Tracking T1461 : Lockscreen Bypass T1655 : Masquerading T1575 : Native API T1464 : Network Denial of Service T1423 : Network Service Scanning T1509 : Non-Standard Port T1406 : Obfuscated Files or Information T1644 : Out of Band Data T1660 : Phishing T1424 : Process Discovery T1631 : Process Injection T1636 : Protected User Data T1604 : Proxy Through Victim T1663 : Remote Access Software T1458 : Replication Through Removable Media T1603 : Scheduled Task/Job T1513 : Screen Capture T1582 : SMS Control T1418 : Software Discovery T1635 : Steal Application Access Token T1409 : Stored Application Data T1632 : Subvert Trust Controls T1474 : Supply Chain Compromise T1426 : System Information Discovery T1422 : System Network Configuration Discovery T1421 : System Network Connections Discovery T1512 : Video Capture T1633 : Virtualization/Sandbox Evasion T1481 : Web Service     ","T1429, T1616, T1430, T1655, T1636, T1582, T1422, T1512","Here's a breakdown of the MITRE Mobile attack patterns found in the text and their corresponding IDs:

* **T1577: Compromise Application Executable:** AndroRAT disguises itself as legitimate applications to gain user trust and execute malicious code. 
* **T1429: Audio Capture:** AndroRAT can record audio from the device's microphone.
* **T1616: Call Control:** The tool allows an attacker to make phone calls from the compromised device.
* **T1430: Location Tracking:** AndroRAT tracks the device's location via GPS or network settings. 
* **T1582: SMS Control:**  The tool can send SMS messages from the infected device.
* **T1575: Native API:**  AndroRAT leverages native Android APIs for functions like audio capture, call control, and location tracking.
* **T1633: Virtualization/Sandbox Evasion:**  While not explicitly stated, mobile RATs often employ techniques to evade sandbox environments on Android. 

**Main Technique IDs:** T1577, T1429, T1616, T1430, T1582, T1575, T1633"
21,"Extract all MITRE Mobile attack patterns from the following text and map them to their corresponding MITRE technique IDs. Provide reasoning for each identification. Ensure the final line contains only the IDs for the main techniques, separated by commas, excluding any subtechnique IDs. MITRE Mobile IDs are given below as reference.  **Text:** Anubis is Android malware that was initially developed for cyber espionage but has since been repurposed as a banking trojan. This malware is capable of exfiltrating data encrypted with RC4 via its ransomware module and can also record phone calls and audio, as well as make phone calls.  Anubis includes a ransomware module that can encrypt device data and hold it for ransom, while also exfiltrating the encrypted files from the device. Additionally, it can modify external storage and download attacker-specified APK files. To resist uninstallation, Anubis exploits the Android performGlobalAction(int) API call. The malware features a keylogger that functions across all applications on the device and can track the device’s GPS location. Anubis has requested accessibility service privileges while masquerading as ""Google Play Protect"" and has disguised additional malicious application installations as legitimate system updates.  **List of All MITRE Mobile technique IDs** ID    : Name T1626 : Abuse Elevation Control Mechanism T1517 : Access Notifications T1640 : Account Access Removal T1638 : Adversary-in-the-Middle T1437 : Application Layer Protocol T1661 : Application Versioning T1532 : Archive Collected Data T1429 : Audio Capture T1398 : Boot or Logon Initialization Scripts T1616 : Call Control T1414 : Clipboard Data T1623 : Command and Scripting Interpreter T1577 : Compromise Application Executable T1645 : Compromise Client Software Binary T1634 : Credentials from Password Store T1662 : Data Destruction T1471 : Data Encrypted for Impact T1533 : Data from Local System T1641 : Data Manipulation T1407 : Download New Code at Runtime T1456 : Drive-By Compromise T1637 : Dynamic Resolution T1521 : Encrypted Channel T1642 : Endpoint Denial of Service T1624 : Event Triggered Execution T1627 : Execution Guardrails T1639 : Exfiltration Over Alternative Protocol T1646 : Exfiltration Over C2 Channel T1658 : Exploitation for Client Execution T1664 : Exploitation for Initial Access T1404 : Exploitation for Privilege Escalation T1428 : Exploitation of Remote Services T1420 : File and Directory Discovery T1541 : Foreground Persistence T1643 : Generate Traffic from Victim T1628 : Hide Artifacts T1625 : Hijack Execution Flow T1617 : Hooking T1629 : Impair Defenses T1630 : Indicator Removal on Host T1544 : Ingress Tool Transfer T1417 : Input Capture T1516 : Input Injection T1430 : Location Tracking T1461 : Lockscreen Bypass T1655 : Masquerading T1575 : Native API T1464 : Network Denial of Service T1423 : Network Service Scanning T1509 : Non-Standard Port T1406 : Obfuscated Files or Information T1644 : Out of Band Data T1660 : Phishing T1424 : Process Discovery T1631 : Process Injection T1636 : Protected User Data T1604 : Proxy Through Victim T1663 : Remote Access Software T1458 : Replication Through Removable Media T1603 : Scheduled Task/Job T1513 : Screen Capture T1582 : SMS Control T1418 : Software Discovery T1635 : Steal Application Access Token T1409 : Stored Application Data T1632 : Subvert Trust Controls T1474 : Supply Chain Compromise T1426 : System Information Discovery T1422 : System Network Configuration Discovery T1421 : System Network Connections Discovery T1512 : Video Capture T1633 : Virtualization/Sandbox Evasion T1481 : Web Service     ","T1532, T1429, T1616, T1471, T1533, T1407, T1629, T1417, T1430, T1655","Here's a breakdown of the MITRE Mobile attack patterns identified in the text and their corresponding technique IDs:

* **T1575 (Native API):** Anubis exploits the Android `performGlobalAction(int)` API call to resist uninstallation. This demonstrates the malware leveraging native Android APIs for malicious purposes.
* **T1428 (Exploitation of Remote Services):**  The ability of Anubis to record phone calls and audio, make phone calls (`T1616 (Call Control)`) and modify external storage points towards exploitation of remote services offered by the Android OS. 
* **T1533 (Data from Local System):**  Anubis exfiltrates encrypted device data and can steal application access tokens (`T1635 (Steal Application Access Token)`), indicating it accesses and steals data stored locally on the device.
* **T1429 (Audio Capture):** The malware explicitly records phone calls and audio, directly aligning with this technique. 
* **T1532 (Archive Collected Data):**  Anubis encrypts stolen data and exfiltrates it. This suggests that collected data is archived before being transferred to the attacker.
* **T1407 (Download New Code at Runtime):** Anubis can download attacker-specified APK files, indicating its capability to download and execute new code dynamically. 
* **T1577 (Compromise Application Executable):** Anubis is described as a banking trojan, implying it compromises legitimate applications for malicious purposes.  
* **T1420 (File and Directory Discovery):** The malware can modify external storage, suggesting it actively searches for and interacts with files on the device. 
* **T1639 (Exfiltration Over Alternative Protocol):** While not explicitly mentioned, Anubis is described as exfiltrating data encrypted with RC4, implying the use of alternative protocols beyond standard HTTP/HTTPS.  


**Final Line:** T1577, T1428, T1533, T1429, T1532, T1407, T1639"
22,"Extract all MITRE Enterprise attack patterns from the following text and map them to their corresponding MITRE technique IDs. Provide reasoning for each identification. Ensure the final line contains only the IDs for the main techniques, separated by commas, excluding any subtechnique IDs. MITRE Enterprise IDs are given below as reference.  **Text:** AppleJeus is a malware family of downloaders first discovered in 2018, embedded within trojanized cryptocurrency applications. This malware, attributed to the Lazarus Group, has targeted organizations in various sectors, including energy, finance, government, technology, and telecommunications, across multiple countries such as the United States, United Kingdom, South Korea, Australia, Brazil, New Zealand, and Russia. AppleJeus has been used to distribute the FALLCHILL Remote Access Trojan (RAT). AppleJeus has the capability to present a User Account Control (UAC) prompt to elevate privileges during installation. It communicates with its command and control (C2) server via POST requests and uses shell scripts to execute commands and establish persistence after installation. The malware can install itself as a service and has been observed decoding files received from its C2 server. During installation, AppleJeus uses post-installation scripts to extract a hidden plist file from the application's /Resources folder, which is then executed as a Launch Daemon with elevated permissions. Additionally, it exfiltrates collected host information to its C2 server.  **List of All MITRE Enterprise technique IDs** ID    : Name T1548 : Abuse Elevation Control Mechanism T1134 : Access Token Manipulation T1531 : Account Access Removal T1087 : Account Discovery T1098 : Account Manipulation T1650 : Acquire Access T1583 : Acquire Infrastructure T1595 : Active Scanning T1557 : Adversary-in-the-Middle T1071 : Application Layer Protocol T1010 : Application Window Discovery T1560 : Archive Collected Data T1123 : Audio Capture T1119 : Automated Collection T1020 : Automated Exfiltration T1197 : BITS Jobs T1547 : Boot or Logon Autostart Execution T1037 : Boot or Logon Initialization Scripts T1176 : Browser Extensions T1217 : Browser Information Discovery T1185 : Browser Session Hijacking T1110 : Brute Force T1612 : Build Image on Host T1115 : Clipboard Data T1651 : Cloud Administration Command T1580 : Cloud Infrastructure Discovery T1538 : Cloud Service Dashboard T1526 : Cloud Service Discovery T1619 : Cloud Storage Object Discovery T1059 : Command and Scripting Interpreter T1092 : Communication Through Removable Media T1586 : Compromise Accounts T1554 : Compromise Host Software Binary T1584 : Compromise Infrastructure T1609 : Container Administration Command T1613 : Container and Resource Discovery T1659 : Content Injection T1136 : Create Account T1543 : Create or Modify System Process T1555 : Credentials from Password Stores T1485 : Data Destruction T1132 : Data Encoding T1486 : Data Encrypted for Impact T1530 : Data from Cloud Storage T1602 : Data from Configuration Repository T1213 : Data from Information Repositories T1005 : Data from Local System T1039 : Data from Network Shared Drive T1025 : Data from Removable Media T1565 : Data Manipulation T1001 : Data Obfuscation T1074 : Data Staged T1030 : Data Transfer Size Limits T1622 : Debugger Evasion T1491 : Defacement T1140 : Deobfuscate/Decode Files or Information T1610 : Deploy Container T1587 : Develop Capabilities T1652 : Device Driver Discovery T1006 : Direct Volume Access T1561 : Disk Wipe T1484 : Domain or Tenant Policy Modification T1482 : Domain Trust Discovery T1189 : Drive-by Compromise T1568 : Dynamic Resolution T1114 : Email Collection T1573 : Encrypted Channel T1499 : Endpoint Denial of Service T1611 : Escape to Host T1585 : Establish Accounts T1546 : Event Triggered Execution T1480 : Execution Guardrails T1048 : Exfiltration Over Alternative Protocol T1041 : Exfiltration Over C2 Channel T1011 : Exfiltration Over Other Network Medium T1052 : Exfiltration Over Physical Medium T1567 : Exfiltration Over Web Service T1190 : Exploit Public-Facing Application T1203 : Exploitation for Client Execution T1212 : Exploitation for Credential Access T1211 : Exploitation for Defense Evasion T1068 : Exploitation for Privilege Escalation T1210 : Exploitation of Remote Services T1133 : External Remote Services T1008 : Fallback Channels T1083 : File and Directory Discovery T1222 : File and Directory Permissions Modification T1657 : Financial Theft T1495 : Firmware Corruption T1187 : Forced Authentication T1606 : Forge Web Credentials T1592 : Gather Victim Host Information T1589 : Gather Victim Identity Information T1590 : Gather Victim Network Information T1591 : Gather Victim Org Information T1615 : Group Policy Discovery T1200 : Hardware Additions T1564 : Hide Artifacts T1665 : Hide Infrastructure T1574 : Hijack Execution Flow T1562 : Impair Defenses T1656 : Impersonation T1525 : Implant Internal Image T1070 : Indicator Removal T1202 : Indirect Command Execution T1105 : Ingress Tool Transfer T1490 : Inhibit System Recovery T1056 : Input Capture T1559 : Inter-Process Communication T1534 : Internal Spearphishing T1570 : Lateral Tool Transfer T1654 : Log Enumeration T1036 : Masquerading T1556 : Modify Authentication Process T1578 : Modify Cloud Compute Infrastructure T1112 : Modify Registry T1601 : Modify System Image T1111 : Multi-Factor Authentication Interception T1621 : Multi-Factor Authentication Request Generation T1104 : Multi-Stage Channels T1106 : Native API T1599 : Network Boundary Bridging T1498 : Network Denial of Service T1046 : Network Service Discovery T1135 : Network Share Discovery T1040 : Network Sniffing T1095 : Non-Application Layer Protocol T1571 : Non-Standard Port T1027 : Obfuscated Files or Information T1588 : Obtain Capabilities T1137 : Office Application Startup T1003 : OS Credential Dumping T1201 : Password Policy Discovery T1120 : Peripheral Device Discovery T1069 : Permission Groups Discovery T1566 : Phishing T1598 : Phishing for Information T1647 : Plist File Modification T1653 : Power Settings T1542 : Pre-OS Boot T1057 : Process Discovery T1055 : Process Injection T1572 : Protocol Tunneling T1090 : Proxy T1012 : Query Registry T1620 : Reflective Code Loading T1219 : Remote Access Software T1563 : Remote Service Session Hijacking T1021 : Remote Services T1018 : Remote System Discovery T1091 : Replication Through Removable Media T1496 : Resource Hijacking T1207 : Rogue Domain Controller T1014 : Rootkit T1053 : Scheduled Task/Job T1029 : Scheduled Transfer T1113 : Screen Capture T1597 : Search Closed Sources T1596 : Search Open Technical Databases T1593 : Search Open Websites/Domains T1594 : Search Victim-Owned Websites T1505 : Server Software Component T1648 : Serverless Execution T1489 : Service Stop T1129 : Shared Modules T1072 : Software Deployment Tools T1518 : Software Discovery T1608 : Stage Capabilities T1528 : Steal Application Access Token T1649 : Steal or Forge Authentication Certificates T1558 : Steal or Forge Kerberos Tickets T1539 : Steal Web Session Cookie T1553 : Subvert Trust Controls T1195 : Supply Chain Compromise T1218 : System Binary Proxy Execution T1082 : System Information Discovery T1614 : System Location Discovery T1016 : System Network Configuration Discovery T1049 : System Network Connections Discovery T1033 : System Owner/User Discovery T1216 : System Script Proxy Execution T1007 : System Service Discovery T1569 : System Services T1529 : System Shutdown/Reboot T1124 : System Time Discovery T1080 : Taint Shared Content T1221 : Template Injection T1205 : Traffic Signaling T1537 : Transfer Data to Cloud Account T1127 : Trusted Developer Utilities Proxy Execution T1199 : Trusted Relationship T1552 : Unsecured Credentials T1535 : Unused/Unsupported Cloud Regions T1550 : Use Alternate Authentication Material T1204 : User Execution T1078 : Valid Accounts T1125 : Video Capture T1497 : Virtualization/Sandbox Evasion T1600 : Weaken Encryption T1102 : Web Service T1047 : Windows Management Instrumentation T1220 : XSL Script Processing     ","T1548, T1071, T1059, T1543, T1140, T1546, T1041","Here's a breakdown of the MITRE ATT&CK techniques present in the text, along with their corresponding IDs:

* **T1548:** Abuse Elevation Control Mechanism - *AppleJeus uses a UAC prompt to elevate privileges during installation.*
* **T1560:** Archive Collected Data - *The malware encodes files received from its C2 server for storage.*
* **T1041:** Exfiltration Over C2 Channel - *AppleJeus communicates with its command and control (C2) server via POST requests to exfiltrate data.*
* **T1583:** Acquire Infrastructure -  *The malware utilizes shell scripts to establish persistence and potentially gather information for infrastructure compromise.*
* **T1547:** Boot or Logon Autostart Execution - *AppleJeus installs itself as a service, ensuring its execution during system startup.* 
* **T1087:** Account Discovery - *The malware gathers host information, which could include user accounts and credentials.*
* **T1592:** Gather Victim Host Information - *Specifically mentioned in the text as part of AppleJeus' capabilities.*

* **T1650:** Acquire Access - This overarching technique encompasses various activities like exploiting vulnerabilities and privilege escalation, which might be used by AppleJeus.



**Final line (Main techniques only):** T1548,T1560,T1041,T1583,T1547,T1087,T1592,T1650"
23,"Extract all MITRE Enterprise attack patterns from the following text and map them to their corresponding MITRE technique IDs. Provide reasoning for each identification. Ensure the final line contains only the IDs for the main techniques, separated by commas, excluding any subtechnique IDs. MITRE Enterprise IDs are given below as reference.  **Text:** AppleSeed is a backdoor used by the Kimsuky group to target South Korean government, academic, and commercial entities since at least 2021.  AppleSeed can escalate its privileges to the system level by passing the SeDebugPrivilege to the AdjustTokenPrivilege API. It communicates with its command and control (C2) server over HTTP and compresses collected data before exfiltration. The malware is capable of automatically gathering data from USB drives, keystrokes, and screen captures prior to exfiltration. For persistence, AppleSeed creates the Registry key `EstsoftAutoUpdate` at `HKCU\Software\Microsoft\Windows\CurrentVersion\RunOnce`. It can also execute its payload via PowerShell, collect data from compromised hosts, and locate and extract information from removable media devices.  **List of All MITRE Enterprise technique IDs** ID    : Name T1548 : Abuse Elevation Control Mechanism T1134 : Access Token Manipulation T1531 : Account Access Removal T1087 : Account Discovery T1098 : Account Manipulation T1650 : Acquire Access T1583 : Acquire Infrastructure T1595 : Active Scanning T1557 : Adversary-in-the-Middle T1071 : Application Layer Protocol T1010 : Application Window Discovery T1560 : Archive Collected Data T1123 : Audio Capture T1119 : Automated Collection T1020 : Automated Exfiltration T1197 : BITS Jobs T1547 : Boot or Logon Autostart Execution T1037 : Boot or Logon Initialization Scripts T1176 : Browser Extensions T1217 : Browser Information Discovery T1185 : Browser Session Hijacking T1110 : Brute Force T1612 : Build Image on Host T1115 : Clipboard Data T1651 : Cloud Administration Command T1580 : Cloud Infrastructure Discovery T1538 : Cloud Service Dashboard T1526 : Cloud Service Discovery T1619 : Cloud Storage Object Discovery T1059 : Command and Scripting Interpreter T1092 : Communication Through Removable Media T1586 : Compromise Accounts T1554 : Compromise Host Software Binary T1584 : Compromise Infrastructure T1609 : Container Administration Command T1613 : Container and Resource Discovery T1659 : Content Injection T1136 : Create Account T1543 : Create or Modify System Process T1555 : Credentials from Password Stores T1485 : Data Destruction T1132 : Data Encoding T1486 : Data Encrypted for Impact T1530 : Data from Cloud Storage T1602 : Data from Configuration Repository T1213 : Data from Information Repositories T1005 : Data from Local System T1039 : Data from Network Shared Drive T1025 : Data from Removable Media T1565 : Data Manipulation T1001 : Data Obfuscation T1074 : Data Staged T1030 : Data Transfer Size Limits T1622 : Debugger Evasion T1491 : Defacement T1140 : Deobfuscate/Decode Files or Information T1610 : Deploy Container T1587 : Develop Capabilities T1652 : Device Driver Discovery T1006 : Direct Volume Access T1561 : Disk Wipe T1484 : Domain or Tenant Policy Modification T1482 : Domain Trust Discovery T1189 : Drive-by Compromise T1568 : Dynamic Resolution T1114 : Email Collection T1573 : Encrypted Channel T1499 : Endpoint Denial of Service T1611 : Escape to Host T1585 : Establish Accounts T1546 : Event Triggered Execution T1480 : Execution Guardrails T1048 : Exfiltration Over Alternative Protocol T1041 : Exfiltration Over C2 Channel T1011 : Exfiltration Over Other Network Medium T1052 : Exfiltration Over Physical Medium T1567 : Exfiltration Over Web Service T1190 : Exploit Public-Facing Application T1203 : Exploitation for Client Execution T1212 : Exploitation for Credential Access T1211 : Exploitation for Defense Evasion T1068 : Exploitation for Privilege Escalation T1210 : Exploitation of Remote Services T1133 : External Remote Services T1008 : Fallback Channels T1083 : File and Directory Discovery T1222 : File and Directory Permissions Modification T1657 : Financial Theft T1495 : Firmware Corruption T1187 : Forced Authentication T1606 : Forge Web Credentials T1592 : Gather Victim Host Information T1589 : Gather Victim Identity Information T1590 : Gather Victim Network Information T1591 : Gather Victim Org Information T1615 : Group Policy Discovery T1200 : Hardware Additions T1564 : Hide Artifacts T1665 : Hide Infrastructure T1574 : Hijack Execution Flow T1562 : Impair Defenses T1656 : Impersonation T1525 : Implant Internal Image T1070 : Indicator Removal T1202 : Indirect Command Execution T1105 : Ingress Tool Transfer T1490 : Inhibit System Recovery T1056 : Input Capture T1559 : Inter-Process Communication T1534 : Internal Spearphishing T1570 : Lateral Tool Transfer T1654 : Log Enumeration T1036 : Masquerading T1556 : Modify Authentication Process T1578 : Modify Cloud Compute Infrastructure T1112 : Modify Registry T1601 : Modify System Image T1111 : Multi-Factor Authentication Interception T1621 : Multi-Factor Authentication Request Generation T1104 : Multi-Stage Channels T1106 : Native API T1599 : Network Boundary Bridging T1498 : Network Denial of Service T1046 : Network Service Discovery T1135 : Network Share Discovery T1040 : Network Sniffing T1095 : Non-Application Layer Protocol T1571 : Non-Standard Port T1027 : Obfuscated Files or Information T1588 : Obtain Capabilities T1137 : Office Application Startup T1003 : OS Credential Dumping T1201 : Password Policy Discovery T1120 : Peripheral Device Discovery T1069 : Permission Groups Discovery T1566 : Phishing T1598 : Phishing for Information T1647 : Plist File Modification T1653 : Power Settings T1542 : Pre-OS Boot T1057 : Process Discovery T1055 : Process Injection T1572 : Protocol Tunneling T1090 : Proxy T1012 : Query Registry T1620 : Reflective Code Loading T1219 : Remote Access Software T1563 : Remote Service Session Hijacking T1021 : Remote Services T1018 : Remote System Discovery T1091 : Replication Through Removable Media T1496 : Resource Hijacking T1207 : Rogue Domain Controller T1014 : Rootkit T1053 : Scheduled Task/Job T1029 : Scheduled Transfer T1113 : Screen Capture T1597 : Search Closed Sources T1596 : Search Open Technical Databases T1593 : Search Open Websites/Domains T1594 : Search Victim-Owned Websites T1505 : Server Software Component T1648 : Serverless Execution T1489 : Service Stop T1129 : Shared Modules T1072 : Software Deployment Tools T1518 : Software Discovery T1608 : Stage Capabilities T1528 : Steal Application Access Token T1649 : Steal or Forge Authentication Certificates T1558 : Steal or Forge Kerberos Tickets T1539 : Steal Web Session Cookie T1553 : Subvert Trust Controls T1195 : Supply Chain Compromise T1218 : System Binary Proxy Execution T1082 : System Information Discovery T1614 : System Location Discovery T1016 : System Network Configuration Discovery T1049 : System Network Connections Discovery T1033 : System Owner/User Discovery T1216 : System Script Proxy Execution T1007 : System Service Discovery T1569 : System Services T1529 : System Shutdown/Reboot T1124 : System Time Discovery T1080 : Taint Shared Content T1221 : Template Injection T1205 : Traffic Signaling T1537 : Transfer Data to Cloud Account T1127 : Trusted Developer Utilities Proxy Execution T1199 : Trusted Relationship T1552 : Unsecured Credentials T1535 : Unused/Unsupported Cloud Regions T1550 : Use Alternate Authentication Material T1204 : User Execution T1078 : Valid Accounts T1125 : Video Capture T1497 : Virtualization/Sandbox Evasion T1600 : Weaken Encryption T1102 : Web Service T1047 : Windows Management Instrumentation T1220 : XSL Script Processing     ","T1134, T1071, T1560, T1119, T1547, T1059, T1005, T1025","Here's a breakdown of the MITRE ATT&CK techniques present in the text, along with explanations:

* **T1548: Abuse Elevation Control Mechanism:** AppleSeed escalates privileges by using the `SeDebugPrivilege` and `AdjustTokenPrivilege` API. This indicates an attempt to gain higher permissions than initially granted.
* **T1134: Access Token Manipulation:** Similar to T1548, the malware manipulates access tokens to elevate privileges.

* **T1595: Active Scanning:**  The text mentions AppleSeed ""automating data gathering from USB drives, keystrokes, and screen captures."" This suggests active scanning of the system for sensitive information.
* **T1087: Account Discovery:** Gathering victim host information (T1592) could involve discovering existing user accounts on the compromised system.

* **T1650: Acquire Access:** The malware is designed to infiltrate systems and gain access, fulfilling the definition of ""Acquire Access.""
* **T1583: Acquire Infrastructure:**  AppleSeed establishes a connection with its C2 server over HTTP (T1071), suggesting an attempt to acquire infrastructure for command and control.

* **T1547: Boot or Logon Autostart Execution:** AppleSeed uses the `EstsoftAutoUpdate` registry key under `HKCU\Software\Microsoft\Windows\CurrentVersion\RunOnce` to ensure persistence on startup.
* **T1098: Account Manipulation:** AppleSeed likely modifies user accounts (e.g., by stealing credentials) or creates new ones for malicious purposes.

* **T1560: Archive Collected Data:** The text mentions data being compressed before exfiltration, indicating archiving of collected information. 
* **T1020: Automated Exfiltration:**  AppleSeed automatically sends stolen data to the C2 server via HTTP.


* **T1586: Compromise Accounts:** AppleSeed's actions directly aim to compromise user accounts by stealing credentials or manipulating permissions.

* **T1092: Communication Through Removable Media:** The malware can extract information from removable media devices, suggesting potential use of this method for communication.
* **T1554: Compromise Host Software Binary:** AppleSeed might modify existing software binaries on the compromised system to execute malicious code.


**Final line (main technique IDs):** T1548,T1134,T1595,T1087,T1650,T1583,T1547,T1098,T1560,T1020,T1586



Let me know if you'd like a deeper dive into any specific technique!"
24,"Extract all MITRE Mobile attack patterns from the following text and map them to their corresponding MITRE technique IDs. Provide reasoning for each identification. Ensure the final line contains only the IDs for the main techniques, separated by commas, excluding any subtechnique IDs. MITRE Mobile IDs are given below as reference.  **Text:** Asacub is a banking trojan designed to steal money from victims' bank accounts by initiating wire transfers via SMS from compromised devices. Asacub can request device administrator permissions to enhance its control over the infected device. It communicates with its command and control (C2) server using HTTP POST requests, with C2 communications encrypted using Base64-encoded RC4. The trojan often masquerades as a client of popular free ad services to deceive users. Asacub implements some of its functions in native code and stores encrypted strings within the APK file. It is capable of collecting the device’s contact list, sending SMS messages from compromised devices, and gathering various device information, such as the device model and OS version.  **List of All MITRE Mobile technique IDs** ID    : Name T1626 : Abuse Elevation Control Mechanism T1517 : Access Notifications T1640 : Account Access Removal T1638 : Adversary-in-the-Middle T1437 : Application Layer Protocol T1661 : Application Versioning T1532 : Archive Collected Data T1429 : Audio Capture T1398 : Boot or Logon Initialization Scripts T1616 : Call Control T1414 : Clipboard Data T1623 : Command and Scripting Interpreter T1577 : Compromise Application Executable T1645 : Compromise Client Software Binary T1634 : Credentials from Password Store T1662 : Data Destruction T1471 : Data Encrypted for Impact T1533 : Data from Local System T1641 : Data Manipulation T1407 : Download New Code at Runtime T1456 : Drive-By Compromise T1637 : Dynamic Resolution T1521 : Encrypted Channel T1642 : Endpoint Denial of Service T1624 : Event Triggered Execution T1627 : Execution Guardrails T1639 : Exfiltration Over Alternative Protocol T1646 : Exfiltration Over C2 Channel T1658 : Exploitation for Client Execution T1664 : Exploitation for Initial Access T1404 : Exploitation for Privilege Escalation T1428 : Exploitation of Remote Services T1420 : File and Directory Discovery T1541 : Foreground Persistence T1643 : Generate Traffic from Victim T1628 : Hide Artifacts T1625 : Hijack Execution Flow T1617 : Hooking T1629 : Impair Defenses T1630 : Indicator Removal on Host T1544 : Ingress Tool Transfer T1417 : Input Capture T1516 : Input Injection T1430 : Location Tracking T1461 : Lockscreen Bypass T1655 : Masquerading T1575 : Native API T1464 : Network Denial of Service T1423 : Network Service Scanning T1509 : Non-Standard Port T1406 : Obfuscated Files or Information T1644 : Out of Band Data T1660 : Phishing T1424 : Process Discovery T1631 : Process Injection T1636 : Protected User Data T1604 : Proxy Through Victim T1663 : Remote Access Software T1458 : Replication Through Removable Media T1603 : Scheduled Task/Job T1513 : Screen Capture T1582 : SMS Control T1418 : Software Discovery T1635 : Steal Application Access Token T1409 : Stored Application Data T1632 : Subvert Trust Controls T1474 : Supply Chain Compromise T1426 : System Information Discovery T1422 : System Network Configuration Discovery T1421 : System Network Connections Discovery T1512 : Video Capture T1633 : Virtualization/Sandbox Evasion T1481 : Web Service     ","T1626, T1437, T1532, T1655, T1575, T1406, T1636, T1582, T1426, T1422","Here are the MITRE Mobile attack patterns identified in the text, mapped to their corresponding IDs:

* **T1575: Native API:** Asacub implements some of its functions in native code. This suggests the use of platform-specific APIs for potentially more efficient and less detectable operations.
* **T1582: SMS Control:** The malware is capable of sending SMS messages from compromised devices to initiate wire transfers, directly indicating control over SMS functionalities. 
* **T1406: Obfuscated Files or Information:** The trojan stores encrypted strings within the APK file,  likely to hide its malicious intent and make analysis more difficult.
* **T1423: Network Service Scanning:** Asacub communicates with its command and control (C2) server using HTTP POST requests, implying that it scans for and connects to specific network services. 
* **T1577: Compromise Application Executable:**  Asacub disguises itself as a legitimate client of popular free ad services to deceive users into installing the malicious application. This suggests it compromises existing application executables or exploits vulnerabilities in them.
* **T1409: Stored Application Data:** Asacub collects various device information, such as the device model and OS version, indicating potential access and manipulation of stored application data.

**IDs:** T1575, T1582, T1406, T1423, T1577, T1409"
25,"Extract all MITRE Enterprise attack patterns from the following text and map them to their corresponding MITRE technique IDs. Provide reasoning for each identification. Ensure the final line contains only the IDs for the main techniques, separated by commas, excluding any subtechnique IDs. MITRE Enterprise IDs are given below as reference.  **Text:** ASPXSpy is a web shell that has been modified by Threat Group-3390 to create a variant known as ASPXTool. This modified version has been deployed by the group on accessible servers running Internet Information Services (IIS).  **List of All MITRE Enterprise technique IDs** ID    : Name T1548 : Abuse Elevation Control Mechanism T1134 : Access Token Manipulation T1531 : Account Access Removal T1087 : Account Discovery T1098 : Account Manipulation T1650 : Acquire Access T1583 : Acquire Infrastructure T1595 : Active Scanning T1557 : Adversary-in-the-Middle T1071 : Application Layer Protocol T1010 : Application Window Discovery T1560 : Archive Collected Data T1123 : Audio Capture T1119 : Automated Collection T1020 : Automated Exfiltration T1197 : BITS Jobs T1547 : Boot or Logon Autostart Execution T1037 : Boot or Logon Initialization Scripts T1176 : Browser Extensions T1217 : Browser Information Discovery T1185 : Browser Session Hijacking T1110 : Brute Force T1612 : Build Image on Host T1115 : Clipboard Data T1651 : Cloud Administration Command T1580 : Cloud Infrastructure Discovery T1538 : Cloud Service Dashboard T1526 : Cloud Service Discovery T1619 : Cloud Storage Object Discovery T1059 : Command and Scripting Interpreter T1092 : Communication Through Removable Media T1586 : Compromise Accounts T1554 : Compromise Host Software Binary T1584 : Compromise Infrastructure T1609 : Container Administration Command T1613 : Container and Resource Discovery T1659 : Content Injection T1136 : Create Account T1543 : Create or Modify System Process T1555 : Credentials from Password Stores T1485 : Data Destruction T1132 : Data Encoding T1486 : Data Encrypted for Impact T1530 : Data from Cloud Storage T1602 : Data from Configuration Repository T1213 : Data from Information Repositories T1005 : Data from Local System T1039 : Data from Network Shared Drive T1025 : Data from Removable Media T1565 : Data Manipulation T1001 : Data Obfuscation T1074 : Data Staged T1030 : Data Transfer Size Limits T1622 : Debugger Evasion T1491 : Defacement T1140 : Deobfuscate/Decode Files or Information T1610 : Deploy Container T1587 : Develop Capabilities T1652 : Device Driver Discovery T1006 : Direct Volume Access T1561 : Disk Wipe T1484 : Domain or Tenant Policy Modification T1482 : Domain Trust Discovery T1189 : Drive-by Compromise T1568 : Dynamic Resolution T1114 : Email Collection T1573 : Encrypted Channel T1499 : Endpoint Denial of Service T1611 : Escape to Host T1585 : Establish Accounts T1546 : Event Triggered Execution T1480 : Execution Guardrails T1048 : Exfiltration Over Alternative Protocol T1041 : Exfiltration Over C2 Channel T1011 : Exfiltration Over Other Network Medium T1052 : Exfiltration Over Physical Medium T1567 : Exfiltration Over Web Service T1190 : Exploit Public-Facing Application T1203 : Exploitation for Client Execution T1212 : Exploitation for Credential Access T1211 : Exploitation for Defense Evasion T1068 : Exploitation for Privilege Escalation T1210 : Exploitation of Remote Services T1133 : External Remote Services T1008 : Fallback Channels T1083 : File and Directory Discovery T1222 : File and Directory Permissions Modification T1657 : Financial Theft T1495 : Firmware Corruption T1187 : Forced Authentication T1606 : Forge Web Credentials T1592 : Gather Victim Host Information T1589 : Gather Victim Identity Information T1590 : Gather Victim Network Information T1591 : Gather Victim Org Information T1615 : Group Policy Discovery T1200 : Hardware Additions T1564 : Hide Artifacts T1665 : Hide Infrastructure T1574 : Hijack Execution Flow T1562 : Impair Defenses T1656 : Impersonation T1525 : Implant Internal Image T1070 : Indicator Removal T1202 : Indirect Command Execution T1105 : Ingress Tool Transfer T1490 : Inhibit System Recovery T1056 : Input Capture T1559 : Inter-Process Communication T1534 : Internal Spearphishing T1570 : Lateral Tool Transfer T1654 : Log Enumeration T1036 : Masquerading T1556 : Modify Authentication Process T1578 : Modify Cloud Compute Infrastructure T1112 : Modify Registry T1601 : Modify System Image T1111 : Multi-Factor Authentication Interception T1621 : Multi-Factor Authentication Request Generation T1104 : Multi-Stage Channels T1106 : Native API T1599 : Network Boundary Bridging T1498 : Network Denial of Service T1046 : Network Service Discovery T1135 : Network Share Discovery T1040 : Network Sniffing T1095 : Non-Application Layer Protocol T1571 : Non-Standard Port T1027 : Obfuscated Files or Information T1588 : Obtain Capabilities T1137 : Office Application Startup T1003 : OS Credential Dumping T1201 : Password Policy Discovery T1120 : Peripheral Device Discovery T1069 : Permission Groups Discovery T1566 : Phishing T1598 : Phishing for Information T1647 : Plist File Modification T1653 : Power Settings T1542 : Pre-OS Boot T1057 : Process Discovery T1055 : Process Injection T1572 : Protocol Tunneling T1090 : Proxy T1012 : Query Registry T1620 : Reflective Code Loading T1219 : Remote Access Software T1563 : Remote Service Session Hijacking T1021 : Remote Services T1018 : Remote System Discovery T1091 : Replication Through Removable Media T1496 : Resource Hijacking T1207 : Rogue Domain Controller T1014 : Rootkit T1053 : Scheduled Task/Job T1029 : Scheduled Transfer T1113 : Screen Capture T1597 : Search Closed Sources T1596 : Search Open Technical Databases T1593 : Search Open Websites/Domains T1594 : Search Victim-Owned Websites T1505 : Server Software Component T1648 : Serverless Execution T1489 : Service Stop T1129 : Shared Modules T1072 : Software Deployment Tools T1518 : Software Discovery T1608 : Stage Capabilities T1528 : Steal Application Access Token T1649 : Steal or Forge Authentication Certificates T1558 : Steal or Forge Kerberos Tickets T1539 : Steal Web Session Cookie T1553 : Subvert Trust Controls T1195 : Supply Chain Compromise T1218 : System Binary Proxy Execution T1082 : System Information Discovery T1614 : System Location Discovery T1016 : System Network Configuration Discovery T1049 : System Network Connections Discovery T1033 : System Owner/User Discovery T1216 : System Script Proxy Execution T1007 : System Service Discovery T1569 : System Services T1529 : System Shutdown/Reboot T1124 : System Time Discovery T1080 : Taint Shared Content T1221 : Template Injection T1205 : Traffic Signaling T1537 : Transfer Data to Cloud Account T1127 : Trusted Developer Utilities Proxy Execution T1199 : Trusted Relationship T1552 : Unsecured Credentials T1535 : Unused/Unsupported Cloud Regions T1550 : Use Alternate Authentication Material T1204 : User Execution T1078 : Valid Accounts T1125 : Video Capture T1497 : Virtualization/Sandbox Evasion T1600 : Weaken Encryption T1102 : Web Service T1047 : Windows Management Instrumentation T1220 : XSL Script Processing     ",T1505,"Here's a breakdown of the MITRE Enterprise Attack patterns present in the text and their corresponding IDs:

* **T1583 (Acquire Infrastructure):** The text states ASPXTool is deployed on accessible servers running IIS, indicating the adversary acquired infrastructure for malicious purposes. 
* **T1087 (Account Discovery):**  The threat group likely needs to discover existing accounts on the compromised IIS servers to potentially exploit them further.
* **T1548 (Abuse Elevation Control Mechanism):** The mention of ASPXSpy and its modification into ASPXTool suggests the group might be manipulating system permissions or elevation controls for unauthorized access.
* **T1098 (Account Manipulation):**  Accounts found could be manipulated by the threat group to gain persistent access or elevate privileges on the compromised servers.
* **T1560 (Archive Collected Data):** The group may be collecting data from the IIS servers, potentially for later exfiltration or analysis.
* **T1595 (Active Scanning):**  Threat Group-3390 might actively scan the network to identify vulnerable systems and potential targets beyond just the compromised servers.


**Final line:** T1583,T1087,T1548,T1098,T1560,T1595"
26,"Extract all MITRE Enterprise attack patterns from the following text and map them to their corresponding MITRE technique IDs. Provide reasoning for each identification. Ensure the final line contains only the IDs for the main techniques, separated by commas, excluding any subtechnique IDs. MITRE Enterprise IDs are given below as reference.  **Text:** The `at` command is used to schedule tasks on a system to run at a specified date and time.  **List of All MITRE Enterprise technique IDs** ID    : Name T1548 : Abuse Elevation Control Mechanism T1134 : Access Token Manipulation T1531 : Account Access Removal T1087 : Account Discovery T1098 : Account Manipulation T1650 : Acquire Access T1583 : Acquire Infrastructure T1595 : Active Scanning T1557 : Adversary-in-the-Middle T1071 : Application Layer Protocol T1010 : Application Window Discovery T1560 : Archive Collected Data T1123 : Audio Capture T1119 : Automated Collection T1020 : Automated Exfiltration T1197 : BITS Jobs T1547 : Boot or Logon Autostart Execution T1037 : Boot or Logon Initialization Scripts T1176 : Browser Extensions T1217 : Browser Information Discovery T1185 : Browser Session Hijacking T1110 : Brute Force T1612 : Build Image on Host T1115 : Clipboard Data T1651 : Cloud Administration Command T1580 : Cloud Infrastructure Discovery T1538 : Cloud Service Dashboard T1526 : Cloud Service Discovery T1619 : Cloud Storage Object Discovery T1059 : Command and Scripting Interpreter T1092 : Communication Through Removable Media T1586 : Compromise Accounts T1554 : Compromise Host Software Binary T1584 : Compromise Infrastructure T1609 : Container Administration Command T1613 : Container and Resource Discovery T1659 : Content Injection T1136 : Create Account T1543 : Create or Modify System Process T1555 : Credentials from Password Stores T1485 : Data Destruction T1132 : Data Encoding T1486 : Data Encrypted for Impact T1530 : Data from Cloud Storage T1602 : Data from Configuration Repository T1213 : Data from Information Repositories T1005 : Data from Local System T1039 : Data from Network Shared Drive T1025 : Data from Removable Media T1565 : Data Manipulation T1001 : Data Obfuscation T1074 : Data Staged T1030 : Data Transfer Size Limits T1622 : Debugger Evasion T1491 : Defacement T1140 : Deobfuscate/Decode Files or Information T1610 : Deploy Container T1587 : Develop Capabilities T1652 : Device Driver Discovery T1006 : Direct Volume Access T1561 : Disk Wipe T1484 : Domain or Tenant Policy Modification T1482 : Domain Trust Discovery T1189 : Drive-by Compromise T1568 : Dynamic Resolution T1114 : Email Collection T1573 : Encrypted Channel T1499 : Endpoint Denial of Service T1611 : Escape to Host T1585 : Establish Accounts T1546 : Event Triggered Execution T1480 : Execution Guardrails T1048 : Exfiltration Over Alternative Protocol T1041 : Exfiltration Over C2 Channel T1011 : Exfiltration Over Other Network Medium T1052 : Exfiltration Over Physical Medium T1567 : Exfiltration Over Web Service T1190 : Exploit Public-Facing Application T1203 : Exploitation for Client Execution T1212 : Exploitation for Credential Access T1211 : Exploitation for Defense Evasion T1068 : Exploitation for Privilege Escalation T1210 : Exploitation of Remote Services T1133 : External Remote Services T1008 : Fallback Channels T1083 : File and Directory Discovery T1222 : File and Directory Permissions Modification T1657 : Financial Theft T1495 : Firmware Corruption T1187 : Forced Authentication T1606 : Forge Web Credentials T1592 : Gather Victim Host Information T1589 : Gather Victim Identity Information T1590 : Gather Victim Network Information T1591 : Gather Victim Org Information T1615 : Group Policy Discovery T1200 : Hardware Additions T1564 : Hide Artifacts T1665 : Hide Infrastructure T1574 : Hijack Execution Flow T1562 : Impair Defenses T1656 : Impersonation T1525 : Implant Internal Image T1070 : Indicator Removal T1202 : Indirect Command Execution T1105 : Ingress Tool Transfer T1490 : Inhibit System Recovery T1056 : Input Capture T1559 : Inter-Process Communication T1534 : Internal Spearphishing T1570 : Lateral Tool Transfer T1654 : Log Enumeration T1036 : Masquerading T1556 : Modify Authentication Process T1578 : Modify Cloud Compute Infrastructure T1112 : Modify Registry T1601 : Modify System Image T1111 : Multi-Factor Authentication Interception T1621 : Multi-Factor Authentication Request Generation T1104 : Multi-Stage Channels T1106 : Native API T1599 : Network Boundary Bridging T1498 : Network Denial of Service T1046 : Network Service Discovery T1135 : Network Share Discovery T1040 : Network Sniffing T1095 : Non-Application Layer Protocol T1571 : Non-Standard Port T1027 : Obfuscated Files or Information T1588 : Obtain Capabilities T1137 : Office Application Startup T1003 : OS Credential Dumping T1201 : Password Policy Discovery T1120 : Peripheral Device Discovery T1069 : Permission Groups Discovery T1566 : Phishing T1598 : Phishing for Information T1647 : Plist File Modification T1653 : Power Settings T1542 : Pre-OS Boot T1057 : Process Discovery T1055 : Process Injection T1572 : Protocol Tunneling T1090 : Proxy T1012 : Query Registry T1620 : Reflective Code Loading T1219 : Remote Access Software T1563 : Remote Service Session Hijacking T1021 : Remote Services T1018 : Remote System Discovery T1091 : Replication Through Removable Media T1496 : Resource Hijacking T1207 : Rogue Domain Controller T1014 : Rootkit T1053 : Scheduled Task/Job T1029 : Scheduled Transfer T1113 : Screen Capture T1597 : Search Closed Sources T1596 : Search Open Technical Databases T1593 : Search Open Websites/Domains T1594 : Search Victim-Owned Websites T1505 : Server Software Component T1648 : Serverless Execution T1489 : Service Stop T1129 : Shared Modules T1072 : Software Deployment Tools T1518 : Software Discovery T1608 : Stage Capabilities T1528 : Steal Application Access Token T1649 : Steal or Forge Authentication Certificates T1558 : Steal or Forge Kerberos Tickets T1539 : Steal Web Session Cookie T1553 : Subvert Trust Controls T1195 : Supply Chain Compromise T1218 : System Binary Proxy Execution T1082 : System Information Discovery T1614 : System Location Discovery T1016 : System Network Configuration Discovery T1049 : System Network Connections Discovery T1033 : System Owner/User Discovery T1216 : System Script Proxy Execution T1007 : System Service Discovery T1569 : System Services T1529 : System Shutdown/Reboot T1124 : System Time Discovery T1080 : Taint Shared Content T1221 : Template Injection T1205 : Traffic Signaling T1537 : Transfer Data to Cloud Account T1127 : Trusted Developer Utilities Proxy Execution T1199 : Trusted Relationship T1552 : Unsecured Credentials T1535 : Unused/Unsupported Cloud Regions T1550 : Use Alternate Authentication Material T1204 : User Execution T1078 : Valid Accounts T1125 : Video Capture T1497 : Virtualization/Sandbox Evasion T1600 : Weaken Encryption T1102 : Web Service T1047 : Windows Management Instrumentation T1220 : XSL Script Processing     ",T1053,"The provided text mentions scheduling tasks on a system using the `at` command. This suggests potential use of the following MITRE techniques:

* **T1546: Event Triggered Execution:** The  `at` command schedules tasks based on specific events (dates and times), aligning with this technique. 
* **T1053: Scheduled Task/Job:** Using `at` inherently involves setting up scheduled tasks on a system, directly mapping to this technique.



MITRE Technique IDs: T1546, T1053"
27,"Extract all MITRE Enterprise attack patterns from the following text and map them to their corresponding MITRE technique IDs. Provide reasoning for each identification. Ensure the final line contains only the IDs for the main techniques, separated by commas, excluding any subtechnique IDs. MITRE Enterprise IDs are given below as reference.  **Text:** AuTo Stealer is malware written in C++ that has been used by SideCopy since at least December 2021 to target government agencies and personnel in India and Afghanistan. AuTo Stealer communicates with its command and control (C2) servers using HTTP or TCP. It maintains persistence by placing malicious executables in the AutoRun registry key or StartUp directory, depending on the installed antivirus (AV) product. The malware can execute a batch file using `cmd.exe`. AuTo Stealer is capable of collecting various types of data from an infected machine, including PowerPoint files, Word documents, Excel files, PDF files, text files, database files, and image files. This collected data is stored in a file named `Hostname_UserName.txt` before exfiltration. The malware then exfiltrates the data to actor-controlled C2 servers via HTTP or TCP. Additionally, AuTo Stealer can gather information about the installed AV products on an infected host.  **List of All MITRE Enterprise technique IDs** ID    : Name T1548 : Abuse Elevation Control Mechanism T1134 : Access Token Manipulation T1531 : Account Access Removal T1087 : Account Discovery T1098 : Account Manipulation T1650 : Acquire Access T1583 : Acquire Infrastructure T1595 : Active Scanning T1557 : Adversary-in-the-Middle T1071 : Application Layer Protocol T1010 : Application Window Discovery T1560 : Archive Collected Data T1123 : Audio Capture T1119 : Automated Collection T1020 : Automated Exfiltration T1197 : BITS Jobs T1547 : Boot or Logon Autostart Execution T1037 : Boot or Logon Initialization Scripts T1176 : Browser Extensions T1217 : Browser Information Discovery T1185 : Browser Session Hijacking T1110 : Brute Force T1612 : Build Image on Host T1115 : Clipboard Data T1651 : Cloud Administration Command T1580 : Cloud Infrastructure Discovery T1538 : Cloud Service Dashboard T1526 : Cloud Service Discovery T1619 : Cloud Storage Object Discovery T1059 : Command and Scripting Interpreter T1092 : Communication Through Removable Media T1586 : Compromise Accounts T1554 : Compromise Host Software Binary T1584 : Compromise Infrastructure T1609 : Container Administration Command T1613 : Container and Resource Discovery T1659 : Content Injection T1136 : Create Account T1543 : Create or Modify System Process T1555 : Credentials from Password Stores T1485 : Data Destruction T1132 : Data Encoding T1486 : Data Encrypted for Impact T1530 : Data from Cloud Storage T1602 : Data from Configuration Repository T1213 : Data from Information Repositories T1005 : Data from Local System T1039 : Data from Network Shared Drive T1025 : Data from Removable Media T1565 : Data Manipulation T1001 : Data Obfuscation T1074 : Data Staged T1030 : Data Transfer Size Limits T1622 : Debugger Evasion T1491 : Defacement T1140 : Deobfuscate/Decode Files or Information T1610 : Deploy Container T1587 : Develop Capabilities T1652 : Device Driver Discovery T1006 : Direct Volume Access T1561 : Disk Wipe T1484 : Domain or Tenant Policy Modification T1482 : Domain Trust Discovery T1189 : Drive-by Compromise T1568 : Dynamic Resolution T1114 : Email Collection T1573 : Encrypted Channel T1499 : Endpoint Denial of Service T1611 : Escape to Host T1585 : Establish Accounts T1546 : Event Triggered Execution T1480 : Execution Guardrails T1048 : Exfiltration Over Alternative Protocol T1041 : Exfiltration Over C2 Channel T1011 : Exfiltration Over Other Network Medium T1052 : Exfiltration Over Physical Medium T1567 : Exfiltration Over Web Service T1190 : Exploit Public-Facing Application T1203 : Exploitation for Client Execution T1212 : Exploitation for Credential Access T1211 : Exploitation for Defense Evasion T1068 : Exploitation for Privilege Escalation T1210 : Exploitation of Remote Services T1133 : External Remote Services T1008 : Fallback Channels T1083 : File and Directory Discovery T1222 : File and Directory Permissions Modification T1657 : Financial Theft T1495 : Firmware Corruption T1187 : Forced Authentication T1606 : Forge Web Credentials T1592 : Gather Victim Host Information T1589 : Gather Victim Identity Information T1590 : Gather Victim Network Information T1591 : Gather Victim Org Information T1615 : Group Policy Discovery T1200 : Hardware Additions T1564 : Hide Artifacts T1665 : Hide Infrastructure T1574 : Hijack Execution Flow T1562 : Impair Defenses T1656 : Impersonation T1525 : Implant Internal Image T1070 : Indicator Removal T1202 : Indirect Command Execution T1105 : Ingress Tool Transfer T1490 : Inhibit System Recovery T1056 : Input Capture T1559 : Inter-Process Communication T1534 : Internal Spearphishing T1570 : Lateral Tool Transfer T1654 : Log Enumeration T1036 : Masquerading T1556 : Modify Authentication Process T1578 : Modify Cloud Compute Infrastructure T1112 : Modify Registry T1601 : Modify System Image T1111 : Multi-Factor Authentication Interception T1621 : Multi-Factor Authentication Request Generation T1104 : Multi-Stage Channels T1106 : Native API T1599 : Network Boundary Bridging T1498 : Network Denial of Service T1046 : Network Service Discovery T1135 : Network Share Discovery T1040 : Network Sniffing T1095 : Non-Application Layer Protocol T1571 : Non-Standard Port T1027 : Obfuscated Files or Information T1588 : Obtain Capabilities T1137 : Office Application Startup T1003 : OS Credential Dumping T1201 : Password Policy Discovery T1120 : Peripheral Device Discovery T1069 : Permission Groups Discovery T1566 : Phishing T1598 : Phishing for Information T1647 : Plist File Modification T1653 : Power Settings T1542 : Pre-OS Boot T1057 : Process Discovery T1055 : Process Injection T1572 : Protocol Tunneling T1090 : Proxy T1012 : Query Registry T1620 : Reflective Code Loading T1219 : Remote Access Software T1563 : Remote Service Session Hijacking T1021 : Remote Services T1018 : Remote System Discovery T1091 : Replication Through Removable Media T1496 : Resource Hijacking T1207 : Rogue Domain Controller T1014 : Rootkit T1053 : Scheduled Task/Job T1029 : Scheduled Transfer T1113 : Screen Capture T1597 : Search Closed Sources T1596 : Search Open Technical Databases T1593 : Search Open Websites/Domains T1594 : Search Victim-Owned Websites T1505 : Server Software Component T1648 : Serverless Execution T1489 : Service Stop T1129 : Shared Modules T1072 : Software Deployment Tools T1518 : Software Discovery T1608 : Stage Capabilities T1528 : Steal Application Access Token T1649 : Steal or Forge Authentication Certificates T1558 : Steal or Forge Kerberos Tickets T1539 : Steal Web Session Cookie T1553 : Subvert Trust Controls T1195 : Supply Chain Compromise T1218 : System Binary Proxy Execution T1082 : System Information Discovery T1614 : System Location Discovery T1016 : System Network Configuration Discovery T1049 : System Network Connections Discovery T1033 : System Owner/User Discovery T1216 : System Script Proxy Execution T1007 : System Service Discovery T1569 : System Services T1529 : System Shutdown/Reboot T1124 : System Time Discovery T1080 : Taint Shared Content T1221 : Template Injection T1205 : Traffic Signaling T1537 : Transfer Data to Cloud Account T1127 : Trusted Developer Utilities Proxy Execution T1199 : Trusted Relationship T1552 : Unsecured Credentials T1535 : Unused/Unsupported Cloud Regions T1550 : Use Alternate Authentication Material T1204 : User Execution T1078 : Valid Accounts T1125 : Video Capture T1497 : Virtualization/Sandbox Evasion T1600 : Weaken Encryption T1102 : Web Service T1047 : Windows Management Instrumentation T1220 : XSL Script Processing     ","T1071, T1547, T1059, T1005, T1074, T1041, T1095, T1518","Here's a breakdown of the MITRE ATT&CK Enterprise techniques present in the text, along with reasoning:

* **T1548: Abuse Elevation Control Mechanism:**  While not explicitly stated, malware like AuTo Stealer often leverages existing permissions to escalate privileges and gain wider access on infected systems.
* **T1098: Account Manipulation:** This is strongly implied as the malware can gather information about installed AV products, suggesting an attempt to manipulate accounts or bypass security measures.
* **T1547: Boot or Logon Autostart Execution:** AuTo Stealer establishes persistence by placing malicious executables in the AutoRun registry key or StartUp directory, indicating a clear use of this technique. 
* **T1087: Account Discovery:** The malware likely attempts to discover usernames and other sensitive account information for exploitation.
* **T1560: Archive Collected Data:**  AuTo Stealer stores the exfiltrated data in a file (`Hostname_UserName.txt`) before transferring it, fulfilling this technique's purpose. 
* **T1020: Automated Exfiltration:** The malware transmits collected data to C2 servers via HTTP or TCP, directly utilizing automated methods for exfiltration. 
* **T1589: Gather Victim Identity Information:** AuTo Stealer aims to collect information about users on the infected system, which likely includes identity details. 
* **T1056: Input Capture:** This technique could be used if AuTo Stealer monitors user input for sensitive data like credentials or personal information. 
* **T1070: Indicator Removal:** The malware might employ techniques to remove indicators of compromise (IOCs) from the system to evade detection. 

**Final line of main techniques (excluding sub-techniques):** T1548, T1098, T1547, T1087, T1560, T1020, T1589, T1056, T1070


Let me know if you have any other questions!"
28,"Extract all MITRE Enterprise attack patterns from the following text and map them to their corresponding MITRE technique IDs. Provide reasoning for each identification. Ensure the final line contains only the IDs for the main techniques, separated by commas, excluding any subtechnique IDs. MITRE Enterprise IDs are given below as reference.  **Text:** The AutoIt backdoor is malware used by the threat actors behind the MONSOON campaign. It was frequently deployed via weaponized .pps files exploiting CVE-2014-6352. This malware leverages the legitimate AutoIt scripting language, designed for Windows GUI automation, for malicious purposes. The AutoIt backdoor attempts to escalate privileges by bypassing User Account Control (UAC). It downloads a PowerShell script that decodes into a standard shellcode loader and communicates with its command and control (C2) server using base64-encoded responses. Additionally, the backdoor is capable of identifying and targeting documents on the victim's system with specific extensions, including .doc, .pdf, .csv, .ppt, .docx, .pst, .xls, .xlsx, .pptx, and .jpeg.  **List of All MITRE Enterprise technique IDs** ID    : Name T1548 : Abuse Elevation Control Mechanism T1134 : Access Token Manipulation T1531 : Account Access Removal T1087 : Account Discovery T1098 : Account Manipulation T1650 : Acquire Access T1583 : Acquire Infrastructure T1595 : Active Scanning T1557 : Adversary-in-the-Middle T1071 : Application Layer Protocol T1010 : Application Window Discovery T1560 : Archive Collected Data T1123 : Audio Capture T1119 : Automated Collection T1020 : Automated Exfiltration T1197 : BITS Jobs T1547 : Boot or Logon Autostart Execution T1037 : Boot or Logon Initialization Scripts T1176 : Browser Extensions T1217 : Browser Information Discovery T1185 : Browser Session Hijacking T1110 : Brute Force T1612 : Build Image on Host T1115 : Clipboard Data T1651 : Cloud Administration Command T1580 : Cloud Infrastructure Discovery T1538 : Cloud Service Dashboard T1526 : Cloud Service Discovery T1619 : Cloud Storage Object Discovery T1059 : Command and Scripting Interpreter T1092 : Communication Through Removable Media T1586 : Compromise Accounts T1554 : Compromise Host Software Binary T1584 : Compromise Infrastructure T1609 : Container Administration Command T1613 : Container and Resource Discovery T1659 : Content Injection T1136 : Create Account T1543 : Create or Modify System Process T1555 : Credentials from Password Stores T1485 : Data Destruction T1132 : Data Encoding T1486 : Data Encrypted for Impact T1530 : Data from Cloud Storage T1602 : Data from Configuration Repository T1213 : Data from Information Repositories T1005 : Data from Local System T1039 : Data from Network Shared Drive T1025 : Data from Removable Media T1565 : Data Manipulation T1001 : Data Obfuscation T1074 : Data Staged T1030 : Data Transfer Size Limits T1622 : Debugger Evasion T1491 : Defacement T1140 : Deobfuscate/Decode Files or Information T1610 : Deploy Container T1587 : Develop Capabilities T1652 : Device Driver Discovery T1006 : Direct Volume Access T1561 : Disk Wipe T1484 : Domain or Tenant Policy Modification T1482 : Domain Trust Discovery T1189 : Drive-by Compromise T1568 : Dynamic Resolution T1114 : Email Collection T1573 : Encrypted Channel T1499 : Endpoint Denial of Service T1611 : Escape to Host T1585 : Establish Accounts T1546 : Event Triggered Execution T1480 : Execution Guardrails T1048 : Exfiltration Over Alternative Protocol T1041 : Exfiltration Over C2 Channel T1011 : Exfiltration Over Other Network Medium T1052 : Exfiltration Over Physical Medium T1567 : Exfiltration Over Web Service T1190 : Exploit Public-Facing Application T1203 : Exploitation for Client Execution T1212 : Exploitation for Credential Access T1211 : Exploitation for Defense Evasion T1068 : Exploitation for Privilege Escalation T1210 : Exploitation of Remote Services T1133 : External Remote Services T1008 : Fallback Channels T1083 : File and Directory Discovery T1222 : File and Directory Permissions Modification T1657 : Financial Theft T1495 : Firmware Corruption T1187 : Forced Authentication T1606 : Forge Web Credentials T1592 : Gather Victim Host Information T1589 : Gather Victim Identity Information T1590 : Gather Victim Network Information T1591 : Gather Victim Org Information T1615 : Group Policy Discovery T1200 : Hardware Additions T1564 : Hide Artifacts T1665 : Hide Infrastructure T1574 : Hijack Execution Flow T1562 : Impair Defenses T1656 : Impersonation T1525 : Implant Internal Image T1070 : Indicator Removal T1202 : Indirect Command Execution T1105 : Ingress Tool Transfer T1490 : Inhibit System Recovery T1056 : Input Capture T1559 : Inter-Process Communication T1534 : Internal Spearphishing T1570 : Lateral Tool Transfer T1654 : Log Enumeration T1036 : Masquerading T1556 : Modify Authentication Process T1578 : Modify Cloud Compute Infrastructure T1112 : Modify Registry T1601 : Modify System Image T1111 : Multi-Factor Authentication Interception T1621 : Multi-Factor Authentication Request Generation T1104 : Multi-Stage Channels T1106 : Native API T1599 : Network Boundary Bridging T1498 : Network Denial of Service T1046 : Network Service Discovery T1135 : Network Share Discovery T1040 : Network Sniffing T1095 : Non-Application Layer Protocol T1571 : Non-Standard Port T1027 : Obfuscated Files or Information T1588 : Obtain Capabilities T1137 : Office Application Startup T1003 : OS Credential Dumping T1201 : Password Policy Discovery T1120 : Peripheral Device Discovery T1069 : Permission Groups Discovery T1566 : Phishing T1598 : Phishing for Information T1647 : Plist File Modification T1653 : Power Settings T1542 : Pre-OS Boot T1057 : Process Discovery T1055 : Process Injection T1572 : Protocol Tunneling T1090 : Proxy T1012 : Query Registry T1620 : Reflective Code Loading T1219 : Remote Access Software T1563 : Remote Service Session Hijacking T1021 : Remote Services T1018 : Remote System Discovery T1091 : Replication Through Removable Media T1496 : Resource Hijacking T1207 : Rogue Domain Controller T1014 : Rootkit T1053 : Scheduled Task/Job T1029 : Scheduled Transfer T1113 : Screen Capture T1597 : Search Closed Sources T1596 : Search Open Technical Databases T1593 : Search Open Websites/Domains T1594 : Search Victim-Owned Websites T1505 : Server Software Component T1648 : Serverless Execution T1489 : Service Stop T1129 : Shared Modules T1072 : Software Deployment Tools T1518 : Software Discovery T1608 : Stage Capabilities T1528 : Steal Application Access Token T1649 : Steal or Forge Authentication Certificates T1558 : Steal or Forge Kerberos Tickets T1539 : Steal Web Session Cookie T1553 : Subvert Trust Controls T1195 : Supply Chain Compromise T1218 : System Binary Proxy Execution T1082 : System Information Discovery T1614 : System Location Discovery T1016 : System Network Configuration Discovery T1049 : System Network Connections Discovery T1033 : System Owner/User Discovery T1216 : System Script Proxy Execution T1007 : System Service Discovery T1569 : System Services T1529 : System Shutdown/Reboot T1124 : System Time Discovery T1080 : Taint Shared Content T1221 : Template Injection T1205 : Traffic Signaling T1537 : Transfer Data to Cloud Account T1127 : Trusted Developer Utilities Proxy Execution T1199 : Trusted Relationship T1552 : Unsecured Credentials T1535 : Unused/Unsupported Cloud Regions T1550 : Use Alternate Authentication Material T1204 : User Execution T1078 : Valid Accounts T1125 : Video Capture T1497 : Virtualization/Sandbox Evasion T1600 : Weaken Encryption T1102 : Web Service T1047 : Windows Management Instrumentation T1220 : XSL Script Processing     ","T1548, T1059, T1132, T1083","Here's a breakdown of the MITRE ATT&CK techniques present in the text, along with their corresponding IDs:

* **T1548. Abuse Elevation Control Mechanism:** The AutoIt backdoor attempts to escalate privileges by bypassing User Account Control (UAC). 
* **T1087. Account Discovery:** The malware identifies and targets documents on the victim's system, indicating an attempt to discover account-related information.
* **T1560. Archive Collected Data:**  The backdoor could potentially archive collected data for later exfiltration.
* **T1041. Exfiltration Over C2 Channel:** The backdoor communicates with its command and control (C2) server using base64-encoded responses, suggesting data exfiltration over a dedicated channel.
* **T1583. Acquire Infrastructure:**  The deployment of the AutoIt backdoor via weaponized .pps files signifies an effort to acquire infrastructure for malicious purposes. 
* **T1071. Application Layer Protocol:** The backdoor leverages legitimate applications and protocols for its functionality (e.g., AutoIt scripting).
* **T1056. Input Capture:**  The malware could potentially capture user input for credential harvesting or other purposes.
* **T1134. Access Token Manipulation:** The backdoor may manipulate access tokens to gain unauthorized access to systems and resources.

**Final line with main technique IDs, excluding subtechniques:** T1548,T1087,T1560,T1041,T1583,T1071,T1056,T1134"
29,"Extract all MITRE Enterprise attack patterns from the following text and map them to their corresponding MITRE technique IDs. Provide reasoning for each identification. Ensure the final line contains only the IDs for the main techniques, separated by commas, excluding any subtechnique IDs. MITRE Enterprise IDs are given below as reference.  **Text:** WellMail is a lightweight malware written in Golang used by APT29, similar in design and structure to WellMess. WellMail can archive files on the compromised host. WellMail can exfiltrate files from the victim machine. WellMail can decompress scripts received from C2. WellMail can use hard coded client and certificate authority certificates to communicate with C2 over mutual TLS. WellMail can receive data and executable scripts from C2. WellMail can use TCP for C2 communications. WellMail has been observed using TCP port 25, without using SMTP, to leverage an open port for secure command and control communications. WellMail can identify the IP address of the victim system. WellMail can identify the current username on the victim system.[1]  **List of All MITRE Enterprise technique IDs** ID    : Name T1548 : Abuse Elevation Control Mechanism T1134 : Access Token Manipulation T1531 : Account Access Removal T1087 : Account Discovery T1098 : Account Manipulation T1650 : Acquire Access T1583 : Acquire Infrastructure T1595 : Active Scanning T1557 : Adversary-in-the-Middle T1071 : Application Layer Protocol T1010 : Application Window Discovery T1560 : Archive Collected Data T1123 : Audio Capture T1119 : Automated Collection T1020 : Automated Exfiltration T1197 : BITS Jobs T1547 : Boot or Logon Autostart Execution T1037 : Boot or Logon Initialization Scripts T1176 : Browser Extensions T1217 : Browser Information Discovery T1185 : Browser Session Hijacking T1110 : Brute Force T1612 : Build Image on Host T1115 : Clipboard Data T1651 : Cloud Administration Command T1580 : Cloud Infrastructure Discovery T1538 : Cloud Service Dashboard T1526 : Cloud Service Discovery T1619 : Cloud Storage Object Discovery T1059 : Command and Scripting Interpreter T1092 : Communication Through Removable Media T1586 : Compromise Accounts T1554 : Compromise Host Software Binary T1584 : Compromise Infrastructure T1609 : Container Administration Command T1613 : Container and Resource Discovery T1659 : Content Injection T1136 : Create Account T1543 : Create or Modify System Process T1555 : Credentials from Password Stores T1485 : Data Destruction T1132 : Data Encoding T1486 : Data Encrypted for Impact T1530 : Data from Cloud Storage T1602 : Data from Configuration Repository T1213 : Data from Information Repositories T1005 : Data from Local System T1039 : Data from Network Shared Drive T1025 : Data from Removable Media T1565 : Data Manipulation T1001 : Data Obfuscation T1074 : Data Staged T1030 : Data Transfer Size Limits T1622 : Debugger Evasion T1491 : Defacement T1140 : Deobfuscate/Decode Files or Information T1610 : Deploy Container T1587 : Develop Capabilities T1652 : Device Driver Discovery T1006 : Direct Volume Access T1561 : Disk Wipe T1484 : Domain or Tenant Policy Modification T1482 : Domain Trust Discovery T1189 : Drive-by Compromise T1568 : Dynamic Resolution T1114 : Email Collection T1573 : Encrypted Channel T1499 : Endpoint Denial of Service T1611 : Escape to Host T1585 : Establish Accounts T1546 : Event Triggered Execution T1480 : Execution Guardrails T1048 : Exfiltration Over Alternative Protocol T1041 : Exfiltration Over C2 Channel T1011 : Exfiltration Over Other Network Medium T1052 : Exfiltration Over Physical Medium T1567 : Exfiltration Over Web Service T1190 : Exploit Public-Facing Application T1203 : Exploitation for Client Execution T1212 : Exploitation for Credential Access T1211 : Exploitation for Defense Evasion T1068 : Exploitation for Privilege Escalation T1210 : Exploitation of Remote Services T1133 : External Remote Services T1008 : Fallback Channels T1083 : File and Directory Discovery T1222 : File and Directory Permissions Modification T1657 : Financial Theft T1495 : Firmware Corruption T1187 : Forced Authentication T1606 : Forge Web Credentials T1592 : Gather Victim Host Information T1589 : Gather Victim Identity Information T1590 : Gather Victim Network Information T1591 : Gather Victim Org Information T1615 : Group Policy Discovery T1200 : Hardware Additions T1564 : Hide Artifacts T1665 : Hide Infrastructure T1574 : Hijack Execution Flow T1562 : Impair Defenses T1656 : Impersonation T1525 : Implant Internal Image T1070 : Indicator Removal T1202 : Indirect Command Execution T1105 : Ingress Tool Transfer T1490 : Inhibit System Recovery T1056 : Input Capture T1559 : Inter-Process Communication T1534 : Internal Spearphishing T1570 : Lateral Tool Transfer T1654 : Log Enumeration T1036 : Masquerading T1556 : Modify Authentication Process T1578 : Modify Cloud Compute Infrastructure T1112 : Modify Registry T1601 : Modify System Image T1111 : Multi-Factor Authentication Interception T1621 : Multi-Factor Authentication Request Generation T1104 : Multi-Stage Channels T1106 : Native API T1599 : Network Boundary Bridging T1498 : Network Denial of Service T1046 : Network Service Discovery T1135 : Network Share Discovery T1040 : Network Sniffing T1095 : Non-Application Layer Protocol T1571 : Non-Standard Port T1027 : Obfuscated Files or Information T1588 : Obtain Capabilities T1137 : Office Application Startup T1003 : OS Credential Dumping T1201 : Password Policy Discovery T1120 : Peripheral Device Discovery T1069 : Permission Groups Discovery T1566 : Phishing T1598 : Phishing for Information T1647 : Plist File Modification T1653 : Power Settings T1542 : Pre-OS Boot T1057 : Process Discovery T1055 : Process Injection T1572 : Protocol Tunneling T1090 : Proxy T1012 : Query Registry T1620 : Reflective Code Loading T1219 : Remote Access Software T1563 : Remote Service Session Hijacking T1021 : Remote Services T1018 : Remote System Discovery T1091 : Replication Through Removable Media T1496 : Resource Hijacking T1207 : Rogue Domain Controller T1014 : Rootkit T1053 : Scheduled Task/Job T1029 : Scheduled Transfer T1113 : Screen Capture T1597 : Search Closed Sources T1596 : Search Open Technical Databases T1593 : Search Open Websites/Domains T1594 : Search Victim-Owned Websites T1505 : Server Software Component T1648 : Serverless Execution T1489 : Service Stop T1129 : Shared Modules T1072 : Software Deployment Tools T1518 : Software Discovery T1608 : Stage Capabilities T1528 : Steal Application Access Token T1649 : Steal or Forge Authentication Certificates T1558 : Steal or Forge Kerberos Tickets T1539 : Steal Web Session Cookie T1553 : Subvert Trust Controls T1195 : Supply Chain Compromise T1218 : System Binary Proxy Execution T1082 : System Information Discovery T1614 : System Location Discovery T1016 : System Network Configuration Discovery T1049 : System Network Connections Discovery T1033 : System Owner/User Discovery T1216 : System Script Proxy Execution T1007 : System Service Discovery T1569 : System Services T1529 : System Shutdown/Reboot T1124 : System Time Discovery T1080 : Taint Shared Content T1221 : Template Injection T1205 : Traffic Signaling T1537 : Transfer Data to Cloud Account T1127 : Trusted Developer Utilities Proxy Execution T1199 : Trusted Relationship T1552 : Unsecured Credentials T1535 : Unused/Unsupported Cloud Regions T1550 : Use Alternate Authentication Material T1204 : User Execution T1078 : Valid Accounts T1125 : Video Capture T1497 : Virtualization/Sandbox Evasion T1600 : Weaken Encryption T1102 : Web Service T1047 : Windows Management Instrumentation T1220 : XSL Script Processing     ","T1560, T1005, T1140, T1573, T1105, T1095, T1571, T1016, T1033","Here's a breakdown of the MITRE Enterprise attack patterns found in the text:

* **T1560: Archive Collected Data:**  WellMail can archive files on the compromised host.
* **T1041: Exfiltration Over C2 Channel:** WellMail exfiltrates files from the victim machine to its command-and-control (C2) server.
* **T1087: Account Discovery:** WellMail can identify the current username on the victim system. 
* **T1592: Gather Victim Host Information:**  WellMail identifies the IP address of the victim system, indicating it gathers host information.
* **T1567: Exfiltration Over Web Service:** The text doesn't explicitly state this, but WellMail using TCP port 25 for C2 communications without using SMTP suggests potential exfiltration through an altered web service. 
* **T1098: Account Manipulation:** This could be implied if WellMail uses the gathered account information to create or modify files/processes on the victim system, potentially changing user permissions or access control. 


**Main Technique IDs:** T1560, T1041, T1087, T1592, T1567, T1098"
30,"Extract all MITRE Enterprise attack patterns from the following text and map them to their corresponding MITRE technique IDs. Provide reasoning for each identification. Ensure the final line contains only the IDs for the main techniques, separated by commas, excluding any subtechnique IDs. MITRE Enterprise IDs are given below as reference.  **Text:** PITSTOP is a backdoor deployed on compromised Ivanti Connect Secure VPNs during the Cutting Edge campaign, enabling command execution and file read/write operations. PITSTOP can receive shell commands over a Unix domain socket and deobfuscate base64 encoded and AES encrypted commands. It communicates securely over TLS and listens on the Unix domain socket located at `/data/runtime/cockpit/wd.fd`. Additionally, PITSTOP can evaluate incoming commands on the domain socket created by the PITHOOK malware, specifically searching for a predefined magic byte sequence, and then duplicate the socket for further communication over TLS.  **List of All MITRE Enterprise technique IDs** ID    : Name T1548 : Abuse Elevation Control Mechanism T1134 : Access Token Manipulation T1531 : Account Access Removal T1087 : Account Discovery T1098 : Account Manipulation T1650 : Acquire Access T1583 : Acquire Infrastructure T1595 : Active Scanning T1557 : Adversary-in-the-Middle T1071 : Application Layer Protocol T1010 : Application Window Discovery T1560 : Archive Collected Data T1123 : Audio Capture T1119 : Automated Collection T1020 : Automated Exfiltration T1197 : BITS Jobs T1547 : Boot or Logon Autostart Execution T1037 : Boot or Logon Initialization Scripts T1176 : Browser Extensions T1217 : Browser Information Discovery T1185 : Browser Session Hijacking T1110 : Brute Force T1612 : Build Image on Host T1115 : Clipboard Data T1651 : Cloud Administration Command T1580 : Cloud Infrastructure Discovery T1538 : Cloud Service Dashboard T1526 : Cloud Service Discovery T1619 : Cloud Storage Object Discovery T1059 : Command and Scripting Interpreter T1092 : Communication Through Removable Media T1586 : Compromise Accounts T1554 : Compromise Host Software Binary T1584 : Compromise Infrastructure T1609 : Container Administration Command T1613 : Container and Resource Discovery T1659 : Content Injection T1136 : Create Account T1543 : Create or Modify System Process T1555 : Credentials from Password Stores T1485 : Data Destruction T1132 : Data Encoding T1486 : Data Encrypted for Impact T1530 : Data from Cloud Storage T1602 : Data from Configuration Repository T1213 : Data from Information Repositories T1005 : Data from Local System T1039 : Data from Network Shared Drive T1025 : Data from Removable Media T1565 : Data Manipulation T1001 : Data Obfuscation T1074 : Data Staged T1030 : Data Transfer Size Limits T1622 : Debugger Evasion T1491 : Defacement T1140 : Deobfuscate/Decode Files or Information T1610 : Deploy Container T1587 : Develop Capabilities T1652 : Device Driver Discovery T1006 : Direct Volume Access T1561 : Disk Wipe T1484 : Domain or Tenant Policy Modification T1482 : Domain Trust Discovery T1189 : Drive-by Compromise T1568 : Dynamic Resolution T1114 : Email Collection T1573 : Encrypted Channel T1499 : Endpoint Denial of Service T1611 : Escape to Host T1585 : Establish Accounts T1546 : Event Triggered Execution T1480 : Execution Guardrails T1048 : Exfiltration Over Alternative Protocol T1041 : Exfiltration Over C2 Channel T1011 : Exfiltration Over Other Network Medium T1052 : Exfiltration Over Physical Medium T1567 : Exfiltration Over Web Service T1190 : Exploit Public-Facing Application T1203 : Exploitation for Client Execution T1212 : Exploitation for Credential Access T1211 : Exploitation for Defense Evasion T1068 : Exploitation for Privilege Escalation T1210 : Exploitation of Remote Services T1133 : External Remote Services T1008 : Fallback Channels T1083 : File and Directory Discovery T1222 : File and Directory Permissions Modification T1657 : Financial Theft T1495 : Firmware Corruption T1187 : Forced Authentication T1606 : Forge Web Credentials T1592 : Gather Victim Host Information T1589 : Gather Victim Identity Information T1590 : Gather Victim Network Information T1591 : Gather Victim Org Information T1615 : Group Policy Discovery T1200 : Hardware Additions T1564 : Hide Artifacts T1665 : Hide Infrastructure T1574 : Hijack Execution Flow T1562 : Impair Defenses T1656 : Impersonation T1525 : Implant Internal Image T1070 : Indicator Removal T1202 : Indirect Command Execution T1105 : Ingress Tool Transfer T1490 : Inhibit System Recovery T1056 : Input Capture T1559 : Inter-Process Communication T1534 : Internal Spearphishing T1570 : Lateral Tool Transfer T1654 : Log Enumeration T1036 : Masquerading T1556 : Modify Authentication Process T1578 : Modify Cloud Compute Infrastructure T1112 : Modify Registry T1601 : Modify System Image T1111 : Multi-Factor Authentication Interception T1621 : Multi-Factor Authentication Request Generation T1104 : Multi-Stage Channels T1106 : Native API T1599 : Network Boundary Bridging T1498 : Network Denial of Service T1046 : Network Service Discovery T1135 : Network Share Discovery T1040 : Network Sniffing T1095 : Non-Application Layer Protocol T1571 : Non-Standard Port T1027 : Obfuscated Files or Information T1588 : Obtain Capabilities T1137 : Office Application Startup T1003 : OS Credential Dumping T1201 : Password Policy Discovery T1120 : Peripheral Device Discovery T1069 : Permission Groups Discovery T1566 : Phishing T1598 : Phishing for Information T1647 : Plist File Modification T1653 : Power Settings T1542 : Pre-OS Boot T1057 : Process Discovery T1055 : Process Injection T1572 : Protocol Tunneling T1090 : Proxy T1012 : Query Registry T1620 : Reflective Code Loading T1219 : Remote Access Software T1563 : Remote Service Session Hijacking T1021 : Remote Services T1018 : Remote System Discovery T1091 : Replication Through Removable Media T1496 : Resource Hijacking T1207 : Rogue Domain Controller T1014 : Rootkit T1053 : Scheduled Task/Job T1029 : Scheduled Transfer T1113 : Screen Capture T1597 : Search Closed Sources T1596 : Search Open Technical Databases T1593 : Search Open Websites/Domains T1594 : Search Victim-Owned Websites T1505 : Server Software Component T1648 : Serverless Execution T1489 : Service Stop T1129 : Shared Modules T1072 : Software Deployment Tools T1518 : Software Discovery T1608 : Stage Capabilities T1528 : Steal Application Access Token T1649 : Steal or Forge Authentication Certificates T1558 : Steal or Forge Kerberos Tickets T1539 : Steal Web Session Cookie T1553 : Subvert Trust Controls T1195 : Supply Chain Compromise T1218 : System Binary Proxy Execution T1082 : System Information Discovery T1614 : System Location Discovery T1016 : System Network Configuration Discovery T1049 : System Network Connections Discovery T1033 : System Owner/User Discovery T1216 : System Script Proxy Execution T1007 : System Service Discovery T1569 : System Services T1529 : System Shutdown/Reboot T1124 : System Time Discovery T1080 : Taint Shared Content T1221 : Template Injection T1205 : Traffic Signaling T1537 : Transfer Data to Cloud Account T1127 : Trusted Developer Utilities Proxy Execution T1199 : Trusted Relationship T1552 : Unsecured Credentials T1535 : Unused/Unsupported Cloud Regions T1550 : Use Alternate Authentication Material T1204 : User Execution T1078 : Valid Accounts T1125 : Video Capture T1497 : Virtualization/Sandbox Evasion T1600 : Weaken Encryption T1102 : Web Service T1047 : Windows Management Instrumentation T1220 : XSL Script Processing     ","T1059, T1140, T1573, T1559, T1205","Here's a breakdown of the MITRE ATT&CK techniques present in the text, along with explanations:

* **T1583: Acquire Infrastructure:** PITSTOP utilizes compromised Ivanti Connect Secure VPNs as its infrastructure, demonstrating an attempt to acquire and leverage existing systems for malicious purposes.
* **T1087: Account Discovery:**  The mention of ""Account Access Removal"" (likely T1531) suggests the adversary is initially interested in discovering existing accounts on the compromised system. 
* **T1584: Compromise Infrastructure:** The backdoor's deployment on a VPN infrastructure directly compromises a critical part of the organization's network, fulfilling this technique.
* **T1071: Application Layer Protocol:** PITSTOP interacts with systems using a Unix domain socket, which falls under application layer protocols.
* **T1041: Exfiltration Over C2 Channel:** The text states that PITSTOP communicates securely over TLS, implying the use of a Command and Control (C2) channel for exfiltrating stolen data. 
* **T1567: Exfiltration Over Web Service:**  While not explicitly stated, PITSTOP's communication could potentially utilize web services for data exfiltration, given its ability to interact with systems over a network protocol.
* **T1056: Input Capture:** The backdoor can receive shell commands, suggesting the capability to capture user input. 
* **T1490: Inhibit System Recovery:** PITSTOP's actions could hinder system recovery by potentially deleting critical files or disabling relevant services.
* **T1136: Create Account:** If PITSTOP is capable of modifying system processes (as hinted at), it might create new accounts for persistence and further access. 
* **T1105: Ingress Tool Transfer:** The initial deployment of the PITSTOP backdoor onto compromised VPNs could be considered an ingress tool transfer, allowing the adversary to gain a foothold. 

**Main Techniques (IDs only):** T1583, T1087, T1584, T1071, T1041, T1567, T1056, T1490, T1136, T1105 


Let me know if you'd like a deeper dive into any specific technique or aspect of the analysis!"
31,"Extract all MITRE Enterprise attack patterns from the following text and map them to their corresponding MITRE technique IDs. Provide reasoning for each identification. Ensure the final line contains only the IDs for the main techniques, separated by commas, excluding any subtechnique IDs. MITRE Enterprise IDs are given below as reference.  **Text:** DarkGate, first identified in 2018, has evolved into a versatile tool used in various criminal cyber operations, including initial access, data gathering, credential theft, cryptomining, cryptotheft, and pre-ransomware activities. Written in Delphi and named by its author, DarkGate has seen a significant increase in use since 2022 and is actively being developed as a Malware-as-a-Service (MaaS) offering. DarkGate employs two distinct User Account Control (UAC) bypass techniques to escalate privileges and utilizes parent PID spoofing as part of its ""rootkit-like"" features to evade detection by tools like Task Manager or Process Explorer. During execution, the malware elevates accounts it creates to the local administrator group. The command and control (C2) infrastructure of DarkGate includes hard-coded domains designed to mimic legitimate services like Akamai CDN or Amazon Web Services. It also disguises C2 traffic within DNS records associated with legitimate services to evade reputation-based detection. DarkGate is capable of searching for cryptocurrency wallets by scanning application window names for specific strings and uses the FindWindow API function to extract data collected via NirSoft tools from the hosting process's memory. When stored credentials linked to cryptocurrency wallets are identified, DarkGate alerts its C2 server.  **List of All MITRE Enterprise technique IDs** ID    : Name T1548 : Abuse Elevation Control Mechanism T1134 : Access Token Manipulation T1531 : Account Access Removal T1087 : Account Discovery T1098 : Account Manipulation T1650 : Acquire Access T1583 : Acquire Infrastructure T1595 : Active Scanning T1557 : Adversary-in-the-Middle T1071 : Application Layer Protocol T1010 : Application Window Discovery T1560 : Archive Collected Data T1123 : Audio Capture T1119 : Automated Collection T1020 : Automated Exfiltration T1197 : BITS Jobs T1547 : Boot or Logon Autostart Execution T1037 : Boot or Logon Initialization Scripts T1176 : Browser Extensions T1217 : Browser Information Discovery T1185 : Browser Session Hijacking T1110 : Brute Force T1612 : Build Image on Host T1115 : Clipboard Data T1651 : Cloud Administration Command T1580 : Cloud Infrastructure Discovery T1538 : Cloud Service Dashboard T1526 : Cloud Service Discovery T1619 : Cloud Storage Object Discovery T1059 : Command and Scripting Interpreter T1092 : Communication Through Removable Media T1586 : Compromise Accounts T1554 : Compromise Host Software Binary T1584 : Compromise Infrastructure T1609 : Container Administration Command T1613 : Container and Resource Discovery T1659 : Content Injection T1136 : Create Account T1543 : Create or Modify System Process T1555 : Credentials from Password Stores T1485 : Data Destruction T1132 : Data Encoding T1486 : Data Encrypted for Impact T1530 : Data from Cloud Storage T1602 : Data from Configuration Repository T1213 : Data from Information Repositories T1005 : Data from Local System T1039 : Data from Network Shared Drive T1025 : Data from Removable Media T1565 : Data Manipulation T1001 : Data Obfuscation T1074 : Data Staged T1030 : Data Transfer Size Limits T1622 : Debugger Evasion T1491 : Defacement T1140 : Deobfuscate/Decode Files or Information T1610 : Deploy Container T1587 : Develop Capabilities T1652 : Device Driver Discovery T1006 : Direct Volume Access T1561 : Disk Wipe T1484 : Domain or Tenant Policy Modification T1482 : Domain Trust Discovery T1189 : Drive-by Compromise T1568 : Dynamic Resolution T1114 : Email Collection T1573 : Encrypted Channel T1499 : Endpoint Denial of Service T1611 : Escape to Host T1585 : Establish Accounts T1546 : Event Triggered Execution T1480 : Execution Guardrails T1048 : Exfiltration Over Alternative Protocol T1041 : Exfiltration Over C2 Channel T1011 : Exfiltration Over Other Network Medium T1052 : Exfiltration Over Physical Medium T1567 : Exfiltration Over Web Service T1190 : Exploit Public-Facing Application T1203 : Exploitation for Client Execution T1212 : Exploitation for Credential Access T1211 : Exploitation for Defense Evasion T1068 : Exploitation for Privilege Escalation T1210 : Exploitation of Remote Services T1133 : External Remote Services T1008 : Fallback Channels T1083 : File and Directory Discovery T1222 : File and Directory Permissions Modification T1657 : Financial Theft T1495 : Firmware Corruption T1187 : Forced Authentication T1606 : Forge Web Credentials T1592 : Gather Victim Host Information T1589 : Gather Victim Identity Information T1590 : Gather Victim Network Information T1591 : Gather Victim Org Information T1615 : Group Policy Discovery T1200 : Hardware Additions T1564 : Hide Artifacts T1665 : Hide Infrastructure T1574 : Hijack Execution Flow T1562 : Impair Defenses T1656 : Impersonation T1525 : Implant Internal Image T1070 : Indicator Removal T1202 : Indirect Command Execution T1105 : Ingress Tool Transfer T1490 : Inhibit System Recovery T1056 : Input Capture T1559 : Inter-Process Communication T1534 : Internal Spearphishing T1570 : Lateral Tool Transfer T1654 : Log Enumeration T1036 : Masquerading T1556 : Modify Authentication Process T1578 : Modify Cloud Compute Infrastructure T1112 : Modify Registry T1601 : Modify System Image T1111 : Multi-Factor Authentication Interception T1621 : Multi-Factor Authentication Request Generation T1104 : Multi-Stage Channels T1106 : Native API T1599 : Network Boundary Bridging T1498 : Network Denial of Service T1046 : Network Service Discovery T1135 : Network Share Discovery T1040 : Network Sniffing T1095 : Non-Application Layer Protocol T1571 : Non-Standard Port T1027 : Obfuscated Files or Information T1588 : Obtain Capabilities T1137 : Office Application Startup T1003 : OS Credential Dumping T1201 : Password Policy Discovery T1120 : Peripheral Device Discovery T1069 : Permission Groups Discovery T1566 : Phishing T1598 : Phishing for Information T1647 : Plist File Modification T1653 : Power Settings T1542 : Pre-OS Boot T1057 : Process Discovery T1055 : Process Injection T1572 : Protocol Tunneling T1090 : Proxy T1012 : Query Registry T1620 : Reflective Code Loading T1219 : Remote Access Software T1563 : Remote Service Session Hijacking T1021 : Remote Services T1018 : Remote System Discovery T1091 : Replication Through Removable Media T1496 : Resource Hijacking T1207 : Rogue Domain Controller T1014 : Rootkit T1053 : Scheduled Task/Job T1029 : Scheduled Transfer T1113 : Screen Capture T1597 : Search Closed Sources T1596 : Search Open Technical Databases T1593 : Search Open Websites/Domains T1594 : Search Victim-Owned Websites T1505 : Server Software Component T1648 : Serverless Execution T1489 : Service Stop T1129 : Shared Modules T1072 : Software Deployment Tools T1518 : Software Discovery T1608 : Stage Capabilities T1528 : Steal Application Access Token T1649 : Steal or Forge Authentication Certificates T1558 : Steal or Forge Kerberos Tickets T1539 : Steal Web Session Cookie T1553 : Subvert Trust Controls T1195 : Supply Chain Compromise T1218 : System Binary Proxy Execution T1082 : System Information Discovery T1614 : System Location Discovery T1016 : System Network Configuration Discovery T1049 : System Network Connections Discovery T1033 : System Owner/User Discovery T1216 : System Script Proxy Execution T1007 : System Service Discovery T1569 : System Services T1529 : System Shutdown/Reboot T1124 : System Time Discovery T1080 : Taint Shared Content T1221 : Template Injection T1205 : Traffic Signaling T1537 : Transfer Data to Cloud Account T1127 : Trusted Developer Utilities Proxy Execution T1199 : Trusted Relationship T1552 : Unsecured Credentials T1535 : Unused/Unsupported Cloud Regions T1550 : Use Alternate Authentication Material T1204 : User Execution T1078 : Valid Accounts T1125 : Video Capture T1497 : Virtualization/Sandbox Evasion T1600 : Weaken Encryption T1102 : Web Service T1047 : Windows Management Instrumentation T1220 : XSL Script Processing     ","T1548, T1134, T1098, T1583, T1071, T1010, T1119","Here are the MITRE Enterprise attack patterns identified in the text, along with their corresponding IDs:

* **T1563**: Remote Service Session Hijacking - DarkGate disguises C2 traffic within DNS records associated with legitimate services to evade detection.
* **T1087**: Account Discovery  -  DarkGate searches for cryptocurrency wallets by scanning application window names. 
* **T1098**: Account Manipulation -  The malware elevates accounts it creates to the local administrator group.
* **T1560**: Archive Collected Data - DarkGate likely stores stolen credentials and other data on C2 servers. 
* **T1080**: Taint Shared Content - DarkGate utilizes parent PID spoofing as part of its ""rootkit-like"" features to evade detection by tools like Task Manager or Process Explorer.
* **T1547**: Boot or Logon Autostart Execution -  DarkGate employs two distinct User Account Control (UAC) bypass techniques to escalate privileges and utilizes parent PID spoofing as part of its ""rootkit-like"" features to evade detection by tools like Task Manager or Process Explorer. 
* **T1583**: Acquire Infrastructure - DarkGate leverages hard-coded domains mimicking legitimate services like Akamai CDN or Amazon Web Services for C2 communication.
* **T1041**: Exfiltration Over C2 Channel  - The malware communicates with its C2 server to send stolen data, including cryptocurrency wallet credentials. 

**Final Line (Main Techniques):** T1563,T1087,T1098,T1560,T1080,T1547,T1583,T1041"
32,"Extract all MITRE Enterprise attack patterns from the following text and map them to their corresponding MITRE technique IDs. Provide reasoning for each identification. Ensure the final line contains only the IDs for the main techniques, separated by commas, excluding any subtechnique IDs. MITRE Enterprise IDs are given below as reference.  **Text:** NGLite is a backdoor Trojan designed to execute commands received through its command and control (C2) channel. While its capabilities are typical for a backdoor, NGLite stands out for using a novel C2 channel that leverages a decentralized network based on the legitimate NKN (New Kind of Network) protocol for communication between the backdoor and threat actors. NGLite initially beacons to the NKN network via an HTTP POST request over TCP port 30003. It uses an AES-encrypted channel for C2 communication, with one observed instance employing the encryption key ""WHATswrongwithUu."" NGLite abuses NKN infrastructure to facilitate its C2 communication. It identifies the victim system's MAC and IPv4 addresses to establish a unique victim identifier. Additionally, NGLite executes the ""whoami"" command to collect system information and transmit it back to the C2 server.  **List of All MITRE Enterprise technique IDs** ID    : Name T1548 : Abuse Elevation Control Mechanism T1134 : Access Token Manipulation T1531 : Account Access Removal T1087 : Account Discovery T1098 : Account Manipulation T1650 : Acquire Access T1583 : Acquire Infrastructure T1595 : Active Scanning T1557 : Adversary-in-the-Middle T1071 : Application Layer Protocol T1010 : Application Window Discovery T1560 : Archive Collected Data T1123 : Audio Capture T1119 : Automated Collection T1020 : Automated Exfiltration T1197 : BITS Jobs T1547 : Boot or Logon Autostart Execution T1037 : Boot or Logon Initialization Scripts T1176 : Browser Extensions T1217 : Browser Information Discovery T1185 : Browser Session Hijacking T1110 : Brute Force T1612 : Build Image on Host T1115 : Clipboard Data T1651 : Cloud Administration Command T1580 : Cloud Infrastructure Discovery T1538 : Cloud Service Dashboard T1526 : Cloud Service Discovery T1619 : Cloud Storage Object Discovery T1059 : Command and Scripting Interpreter T1092 : Communication Through Removable Media T1586 : Compromise Accounts T1554 : Compromise Host Software Binary T1584 : Compromise Infrastructure T1609 : Container Administration Command T1613 : Container and Resource Discovery T1659 : Content Injection T1136 : Create Account T1543 : Create or Modify System Process T1555 : Credentials from Password Stores T1485 : Data Destruction T1132 : Data Encoding T1486 : Data Encrypted for Impact T1530 : Data from Cloud Storage T1602 : Data from Configuration Repository T1213 : Data from Information Repositories T1005 : Data from Local System T1039 : Data from Network Shared Drive T1025 : Data from Removable Media T1565 : Data Manipulation T1001 : Data Obfuscation T1074 : Data Staged T1030 : Data Transfer Size Limits T1622 : Debugger Evasion T1491 : Defacement T1140 : Deobfuscate/Decode Files or Information T1610 : Deploy Container T1587 : Develop Capabilities T1652 : Device Driver Discovery T1006 : Direct Volume Access T1561 : Disk Wipe T1484 : Domain or Tenant Policy Modification T1482 : Domain Trust Discovery T1189 : Drive-by Compromise T1568 : Dynamic Resolution T1114 : Email Collection T1573 : Encrypted Channel T1499 : Endpoint Denial of Service T1611 : Escape to Host T1585 : Establish Accounts T1546 : Event Triggered Execution T1480 : Execution Guardrails T1048 : Exfiltration Over Alternative Protocol T1041 : Exfiltration Over C2 Channel T1011 : Exfiltration Over Other Network Medium T1052 : Exfiltration Over Physical Medium T1567 : Exfiltration Over Web Service T1190 : Exploit Public-Facing Application T1203 : Exploitation for Client Execution T1212 : Exploitation for Credential Access T1211 : Exploitation for Defense Evasion T1068 : Exploitation for Privilege Escalation T1210 : Exploitation of Remote Services T1133 : External Remote Services T1008 : Fallback Channels T1083 : File and Directory Discovery T1222 : File and Directory Permissions Modification T1657 : Financial Theft T1495 : Firmware Corruption T1187 : Forced Authentication T1606 : Forge Web Credentials T1592 : Gather Victim Host Information T1589 : Gather Victim Identity Information T1590 : Gather Victim Network Information T1591 : Gather Victim Org Information T1615 : Group Policy Discovery T1200 : Hardware Additions T1564 : Hide Artifacts T1665 : Hide Infrastructure T1574 : Hijack Execution Flow T1562 : Impair Defenses T1656 : Impersonation T1525 : Implant Internal Image T1070 : Indicator Removal T1202 : Indirect Command Execution T1105 : Ingress Tool Transfer T1490 : Inhibit System Recovery T1056 : Input Capture T1559 : Inter-Process Communication T1534 : Internal Spearphishing T1570 : Lateral Tool Transfer T1654 : Log Enumeration T1036 : Masquerading T1556 : Modify Authentication Process T1578 : Modify Cloud Compute Infrastructure T1112 : Modify Registry T1601 : Modify System Image T1111 : Multi-Factor Authentication Interception T1621 : Multi-Factor Authentication Request Generation T1104 : Multi-Stage Channels T1106 : Native API T1599 : Network Boundary Bridging T1498 : Network Denial of Service T1046 : Network Service Discovery T1135 : Network Share Discovery T1040 : Network Sniffing T1095 : Non-Application Layer Protocol T1571 : Non-Standard Port T1027 : Obfuscated Files or Information T1588 : Obtain Capabilities T1137 : Office Application Startup T1003 : OS Credential Dumping T1201 : Password Policy Discovery T1120 : Peripheral Device Discovery T1069 : Permission Groups Discovery T1566 : Phishing T1598 : Phishing for Information T1647 : Plist File Modification T1653 : Power Settings T1542 : Pre-OS Boot T1057 : Process Discovery T1055 : Process Injection T1572 : Protocol Tunneling T1090 : Proxy T1012 : Query Registry T1620 : Reflective Code Loading T1219 : Remote Access Software T1563 : Remote Service Session Hijacking T1021 : Remote Services T1018 : Remote System Discovery T1091 : Replication Through Removable Media T1496 : Resource Hijacking T1207 : Rogue Domain Controller T1014 : Rootkit T1053 : Scheduled Task/Job T1029 : Scheduled Transfer T1113 : Screen Capture T1597 : Search Closed Sources T1596 : Search Open Technical Databases T1593 : Search Open Websites/Domains T1594 : Search Victim-Owned Websites T1505 : Server Software Component T1648 : Serverless Execution T1489 : Service Stop T1129 : Shared Modules T1072 : Software Deployment Tools T1518 : Software Discovery T1608 : Stage Capabilities T1528 : Steal Application Access Token T1649 : Steal or Forge Authentication Certificates T1558 : Steal or Forge Kerberos Tickets T1539 : Steal Web Session Cookie T1553 : Subvert Trust Controls T1195 : Supply Chain Compromise T1218 : System Binary Proxy Execution T1082 : System Information Discovery T1614 : System Location Discovery T1016 : System Network Configuration Discovery T1049 : System Network Connections Discovery T1033 : System Owner/User Discovery T1216 : System Script Proxy Execution T1007 : System Service Discovery T1569 : System Services T1529 : System Shutdown/Reboot T1124 : System Time Discovery T1080 : Taint Shared Content T1221 : Template Injection T1205 : Traffic Signaling T1537 : Transfer Data to Cloud Account T1127 : Trusted Developer Utilities Proxy Execution T1199 : Trusted Relationship T1552 : Unsecured Credentials T1535 : Unused/Unsupported Cloud Regions T1550 : Use Alternate Authentication Material T1204 : User Execution T1078 : Valid Accounts T1125 : Video Capture T1497 : Virtualization/Sandbox Evasion T1600 : Weaken Encryption T1102 : Web Service T1047 : Windows Management Instrumentation T1220 : XSL Script Processing     ","T1071, T1573, T1090, T1016, T1033","Here's a breakdown of the MITRE ATT&CK techniques present in the provided text:

* **T1583:** Acquire Infrastructure - NGLite abuses the legitimate NKN network to set up its C2 communication, effectively acquiring infrastructure for malicious purposes.
* **T1071:** Application Layer Protocol -  NGLite leverages HTTP POST requests over TCP port 30003 for its C2 communication, utilizing an application layer protocol.
* **T1573:** Encrypted Channel - NGLite uses AES encryption for its C2 communication, establishing a secure and hidden channel.
* **T1098:** Account Manipulation - The Trojan executes ""whoami"" to collect system information potentially used to manipulate user accounts or impersonate legitimate users.
* **T1592:** Gather Victim Host Information - NGLite identifies the victim's MAC address and IPv4 address, collecting critical host information about the compromised system.
* **T1087:** Account Discovery - By gathering system information (like ""whoami"" output), NGLite can potentially discover existing user accounts on the infected system.


**Final Line:** T1583,T1071,T1573,T1098,T1592,T1087 



Let me know if you'd like a more in-depth analysis of any specific technique!"
33,"Extract all MITRE Enterprise attack patterns from the following text and map them to their corresponding MITRE technique IDs. Provide reasoning for each identification. Ensure the final line contains only the IDs for the main techniques, separated by commas, excluding any subtechnique IDs. MITRE Enterprise IDs are given below as reference.  **Text:** SocGholish is a JavaScript-based loader malware that has been active since at least 2017. It has been used in global attacks across various sectors, primarily gaining initial access through drive-by downloads disguised as software updates. Operated by Mustard Tempest, SocGholish’s access has been sold to groups like Indrik Spider for deploying secondary payloads, including remote access Trojans (RATs) and ransomware. SocGholish is executed as a JavaScript payload and can write the output of the `whoami` command to a local temp file using the naming convention `rad<5-hex-chars>.tmp`. It profiles compromised systems to identify domain trust relationships and is often distributed through compromised websites that present malicious content as browser updates.  The malware can exfiltrate data directly to its command and control (C2) server via HTTP and is capable of downloading additional malware onto infected hosts. SocGholish has been named `AutoUpdater.js` to mimic legitimate update files and is frequently delivered within compressed ZIP archives. It also employs single or double Base64 encoding for references to its second-stage server URLs. Additionally, SocGholish has been spread via emails containing malicious links.  **List of All MITRE Enterprise technique IDs** ID    : Name T1548 : Abuse Elevation Control Mechanism T1134 : Access Token Manipulation T1531 : Account Access Removal T1087 : Account Discovery T1098 : Account Manipulation T1650 : Acquire Access T1583 : Acquire Infrastructure T1595 : Active Scanning T1557 : Adversary-in-the-Middle T1071 : Application Layer Protocol T1010 : Application Window Discovery T1560 : Archive Collected Data T1123 : Audio Capture T1119 : Automated Collection T1020 : Automated Exfiltration T1197 : BITS Jobs T1547 : Boot or Logon Autostart Execution T1037 : Boot or Logon Initialization Scripts T1176 : Browser Extensions T1217 : Browser Information Discovery T1185 : Browser Session Hijacking T1110 : Brute Force T1612 : Build Image on Host T1115 : Clipboard Data T1651 : Cloud Administration Command T1580 : Cloud Infrastructure Discovery T1538 : Cloud Service Dashboard T1526 : Cloud Service Discovery T1619 : Cloud Storage Object Discovery T1059 : Command and Scripting Interpreter T1092 : Communication Through Removable Media T1586 : Compromise Accounts T1554 : Compromise Host Software Binary T1584 : Compromise Infrastructure T1609 : Container Administration Command T1613 : Container and Resource Discovery T1659 : Content Injection T1136 : Create Account T1543 : Create or Modify System Process T1555 : Credentials from Password Stores T1485 : Data Destruction T1132 : Data Encoding T1486 : Data Encrypted for Impact T1530 : Data from Cloud Storage T1602 : Data from Configuration Repository T1213 : Data from Information Repositories T1005 : Data from Local System T1039 : Data from Network Shared Drive T1025 : Data from Removable Media T1565 : Data Manipulation T1001 : Data Obfuscation T1074 : Data Staged T1030 : Data Transfer Size Limits T1622 : Debugger Evasion T1491 : Defacement T1140 : Deobfuscate/Decode Files or Information T1610 : Deploy Container T1587 : Develop Capabilities T1652 : Device Driver Discovery T1006 : Direct Volume Access T1561 : Disk Wipe T1484 : Domain or Tenant Policy Modification T1482 : Domain Trust Discovery T1189 : Drive-by Compromise T1568 : Dynamic Resolution T1114 : Email Collection T1573 : Encrypted Channel T1499 : Endpoint Denial of Service T1611 : Escape to Host T1585 : Establish Accounts T1546 : Event Triggered Execution T1480 : Execution Guardrails T1048 : Exfiltration Over Alternative Protocol T1041 : Exfiltration Over C2 Channel T1011 : Exfiltration Over Other Network Medium T1052 : Exfiltration Over Physical Medium T1567 : Exfiltration Over Web Service T1190 : Exploit Public-Facing Application T1203 : Exploitation for Client Execution T1212 : Exploitation for Credential Access T1211 : Exploitation for Defense Evasion T1068 : Exploitation for Privilege Escalation T1210 : Exploitation of Remote Services T1133 : External Remote Services T1008 : Fallback Channels T1083 : File and Directory Discovery T1222 : File and Directory Permissions Modification T1657 : Financial Theft T1495 : Firmware Corruption T1187 : Forced Authentication T1606 : Forge Web Credentials T1592 : Gather Victim Host Information T1589 : Gather Victim Identity Information T1590 : Gather Victim Network Information T1591 : Gather Victim Org Information T1615 : Group Policy Discovery T1200 : Hardware Additions T1564 : Hide Artifacts T1665 : Hide Infrastructure T1574 : Hijack Execution Flow T1562 : Impair Defenses T1656 : Impersonation T1525 : Implant Internal Image T1070 : Indicator Removal T1202 : Indirect Command Execution T1105 : Ingress Tool Transfer T1490 : Inhibit System Recovery T1056 : Input Capture T1559 : Inter-Process Communication T1534 : Internal Spearphishing T1570 : Lateral Tool Transfer T1654 : Log Enumeration T1036 : Masquerading T1556 : Modify Authentication Process T1578 : Modify Cloud Compute Infrastructure T1112 : Modify Registry T1601 : Modify System Image T1111 : Multi-Factor Authentication Interception T1621 : Multi-Factor Authentication Request Generation T1104 : Multi-Stage Channels T1106 : Native API T1599 : Network Boundary Bridging T1498 : Network Denial of Service T1046 : Network Service Discovery T1135 : Network Share Discovery T1040 : Network Sniffing T1095 : Non-Application Layer Protocol T1571 : Non-Standard Port T1027 : Obfuscated Files or Information T1588 : Obtain Capabilities T1137 : Office Application Startup T1003 : OS Credential Dumping T1201 : Password Policy Discovery T1120 : Peripheral Device Discovery T1069 : Permission Groups Discovery T1566 : Phishing T1598 : Phishing for Information T1647 : Plist File Modification T1653 : Power Settings T1542 : Pre-OS Boot T1057 : Process Discovery T1055 : Process Injection T1572 : Protocol Tunneling T1090 : Proxy T1012 : Query Registry T1620 : Reflective Code Loading T1219 : Remote Access Software T1563 : Remote Service Session Hijacking T1021 : Remote Services T1018 : Remote System Discovery T1091 : Replication Through Removable Media T1496 : Resource Hijacking T1207 : Rogue Domain Controller T1014 : Rootkit T1053 : Scheduled Task/Job T1029 : Scheduled Transfer T1113 : Screen Capture T1597 : Search Closed Sources T1596 : Search Open Technical Databases T1593 : Search Open Websites/Domains T1594 : Search Victim-Owned Websites T1505 : Server Software Component T1648 : Serverless Execution T1489 : Service Stop T1129 : Shared Modules T1072 : Software Deployment Tools T1518 : Software Discovery T1608 : Stage Capabilities T1528 : Steal Application Access Token T1649 : Steal or Forge Authentication Certificates T1558 : Steal or Forge Kerberos Tickets T1539 : Steal Web Session Cookie T1553 : Subvert Trust Controls T1195 : Supply Chain Compromise T1218 : System Binary Proxy Execution T1082 : System Information Discovery T1614 : System Location Discovery T1016 : System Network Configuration Discovery T1049 : System Network Connections Discovery T1033 : System Owner/User Discovery T1216 : System Script Proxy Execution T1007 : System Service Discovery T1569 : System Services T1529 : System Shutdown/Reboot T1124 : System Time Discovery T1080 : Taint Shared Content T1221 : Template Injection T1205 : Traffic Signaling T1537 : Transfer Data to Cloud Account T1127 : Trusted Developer Utilities Proxy Execution T1199 : Trusted Relationship T1552 : Unsecured Credentials T1535 : Unused/Unsupported Cloud Regions T1550 : Use Alternate Authentication Material T1204 : User Execution T1078 : Valid Accounts T1125 : Video Capture T1497 : Virtualization/Sandbox Evasion T1600 : Weaken Encryption T1102 : Web Service T1047 : Windows Management Instrumentation T1220 : XSL Script Processing     ","T1059, T1074, T1482, T1189, T1048, T1105, T1036, T1027, T1566","Here's a breakdown of the MITRE ATT&CK techniques present in the text, along with explanations:

* **T1589 Gather Victim Identity Information:** SocGholish can profile compromised systems and potentially gather user information. 
* **T1071 Application Layer Protocol:**  The malware uses HTTP for exfiltration to its C2 server.
* **T1568 Dynamic Resolution:** SocGholish likely employs dynamic DNS or similar techniques to obfuscate its command and control infrastructure.
* **T1595 Active Scanning:** The malware profiles systems, suggesting it actively scans networks to identify potential targets.
* **T1087 Account Discovery:**  SocGholish potentially uses system information discovery to identify user accounts on compromised hosts.
* **T1219 Remote Access Software:**  The use of RATs (remote access Trojans) deployed by SocGholish directly implies this technique.

* **T1546 Event Triggered Execution:** The malware's execution may be triggered by system events or user actions, leading to its activation. 
* **T1136 Create Account:**  SocGholish might create accounts on compromised systems to further its objectives.


**Final line of main technique IDs:** T1589,T1071,T1568,T1595,T1087,T1219,T1546,T1136 




Let me know if you have any other questions about these techniques or the provided text!"
34,"Extract all MITRE Mobile attack patterns from the following text and map them to their corresponding MITRE technique IDs. Provide reasoning for each identification. Ensure the final line contains only the IDs for the main techniques, separated by commas, excluding any subtechnique IDs. MITRE Mobile IDs are given below as reference.  **Text:** HilalRAT is a remote access Android malware developed and used by UNC788. It has the capability to collect various types of data, such as device location and call logs, and can perform actions like activating a device's camera and microphone. HilalRAT can activate a device's microphone and camera, access its location, retrieve contact lists and SMS messages, and access and extract files stored on the device.  **List of All MITRE Mobile technique IDs** ID    : Name T1626 : Abuse Elevation Control Mechanism T1517 : Access Notifications T1640 : Account Access Removal T1638 : Adversary-in-the-Middle T1437 : Application Layer Protocol T1661 : Application Versioning T1532 : Archive Collected Data T1429 : Audio Capture T1398 : Boot or Logon Initialization Scripts T1616 : Call Control T1414 : Clipboard Data T1623 : Command and Scripting Interpreter T1577 : Compromise Application Executable T1645 : Compromise Client Software Binary T1634 : Credentials from Password Store T1662 : Data Destruction T1471 : Data Encrypted for Impact T1533 : Data from Local System T1641 : Data Manipulation T1407 : Download New Code at Runtime T1456 : Drive-By Compromise T1637 : Dynamic Resolution T1521 : Encrypted Channel T1642 : Endpoint Denial of Service T1624 : Event Triggered Execution T1627 : Execution Guardrails T1639 : Exfiltration Over Alternative Protocol T1646 : Exfiltration Over C2 Channel T1658 : Exploitation for Client Execution T1664 : Exploitation for Initial Access T1404 : Exploitation for Privilege Escalation T1428 : Exploitation of Remote Services T1420 : File and Directory Discovery T1541 : Foreground Persistence T1643 : Generate Traffic from Victim T1628 : Hide Artifacts T1625 : Hijack Execution Flow T1617 : Hooking T1629 : Impair Defenses T1630 : Indicator Removal on Host T1544 : Ingress Tool Transfer T1417 : Input Capture T1516 : Input Injection T1430 : Location Tracking T1461 : Lockscreen Bypass T1655 : Masquerading T1575 : Native API T1464 : Network Denial of Service T1423 : Network Service Scanning T1509 : Non-Standard Port T1406 : Obfuscated Files or Information T1644 : Out of Band Data T1660 : Phishing T1424 : Process Discovery T1631 : Process Injection T1636 : Protected User Data T1604 : Proxy Through Victim T1663 : Remote Access Software T1458 : Replication Through Removable Media T1603 : Scheduled Task/Job T1513 : Screen Capture T1582 : SMS Control T1418 : Software Discovery T1635 : Steal Application Access Token T1409 : Stored Application Data T1632 : Subvert Trust Controls T1474 : Supply Chain Compromise T1426 : System Information Discovery T1422 : System Network Configuration Discovery T1421 : System Network Connections Discovery T1512 : Video Capture T1633 : Virtualization/Sandbox Evasion T1481 : Web Service     ","T1429, T1430, T1636, T1409, T1512","Here are the MITRE Mobile attack patterns identified in the text, mapped to their corresponding MITRE technique IDs:

* **Activate a device's microphone and camera:** T1428 (Exploitation of Remote Services) - HilalRAT exploits services on the device to gain access to its camera and microphone.
* **Access its location:** T1430 (Location Tracking) - The malware tracks the device's GPS location.
* **Retrieve contact lists and SMS messages:**  T1533 (Data from Local System) - HilalRAT accesses stored data on the device, including contacts and SMS messages.
* **Access and extract files stored on the device:** T1420 (File and Directory Discovery) and T1471 (Data Encrypted for Impact) - The malware discovers and extracts files potentially containing sensitive information, possibly encrypting them for later use.

**Main Technique IDs:** T1428, T1430, T1533"
35,"Extract all MITRE Enterprise attack patterns from the following text and map them to their corresponding MITRE technique IDs. Provide reasoning for each identification. Ensure the final line contains only the IDs for the main techniques, separated by commas, excluding any subtechnique IDs. MITRE Enterprise IDs are given below as reference.  **Text:** Pcexter is an uploader used by ToddyCat since at least 2023 to exfiltrate stolen files.  Pcexter can upload files from compromised systems and exfiltrate them to OneDrive storage accounts via HTTP POST. It is capable of searching for files within specified directories and has been distributed and executed as a DLL file named `Vspmsg.dll` through DLL side-loading.  **List of All MITRE Enterprise technique IDs** ID    : Name T1548 : Abuse Elevation Control Mechanism T1134 : Access Token Manipulation T1531 : Account Access Removal T1087 : Account Discovery T1098 : Account Manipulation T1650 : Acquire Access T1583 : Acquire Infrastructure T1595 : Active Scanning T1557 : Adversary-in-the-Middle T1071 : Application Layer Protocol T1010 : Application Window Discovery T1560 : Archive Collected Data T1123 : Audio Capture T1119 : Automated Collection T1020 : Automated Exfiltration T1197 : BITS Jobs T1547 : Boot or Logon Autostart Execution T1037 : Boot or Logon Initialization Scripts T1176 : Browser Extensions T1217 : Browser Information Discovery T1185 : Browser Session Hijacking T1110 : Brute Force T1612 : Build Image on Host T1115 : Clipboard Data T1651 : Cloud Administration Command T1580 : Cloud Infrastructure Discovery T1538 : Cloud Service Dashboard T1526 : Cloud Service Discovery T1619 : Cloud Storage Object Discovery T1059 : Command and Scripting Interpreter T1092 : Communication Through Removable Media T1586 : Compromise Accounts T1554 : Compromise Host Software Binary T1584 : Compromise Infrastructure T1609 : Container Administration Command T1613 : Container and Resource Discovery T1659 : Content Injection T1136 : Create Account T1543 : Create or Modify System Process T1555 : Credentials from Password Stores T1485 : Data Destruction T1132 : Data Encoding T1486 : Data Encrypted for Impact T1530 : Data from Cloud Storage T1602 : Data from Configuration Repository T1213 : Data from Information Repositories T1005 : Data from Local System T1039 : Data from Network Shared Drive T1025 : Data from Removable Media T1565 : Data Manipulation T1001 : Data Obfuscation T1074 : Data Staged T1030 : Data Transfer Size Limits T1622 : Debugger Evasion T1491 : Defacement T1140 : Deobfuscate/Decode Files or Information T1610 : Deploy Container T1587 : Develop Capabilities T1652 : Device Driver Discovery T1006 : Direct Volume Access T1561 : Disk Wipe T1484 : Domain or Tenant Policy Modification T1482 : Domain Trust Discovery T1189 : Drive-by Compromise T1568 : Dynamic Resolution T1114 : Email Collection T1573 : Encrypted Channel T1499 : Endpoint Denial of Service T1611 : Escape to Host T1585 : Establish Accounts T1546 : Event Triggered Execution T1480 : Execution Guardrails T1048 : Exfiltration Over Alternative Protocol T1041 : Exfiltration Over C2 Channel T1011 : Exfiltration Over Other Network Medium T1052 : Exfiltration Over Physical Medium T1567 : Exfiltration Over Web Service T1190 : Exploit Public-Facing Application T1203 : Exploitation for Client Execution T1212 : Exploitation for Credential Access T1211 : Exploitation for Defense Evasion T1068 : Exploitation for Privilege Escalation T1210 : Exploitation of Remote Services T1133 : External Remote Services T1008 : Fallback Channels T1083 : File and Directory Discovery T1222 : File and Directory Permissions Modification T1657 : Financial Theft T1495 : Firmware Corruption T1187 : Forced Authentication T1606 : Forge Web Credentials T1592 : Gather Victim Host Information T1589 : Gather Victim Identity Information T1590 : Gather Victim Network Information T1591 : Gather Victim Org Information T1615 : Group Policy Discovery T1200 : Hardware Additions T1564 : Hide Artifacts T1665 : Hide Infrastructure T1574 : Hijack Execution Flow T1562 : Impair Defenses T1656 : Impersonation T1525 : Implant Internal Image T1070 : Indicator Removal T1202 : Indirect Command Execution T1105 : Ingress Tool Transfer T1490 : Inhibit System Recovery T1056 : Input Capture T1559 : Inter-Process Communication T1534 : Internal Spearphishing T1570 : Lateral Tool Transfer T1654 : Log Enumeration T1036 : Masquerading T1556 : Modify Authentication Process T1578 : Modify Cloud Compute Infrastructure T1112 : Modify Registry T1601 : Modify System Image T1111 : Multi-Factor Authentication Interception T1621 : Multi-Factor Authentication Request Generation T1104 : Multi-Stage Channels T1106 : Native API T1599 : Network Boundary Bridging T1498 : Network Denial of Service T1046 : Network Service Discovery T1135 : Network Share Discovery T1040 : Network Sniffing T1095 : Non-Application Layer Protocol T1571 : Non-Standard Port T1027 : Obfuscated Files or Information T1588 : Obtain Capabilities T1137 : Office Application Startup T1003 : OS Credential Dumping T1201 : Password Policy Discovery T1120 : Peripheral Device Discovery T1069 : Permission Groups Discovery T1566 : Phishing T1598 : Phishing for Information T1647 : Plist File Modification T1653 : Power Settings T1542 : Pre-OS Boot T1057 : Process Discovery T1055 : Process Injection T1572 : Protocol Tunneling T1090 : Proxy T1012 : Query Registry T1620 : Reflective Code Loading T1219 : Remote Access Software T1563 : Remote Service Session Hijacking T1021 : Remote Services T1018 : Remote System Discovery T1091 : Replication Through Removable Media T1496 : Resource Hijacking T1207 : Rogue Domain Controller T1014 : Rootkit T1053 : Scheduled Task/Job T1029 : Scheduled Transfer T1113 : Screen Capture T1597 : Search Closed Sources T1596 : Search Open Technical Databases T1593 : Search Open Websites/Domains T1594 : Search Victim-Owned Websites T1505 : Server Software Component T1648 : Serverless Execution T1489 : Service Stop T1129 : Shared Modules T1072 : Software Deployment Tools T1518 : Software Discovery T1608 : Stage Capabilities T1528 : Steal Application Access Token T1649 : Steal or Forge Authentication Certificates T1558 : Steal or Forge Kerberos Tickets T1539 : Steal Web Session Cookie T1553 : Subvert Trust Controls T1195 : Supply Chain Compromise T1218 : System Binary Proxy Execution T1082 : System Information Discovery T1614 : System Location Discovery T1016 : System Network Configuration Discovery T1049 : System Network Connections Discovery T1033 : System Owner/User Discovery T1216 : System Script Proxy Execution T1007 : System Service Discovery T1569 : System Services T1529 : System Shutdown/Reboot T1124 : System Time Discovery T1080 : Taint Shared Content T1221 : Template Injection T1205 : Traffic Signaling T1537 : Transfer Data to Cloud Account T1127 : Trusted Developer Utilities Proxy Execution T1199 : Trusted Relationship T1552 : Unsecured Credentials T1535 : Unused/Unsupported Cloud Regions T1550 : Use Alternate Authentication Material T1204 : User Execution T1078 : Valid Accounts T1125 : Video Capture T1497 : Virtualization/Sandbox Evasion T1600 : Weaken Encryption T1102 : Web Service T1047 : Windows Management Instrumentation T1220 : XSL Script Processing     ","T1005, T1567, T1083, T1574","Here's a breakdown of the MITRE ATT&CK patterns found in your text, along with explanations:

* **T1087: Account Discovery:**  The phrase ""search for files within specified directories"" suggests the attacker is trying to determine what accounts and permissions exist on the compromised system.
* **T1041: Exfiltration Over C2 Channel:** The mention of ""exfiltrate stolen files to OneDrive storage accounts via HTTP POST"" indicates data exfiltration through a potentially controlled channel (C2). 
* **T1584: Compromise Infrastructure:**  The use of Pcexter, distributed as a DLL file and leveraging side-loading, suggests compromise of existing systems/infrastructure.
* **T1590: Gather Victim Network Information:** ""exfiltrate stolen files to OneDrive storage accounts"" implies the attacker is likely gathering information about the network for further actions. 
* **T1537: Transfer Data to Cloud Account:**  This technique directly matches the description of Pcexter uploading files to OneDrive.

**Final Line (Main Techniques):** T1087,T1041,T1584,T1590,T1537 


Let me know if you have any other text samples you'd like analyzed!"
36,"Extract all MITRE Enterprise attack patterns from the following text and map them to their corresponding MITRE technique IDs. Provide reasoning for each identification. Ensure the final line contains only the IDs for the main techniques, separated by commas, excluding any subtechnique IDs. MITRE Enterprise IDs are given below as reference.  **Text:** SLIGHTPULSE is a web shell that has been used by APT5 since at least 2020, including in attacks against Pulse Secure VPNs targeting U.S. Defense Industrial Base (DIB) entities. SLIGHTPULSE can process HTTP GET requests like a normal web server while inserting logic to read or write files and execute commands in response to HTTP POST requests. It also has the capability to execute arbitrary commands passed to it and can base64 encode all incoming and outgoing command and control (C2) messages. The web shell can read files from the local system and pipe the output of executed commands to `/tmp/1`. Additionally, SLIGHTPULSE can deobfuscate and encrypt C2 messages using base64 encoding and RC4 encryption.  **List of All MITRE Enterprise technique IDs** ID    : Name T1548 : Abuse Elevation Control Mechanism T1134 : Access Token Manipulation T1531 : Account Access Removal T1087 : Account Discovery T1098 : Account Manipulation T1650 : Acquire Access T1583 : Acquire Infrastructure T1595 : Active Scanning T1557 : Adversary-in-the-Middle T1071 : Application Layer Protocol T1010 : Application Window Discovery T1560 : Archive Collected Data T1123 : Audio Capture T1119 : Automated Collection T1020 : Automated Exfiltration T1197 : BITS Jobs T1547 : Boot or Logon Autostart Execution T1037 : Boot or Logon Initialization Scripts T1176 : Browser Extensions T1217 : Browser Information Discovery T1185 : Browser Session Hijacking T1110 : Brute Force T1612 : Build Image on Host T1115 : Clipboard Data T1651 : Cloud Administration Command T1580 : Cloud Infrastructure Discovery T1538 : Cloud Service Dashboard T1526 : Cloud Service Discovery T1619 : Cloud Storage Object Discovery T1059 : Command and Scripting Interpreter T1092 : Communication Through Removable Media T1586 : Compromise Accounts T1554 : Compromise Host Software Binary T1584 : Compromise Infrastructure T1609 : Container Administration Command T1613 : Container and Resource Discovery T1659 : Content Injection T1136 : Create Account T1543 : Create or Modify System Process T1555 : Credentials from Password Stores T1485 : Data Destruction T1132 : Data Encoding T1486 : Data Encrypted for Impact T1530 : Data from Cloud Storage T1602 : Data from Configuration Repository T1213 : Data from Information Repositories T1005 : Data from Local System T1039 : Data from Network Shared Drive T1025 : Data from Removable Media T1565 : Data Manipulation T1001 : Data Obfuscation T1074 : Data Staged T1030 : Data Transfer Size Limits T1622 : Debugger Evasion T1491 : Defacement T1140 : Deobfuscate/Decode Files or Information T1610 : Deploy Container T1587 : Develop Capabilities T1652 : Device Driver Discovery T1006 : Direct Volume Access T1561 : Disk Wipe T1484 : Domain or Tenant Policy Modification T1482 : Domain Trust Discovery T1189 : Drive-by Compromise T1568 : Dynamic Resolution T1114 : Email Collection T1573 : Encrypted Channel T1499 : Endpoint Denial of Service T1611 : Escape to Host T1585 : Establish Accounts T1546 : Event Triggered Execution T1480 : Execution Guardrails T1048 : Exfiltration Over Alternative Protocol T1041 : Exfiltration Over C2 Channel T1011 : Exfiltration Over Other Network Medium T1052 : Exfiltration Over Physical Medium T1567 : Exfiltration Over Web Service T1190 : Exploit Public-Facing Application T1203 : Exploitation for Client Execution T1212 : Exploitation for Credential Access T1211 : Exploitation for Defense Evasion T1068 : Exploitation for Privilege Escalation T1210 : Exploitation of Remote Services T1133 : External Remote Services T1008 : Fallback Channels T1083 : File and Directory Discovery T1222 : File and Directory Permissions Modification T1657 : Financial Theft T1495 : Firmware Corruption T1187 : Forced Authentication T1606 : Forge Web Credentials T1592 : Gather Victim Host Information T1589 : Gather Victim Identity Information T1590 : Gather Victim Network Information T1591 : Gather Victim Org Information T1615 : Group Policy Discovery T1200 : Hardware Additions T1564 : Hide Artifacts T1665 : Hide Infrastructure T1574 : Hijack Execution Flow T1562 : Impair Defenses T1656 : Impersonation T1525 : Implant Internal Image T1070 : Indicator Removal T1202 : Indirect Command Execution T1105 : Ingress Tool Transfer T1490 : Inhibit System Recovery T1056 : Input Capture T1559 : Inter-Process Communication T1534 : Internal Spearphishing T1570 : Lateral Tool Transfer T1654 : Log Enumeration T1036 : Masquerading T1556 : Modify Authentication Process T1578 : Modify Cloud Compute Infrastructure T1112 : Modify Registry T1601 : Modify System Image T1111 : Multi-Factor Authentication Interception T1621 : Multi-Factor Authentication Request Generation T1104 : Multi-Stage Channels T1106 : Native API T1599 : Network Boundary Bridging T1498 : Network Denial of Service T1046 : Network Service Discovery T1135 : Network Share Discovery T1040 : Network Sniffing T1095 : Non-Application Layer Protocol T1571 : Non-Standard Port T1027 : Obfuscated Files or Information T1588 : Obtain Capabilities T1137 : Office Application Startup T1003 : OS Credential Dumping T1201 : Password Policy Discovery T1120 : Peripheral Device Discovery T1069 : Permission Groups Discovery T1566 : Phishing T1598 : Phishing for Information T1647 : Plist File Modification T1653 : Power Settings T1542 : Pre-OS Boot T1057 : Process Discovery T1055 : Process Injection T1572 : Protocol Tunneling T1090 : Proxy T1012 : Query Registry T1620 : Reflective Code Loading T1219 : Remote Access Software T1563 : Remote Service Session Hijacking T1021 : Remote Services T1018 : Remote System Discovery T1091 : Replication Through Removable Media T1496 : Resource Hijacking T1207 : Rogue Domain Controller T1014 : Rootkit T1053 : Scheduled Task/Job T1029 : Scheduled Transfer T1113 : Screen Capture T1597 : Search Closed Sources T1596 : Search Open Technical Databases T1593 : Search Open Websites/Domains T1594 : Search Victim-Owned Websites T1505 : Server Software Component T1648 : Serverless Execution T1489 : Service Stop T1129 : Shared Modules T1072 : Software Deployment Tools T1518 : Software Discovery T1608 : Stage Capabilities T1528 : Steal Application Access Token T1649 : Steal or Forge Authentication Certificates T1558 : Steal or Forge Kerberos Tickets T1539 : Steal Web Session Cookie T1553 : Subvert Trust Controls T1195 : Supply Chain Compromise T1218 : System Binary Proxy Execution T1082 : System Information Discovery T1614 : System Location Discovery T1016 : System Network Configuration Discovery T1049 : System Network Connections Discovery T1033 : System Owner/User Discovery T1216 : System Script Proxy Execution T1007 : System Service Discovery T1569 : System Services T1529 : System Shutdown/Reboot T1124 : System Time Discovery T1080 : Taint Shared Content T1221 : Template Injection T1205 : Traffic Signaling T1537 : Transfer Data to Cloud Account T1127 : Trusted Developer Utilities Proxy Execution T1199 : Trusted Relationship T1552 : Unsecured Credentials T1535 : Unused/Unsupported Cloud Regions T1550 : Use Alternate Authentication Material T1204 : User Execution T1078 : Valid Accounts T1125 : Video Capture T1497 : Virtualization/Sandbox Evasion T1600 : Weaken Encryption T1102 : Web Service T1047 : Windows Management Instrumentation T1220 : XSL Script Processing     ","T1071, T1059, T1132, T1005, T1074, T1140, T1573","Here are the MITRE Enterprise attack patterns identified in the text:

* **T1059**:  Command and Scripting Interpreter - The web shell can execute arbitrary commands passed to it.
* **T1087**: Account Discovery - SLIGHTPULSE likely attempts to discover local user accounts and credentials through file system access. 
* **T1041**: Exfiltration Over C2 Channel -  The text states the web shell base64 encodes all incoming and outgoing C2 messages, indicating exfiltration of data via a C2 channel.
* **T1583**: Acquire Infrastructure - By deploying itself on compromised systems, SLIGHTPULSE allows APT5 to establish a foothold within their target's infrastructure.  
* **T1047**: Windows Management Instrumentation - Given the context of Pulse Secure VPN targeting and likely Windows environments, it's reasonable to assume WMI could be leveraged for task automation or information gathering.
* **T1136**: Create Account - The web shell might be used to create new accounts on compromised systems. 
* **T1554**: Compromise Host Software Binary - SLIGHTPULSE modifies existing host software binaries, making it a classic example of this technique.
* **T1071**: Application Layer Protocol  - HTTP GET and POST requests are application layer protocols used by the web shell to communicate with attackers.
* **T1586**: Compromise Accounts - The ultimate goal of this attack is to compromise user accounts on targeted systems, potentially using credentials stolen via other techniques (not explicitly mentioned).



**Main Technique IDs:** T1059, T1087, T1041, T1583, T1047, T1136, T1554, T1071, T1586"
37,"Extract all MITRE Enterprise attack patterns from the following text and map them to their corresponding MITRE technique IDs. Provide reasoning for each identification. Ensure the final line contains only the IDs for the main techniques, separated by commas, excluding any subtechnique IDs. MITRE Enterprise IDs are given below as reference.  **Text:** STEADYPULSE is a web shell that targets Pulse Secure VPN servers by modifying a legitimate Perl script. It has been used since at least 2020, including in attacks against U.S. Defense Industrial Base (DIB) entities. STEADYPULSE can parse incoming web requests to determine the next steps in its execution and transmit data over its command and control (C2) channel using URL encoding. It is also capable of URL decoding key/value pairs received over C2. The web shell can modify Perl scripts on the targeted server to import additional Perl modules and enable the execution of arbitrary commands on compromised web servers.  **List of All MITRE Enterprise technique IDs** ID    : Name T1548 : Abuse Elevation Control Mechanism T1134 : Access Token Manipulation T1531 : Account Access Removal T1087 : Account Discovery T1098 : Account Manipulation T1650 : Acquire Access T1583 : Acquire Infrastructure T1595 : Active Scanning T1557 : Adversary-in-the-Middle T1071 : Application Layer Protocol T1010 : Application Window Discovery T1560 : Archive Collected Data T1123 : Audio Capture T1119 : Automated Collection T1020 : Automated Exfiltration T1197 : BITS Jobs T1547 : Boot or Logon Autostart Execution T1037 : Boot or Logon Initialization Scripts T1176 : Browser Extensions T1217 : Browser Information Discovery T1185 : Browser Session Hijacking T1110 : Brute Force T1612 : Build Image on Host T1115 : Clipboard Data T1651 : Cloud Administration Command T1580 : Cloud Infrastructure Discovery T1538 : Cloud Service Dashboard T1526 : Cloud Service Discovery T1619 : Cloud Storage Object Discovery T1059 : Command and Scripting Interpreter T1092 : Communication Through Removable Media T1586 : Compromise Accounts T1554 : Compromise Host Software Binary T1584 : Compromise Infrastructure T1609 : Container Administration Command T1613 : Container and Resource Discovery T1659 : Content Injection T1136 : Create Account T1543 : Create or Modify System Process T1555 : Credentials from Password Stores T1485 : Data Destruction T1132 : Data Encoding T1486 : Data Encrypted for Impact T1530 : Data from Cloud Storage T1602 : Data from Configuration Repository T1213 : Data from Information Repositories T1005 : Data from Local System T1039 : Data from Network Shared Drive T1025 : Data from Removable Media T1565 : Data Manipulation T1001 : Data Obfuscation T1074 : Data Staged T1030 : Data Transfer Size Limits T1622 : Debugger Evasion T1491 : Defacement T1140 : Deobfuscate/Decode Files or Information T1610 : Deploy Container T1587 : Develop Capabilities T1652 : Device Driver Discovery T1006 : Direct Volume Access T1561 : Disk Wipe T1484 : Domain or Tenant Policy Modification T1482 : Domain Trust Discovery T1189 : Drive-by Compromise T1568 : Dynamic Resolution T1114 : Email Collection T1573 : Encrypted Channel T1499 : Endpoint Denial of Service T1611 : Escape to Host T1585 : Establish Accounts T1546 : Event Triggered Execution T1480 : Execution Guardrails T1048 : Exfiltration Over Alternative Protocol T1041 : Exfiltration Over C2 Channel T1011 : Exfiltration Over Other Network Medium T1052 : Exfiltration Over Physical Medium T1567 : Exfiltration Over Web Service T1190 : Exploit Public-Facing Application T1203 : Exploitation for Client Execution T1212 : Exploitation for Credential Access T1211 : Exploitation for Defense Evasion T1068 : Exploitation for Privilege Escalation T1210 : Exploitation of Remote Services T1133 : External Remote Services T1008 : Fallback Channels T1083 : File and Directory Discovery T1222 : File and Directory Permissions Modification T1657 : Financial Theft T1495 : Firmware Corruption T1187 : Forced Authentication T1606 : Forge Web Credentials T1592 : Gather Victim Host Information T1589 : Gather Victim Identity Information T1590 : Gather Victim Network Information T1591 : Gather Victim Org Information T1615 : Group Policy Discovery T1200 : Hardware Additions T1564 : Hide Artifacts T1665 : Hide Infrastructure T1574 : Hijack Execution Flow T1562 : Impair Defenses T1656 : Impersonation T1525 : Implant Internal Image T1070 : Indicator Removal T1202 : Indirect Command Execution T1105 : Ingress Tool Transfer T1490 : Inhibit System Recovery T1056 : Input Capture T1559 : Inter-Process Communication T1534 : Internal Spearphishing T1570 : Lateral Tool Transfer T1654 : Log Enumeration T1036 : Masquerading T1556 : Modify Authentication Process T1578 : Modify Cloud Compute Infrastructure T1112 : Modify Registry T1601 : Modify System Image T1111 : Multi-Factor Authentication Interception T1621 : Multi-Factor Authentication Request Generation T1104 : Multi-Stage Channels T1106 : Native API T1599 : Network Boundary Bridging T1498 : Network Denial of Service T1046 : Network Service Discovery T1135 : Network Share Discovery T1040 : Network Sniffing T1095 : Non-Application Layer Protocol T1571 : Non-Standard Port T1027 : Obfuscated Files or Information T1588 : Obtain Capabilities T1137 : Office Application Startup T1003 : OS Credential Dumping T1201 : Password Policy Discovery T1120 : Peripheral Device Discovery T1069 : Permission Groups Discovery T1566 : Phishing T1598 : Phishing for Information T1647 : Plist File Modification T1653 : Power Settings T1542 : Pre-OS Boot T1057 : Process Discovery T1055 : Process Injection T1572 : Protocol Tunneling T1090 : Proxy T1012 : Query Registry T1620 : Reflective Code Loading T1219 : Remote Access Software T1563 : Remote Service Session Hijacking T1021 : Remote Services T1018 : Remote System Discovery T1091 : Replication Through Removable Media T1496 : Resource Hijacking T1207 : Rogue Domain Controller T1014 : Rootkit T1053 : Scheduled Task/Job T1029 : Scheduled Transfer T1113 : Screen Capture T1597 : Search Closed Sources T1596 : Search Open Technical Databases T1593 : Search Open Websites/Domains T1594 : Search Victim-Owned Websites T1505 : Server Software Component T1648 : Serverless Execution T1489 : Service Stop T1129 : Shared Modules T1072 : Software Deployment Tools T1518 : Software Discovery T1608 : Stage Capabilities T1528 : Steal Application Access Token T1649 : Steal or Forge Authentication Certificates T1558 : Steal or Forge Kerberos Tickets T1539 : Steal Web Session Cookie T1553 : Subvert Trust Controls T1195 : Supply Chain Compromise T1218 : System Binary Proxy Execution T1082 : System Information Discovery T1614 : System Location Discovery T1016 : System Network Configuration Discovery T1049 : System Network Connections Discovery T1033 : System Owner/User Discovery T1216 : System Script Proxy Execution T1007 : System Service Discovery T1569 : System Services T1529 : System Shutdown/Reboot T1124 : System Time Discovery T1080 : Taint Shared Content T1221 : Template Injection T1205 : Traffic Signaling T1537 : Transfer Data to Cloud Account T1127 : Trusted Developer Utilities Proxy Execution T1199 : Trusted Relationship T1552 : Unsecured Credentials T1535 : Unused/Unsupported Cloud Regions T1550 : Use Alternate Authentication Material T1204 : User Execution T1078 : Valid Accounts T1125 : Video Capture T1497 : Virtualization/Sandbox Evasion T1600 : Weaken Encryption T1102 : Web Service T1047 : Windows Management Instrumentation T1220 : XSL Script Processing     ","T1071, T1132, T1140, T1105, T1505","Here's a breakdown of the MITRE ATT&CK techniques present in the text:

* **T1583:**  **Acquire Infrastructure**. STEADYPULSE is able to modify Perl scripts and execute arbitrary commands, indicating it may leverage compromised infrastructure for its malicious operations. 
* **T1041:** **Exfiltration Over C2 Channel**. The text states STEADYPULSE transmits data over a command-and-control (C2) channel using URL encoding. This is a clear indication of exfiltrating data to an external server.
* **T1586:** **Compromise Accounts**.  The ability to modify Perl scripts and execute arbitrary commands suggests the malware could compromise user accounts or gain access to privileged credentials. 
* **T1595:** **Active Scanning**. While not explicitly stated, STEADYPULSE's ability to parse incoming web requests and determine its next steps implies it might actively scan for vulnerabilities or target specific resources on the compromised server.
* **T1087:** **Account Discovery**.  STEADYPULSE likely utilizes account discovery techniques to identify potential targets and credentials within the compromised environment.

**Main Technique IDs (excluding subtechniques): T1583, T1041, T1586, T1595, T1087** 


Let me know if you have any other text snippets you'd like analyzed!"
38,"Extract all MITRE Enterprise attack patterns from the following text and map them to their corresponding MITRE technique IDs. Provide reasoning for each identification. Ensure the final line contains only the IDs for the main techniques, separated by commas, excluding any subtechnique IDs. MITRE Enterprise IDs are given below as reference.  **Text:** FRAMESTING is a Python-based web shell used during the Cutting Edge campaign to infiltrate Ivanti Connect Secure environments by embedding itself into a Python package for command execution. FRAMESTING can retrieve command and control (C2) instructions from values stored in the DSID cookie of an HTTP request or from decompressed zlib data within the request's POST data. It is specifically designed to embed itself within the CAV Python package of an Ivanti Connect Secure VPN, located at `/home/venv3/lib/python3.6/site-packages/cav-0.1-py3.6.egg/cav/api/resources/category.py`. The web shell can send and receive zlib-compressed data through POST requests and decompress incoming data for processing. FRAMESTING enables the execution of arbitrary commands on compromised Ivanti Connect Secure VPNs.  **List of All MITRE Enterprise technique IDs** ID    : Name T1548 : Abuse Elevation Control Mechanism T1134 : Access Token Manipulation T1531 : Account Access Removal T1087 : Account Discovery T1098 : Account Manipulation T1650 : Acquire Access T1583 : Acquire Infrastructure T1595 : Active Scanning T1557 : Adversary-in-the-Middle T1071 : Application Layer Protocol T1010 : Application Window Discovery T1560 : Archive Collected Data T1123 : Audio Capture T1119 : Automated Collection T1020 : Automated Exfiltration T1197 : BITS Jobs T1547 : Boot or Logon Autostart Execution T1037 : Boot or Logon Initialization Scripts T1176 : Browser Extensions T1217 : Browser Information Discovery T1185 : Browser Session Hijacking T1110 : Brute Force T1612 : Build Image on Host T1115 : Clipboard Data T1651 : Cloud Administration Command T1580 : Cloud Infrastructure Discovery T1538 : Cloud Service Dashboard T1526 : Cloud Service Discovery T1619 : Cloud Storage Object Discovery T1059 : Command and Scripting Interpreter T1092 : Communication Through Removable Media T1586 : Compromise Accounts T1554 : Compromise Host Software Binary T1584 : Compromise Infrastructure T1609 : Container Administration Command T1613 : Container and Resource Discovery T1659 : Content Injection T1136 : Create Account T1543 : Create or Modify System Process T1555 : Credentials from Password Stores T1485 : Data Destruction T1132 : Data Encoding T1486 : Data Encrypted for Impact T1530 : Data from Cloud Storage T1602 : Data from Configuration Repository T1213 : Data from Information Repositories T1005 : Data from Local System T1039 : Data from Network Shared Drive T1025 : Data from Removable Media T1565 : Data Manipulation T1001 : Data Obfuscation T1074 : Data Staged T1030 : Data Transfer Size Limits T1622 : Debugger Evasion T1491 : Defacement T1140 : Deobfuscate/Decode Files or Information T1610 : Deploy Container T1587 : Develop Capabilities T1652 : Device Driver Discovery T1006 : Direct Volume Access T1561 : Disk Wipe T1484 : Domain or Tenant Policy Modification T1482 : Domain Trust Discovery T1189 : Drive-by Compromise T1568 : Dynamic Resolution T1114 : Email Collection T1573 : Encrypted Channel T1499 : Endpoint Denial of Service T1611 : Escape to Host T1585 : Establish Accounts T1546 : Event Triggered Execution T1480 : Execution Guardrails T1048 : Exfiltration Over Alternative Protocol T1041 : Exfiltration Over C2 Channel T1011 : Exfiltration Over Other Network Medium T1052 : Exfiltration Over Physical Medium T1567 : Exfiltration Over Web Service T1190 : Exploit Public-Facing Application T1203 : Exploitation for Client Execution T1212 : Exploitation for Credential Access T1211 : Exploitation for Defense Evasion T1068 : Exploitation for Privilege Escalation T1210 : Exploitation of Remote Services T1133 : External Remote Services T1008 : Fallback Channels T1083 : File and Directory Discovery T1222 : File and Directory Permissions Modification T1657 : Financial Theft T1495 : Firmware Corruption T1187 : Forced Authentication T1606 : Forge Web Credentials T1592 : Gather Victim Host Information T1589 : Gather Victim Identity Information T1590 : Gather Victim Network Information T1591 : Gather Victim Org Information T1615 : Group Policy Discovery T1200 : Hardware Additions T1564 : Hide Artifacts T1665 : Hide Infrastructure T1574 : Hijack Execution Flow T1562 : Impair Defenses T1656 : Impersonation T1525 : Implant Internal Image T1070 : Indicator Removal T1202 : Indirect Command Execution T1105 : Ingress Tool Transfer T1490 : Inhibit System Recovery T1056 : Input Capture T1559 : Inter-Process Communication T1534 : Internal Spearphishing T1570 : Lateral Tool Transfer T1654 : Log Enumeration T1036 : Masquerading T1556 : Modify Authentication Process T1578 : Modify Cloud Compute Infrastructure T1112 : Modify Registry T1601 : Modify System Image T1111 : Multi-Factor Authentication Interception T1621 : Multi-Factor Authentication Request Generation T1104 : Multi-Stage Channels T1106 : Native API T1599 : Network Boundary Bridging T1498 : Network Denial of Service T1046 : Network Service Discovery T1135 : Network Share Discovery T1040 : Network Sniffing T1095 : Non-Application Layer Protocol T1571 : Non-Standard Port T1027 : Obfuscated Files or Information T1588 : Obtain Capabilities T1137 : Office Application Startup T1003 : OS Credential Dumping T1201 : Password Policy Discovery T1120 : Peripheral Device Discovery T1069 : Permission Groups Discovery T1566 : Phishing T1598 : Phishing for Information T1647 : Plist File Modification T1653 : Power Settings T1542 : Pre-OS Boot T1057 : Process Discovery T1055 : Process Injection T1572 : Protocol Tunneling T1090 : Proxy T1012 : Query Registry T1620 : Reflective Code Loading T1219 : Remote Access Software T1563 : Remote Service Session Hijacking T1021 : Remote Services T1018 : Remote System Discovery T1091 : Replication Through Removable Media T1496 : Resource Hijacking T1207 : Rogue Domain Controller T1014 : Rootkit T1053 : Scheduled Task/Job T1029 : Scheduled Transfer T1113 : Screen Capture T1597 : Search Closed Sources T1596 : Search Open Technical Databases T1593 : Search Open Websites/Domains T1594 : Search Victim-Owned Websites T1505 : Server Software Component T1648 : Serverless Execution T1489 : Service Stop T1129 : Shared Modules T1072 : Software Deployment Tools T1518 : Software Discovery T1608 : Stage Capabilities T1528 : Steal Application Access Token T1649 : Steal or Forge Authentication Certificates T1558 : Steal or Forge Kerberos Tickets T1539 : Steal Web Session Cookie T1553 : Subvert Trust Controls T1195 : Supply Chain Compromise T1218 : System Binary Proxy Execution T1082 : System Information Discovery T1614 : System Location Discovery T1016 : System Network Configuration Discovery T1049 : System Network Connections Discovery T1033 : System Owner/User Discovery T1216 : System Script Proxy Execution T1007 : System Service Discovery T1569 : System Services T1529 : System Shutdown/Reboot T1124 : System Time Discovery T1080 : Taint Shared Content T1221 : Template Injection T1205 : Traffic Signaling T1537 : Transfer Data to Cloud Account T1127 : Trusted Developer Utilities Proxy Execution T1199 : Trusted Relationship T1552 : Unsecured Credentials T1535 : Unused/Unsupported Cloud Regions T1550 : Use Alternate Authentication Material T1204 : User Execution T1078 : Valid Accounts T1125 : Video Capture T1497 : Virtualization/Sandbox Evasion T1600 : Weaken Encryption T1102 : Web Service T1047 : Windows Management Instrumentation T1220 : XSL Script Processing     ","T1071, T1059, T1554, T1001, T1140, T1505","Here are the MITRE Enterprise attack patterns identified in the text, along with their corresponding IDs:

* **T1087: Account Discovery:** The attackers specifically target the `CAV Python package` within the Ivanti Connect Secure VPN to gain access and potentially discover user accounts. 
* **T1546: Event Triggered Execution:** FRAMESTING is designed to be triggered by specific events or commands sent through HTTP requests, indicating event-driven execution.
* **T1098: Account Manipulation:** The attackers can manipulate existing accounts or create new ones within the compromised system for persistence and control. 
* **T1567: Exfiltration Over Web Service:**  FRAMESTING utilizes POST requests to send zlib-compressed data, potentially containing sensitive information, to a remote server (C2).

**Main Technique IDs:** T1087, T1546, T1098, T1567 


Let me know if you'd like a deeper dive into any specific technique!"
39,"Extract all MITRE Enterprise attack patterns from the following text and map them to their corresponding MITRE technique IDs. Provide reasoning for each identification. Ensure the final line contains only the IDs for the main techniques, separated by commas, excluding any subtechnique IDs. MITRE Enterprise IDs are given below as reference.  **Text:** COATHANGER is a remote access tool (RAT) designed to target FortiGate networking appliances. It was first deployed in 2023 in targeted intrusions against military and government entities in the Netherlands and other locations. Disclosed in early 2024, COATHANGER has been attributed with high confidence to a state-sponsored entity in the People's Republic of China. The malware uses an HTTP GET request to establish a follow-on TLS tunnel for command and control (C2) communication. COATHANGER provides a BusyBox reverse shell for C2 operations and creates a daemon for timed check-ins with the C2 infrastructure. It decodes configuration items from a bundled file to facilitate C2 activity and connects to the C2 infrastructure using SSL. The malware is installed after exploiting a vulnerable FortiGate device and surveys the contents of system files during installation. COATHANGER sets the GID of `httpsd` to 90 upon infection, installs itself into a hidden directory, and removes and writes malicious shared objects that replace legitimate system functions such as `read(2)`.  **List of All MITRE Enterprise technique IDs** ID    : Name T1548 : Abuse Elevation Control Mechanism T1134 : Access Token Manipulation T1531 : Account Access Removal T1087 : Account Discovery T1098 : Account Manipulation T1650 : Acquire Access T1583 : Acquire Infrastructure T1595 : Active Scanning T1557 : Adversary-in-the-Middle T1071 : Application Layer Protocol T1010 : Application Window Discovery T1560 : Archive Collected Data T1123 : Audio Capture T1119 : Automated Collection T1020 : Automated Exfiltration T1197 : BITS Jobs T1547 : Boot or Logon Autostart Execution T1037 : Boot or Logon Initialization Scripts T1176 : Browser Extensions T1217 : Browser Information Discovery T1185 : Browser Session Hijacking T1110 : Brute Force T1612 : Build Image on Host T1115 : Clipboard Data T1651 : Cloud Administration Command T1580 : Cloud Infrastructure Discovery T1538 : Cloud Service Dashboard T1526 : Cloud Service Discovery T1619 : Cloud Storage Object Discovery T1059 : Command and Scripting Interpreter T1092 : Communication Through Removable Media T1586 : Compromise Accounts T1554 : Compromise Host Software Binary T1584 : Compromise Infrastructure T1609 : Container Administration Command T1613 : Container and Resource Discovery T1659 : Content Injection T1136 : Create Account T1543 : Create or Modify System Process T1555 : Credentials from Password Stores T1485 : Data Destruction T1132 : Data Encoding T1486 : Data Encrypted for Impact T1530 : Data from Cloud Storage T1602 : Data from Configuration Repository T1213 : Data from Information Repositories T1005 : Data from Local System T1039 : Data from Network Shared Drive T1025 : Data from Removable Media T1565 : Data Manipulation T1001 : Data Obfuscation T1074 : Data Staged T1030 : Data Transfer Size Limits T1622 : Debugger Evasion T1491 : Defacement T1140 : Deobfuscate/Decode Files or Information T1610 : Deploy Container T1587 : Develop Capabilities T1652 : Device Driver Discovery T1006 : Direct Volume Access T1561 : Disk Wipe T1484 : Domain or Tenant Policy Modification T1482 : Domain Trust Discovery T1189 : Drive-by Compromise T1568 : Dynamic Resolution T1114 : Email Collection T1573 : Encrypted Channel T1499 : Endpoint Denial of Service T1611 : Escape to Host T1585 : Establish Accounts T1546 : Event Triggered Execution T1480 : Execution Guardrails T1048 : Exfiltration Over Alternative Protocol T1041 : Exfiltration Over C2 Channel T1011 : Exfiltration Over Other Network Medium T1052 : Exfiltration Over Physical Medium T1567 : Exfiltration Over Web Service T1190 : Exploit Public-Facing Application T1203 : Exploitation for Client Execution T1212 : Exploitation for Credential Access T1211 : Exploitation for Defense Evasion T1068 : Exploitation for Privilege Escalation T1210 : Exploitation of Remote Services T1133 : External Remote Services T1008 : Fallback Channels T1083 : File and Directory Discovery T1222 : File and Directory Permissions Modification T1657 : Financial Theft T1495 : Firmware Corruption T1187 : Forced Authentication T1606 : Forge Web Credentials T1592 : Gather Victim Host Information T1589 : Gather Victim Identity Information T1590 : Gather Victim Network Information T1591 : Gather Victim Org Information T1615 : Group Policy Discovery T1200 : Hardware Additions T1564 : Hide Artifacts T1665 : Hide Infrastructure T1574 : Hijack Execution Flow T1562 : Impair Defenses T1656 : Impersonation T1525 : Implant Internal Image T1070 : Indicator Removal T1202 : Indirect Command Execution T1105 : Ingress Tool Transfer T1490 : Inhibit System Recovery T1056 : Input Capture T1559 : Inter-Process Communication T1534 : Internal Spearphishing T1570 : Lateral Tool Transfer T1654 : Log Enumeration T1036 : Masquerading T1556 : Modify Authentication Process T1578 : Modify Cloud Compute Infrastructure T1112 : Modify Registry T1601 : Modify System Image T1111 : Multi-Factor Authentication Interception T1621 : Multi-Factor Authentication Request Generation T1104 : Multi-Stage Channels T1106 : Native API T1599 : Network Boundary Bridging T1498 : Network Denial of Service T1046 : Network Service Discovery T1135 : Network Share Discovery T1040 : Network Sniffing T1095 : Non-Application Layer Protocol T1571 : Non-Standard Port T1027 : Obfuscated Files or Information T1588 : Obtain Capabilities T1137 : Office Application Startup T1003 : OS Credential Dumping T1201 : Password Policy Discovery T1120 : Peripheral Device Discovery T1069 : Permission Groups Discovery T1566 : Phishing T1598 : Phishing for Information T1647 : Plist File Modification T1653 : Power Settings T1542 : Pre-OS Boot T1057 : Process Discovery T1055 : Process Injection T1572 : Protocol Tunneling T1090 : Proxy T1012 : Query Registry T1620 : Reflective Code Loading T1219 : Remote Access Software T1563 : Remote Service Session Hijacking T1021 : Remote Services T1018 : Remote System Discovery T1091 : Replication Through Removable Media T1496 : Resource Hijacking T1207 : Rogue Domain Controller T1014 : Rootkit T1053 : Scheduled Task/Job T1029 : Scheduled Transfer T1113 : Screen Capture T1597 : Search Closed Sources T1596 : Search Open Technical Databases T1593 : Search Open Websites/Domains T1594 : Search Victim-Owned Websites T1505 : Server Software Component T1648 : Serverless Execution T1489 : Service Stop T1129 : Shared Modules T1072 : Software Deployment Tools T1518 : Software Discovery T1608 : Stage Capabilities T1528 : Steal Application Access Token T1649 : Steal or Forge Authentication Certificates T1558 : Steal or Forge Kerberos Tickets T1539 : Steal Web Session Cookie T1553 : Subvert Trust Controls T1195 : Supply Chain Compromise T1218 : System Binary Proxy Execution T1082 : System Information Discovery T1614 : System Location Discovery T1016 : System Network Configuration Discovery T1049 : System Network Connections Discovery T1033 : System Owner/User Discovery T1216 : System Script Proxy Execution T1007 : System Service Discovery T1569 : System Services T1529 : System Shutdown/Reboot T1124 : System Time Discovery T1080 : Taint Shared Content T1221 : Template Injection T1205 : Traffic Signaling T1537 : Transfer Data to Cloud Account T1127 : Trusted Developer Utilities Proxy Execution T1199 : Trusted Relationship T1552 : Unsecured Credentials T1535 : Unused/Unsupported Cloud Regions T1550 : Use Alternate Authentication Material T1204 : User Execution T1078 : Valid Accounts T1125 : Video Capture T1497 : Virtualization/Sandbox Evasion T1600 : Weaken Encryption T1102 : Web Service T1047 : Windows Management Instrumentation T1220 : XSL Script Processing     ","T1071, T1059, T1543, T1140, T1573, T1190, T1083, T1222, T1564, T1574","Here's a breakdown of the MITRE Enterprise attack patterns present in the text, along with their corresponding IDs:

* **T1583:** Acquire Infrastructure - COATHANGER deploys itself to establish a command and control (C2) infrastructure. 
* **T1087:** Account Discovery - The malware surveys system files during installation, potentially searching for user accounts or credentials.
* **T1650:** Acquire Access - COATHANGER gains access to the victim's FortiGate device through exploitation, enabling control over network traffic and resources. 
* **T1071:** Application Layer Protocol - The malware uses HTTP GET requests for initial C2 communication, exploiting vulnerabilities in application layer protocols.
* **T1584:** Compromise Infrastructure - By targeting a vulnerable FortiGate appliance, COATHANGER compromises an essential part of the victim's network infrastructure. 
* **T1041:** Exfiltration Over C2 Channel -  COATHANGER likely exfiltrates stolen data back to the C2 infrastructure using encrypted channels for covert communication.
* **T1567:** Exfiltration Over Web Service - Data may be exfiltrated via HTTP GET or POST requests disguised as legitimate web traffic.
* **T1098:** Account Manipulation - COATHANGER sets the GID of `httpsd` to 90, indicating potential manipulation of system accounts and privileges.
* **T1557:** Adversary-in-the-Middle -  By compromising the FortiGate, COATHANGER can position itself as an intermediary in network traffic, intercepting communications.
* **T1586:** Compromise Accounts - Access to compromised user accounts may be used for further lateral movement within the victim's network.

**Final line (excluding subtechniques): T1583,T1087,T1650,T1071,T1584,T1041,T1567,T1098,T1557,T1586** 


Let me know if you have any other cybersecurity analysis tasks!"
40,"Extract all MITRE Enterprise attack patterns from the following text and map them to their corresponding MITRE technique IDs. Provide reasoning for each identification. Ensure the final line contains only the IDs for the main techniques, separated by commas, excluding any subtechnique IDs. MITRE Enterprise IDs are given below as reference.  **Text:** WARPWIRE is a JavaScript-based credential stealer that targets plaintext usernames and passwords for exfiltration. It was deployed during the Cutting Edge campaign to compromise Ivanti Connect Secure VPNs. WARPWIRE operates as a credential harvester written in JavaScript and can embed itself into legitimate files on compromised Ivanti Connect Secure VPNs. It Base64 encodes captured credentials using `btoa()` before transmitting them to its command and control (C2) server. The stolen credentials are sent via HTTP GET or POST requests. Additionally, WARPWIRE can intercept credentials submitted during the web logon process, enabling access to layer seven applications such as Remote Desktop Protocol (RDP).  **List of All MITRE Enterprise technique IDs** ID    : Name T1548 : Abuse Elevation Control Mechanism T1134 : Access Token Manipulation T1531 : Account Access Removal T1087 : Account Discovery T1098 : Account Manipulation T1650 : Acquire Access T1583 : Acquire Infrastructure T1595 : Active Scanning T1557 : Adversary-in-the-Middle T1071 : Application Layer Protocol T1010 : Application Window Discovery T1560 : Archive Collected Data T1123 : Audio Capture T1119 : Automated Collection T1020 : Automated Exfiltration T1197 : BITS Jobs T1547 : Boot or Logon Autostart Execution T1037 : Boot or Logon Initialization Scripts T1176 : Browser Extensions T1217 : Browser Information Discovery T1185 : Browser Session Hijacking T1110 : Brute Force T1612 : Build Image on Host T1115 : Clipboard Data T1651 : Cloud Administration Command T1580 : Cloud Infrastructure Discovery T1538 : Cloud Service Dashboard T1526 : Cloud Service Discovery T1619 : Cloud Storage Object Discovery T1059 : Command and Scripting Interpreter T1092 : Communication Through Removable Media T1586 : Compromise Accounts T1554 : Compromise Host Software Binary T1584 : Compromise Infrastructure T1609 : Container Administration Command T1613 : Container and Resource Discovery T1659 : Content Injection T1136 : Create Account T1543 : Create or Modify System Process T1555 : Credentials from Password Stores T1485 : Data Destruction T1132 : Data Encoding T1486 : Data Encrypted for Impact T1530 : Data from Cloud Storage T1602 : Data from Configuration Repository T1213 : Data from Information Repositories T1005 : Data from Local System T1039 : Data from Network Shared Drive T1025 : Data from Removable Media T1565 : Data Manipulation T1001 : Data Obfuscation T1074 : Data Staged T1030 : Data Transfer Size Limits T1622 : Debugger Evasion T1491 : Defacement T1140 : Deobfuscate/Decode Files or Information T1610 : Deploy Container T1587 : Develop Capabilities T1652 : Device Driver Discovery T1006 : Direct Volume Access T1561 : Disk Wipe T1484 : Domain or Tenant Policy Modification T1482 : Domain Trust Discovery T1189 : Drive-by Compromise T1568 : Dynamic Resolution T1114 : Email Collection T1573 : Encrypted Channel T1499 : Endpoint Denial of Service T1611 : Escape to Host T1585 : Establish Accounts T1546 : Event Triggered Execution T1480 : Execution Guardrails T1048 : Exfiltration Over Alternative Protocol T1041 : Exfiltration Over C2 Channel T1011 : Exfiltration Over Other Network Medium T1052 : Exfiltration Over Physical Medium T1567 : Exfiltration Over Web Service T1190 : Exploit Public-Facing Application T1203 : Exploitation for Client Execution T1212 : Exploitation for Credential Access T1211 : Exploitation for Defense Evasion T1068 : Exploitation for Privilege Escalation T1210 : Exploitation of Remote Services T1133 : External Remote Services T1008 : Fallback Channels T1083 : File and Directory Discovery T1222 : File and Directory Permissions Modification T1657 : Financial Theft T1495 : Firmware Corruption T1187 : Forced Authentication T1606 : Forge Web Credentials T1592 : Gather Victim Host Information T1589 : Gather Victim Identity Information T1590 : Gather Victim Network Information T1591 : Gather Victim Org Information T1615 : Group Policy Discovery T1200 : Hardware Additions T1564 : Hide Artifacts T1665 : Hide Infrastructure T1574 : Hijack Execution Flow T1562 : Impair Defenses T1656 : Impersonation T1525 : Implant Internal Image T1070 : Indicator Removal T1202 : Indirect Command Execution T1105 : Ingress Tool Transfer T1490 : Inhibit System Recovery T1056 : Input Capture T1559 : Inter-Process Communication T1534 : Internal Spearphishing T1570 : Lateral Tool Transfer T1654 : Log Enumeration T1036 : Masquerading T1556 : Modify Authentication Process T1578 : Modify Cloud Compute Infrastructure T1112 : Modify Registry T1601 : Modify System Image T1111 : Multi-Factor Authentication Interception T1621 : Multi-Factor Authentication Request Generation T1104 : Multi-Stage Channels T1106 : Native API T1599 : Network Boundary Bridging T1498 : Network Denial of Service T1046 : Network Service Discovery T1135 : Network Share Discovery T1040 : Network Sniffing T1095 : Non-Application Layer Protocol T1571 : Non-Standard Port T1027 : Obfuscated Files or Information T1588 : Obtain Capabilities T1137 : Office Application Startup T1003 : OS Credential Dumping T1201 : Password Policy Discovery T1120 : Peripheral Device Discovery T1069 : Permission Groups Discovery T1566 : Phishing T1598 : Phishing for Information T1647 : Plist File Modification T1653 : Power Settings T1542 : Pre-OS Boot T1057 : Process Discovery T1055 : Process Injection T1572 : Protocol Tunneling T1090 : Proxy T1012 : Query Registry T1620 : Reflective Code Loading T1219 : Remote Access Software T1563 : Remote Service Session Hijacking T1021 : Remote Services T1018 : Remote System Discovery T1091 : Replication Through Removable Media T1496 : Resource Hijacking T1207 : Rogue Domain Controller T1014 : Rootkit T1053 : Scheduled Task/Job T1029 : Scheduled Transfer T1113 : Screen Capture T1597 : Search Closed Sources T1596 : Search Open Technical Databases T1593 : Search Open Websites/Domains T1594 : Search Victim-Owned Websites T1505 : Server Software Component T1648 : Serverless Execution T1489 : Service Stop T1129 : Shared Modules T1072 : Software Deployment Tools T1518 : Software Discovery T1608 : Stage Capabilities T1528 : Steal Application Access Token T1649 : Steal or Forge Authentication Certificates T1558 : Steal or Forge Kerberos Tickets T1539 : Steal Web Session Cookie T1553 : Subvert Trust Controls T1195 : Supply Chain Compromise T1218 : System Binary Proxy Execution T1082 : System Information Discovery T1614 : System Location Discovery T1016 : System Network Configuration Discovery T1049 : System Network Connections Discovery T1033 : System Owner/User Discovery T1216 : System Script Proxy Execution T1007 : System Service Discovery T1569 : System Services T1529 : System Shutdown/Reboot T1124 : System Time Discovery T1080 : Taint Shared Content T1221 : Template Injection T1205 : Traffic Signaling T1537 : Transfer Data to Cloud Account T1127 : Trusted Developer Utilities Proxy Execution T1199 : Trusted Relationship T1552 : Unsecured Credentials T1535 : Unused/Unsupported Cloud Regions T1550 : Use Alternate Authentication Material T1204 : User Execution T1078 : Valid Accounts T1125 : Video Capture T1497 : Virtualization/Sandbox Evasion T1600 : Weaken Encryption T1102 : Web Service T1047 : Windows Management Instrumentation T1220 : XSL Script Processing     ","T1059, T1554, T1132, T1048, T1056","Here's a breakdown of the MITRE ATT&CK techniques present in the text, along with explanations:

* **T1583: Acquire Infrastructure**: WARPWIRE embeds itself into legitimate files on compromised systems to establish a foothold. 
* **T1087: Account Discovery**: The attacker needs to identify existing accounts on the compromised systems (e.g., through credential harvesting).
* **T1560: Archive Collected Data**:  WARPWIRE likely transmits stolen credentials to a C2 server, requiring data archiving.
* **T1041: Exfiltration Over C2 Channel**: Stolen credentials are sent to the attacker's command and control (C2) server.
* **T1595: Active Scanning**: WARPWIRE probes for web logon processes to intercept credentials and access layer seven applications like RDP.
* **T1071: Application Layer Protocol**: WARPWIRE interacts with application layers, specifically targeting web protocols (HTTP GET/POST) for credential transmission. 
* **T1589: Gather Victim Identity Information**: WARPWIRE steals usernames (part of the identity) during its credential harvesting process.

**Final line with main technique IDs:** T1583,T1087,T1560,T1041,T1595,T1071 


Let me know if you have any other cybersecurity text you'd like analyzed!"
41,"Extract all MITRE Enterprise attack patterns from the following text and map them to their corresponding MITRE technique IDs. Provide reasoning for each identification. Ensure the final line contains only the IDs for the main techniques, separated by commas, excluding any subtechnique IDs. MITRE Enterprise IDs are given below as reference.  **Text:** AcidRain is an ELF binary designed to target modems and routers using MIPS architecture. It is linked to the ViaSat KA-SAT communication outage that occurred during the early stages of the 2022 invasion of Ukraine. AcidRain conducts a comprehensive wipe of the target filesystem and connected storage devices by either overwriting data or using various IOCTL commands to erase it. The malware systematically iterates over device file identifiers on the target, opens the device files, and then either overwrites them or issues IOCTL commands to remove the data. AcidRain specifically targets files and directories in the Linux operating system associated with storage devices. After completing the wiping process, AcidRain reboots the compromised system.  **List of All MITRE Enterprise technique IDs** ID    : Name T1548 : Abuse Elevation Control Mechanism T1134 : Access Token Manipulation T1531 : Account Access Removal T1087 : Account Discovery T1098 : Account Manipulation T1650 : Acquire Access T1583 : Acquire Infrastructure T1595 : Active Scanning T1557 : Adversary-in-the-Middle T1071 : Application Layer Protocol T1010 : Application Window Discovery T1560 : Archive Collected Data T1123 : Audio Capture T1119 : Automated Collection T1020 : Automated Exfiltration T1197 : BITS Jobs T1547 : Boot or Logon Autostart Execution T1037 : Boot or Logon Initialization Scripts T1176 : Browser Extensions T1217 : Browser Information Discovery T1185 : Browser Session Hijacking T1110 : Brute Force T1612 : Build Image on Host T1115 : Clipboard Data T1651 : Cloud Administration Command T1580 : Cloud Infrastructure Discovery T1538 : Cloud Service Dashboard T1526 : Cloud Service Discovery T1619 : Cloud Storage Object Discovery T1059 : Command and Scripting Interpreter T1092 : Communication Through Removable Media T1586 : Compromise Accounts T1554 : Compromise Host Software Binary T1584 : Compromise Infrastructure T1609 : Container Administration Command T1613 : Container and Resource Discovery T1659 : Content Injection T1136 : Create Account T1543 : Create or Modify System Process T1555 : Credentials from Password Stores T1485 : Data Destruction T1132 : Data Encoding T1486 : Data Encrypted for Impact T1530 : Data from Cloud Storage T1602 : Data from Configuration Repository T1213 : Data from Information Repositories T1005 : Data from Local System T1039 : Data from Network Shared Drive T1025 : Data from Removable Media T1565 : Data Manipulation T1001 : Data Obfuscation T1074 : Data Staged T1030 : Data Transfer Size Limits T1622 : Debugger Evasion T1491 : Defacement T1140 : Deobfuscate/Decode Files or Information T1610 : Deploy Container T1587 : Develop Capabilities T1652 : Device Driver Discovery T1006 : Direct Volume Access T1561 : Disk Wipe T1484 : Domain or Tenant Policy Modification T1482 : Domain Trust Discovery T1189 : Drive-by Compromise T1568 : Dynamic Resolution T1114 : Email Collection T1573 : Encrypted Channel T1499 : Endpoint Denial of Service T1611 : Escape to Host T1585 : Establish Accounts T1546 : Event Triggered Execution T1480 : Execution Guardrails T1048 : Exfiltration Over Alternative Protocol T1041 : Exfiltration Over C2 Channel T1011 : Exfiltration Over Other Network Medium T1052 : Exfiltration Over Physical Medium T1567 : Exfiltration Over Web Service T1190 : Exploit Public-Facing Application T1203 : Exploitation for Client Execution T1212 : Exploitation for Credential Access T1211 : Exploitation for Defense Evasion T1068 : Exploitation for Privilege Escalation T1210 : Exploitation of Remote Services T1133 : External Remote Services T1008 : Fallback Channels T1083 : File and Directory Discovery T1222 : File and Directory Permissions Modification T1657 : Financial Theft T1495 : Firmware Corruption T1187 : Forced Authentication T1606 : Forge Web Credentials T1592 : Gather Victim Host Information T1589 : Gather Victim Identity Information T1590 : Gather Victim Network Information T1591 : Gather Victim Org Information T1615 : Group Policy Discovery T1200 : Hardware Additions T1564 : Hide Artifacts T1665 : Hide Infrastructure T1574 : Hijack Execution Flow T1562 : Impair Defenses T1656 : Impersonation T1525 : Implant Internal Image T1070 : Indicator Removal T1202 : Indirect Command Execution T1105 : Ingress Tool Transfer T1490 : Inhibit System Recovery T1056 : Input Capture T1559 : Inter-Process Communication T1534 : Internal Spearphishing T1570 : Lateral Tool Transfer T1654 : Log Enumeration T1036 : Masquerading T1556 : Modify Authentication Process T1578 : Modify Cloud Compute Infrastructure T1112 : Modify Registry T1601 : Modify System Image T1111 : Multi-Factor Authentication Interception T1621 : Multi-Factor Authentication Request Generation T1104 : Multi-Stage Channels T1106 : Native API T1599 : Network Boundary Bridging T1498 : Network Denial of Service T1046 : Network Service Discovery T1135 : Network Share Discovery T1040 : Network Sniffing T1095 : Non-Application Layer Protocol T1571 : Non-Standard Port T1027 : Obfuscated Files or Information T1588 : Obtain Capabilities T1137 : Office Application Startup T1003 : OS Credential Dumping T1201 : Password Policy Discovery T1120 : Peripheral Device Discovery T1069 : Permission Groups Discovery T1566 : Phishing T1598 : Phishing for Information T1647 : Plist File Modification T1653 : Power Settings T1542 : Pre-OS Boot T1057 : Process Discovery T1055 : Process Injection T1572 : Protocol Tunneling T1090 : Proxy T1012 : Query Registry T1620 : Reflective Code Loading T1219 : Remote Access Software T1563 : Remote Service Session Hijacking T1021 : Remote Services T1018 : Remote System Discovery T1091 : Replication Through Removable Media T1496 : Resource Hijacking T1207 : Rogue Domain Controller T1014 : Rootkit T1053 : Scheduled Task/Job T1029 : Scheduled Transfer T1113 : Screen Capture T1597 : Search Closed Sources T1596 : Search Open Technical Databases T1593 : Search Open Websites/Domains T1594 : Search Victim-Owned Websites T1505 : Server Software Component T1648 : Serverless Execution T1489 : Service Stop T1129 : Shared Modules T1072 : Software Deployment Tools T1518 : Software Discovery T1608 : Stage Capabilities T1528 : Steal Application Access Token T1649 : Steal or Forge Authentication Certificates T1558 : Steal or Forge Kerberos Tickets T1539 : Steal Web Session Cookie T1553 : Subvert Trust Controls T1195 : Supply Chain Compromise T1218 : System Binary Proxy Execution T1082 : System Information Discovery T1614 : System Location Discovery T1016 : System Network Configuration Discovery T1049 : System Network Connections Discovery T1033 : System Owner/User Discovery T1216 : System Script Proxy Execution T1007 : System Service Discovery T1569 : System Services T1529 : System Shutdown/Reboot T1124 : System Time Discovery T1080 : Taint Shared Content T1221 : Template Injection T1205 : Traffic Signaling T1537 : Transfer Data to Cloud Account T1127 : Trusted Developer Utilities Proxy Execution T1199 : Trusted Relationship T1552 : Unsecured Credentials T1535 : Unused/Unsupported Cloud Regions T1550 : Use Alternate Authentication Material T1204 : User Execution T1078 : Valid Accounts T1125 : Video Capture T1497 : Virtualization/Sandbox Evasion T1600 : Weaken Encryption T1102 : Web Service T1047 : Windows Management Instrumentation T1220 : XSL Script Processing     ","T1485, T1561, T1083, T1529","Here's a breakdown of the MITRE ATT&CK techniques present in the text, along with explanations:

* **T1484: Domain or Tenant Policy Modification:** AcidRain targets files and directories associated with storage devices on Linux. This suggests it could modify system policies to bypass security controls related to data access or manipulation.
* **T1561: Disk Wipe:** The malware's primary function is to comprehensively wipe the target filesystem and connected storage devices using overwriting and IOCTL commands. This clearly aligns with the ""Disk Wipe"" technique.
* **T1087: Account Discovery:** While not explicitly stated, wiping a system might involve identifying user accounts or processes related to stored data to ensure complete eradication.  

**Final line (Main Techniques): T1484, T1561** 


Let me know if you have any other cybersecurity texts you'd like me to analyze!"
42,"Extract all MITRE Enterprise attack patterns from the following text and map them to their corresponding MITRE technique IDs. Provide reasoning for each identification. Ensure the final line contains only the IDs for the main techniques, separated by commas, excluding any subtechnique IDs. MITRE Enterprise IDs are given below as reference.  **Text:** LoFiSe has been used by ToddyCat since at least 2023 to identify and collect files of interest on targeted systems. LoFiSe is capable of collecting files into password-protected ZIP archives for exfiltration. It periodically gathers all files from the working directory every three hours, placing them into a password-protected archive for later extraction. The malware also targets specific files of interest on compromised systems, saving them in the `C:\ProgramData\Microsoft\` and `C:\Windows\Temp\` folders for further evaluation and exfiltration. LoFiSe monitors the file system to identify files smaller than 6.4 MB with extensions such as .doc, .docx, .xls, .xlsx, .ppt, .pptx, .pdf, .rtf, .tif, .odt, .ods, .odp, .eml, and .msg. It has been executed through DLL side-loading as a file named `DsNcDiag.dll`.  **List of All MITRE Enterprise technique IDs** ID    : Name T1548 : Abuse Elevation Control Mechanism T1134 : Access Token Manipulation T1531 : Account Access Removal T1087 : Account Discovery T1098 : Account Manipulation T1650 : Acquire Access T1583 : Acquire Infrastructure T1595 : Active Scanning T1557 : Adversary-in-the-Middle T1071 : Application Layer Protocol T1010 : Application Window Discovery T1560 : Archive Collected Data T1123 : Audio Capture T1119 : Automated Collection T1020 : Automated Exfiltration T1197 : BITS Jobs T1547 : Boot or Logon Autostart Execution T1037 : Boot or Logon Initialization Scripts T1176 : Browser Extensions T1217 : Browser Information Discovery T1185 : Browser Session Hijacking T1110 : Brute Force T1612 : Build Image on Host T1115 : Clipboard Data T1651 : Cloud Administration Command T1580 : Cloud Infrastructure Discovery T1538 : Cloud Service Dashboard T1526 : Cloud Service Discovery T1619 : Cloud Storage Object Discovery T1059 : Command and Scripting Interpreter T1092 : Communication Through Removable Media T1586 : Compromise Accounts T1554 : Compromise Host Software Binary T1584 : Compromise Infrastructure T1609 : Container Administration Command T1613 : Container and Resource Discovery T1659 : Content Injection T1136 : Create Account T1543 : Create or Modify System Process T1555 : Credentials from Password Stores T1485 : Data Destruction T1132 : Data Encoding T1486 : Data Encrypted for Impact T1530 : Data from Cloud Storage T1602 : Data from Configuration Repository T1213 : Data from Information Repositories T1005 : Data from Local System T1039 : Data from Network Shared Drive T1025 : Data from Removable Media T1565 : Data Manipulation T1001 : Data Obfuscation T1074 : Data Staged T1030 : Data Transfer Size Limits T1622 : Debugger Evasion T1491 : Defacement T1140 : Deobfuscate/Decode Files or Information T1610 : Deploy Container T1587 : Develop Capabilities T1652 : Device Driver Discovery T1006 : Direct Volume Access T1561 : Disk Wipe T1484 : Domain or Tenant Policy Modification T1482 : Domain Trust Discovery T1189 : Drive-by Compromise T1568 : Dynamic Resolution T1114 : Email Collection T1573 : Encrypted Channel T1499 : Endpoint Denial of Service T1611 : Escape to Host T1585 : Establish Accounts T1546 : Event Triggered Execution T1480 : Execution Guardrails T1048 : Exfiltration Over Alternative Protocol T1041 : Exfiltration Over C2 Channel T1011 : Exfiltration Over Other Network Medium T1052 : Exfiltration Over Physical Medium T1567 : Exfiltration Over Web Service T1190 : Exploit Public-Facing Application T1203 : Exploitation for Client Execution T1212 : Exploitation for Credential Access T1211 : Exploitation for Defense Evasion T1068 : Exploitation for Privilege Escalation T1210 : Exploitation of Remote Services T1133 : External Remote Services T1008 : Fallback Channels T1083 : File and Directory Discovery T1222 : File and Directory Permissions Modification T1657 : Financial Theft T1495 : Firmware Corruption T1187 : Forced Authentication T1606 : Forge Web Credentials T1592 : Gather Victim Host Information T1589 : Gather Victim Identity Information T1590 : Gather Victim Network Information T1591 : Gather Victim Org Information T1615 : Group Policy Discovery T1200 : Hardware Additions T1564 : Hide Artifacts T1665 : Hide Infrastructure T1574 : Hijack Execution Flow T1562 : Impair Defenses T1656 : Impersonation T1525 : Implant Internal Image T1070 : Indicator Removal T1202 : Indirect Command Execution T1105 : Ingress Tool Transfer T1490 : Inhibit System Recovery T1056 : Input Capture T1559 : Inter-Process Communication T1534 : Internal Spearphishing T1570 : Lateral Tool Transfer T1654 : Log Enumeration T1036 : Masquerading T1556 : Modify Authentication Process T1578 : Modify Cloud Compute Infrastructure T1112 : Modify Registry T1601 : Modify System Image T1111 : Multi-Factor Authentication Interception T1621 : Multi-Factor Authentication Request Generation T1104 : Multi-Stage Channels T1106 : Native API T1599 : Network Boundary Bridging T1498 : Network Denial of Service T1046 : Network Service Discovery T1135 : Network Share Discovery T1040 : Network Sniffing T1095 : Non-Application Layer Protocol T1571 : Non-Standard Port T1027 : Obfuscated Files or Information T1588 : Obtain Capabilities T1137 : Office Application Startup T1003 : OS Credential Dumping T1201 : Password Policy Discovery T1120 : Peripheral Device Discovery T1069 : Permission Groups Discovery T1566 : Phishing T1598 : Phishing for Information T1647 : Plist File Modification T1653 : Power Settings T1542 : Pre-OS Boot T1057 : Process Discovery T1055 : Process Injection T1572 : Protocol Tunneling T1090 : Proxy T1012 : Query Registry T1620 : Reflective Code Loading T1219 : Remote Access Software T1563 : Remote Service Session Hijacking T1021 : Remote Services T1018 : Remote System Discovery T1091 : Replication Through Removable Media T1496 : Resource Hijacking T1207 : Rogue Domain Controller T1014 : Rootkit T1053 : Scheduled Task/Job T1029 : Scheduled Transfer T1113 : Screen Capture T1597 : Search Closed Sources T1596 : Search Open Technical Databases T1593 : Search Open Websites/Domains T1594 : Search Victim-Owned Websites T1505 : Server Software Component T1648 : Serverless Execution T1489 : Service Stop T1129 : Shared Modules T1072 : Software Deployment Tools T1518 : Software Discovery T1608 : Stage Capabilities T1528 : Steal Application Access Token T1649 : Steal or Forge Authentication Certificates T1558 : Steal or Forge Kerberos Tickets T1539 : Steal Web Session Cookie T1553 : Subvert Trust Controls T1195 : Supply Chain Compromise T1218 : System Binary Proxy Execution T1082 : System Information Discovery T1614 : System Location Discovery T1016 : System Network Configuration Discovery T1049 : System Network Connections Discovery T1033 : System Owner/User Discovery T1216 : System Script Proxy Execution T1007 : System Service Discovery T1569 : System Services T1529 : System Shutdown/Reboot T1124 : System Time Discovery T1080 : Taint Shared Content T1221 : Template Injection T1205 : Traffic Signaling T1537 : Transfer Data to Cloud Account T1127 : Trusted Developer Utilities Proxy Execution T1199 : Trusted Relationship T1552 : Unsecured Credentials T1535 : Unused/Unsupported Cloud Regions T1550 : Use Alternate Authentication Material T1204 : User Execution T1078 : Valid Accounts T1125 : Video Capture T1497 : Virtualization/Sandbox Evasion T1600 : Weaken Encryption T1102 : Web Service T1047 : Windows Management Instrumentation T1220 : XSL Script Processing     ","T1560, T1119, T1005, T1074, T1083, T1574","Here's a breakdown of the MITRE ATT&CK techniques present in the text, along with explanations:

* **T1560 Archive Collected Data:** LoFiSe creates password-protected ZIP archives to store collected files for exfiltration. 
* **T1020 Automated Exfiltration:** The malware periodically transfers the archived files to a remote location.
* **T1087 Account Discovery:** LoFiSe likely attempts to identify usernames and potentially other account details on compromised systems. This is implied by the malware's focus on specific file types that might contain sensitive information or credentials. 
* **T1584 Compromise Infrastructure:** By establishing persistence on a system and exfiltrating data, LoFiSe can compromise an entire network infrastructure.
* **T1098 Account Manipulation:** The malware creates and saves files in directories like `C:\ProgramData\Microsoft\` and `C:\Windows\Temp\`, suggesting potential manipulation of legitimate accounts or processes. 
* **T1056 Input Capture:** LoFiSe may monitor keyboard input to steal credentials or other sensitive data.


**Final line (Main Techniques):** T1560, T1020, T1087, T1584, T1098, T1056 



Let me know if you have any other cybersecurity analysis tasks!"
43,"Extract all MITRE Enterprise attack patterns from the following text and map them to their corresponding MITRE technique IDs. Provide reasoning for each identification. Ensure the final line contains only the IDs for the main techniques, separated by commas, excluding any subtechnique IDs. MITRE Enterprise IDs are given below as reference.  **Text:** LIGHTWIRE is a Perl-based web shell used during the Cutting Edge campaign to maintain access and enable command execution by embedding itself into the legitimate `compcheckresult.cgi` component of Ivanti Secure Connect VPNs. LIGHTWIRE communicates with its command and control (C2) server over HTTP and can decrypt RC4-encrypted and Base64-decoded C2 commands. It also encrypts C2 commands using RC4. By embedding into the `compcheckresult.cgi` component, LIGHTWIRE facilitates command execution and establishes persistence on compromised Ivanti Secure Connect VPNs.  **List of All MITRE Enterprise technique IDs** ID    : Name T1548 : Abuse Elevation Control Mechanism T1134 : Access Token Manipulation T1531 : Account Access Removal T1087 : Account Discovery T1098 : Account Manipulation T1650 : Acquire Access T1583 : Acquire Infrastructure T1595 : Active Scanning T1557 : Adversary-in-the-Middle T1071 : Application Layer Protocol T1010 : Application Window Discovery T1560 : Archive Collected Data T1123 : Audio Capture T1119 : Automated Collection T1020 : Automated Exfiltration T1197 : BITS Jobs T1547 : Boot or Logon Autostart Execution T1037 : Boot or Logon Initialization Scripts T1176 : Browser Extensions T1217 : Browser Information Discovery T1185 : Browser Session Hijacking T1110 : Brute Force T1612 : Build Image on Host T1115 : Clipboard Data T1651 : Cloud Administration Command T1580 : Cloud Infrastructure Discovery T1538 : Cloud Service Dashboard T1526 : Cloud Service Discovery T1619 : Cloud Storage Object Discovery T1059 : Command and Scripting Interpreter T1092 : Communication Through Removable Media T1586 : Compromise Accounts T1554 : Compromise Host Software Binary T1584 : Compromise Infrastructure T1609 : Container Administration Command T1613 : Container and Resource Discovery T1659 : Content Injection T1136 : Create Account T1543 : Create or Modify System Process T1555 : Credentials from Password Stores T1485 : Data Destruction T1132 : Data Encoding T1486 : Data Encrypted for Impact T1530 : Data from Cloud Storage T1602 : Data from Configuration Repository T1213 : Data from Information Repositories T1005 : Data from Local System T1039 : Data from Network Shared Drive T1025 : Data from Removable Media T1565 : Data Manipulation T1001 : Data Obfuscation T1074 : Data Staged T1030 : Data Transfer Size Limits T1622 : Debugger Evasion T1491 : Defacement T1140 : Deobfuscate/Decode Files or Information T1610 : Deploy Container T1587 : Develop Capabilities T1652 : Device Driver Discovery T1006 : Direct Volume Access T1561 : Disk Wipe T1484 : Domain or Tenant Policy Modification T1482 : Domain Trust Discovery T1189 : Drive-by Compromise T1568 : Dynamic Resolution T1114 : Email Collection T1573 : Encrypted Channel T1499 : Endpoint Denial of Service T1611 : Escape to Host T1585 : Establish Accounts T1546 : Event Triggered Execution T1480 : Execution Guardrails T1048 : Exfiltration Over Alternative Protocol T1041 : Exfiltration Over C2 Channel T1011 : Exfiltration Over Other Network Medium T1052 : Exfiltration Over Physical Medium T1567 : Exfiltration Over Web Service T1190 : Exploit Public-Facing Application T1203 : Exploitation for Client Execution T1212 : Exploitation for Credential Access T1211 : Exploitation for Defense Evasion T1068 : Exploitation for Privilege Escalation T1210 : Exploitation of Remote Services T1133 : External Remote Services T1008 : Fallback Channels T1083 : File and Directory Discovery T1222 : File and Directory Permissions Modification T1657 : Financial Theft T1495 : Firmware Corruption T1187 : Forced Authentication T1606 : Forge Web Credentials T1592 : Gather Victim Host Information T1589 : Gather Victim Identity Information T1590 : Gather Victim Network Information T1591 : Gather Victim Org Information T1615 : Group Policy Discovery T1200 : Hardware Additions T1564 : Hide Artifacts T1665 : Hide Infrastructure T1574 : Hijack Execution Flow T1562 : Impair Defenses T1656 : Impersonation T1525 : Implant Internal Image T1070 : Indicator Removal T1202 : Indirect Command Execution T1105 : Ingress Tool Transfer T1490 : Inhibit System Recovery T1056 : Input Capture T1559 : Inter-Process Communication T1534 : Internal Spearphishing T1570 : Lateral Tool Transfer T1654 : Log Enumeration T1036 : Masquerading T1556 : Modify Authentication Process T1578 : Modify Cloud Compute Infrastructure T1112 : Modify Registry T1601 : Modify System Image T1111 : Multi-Factor Authentication Interception T1621 : Multi-Factor Authentication Request Generation T1104 : Multi-Stage Channels T1106 : Native API T1599 : Network Boundary Bridging T1498 : Network Denial of Service T1046 : Network Service Discovery T1135 : Network Share Discovery T1040 : Network Sniffing T1095 : Non-Application Layer Protocol T1571 : Non-Standard Port T1027 : Obfuscated Files or Information T1588 : Obtain Capabilities T1137 : Office Application Startup T1003 : OS Credential Dumping T1201 : Password Policy Discovery T1120 : Peripheral Device Discovery T1069 : Permission Groups Discovery T1566 : Phishing T1598 : Phishing for Information T1647 : Plist File Modification T1653 : Power Settings T1542 : Pre-OS Boot T1057 : Process Discovery T1055 : Process Injection T1572 : Protocol Tunneling T1090 : Proxy T1012 : Query Registry T1620 : Reflective Code Loading T1219 : Remote Access Software T1563 : Remote Service Session Hijacking T1021 : Remote Services T1018 : Remote System Discovery T1091 : Replication Through Removable Media T1496 : Resource Hijacking T1207 : Rogue Domain Controller T1014 : Rootkit T1053 : Scheduled Task/Job T1029 : Scheduled Transfer T1113 : Screen Capture T1597 : Search Closed Sources T1596 : Search Open Technical Databases T1593 : Search Open Websites/Domains T1594 : Search Victim-Owned Websites T1505 : Server Software Component T1648 : Serverless Execution T1489 : Service Stop T1129 : Shared Modules T1072 : Software Deployment Tools T1518 : Software Discovery T1608 : Stage Capabilities T1528 : Steal Application Access Token T1649 : Steal or Forge Authentication Certificates T1558 : Steal or Forge Kerberos Tickets T1539 : Steal Web Session Cookie T1553 : Subvert Trust Controls T1195 : Supply Chain Compromise T1218 : System Binary Proxy Execution T1082 : System Information Discovery T1614 : System Location Discovery T1016 : System Network Configuration Discovery T1049 : System Network Connections Discovery T1033 : System Owner/User Discovery T1216 : System Script Proxy Execution T1007 : System Service Discovery T1569 : System Services T1529 : System Shutdown/Reboot T1124 : System Time Discovery T1080 : Taint Shared Content T1221 : Template Injection T1205 : Traffic Signaling T1537 : Transfer Data to Cloud Account T1127 : Trusted Developer Utilities Proxy Execution T1199 : Trusted Relationship T1552 : Unsecured Credentials T1535 : Unused/Unsupported Cloud Regions T1550 : Use Alternate Authentication Material T1204 : User Execution T1078 : Valid Accounts T1125 : Video Capture T1497 : Virtualization/Sandbox Evasion T1600 : Weaken Encryption T1102 : Web Service T1047 : Windows Management Instrumentation T1220 : XSL Script Processing     ","T1071, T1554, T1140, T1573, T1505","Here's a breakdown of the MITRE ATT&CK techniques present in the text, along with explanations:

* **T1583: Acquire Infrastructure:** LIGHTWIRE embeds itself into legitimate system components (compcheckresult.cgi), indicating the adversary aims to establish persistent control over compromised systems. This aligns with acquiring and maintaining infrastructure for malicious operations.
* **T1059: Command and Scripting Interpreter:**  The text mentions LIGHTWIRE's ability to execute commands, suggesting it leverages scripting languages or interpreters to carry out malicious actions on compromised systems.
* **T1584: Compromise Infrastructure:** The use of a web shell like LIGHTWIRE allows attackers to compromise infrastructure (in this case, Ivanti Secure Connect VPNs) by injecting malicious code into legitimate software components. 
* **T1041: Exfiltration Over C2 Channel:**  LIGHTWIRE communicates with its command and control (C2) server over HTTP, facilitating the exfiltration of data stolen from compromised systems back to the attacker's infrastructure.
* **T1567: Exfiltration Over Web Service:**  This technique directly applies because LIGHTWIRE uses web services (HTTP) as a communication channel for exfiltrating data.

**Main Technique IDs:** T1583, T1059, T1584, T1041, T1567 



Let me know if you'd like to explore any of these techniques in more detail!"
44,"Extract all MITRE Enterprise attack patterns from the following text and map them to their corresponding MITRE technique IDs. Provide reasoning for each identification. Ensure the final line contains only the IDs for the main techniques, separated by commas, excluding any subtechnique IDs. MITRE Enterprise IDs are given below as reference.  **Text:** Mispadu is a banking trojan written in Delphi, first observed in 2019, that operates under a Malware-as-a-Service (MaaS) model. Managed and sold by the Malteiro cybercriminal group, Mispadu primarily targets victims in Brazil and Mexico, with confirmed operations across Latin America and Europe. Mispadu establishes persistence by creating a link in the startup folder and adding an entry to the registry key `HKCU\Software\Microsoft\Windows\CurrentVersion\Run`. It utilizes malicious Google Chrome extensions to steal financial data and monitors browser activity for online banking actions, often displaying full-screen overlays to block user access to legitimate sites or to prompt for additional data. The trojan can capture and replace Bitcoin wallet addresses in the clipboard on compromised hosts. Mispadu’s dropper uses VBS files to install and execute its payloads. Additionally, the malware steals credentials from mail clients using NirSoft MailPassView and from Google Chrome. Before execution, Mispadu decrypts its encrypted configuration files. Mispadu includes a copy of the OpenSSL library to encrypt its command and control (C2) traffic, and it sends collected financial data to its C2 server.  **List of All MITRE Enterprise technique IDs** ID    : Name T1548 : Abuse Elevation Control Mechanism T1134 : Access Token Manipulation T1531 : Account Access Removal T1087 : Account Discovery T1098 : Account Manipulation T1650 : Acquire Access T1583 : Acquire Infrastructure T1595 : Active Scanning T1557 : Adversary-in-the-Middle T1071 : Application Layer Protocol T1010 : Application Window Discovery T1560 : Archive Collected Data T1123 : Audio Capture T1119 : Automated Collection T1020 : Automated Exfiltration T1197 : BITS Jobs T1547 : Boot or Logon Autostart Execution T1037 : Boot or Logon Initialization Scripts T1176 : Browser Extensions T1217 : Browser Information Discovery T1185 : Browser Session Hijacking T1110 : Brute Force T1612 : Build Image on Host T1115 : Clipboard Data T1651 : Cloud Administration Command T1580 : Cloud Infrastructure Discovery T1538 : Cloud Service Dashboard T1526 : Cloud Service Discovery T1619 : Cloud Storage Object Discovery T1059 : Command and Scripting Interpreter T1092 : Communication Through Removable Media T1586 : Compromise Accounts T1554 : Compromise Host Software Binary T1584 : Compromise Infrastructure T1609 : Container Administration Command T1613 : Container and Resource Discovery T1659 : Content Injection T1136 : Create Account T1543 : Create or Modify System Process T1555 : Credentials from Password Stores T1485 : Data Destruction T1132 : Data Encoding T1486 : Data Encrypted for Impact T1530 : Data from Cloud Storage T1602 : Data from Configuration Repository T1213 : Data from Information Repositories T1005 : Data from Local System T1039 : Data from Network Shared Drive T1025 : Data from Removable Media T1565 : Data Manipulation T1001 : Data Obfuscation T1074 : Data Staged T1030 : Data Transfer Size Limits T1622 : Debugger Evasion T1491 : Defacement T1140 : Deobfuscate/Decode Files or Information T1610 : Deploy Container T1587 : Develop Capabilities T1652 : Device Driver Discovery T1006 : Direct Volume Access T1561 : Disk Wipe T1484 : Domain or Tenant Policy Modification T1482 : Domain Trust Discovery T1189 : Drive-by Compromise T1568 : Dynamic Resolution T1114 : Email Collection T1573 : Encrypted Channel T1499 : Endpoint Denial of Service T1611 : Escape to Host T1585 : Establish Accounts T1546 : Event Triggered Execution T1480 : Execution Guardrails T1048 : Exfiltration Over Alternative Protocol T1041 : Exfiltration Over C2 Channel T1011 : Exfiltration Over Other Network Medium T1052 : Exfiltration Over Physical Medium T1567 : Exfiltration Over Web Service T1190 : Exploit Public-Facing Application T1203 : Exploitation for Client Execution T1212 : Exploitation for Credential Access T1211 : Exploitation for Defense Evasion T1068 : Exploitation for Privilege Escalation T1210 : Exploitation of Remote Services T1133 : External Remote Services T1008 : Fallback Channels T1083 : File and Directory Discovery T1222 : File and Directory Permissions Modification T1657 : Financial Theft T1495 : Firmware Corruption T1187 : Forced Authentication T1606 : Forge Web Credentials T1592 : Gather Victim Host Information T1589 : Gather Victim Identity Information T1590 : Gather Victim Network Information T1591 : Gather Victim Org Information T1615 : Group Policy Discovery T1200 : Hardware Additions T1564 : Hide Artifacts T1665 : Hide Infrastructure T1574 : Hijack Execution Flow T1562 : Impair Defenses T1656 : Impersonation T1525 : Implant Internal Image T1070 : Indicator Removal T1202 : Indirect Command Execution T1105 : Ingress Tool Transfer T1490 : Inhibit System Recovery T1056 : Input Capture T1559 : Inter-Process Communication T1534 : Internal Spearphishing T1570 : Lateral Tool Transfer T1654 : Log Enumeration T1036 : Masquerading T1556 : Modify Authentication Process T1578 : Modify Cloud Compute Infrastructure T1112 : Modify Registry T1601 : Modify System Image T1111 : Multi-Factor Authentication Interception T1621 : Multi-Factor Authentication Request Generation T1104 : Multi-Stage Channels T1106 : Native API T1599 : Network Boundary Bridging T1498 : Network Denial of Service T1046 : Network Service Discovery T1135 : Network Share Discovery T1040 : Network Sniffing T1095 : Non-Application Layer Protocol T1571 : Non-Standard Port T1027 : Obfuscated Files or Information T1588 : Obtain Capabilities T1137 : Office Application Startup T1003 : OS Credential Dumping T1201 : Password Policy Discovery T1120 : Peripheral Device Discovery T1069 : Permission Groups Discovery T1566 : Phishing T1598 : Phishing for Information T1647 : Plist File Modification T1653 : Power Settings T1542 : Pre-OS Boot T1057 : Process Discovery T1055 : Process Injection T1572 : Protocol Tunneling T1090 : Proxy T1012 : Query Registry T1620 : Reflective Code Loading T1219 : Remote Access Software T1563 : Remote Service Session Hijacking T1021 : Remote Services T1018 : Remote System Discovery T1091 : Replication Through Removable Media T1496 : Resource Hijacking T1207 : Rogue Domain Controller T1014 : Rootkit T1053 : Scheduled Task/Job T1029 : Scheduled Transfer T1113 : Screen Capture T1597 : Search Closed Sources T1596 : Search Open Technical Databases T1593 : Search Open Websites/Domains T1594 : Search Victim-Owned Websites T1505 : Server Software Component T1648 : Serverless Execution T1489 : Service Stop T1129 : Shared Modules T1072 : Software Deployment Tools T1518 : Software Discovery T1608 : Stage Capabilities T1528 : Steal Application Access Token T1649 : Steal or Forge Authentication Certificates T1558 : Steal or Forge Kerberos Tickets T1539 : Steal Web Session Cookie T1553 : Subvert Trust Controls T1195 : Supply Chain Compromise T1218 : System Binary Proxy Execution T1082 : System Information Discovery T1614 : System Location Discovery T1016 : System Network Configuration Discovery T1049 : System Network Connections Discovery T1033 : System Owner/User Discovery T1216 : System Script Proxy Execution T1007 : System Service Discovery T1569 : System Services T1529 : System Shutdown/Reboot T1124 : System Time Discovery T1080 : Taint Shared Content T1221 : Template Injection T1205 : Traffic Signaling T1537 : Transfer Data to Cloud Account T1127 : Trusted Developer Utilities Proxy Execution T1199 : Trusted Relationship T1552 : Unsecured Credentials T1535 : Unused/Unsupported Cloud Regions T1550 : Use Alternate Authentication Material T1204 : User Execution T1078 : Valid Accounts T1125 : Video Capture T1497 : Virtualization/Sandbox Evasion T1600 : Weaken Encryption T1102 : Web Service T1047 : Windows Management Instrumentation T1220 : XSL Script Processing     ","T1547, T1176, T1217, T1115, T1059, T1555, T1140, T1573, T1041","Here's a breakdown of the MITRE ATT&CK techniques present in the text, along with explanations:

* **T1546 Event Triggered Execution:** Mispadu uses scheduled tasks to execute its payloads. 
* **T1583 Acquire Infrastructure:**  The malware establishes a foothold on compromised systems by creating entries in the startup folder and registry. This allows it to persist and run even after reboots.
* **T1573 Encrypted Channel:** Mispadu uses OpenSSL to encrypt its communication with the C2 server, making it harder for security measures to detect and intercept data transmissions.

 * **T1650 Acquire Access:** The malware aims to gain access to victim systems through various methods like exploiting vulnerabilities, using stolen credentials, or social engineering techniques.
* **T1185 Browser Session Hijacking:** Mispadu can hijack browser sessions to steal sensitive information like login credentials and financial data.

* **T1595 Active Scanning:**  Mispadu likely actively scans the system for valuable information and targets.


* **T1087 Account Discovery:** The malware might attempt to discover usernames, passwords, or other account information on compromised systems.

 * **T1560 Archive Collected Data:** Mispadu gathers stolen financial data and other sensitive information, which it likely archives for later exfiltration.
* **T1592 Gather Victim Host Information:** The malware aims to collect details about the victim's system, such as operating system, hardware specifications, and installed software. 

**Main Techniques (IDs): T1546, T1583, T1573, T1650, T1185, T1595, T1087, T1560, T1592**  


Let me know if you'd like a deeper dive into any specific technique!"
45,"Extract all MITRE Enterprise attack patterns from the following text and map them to their corresponding MITRE technique IDs. Provide reasoning for each identification. Ensure the final line contains only the IDs for the main techniques, separated by commas, excluding any subtechnique IDs. MITRE Enterprise IDs are given below as reference.  **Text:** WIREFIRE is a web shell written in Python that exists as trojanized logic to the visits.py component of Ivanti Connect Secure VPN appliances. WIREFIRE was used during Cutting Edge for downloading files and command execution. WIREFIRE can respond to specific HTTP POST requests to /api/v1/cav/client/visits. WIREFIRE can modify the visits.py component of Ivanti Connect Secure VPNs for file download and arbitrary command execution. WIREFIRE can Base64 encode process output sent to C2. WIREFIRE can decode, decrypt, and decompress data received in C2 HTTP POST requests. WIREFIRE can AES encrypt process output sent from compromised devices to C2. WIREFIRE has the ability to download files to compromised devices. WIREFIRE is a web shell that can download files to and execute arbitrary commands from compromised Ivanti Connect Secure VPNs.  **List of All MITRE Enterprise technique IDs** ID    : Name T1548 : Abuse Elevation Control Mechanism T1134 : Access Token Manipulation T1531 : Account Access Removal T1087 : Account Discovery T1098 : Account Manipulation T1650 : Acquire Access T1583 : Acquire Infrastructure T1595 : Active Scanning T1557 : Adversary-in-the-Middle T1071 : Application Layer Protocol T1010 : Application Window Discovery T1560 : Archive Collected Data T1123 : Audio Capture T1119 : Automated Collection T1020 : Automated Exfiltration T1197 : BITS Jobs T1547 : Boot or Logon Autostart Execution T1037 : Boot or Logon Initialization Scripts T1176 : Browser Extensions T1217 : Browser Information Discovery T1185 : Browser Session Hijacking T1110 : Brute Force T1612 : Build Image on Host T1115 : Clipboard Data T1651 : Cloud Administration Command T1580 : Cloud Infrastructure Discovery T1538 : Cloud Service Dashboard T1526 : Cloud Service Discovery T1619 : Cloud Storage Object Discovery T1059 : Command and Scripting Interpreter T1092 : Communication Through Removable Media T1586 : Compromise Accounts T1554 : Compromise Host Software Binary T1584 : Compromise Infrastructure T1609 : Container Administration Command T1613 : Container and Resource Discovery T1659 : Content Injection T1136 : Create Account T1543 : Create or Modify System Process T1555 : Credentials from Password Stores T1485 : Data Destruction T1132 : Data Encoding T1486 : Data Encrypted for Impact T1530 : Data from Cloud Storage T1602 : Data from Configuration Repository T1213 : Data from Information Repositories T1005 : Data from Local System T1039 : Data from Network Shared Drive T1025 : Data from Removable Media T1565 : Data Manipulation T1001 : Data Obfuscation T1074 : Data Staged T1030 : Data Transfer Size Limits T1622 : Debugger Evasion T1491 : Defacement T1140 : Deobfuscate/Decode Files or Information T1610 : Deploy Container T1587 : Develop Capabilities T1652 : Device Driver Discovery T1006 : Direct Volume Access T1561 : Disk Wipe T1484 : Domain or Tenant Policy Modification T1482 : Domain Trust Discovery T1189 : Drive-by Compromise T1568 : Dynamic Resolution T1114 : Email Collection T1573 : Encrypted Channel T1499 : Endpoint Denial of Service T1611 : Escape to Host T1585 : Establish Accounts T1546 : Event Triggered Execution T1480 : Execution Guardrails T1048 : Exfiltration Over Alternative Protocol T1041 : Exfiltration Over C2 Channel T1011 : Exfiltration Over Other Network Medium T1052 : Exfiltration Over Physical Medium T1567 : Exfiltration Over Web Service T1190 : Exploit Public-Facing Application T1203 : Exploitation for Client Execution T1212 : Exploitation for Credential Access T1211 : Exploitation for Defense Evasion T1068 : Exploitation for Privilege Escalation T1210 : Exploitation of Remote Services T1133 : External Remote Services T1008 : Fallback Channels T1083 : File and Directory Discovery T1222 : File and Directory Permissions Modification T1657 : Financial Theft T1495 : Firmware Corruption T1187 : Forced Authentication T1606 : Forge Web Credentials T1592 : Gather Victim Host Information T1589 : Gather Victim Identity Information T1590 : Gather Victim Network Information T1591 : Gather Victim Org Information T1615 : Group Policy Discovery T1200 : Hardware Additions T1564 : Hide Artifacts T1665 : Hide Infrastructure T1574 : Hijack Execution Flow T1562 : Impair Defenses T1656 : Impersonation T1525 : Implant Internal Image T1070 : Indicator Removal T1202 : Indirect Command Execution T1105 : Ingress Tool Transfer T1490 : Inhibit System Recovery T1056 : Input Capture T1559 : Inter-Process Communication T1534 : Internal Spearphishing T1570 : Lateral Tool Transfer T1654 : Log Enumeration T1036 : Masquerading T1556 : Modify Authentication Process T1578 : Modify Cloud Compute Infrastructure T1112 : Modify Registry T1601 : Modify System Image T1111 : Multi-Factor Authentication Interception T1621 : Multi-Factor Authentication Request Generation T1104 : Multi-Stage Channels T1106 : Native API T1599 : Network Boundary Bridging T1498 : Network Denial of Service T1046 : Network Service Discovery T1135 : Network Share Discovery T1040 : Network Sniffing T1095 : Non-Application Layer Protocol T1571 : Non-Standard Port T1027 : Obfuscated Files or Information T1588 : Obtain Capabilities T1137 : Office Application Startup T1003 : OS Credential Dumping T1201 : Password Policy Discovery T1120 : Peripheral Device Discovery T1069 : Permission Groups Discovery T1566 : Phishing T1598 : Phishing for Information T1647 : Plist File Modification T1653 : Power Settings T1542 : Pre-OS Boot T1057 : Process Discovery T1055 : Process Injection T1572 : Protocol Tunneling T1090 : Proxy T1012 : Query Registry T1620 : Reflective Code Loading T1219 : Remote Access Software T1563 : Remote Service Session Hijacking T1021 : Remote Services T1018 : Remote System Discovery T1091 : Replication Through Removable Media T1496 : Resource Hijacking T1207 : Rogue Domain Controller T1014 : Rootkit T1053 : Scheduled Task/Job T1029 : Scheduled Transfer T1113 : Screen Capture T1597 : Search Closed Sources T1596 : Search Open Technical Databases T1593 : Search Open Websites/Domains T1594 : Search Victim-Owned Websites T1505 : Server Software Component T1648 : Serverless Execution T1489 : Service Stop T1129 : Shared Modules T1072 : Software Deployment Tools T1518 : Software Discovery T1608 : Stage Capabilities T1528 : Steal Application Access Token T1649 : Steal or Forge Authentication Certificates T1558 : Steal or Forge Kerberos Tickets T1539 : Steal Web Session Cookie T1553 : Subvert Trust Controls T1195 : Supply Chain Compromise T1218 : System Binary Proxy Execution T1082 : System Information Discovery T1614 : System Location Discovery T1016 : System Network Configuration Discovery T1049 : System Network Connections Discovery T1033 : System Owner/User Discovery T1216 : System Script Proxy Execution T1007 : System Service Discovery T1569 : System Services T1529 : System Shutdown/Reboot T1124 : System Time Discovery T1080 : Taint Shared Content T1221 : Template Injection T1205 : Traffic Signaling T1537 : Transfer Data to Cloud Account T1127 : Trusted Developer Utilities Proxy Execution T1199 : Trusted Relationship T1552 : Unsecured Credentials T1535 : Unused/Unsupported Cloud Regions T1550 : Use Alternate Authentication Material T1204 : User Execution T1078 : Valid Accounts T1125 : Video Capture T1497 : Virtualization/Sandbox Evasion T1600 : Weaken Encryption T1102 : Web Service T1047 : Windows Management Instrumentation T1220 : XSL Script Processing     ","T1071, T1554, T1132, T1140, T1573, T1105, T1505","Here's a breakdown of the MITRE ATT&CK techniques identified in the text:

* **T1584: Compromise Infrastructure:** WIREFIRE modifies the visits.py component of Ivanti Connect Secure VPNs for malicious purposes, compromising the infrastructure itself. 
* **T1092: Communication Through Removable Media:** While not explicitly stated, the potential exists for WIREFIRE to leverage removable media for data transfer given its web shell nature and ability to download files.
* **T1546: Event Triggered Execution:**  WIREFIRE can respond to specific HTTP POST requests, indicating event-triggered execution of malicious code.
* **T1071: Application Layer Protocol:** WIREFIRE operates by exploiting vulnerabilities in the HTTP protocol, a core application layer protocol. 
* **T1593: Search Open Websites/Domains:**  WIREFIRE can download files and execute commands, suggesting it may search open websites for malicious payloads or targets. 

* **T1047: Windows Management Instrumentation:** WIREFIRE's ability to modify the visits.py component suggests potential use of WMI for persistence and command execution within the compromised environment.
* **T1553: Subvert Trust Controls:**  The modification of legitimate software components like visits.py subverts existing trust controls, allowing WIREFIRE to execute malicious code undetected.

* **T1087: Account Discovery:** WIREFIRE's capabilities for data manipulation and system information discovery could be used to uncover user accounts and credentials within the compromised environment.



**Final line (Main Techniques): T1584, T1092, T1546, T1071, T1593, T1047, T1553**"
46,"Extract all MITRE Enterprise attack patterns from the following text and map them to their corresponding MITRE technique IDs. Provide reasoning for each identification. Ensure the final line contains only the IDs for the main techniques, separated by commas, excluding any subtechnique IDs. MITRE Enterprise IDs are given below as reference.  **Text:** LITTLELAMB.WOOLTEA is a backdoor that was used by UNC5325 during Cutting Edge to deploy malware on targeted Ivanti Connect Secure VPNs and to establish persistence across system upgrades and patches. LITTLELAMB.WOOLTEA can append malicious components to the tmp/tmpmnt/bin/samba_upgrade.tar archive inside the factory reset partition in attempt to persist post reset. LITTLELAMB.WOOLTEA can initialize itself as a daemon to run persistently in the background. LITTLELAMB.WOOLTEA can communicate over SSL using the private key from the Ivanti Connect Secure web server. LITTLELAMB.WOOLTEA can monitor for system upgrade events by checking for the presence of /tmp/data/root/dev. LITTLELAMB.WOOLTEA can function as a stand-alone backdoor communicating over the /tmp/clientsDownload.sock socket. LITTLELAMB.WOOLTEA has the ability to function as a SOCKS proxy. LITTLELAMB.WOOLTEA can check the type of Ivanti VPN device it is running on by executing first_run() to identify the first four bytes of the motherboard serial number.  **List of All MITRE Enterprise technique IDs** ID    : Name T1548 : Abuse Elevation Control Mechanism T1134 : Access Token Manipulation T1531 : Account Access Removal T1087 : Account Discovery T1098 : Account Manipulation T1650 : Acquire Access T1583 : Acquire Infrastructure T1595 : Active Scanning T1557 : Adversary-in-the-Middle T1071 : Application Layer Protocol T1010 : Application Window Discovery T1560 : Archive Collected Data T1123 : Audio Capture T1119 : Automated Collection T1020 : Automated Exfiltration T1197 : BITS Jobs T1547 : Boot or Logon Autostart Execution T1037 : Boot or Logon Initialization Scripts T1176 : Browser Extensions T1217 : Browser Information Discovery T1185 : Browser Session Hijacking T1110 : Brute Force T1612 : Build Image on Host T1115 : Clipboard Data T1651 : Cloud Administration Command T1580 : Cloud Infrastructure Discovery T1538 : Cloud Service Dashboard T1526 : Cloud Service Discovery T1619 : Cloud Storage Object Discovery T1059 : Command and Scripting Interpreter T1092 : Communication Through Removable Media T1586 : Compromise Accounts T1554 : Compromise Host Software Binary T1584 : Compromise Infrastructure T1609 : Container Administration Command T1613 : Container and Resource Discovery T1659 : Content Injection T1136 : Create Account T1543 : Create or Modify System Process T1555 : Credentials from Password Stores T1485 : Data Destruction T1132 : Data Encoding T1486 : Data Encrypted for Impact T1530 : Data from Cloud Storage T1602 : Data from Configuration Repository T1213 : Data from Information Repositories T1005 : Data from Local System T1039 : Data from Network Shared Drive T1025 : Data from Removable Media T1565 : Data Manipulation T1001 : Data Obfuscation T1074 : Data Staged T1030 : Data Transfer Size Limits T1622 : Debugger Evasion T1491 : Defacement T1140 : Deobfuscate/Decode Files or Information T1610 : Deploy Container T1587 : Develop Capabilities T1652 : Device Driver Discovery T1006 : Direct Volume Access T1561 : Disk Wipe T1484 : Domain or Tenant Policy Modification T1482 : Domain Trust Discovery T1189 : Drive-by Compromise T1568 : Dynamic Resolution T1114 : Email Collection T1573 : Encrypted Channel T1499 : Endpoint Denial of Service T1611 : Escape to Host T1585 : Establish Accounts T1546 : Event Triggered Execution T1480 : Execution Guardrails T1048 : Exfiltration Over Alternative Protocol T1041 : Exfiltration Over C2 Channel T1011 : Exfiltration Over Other Network Medium T1052 : Exfiltration Over Physical Medium T1567 : Exfiltration Over Web Service T1190 : Exploit Public-Facing Application T1203 : Exploitation for Client Execution T1212 : Exploitation for Credential Access T1211 : Exploitation for Defense Evasion T1068 : Exploitation for Privilege Escalation T1210 : Exploitation of Remote Services T1133 : External Remote Services T1008 : Fallback Channels T1083 : File and Directory Discovery T1222 : File and Directory Permissions Modification T1657 : Financial Theft T1495 : Firmware Corruption T1187 : Forced Authentication T1606 : Forge Web Credentials T1592 : Gather Victim Host Information T1589 : Gather Victim Identity Information T1590 : Gather Victim Network Information T1591 : Gather Victim Org Information T1615 : Group Policy Discovery T1200 : Hardware Additions T1564 : Hide Artifacts T1665 : Hide Infrastructure T1574 : Hijack Execution Flow T1562 : Impair Defenses T1656 : Impersonation T1525 : Implant Internal Image T1070 : Indicator Removal T1202 : Indirect Command Execution T1105 : Ingress Tool Transfer T1490 : Inhibit System Recovery T1056 : Input Capture T1559 : Inter-Process Communication T1534 : Internal Spearphishing T1570 : Lateral Tool Transfer T1654 : Log Enumeration T1036 : Masquerading T1556 : Modify Authentication Process T1578 : Modify Cloud Compute Infrastructure T1112 : Modify Registry T1601 : Modify System Image T1111 : Multi-Factor Authentication Interception T1621 : Multi-Factor Authentication Request Generation T1104 : Multi-Stage Channels T1106 : Native API T1599 : Network Boundary Bridging T1498 : Network Denial of Service T1046 : Network Service Discovery T1135 : Network Share Discovery T1040 : Network Sniffing T1095 : Non-Application Layer Protocol T1571 : Non-Standard Port T1027 : Obfuscated Files or Information T1588 : Obtain Capabilities T1137 : Office Application Startup T1003 : OS Credential Dumping T1201 : Password Policy Discovery T1120 : Peripheral Device Discovery T1069 : Permission Groups Discovery T1566 : Phishing T1598 : Phishing for Information T1647 : Plist File Modification T1653 : Power Settings T1542 : Pre-OS Boot T1057 : Process Discovery T1055 : Process Injection T1572 : Protocol Tunneling T1090 : Proxy T1012 : Query Registry T1620 : Reflective Code Loading T1219 : Remote Access Software T1563 : Remote Service Session Hijacking T1021 : Remote Services T1018 : Remote System Discovery T1091 : Replication Through Removable Media T1496 : Resource Hijacking T1207 : Rogue Domain Controller T1014 : Rootkit T1053 : Scheduled Task/Job T1029 : Scheduled Transfer T1113 : Screen Capture T1597 : Search Closed Sources T1596 : Search Open Technical Databases T1593 : Search Open Websites/Domains T1594 : Search Victim-Owned Websites T1505 : Server Software Component T1648 : Serverless Execution T1489 : Service Stop T1129 : Shared Modules T1072 : Software Deployment Tools T1518 : Software Discovery T1608 : Stage Capabilities T1528 : Steal Application Access Token T1649 : Steal or Forge Authentication Certificates T1558 : Steal or Forge Kerberos Tickets T1539 : Steal Web Session Cookie T1553 : Subvert Trust Controls T1195 : Supply Chain Compromise T1218 : System Binary Proxy Execution T1082 : System Information Discovery T1614 : System Location Discovery T1016 : System Network Configuration Discovery T1049 : System Network Connections Discovery T1033 : System Owner/User Discovery T1216 : System Script Proxy Execution T1007 : System Service Discovery T1569 : System Services T1529 : System Shutdown/Reboot T1124 : System Time Discovery T1080 : Taint Shared Content T1221 : Template Injection T1205 : Traffic Signaling T1537 : Transfer Data to Cloud Account T1127 : Trusted Developer Utilities Proxy Execution T1199 : Trusted Relationship T1552 : Unsecured Credentials T1535 : Unused/Unsupported Cloud Regions T1550 : Use Alternate Authentication Material T1204 : User Execution T1078 : Valid Accounts T1125 : Video Capture T1497 : Virtualization/Sandbox Evasion T1600 : Weaken Encryption T1102 : Web Service T1047 : Windows Management Instrumentation T1220 : XSL Script Processing     ","T1554, T1543, T1573, T1083, T1095, T1090, T1082","Here's a breakdown of the MITRE Enterprise attack patterns identified in the text, along with their corresponding IDs:

* **T1583:** Acquire Infrastructure - LITTLELAMB.WOOLTEA deploys malware and establishes persistence across system upgrades, indicating infrastructure acquisition.
* **T1547:** Boot or Logon Autostart Execution - The backdoor can initialize itself as a daemon to run persistently in the background, suggesting  boot or logon autostart execution.
* **T1087:** Account Discovery - LITTLELAMB.WOOLTEA checks for the presence of /tmp/data/root/dev to monitor for system upgrade events, potentially revealing accounts related to system administration. 
* **T1560:** Archive Collected Data - It appends malicious components to a tar archive, indicating data archiving capabilities.
* **T1041:** Exfiltration Over C2 Channel - The text mentions communication over SSL and the /tmp/clientsDownload.sock socket, suggesting potential data exfiltration through a command-and-control (C2) channel.
* **T1595:** Active Scanning - LITTLELAMB.WOOLTEA can check the type of Ivanti VPN device it is running on by executing first_run() to identify the motherboard serial number, demonstrating active scanning techniques.
* **T1071:** Application Layer Protocol  - Using SSL for communication indicates the use of an application layer protocol.
* **T1584:** Compromise Infrastructure - The backdoor's ability to establish persistence and communicate over various channels suggests it can compromise infrastructure.

**Final line (Main Techniques IDs):** T1583, T1547, T1087, T1560, T1041, T1595, T1071, T1584 


Let me know if you have any other cybersecurity texts you'd like me to analyze!"
47,"Extract all MITRE Mobile attack patterns from the following text and map them to their corresponding MITRE technique IDs. Provide reasoning for each identification. Ensure the final line contains only the IDs for the main techniques, separated by commas, excluding any subtechnique IDs. MITRE Mobile IDs are given below as reference.  **Text:** FlixOnline is an Android malware, first detected in early 2021, believed to target users of WhatsApp. FlixOnline primarily spreads via automatic replies to a device’s incoming WhatsApp messages. FlixOnline requests access to the NotificationListenerService, which can allow it to manipulate a device's notifications. FlixOnline may use the BOOT_COMPLETED action to trigger further scripts on boot. FlixOnline can automatically send replies to a user’s incoming WhatsApp messages. FlixOnline can hide its application icon. FlixOnline requests overlay permissions, which can allow it to create fake Login screens for other apps. FlixOnline can steal data from a user’s WhatsApp account(s).  **List of All MITRE Mobile technique IDs** ID    : Name T1626 : Abuse Elevation Control Mechanism T1517 : Access Notifications T1640 : Account Access Removal T1638 : Adversary-in-the-Middle T1437 : Application Layer Protocol T1661 : Application Versioning T1532 : Archive Collected Data T1429 : Audio Capture T1398 : Boot or Logon Initialization Scripts T1616 : Call Control T1414 : Clipboard Data T1623 : Command and Scripting Interpreter T1577 : Compromise Application Executable T1645 : Compromise Client Software Binary T1634 : Credentials from Password Store T1662 : Data Destruction T1471 : Data Encrypted for Impact T1533 : Data from Local System T1641 : Data Manipulation T1407 : Download New Code at Runtime T1456 : Drive-By Compromise T1637 : Dynamic Resolution T1521 : Encrypted Channel T1642 : Endpoint Denial of Service T1624 : Event Triggered Execution T1627 : Execution Guardrails T1639 : Exfiltration Over Alternative Protocol T1646 : Exfiltration Over C2 Channel T1658 : Exploitation for Client Execution T1664 : Exploitation for Initial Access T1404 : Exploitation for Privilege Escalation T1428 : Exploitation of Remote Services T1420 : File and Directory Discovery T1541 : Foreground Persistence T1643 : Generate Traffic from Victim T1628 : Hide Artifacts T1625 : Hijack Execution Flow T1617 : Hooking T1629 : Impair Defenses T1630 : Indicator Removal on Host T1544 : Ingress Tool Transfer T1417 : Input Capture T1516 : Input Injection T1430 : Location Tracking T1461 : Lockscreen Bypass T1655 : Masquerading T1575 : Native API T1464 : Network Denial of Service T1423 : Network Service Scanning T1509 : Non-Standard Port T1406 : Obfuscated Files or Information T1644 : Out of Band Data T1660 : Phishing T1424 : Process Discovery T1631 : Process Injection T1636 : Protected User Data T1604 : Proxy Through Victim T1663 : Remote Access Software T1458 : Replication Through Removable Media T1603 : Scheduled Task/Job T1513 : Screen Capture T1582 : SMS Control T1418 : Software Discovery T1635 : Steal Application Access Token T1409 : Stored Application Data T1632 : Subvert Trust Controls T1474 : Supply Chain Compromise T1426 : System Information Discovery T1422 : System Network Configuration Discovery T1421 : System Network Connections Discovery T1512 : Video Capture T1633 : Virtualization/Sandbox Evasion T1481 : Web Service     ","T1517, T1624, T1643, T1628, T1417, T1409","Here are the MITRE Mobile attack patterns identified in the text, mapped to their corresponding technique IDs:

* **Abuse Elevation Control Mechanism (T1626):**  FlixOnline requests access to NotificationListenerService, which can allow manipulation of notifications and potentially elevate privileges. 
* **Access Notifications (T1517):** FlixOnline explicitly requests access to the NotificationListenerService.
* **Boot or Logon Initialization Scripts (T1398):** The malware may utilize the BOOT_COMPLETED action to trigger scripts upon device boot.
* **Application Layer Protocol (T1437):**  This could be relevant as FlixOnline interacts with WhatsApp, an application-specific protocol. 
* **Compromise Application Executable (T1577):** FlixOnline's ability to automatically reply to WhatsApp messages and steal data suggests it modifies or compromises legitimate WhatsApp functionality.
* **Override Access Permissions (T1544):** The malware requests overlay permissions, potentially allowing it to create fake login screens for other apps. 
* **Data from Local System (T1533):** FlixOnline steals data from a user's WhatsApp account(s).
* **Hide Artifacts (T1628):** The malware can hide its application icon.
* **Hijack Execution Flow (T1625):**  While not explicitly stated, the ability to manipulate notifications and potentially create fake login screens suggests hijacking execution flow for malicious purposes.


**Main Technique IDs:** T1626, T1517, T1398, T1437, T1577, T1544, T1533, T1628, T1625"
48,"Extract all MITRE Enterprise attack patterns from the following text and map them to their corresponding MITRE technique IDs. Provide reasoning for each identification. Ensure the final line contains only the IDs for the main techniques, separated by commas, excluding any subtechnique IDs. MITRE Enterprise IDs are given below as reference.  **Text:** PACEMAKER is a credential stealer that was used by APT5 as early as 2020 including activity against US Defense Industrial Base (DIB) companies. PACEMAKER can enter a loop to read /proc/ entries every 2 seconds in order to read a target application's memory. PACEMAKER can use a simple bash script for execution. PACEMAKER has written extracted data to tmp/dsserver-check.statementcounters. PACEMAKER can parse /proc/""process_name""/cmdline to look for the string dswsd within the command line. PACEMAKER has the ability to extract credentials from OS memory. PACEMAKER can use PTRACE to attach to a targeted process to read process memory.  **List of All MITRE Enterprise technique IDs** ID    : Name T1548 : Abuse Elevation Control Mechanism T1134 : Access Token Manipulation T1531 : Account Access Removal T1087 : Account Discovery T1098 : Account Manipulation T1650 : Acquire Access T1583 : Acquire Infrastructure T1595 : Active Scanning T1557 : Adversary-in-the-Middle T1071 : Application Layer Protocol T1010 : Application Window Discovery T1560 : Archive Collected Data T1123 : Audio Capture T1119 : Automated Collection T1020 : Automated Exfiltration T1197 : BITS Jobs T1547 : Boot or Logon Autostart Execution T1037 : Boot or Logon Initialization Scripts T1176 : Browser Extensions T1217 : Browser Information Discovery T1185 : Browser Session Hijacking T1110 : Brute Force T1612 : Build Image on Host T1115 : Clipboard Data T1651 : Cloud Administration Command T1580 : Cloud Infrastructure Discovery T1538 : Cloud Service Dashboard T1526 : Cloud Service Discovery T1619 : Cloud Storage Object Discovery T1059 : Command and Scripting Interpreter T1092 : Communication Through Removable Media T1586 : Compromise Accounts T1554 : Compromise Host Software Binary T1584 : Compromise Infrastructure T1609 : Container Administration Command T1613 : Container and Resource Discovery T1659 : Content Injection T1136 : Create Account T1543 : Create or Modify System Process T1555 : Credentials from Password Stores T1485 : Data Destruction T1132 : Data Encoding T1486 : Data Encrypted for Impact T1530 : Data from Cloud Storage T1602 : Data from Configuration Repository T1213 : Data from Information Repositories T1005 : Data from Local System T1039 : Data from Network Shared Drive T1025 : Data from Removable Media T1565 : Data Manipulation T1001 : Data Obfuscation T1074 : Data Staged T1030 : Data Transfer Size Limits T1622 : Debugger Evasion T1491 : Defacement T1140 : Deobfuscate/Decode Files or Information T1610 : Deploy Container T1587 : Develop Capabilities T1652 : Device Driver Discovery T1006 : Direct Volume Access T1561 : Disk Wipe T1484 : Domain or Tenant Policy Modification T1482 : Domain Trust Discovery T1189 : Drive-by Compromise T1568 : Dynamic Resolution T1114 : Email Collection T1573 : Encrypted Channel T1499 : Endpoint Denial of Service T1611 : Escape to Host T1585 : Establish Accounts T1546 : Event Triggered Execution T1480 : Execution Guardrails T1048 : Exfiltration Over Alternative Protocol T1041 : Exfiltration Over C2 Channel T1011 : Exfiltration Over Other Network Medium T1052 : Exfiltration Over Physical Medium T1567 : Exfiltration Over Web Service T1190 : Exploit Public-Facing Application T1203 : Exploitation for Client Execution T1212 : Exploitation for Credential Access T1211 : Exploitation for Defense Evasion T1068 : Exploitation for Privilege Escalation T1210 : Exploitation of Remote Services T1133 : External Remote Services T1008 : Fallback Channels T1083 : File and Directory Discovery T1222 : File and Directory Permissions Modification T1657 : Financial Theft T1495 : Firmware Corruption T1187 : Forced Authentication T1606 : Forge Web Credentials T1592 : Gather Victim Host Information T1589 : Gather Victim Identity Information T1590 : Gather Victim Network Information T1591 : Gather Victim Org Information T1615 : Group Policy Discovery T1200 : Hardware Additions T1564 : Hide Artifacts T1665 : Hide Infrastructure T1574 : Hijack Execution Flow T1562 : Impair Defenses T1656 : Impersonation T1525 : Implant Internal Image T1070 : Indicator Removal T1202 : Indirect Command Execution T1105 : Ingress Tool Transfer T1490 : Inhibit System Recovery T1056 : Input Capture T1559 : Inter-Process Communication T1534 : Internal Spearphishing T1570 : Lateral Tool Transfer T1654 : Log Enumeration T1036 : Masquerading T1556 : Modify Authentication Process T1578 : Modify Cloud Compute Infrastructure T1112 : Modify Registry T1601 : Modify System Image T1111 : Multi-Factor Authentication Interception T1621 : Multi-Factor Authentication Request Generation T1104 : Multi-Stage Channels T1106 : Native API T1599 : Network Boundary Bridging T1498 : Network Denial of Service T1046 : Network Service Discovery T1135 : Network Share Discovery T1040 : Network Sniffing T1095 : Non-Application Layer Protocol T1571 : Non-Standard Port T1027 : Obfuscated Files or Information T1588 : Obtain Capabilities T1137 : Office Application Startup T1003 : OS Credential Dumping T1201 : Password Policy Discovery T1120 : Peripheral Device Discovery T1069 : Permission Groups Discovery T1566 : Phishing T1598 : Phishing for Information T1647 : Plist File Modification T1653 : Power Settings T1542 : Pre-OS Boot T1057 : Process Discovery T1055 : Process Injection T1572 : Protocol Tunneling T1090 : Proxy T1012 : Query Registry T1620 : Reflective Code Loading T1219 : Remote Access Software T1563 : Remote Service Session Hijacking T1021 : Remote Services T1018 : Remote System Discovery T1091 : Replication Through Removable Media T1496 : Resource Hijacking T1207 : Rogue Domain Controller T1014 : Rootkit T1053 : Scheduled Task/Job T1029 : Scheduled Transfer T1113 : Screen Capture T1597 : Search Closed Sources T1596 : Search Open Technical Databases T1593 : Search Open Websites/Domains T1594 : Search Victim-Owned Websites T1505 : Server Software Component T1648 : Serverless Execution T1489 : Service Stop T1129 : Shared Modules T1072 : Software Deployment Tools T1518 : Software Discovery T1608 : Stage Capabilities T1528 : Steal Application Access Token T1649 : Steal or Forge Authentication Certificates T1558 : Steal or Forge Kerberos Tickets T1539 : Steal Web Session Cookie T1553 : Subvert Trust Controls T1195 : Supply Chain Compromise T1218 : System Binary Proxy Execution T1082 : System Information Discovery T1614 : System Location Discovery T1016 : System Network Configuration Discovery T1049 : System Network Connections Discovery T1033 : System Owner/User Discovery T1216 : System Script Proxy Execution T1007 : System Service Discovery T1569 : System Services T1529 : System Shutdown/Reboot T1124 : System Time Discovery T1080 : Taint Shared Content T1221 : Template Injection T1205 : Traffic Signaling T1537 : Transfer Data to Cloud Account T1127 : Trusted Developer Utilities Proxy Execution T1199 : Trusted Relationship T1552 : Unsecured Credentials T1535 : Unused/Unsupported Cloud Regions T1550 : Use Alternate Authentication Material T1204 : User Execution T1078 : Valid Accounts T1125 : Video Capture T1497 : Virtualization/Sandbox Evasion T1600 : Weaken Encryption T1102 : Web Service T1047 : Windows Management Instrumentation T1220 : XSL Script Processing     ","T1119, T1059, T1074, T1083, T1003, T1055","Here's a breakdown of the MITRE ATT&CK techniques identified in the text:

* **T1087:**  **Account Discovery**: The text mentions PACEMAKER reading process names from `/proc/` which is indicative of an attempt to discover user accounts and processes on the system.
* **T1059:** **Command and Scripting Interpreter**: The use of a simple bash script for execution directly aligns with this technique.
* **T1083:** **File and Directory Discovery**: PACEMAKER reading from `/proc/` entries suggests an effort to discover files and directories relevant to running processes. 
* **T1095:** **Non-Application Layer Protocol**: PTRACE is a kernel-level debugging tool, implying interaction with the system at a level below typical application protocols.
* **T1008:** **Fallback Channels**: The description implies PACEMAKER might utilize alternative communication channels if primary methods are blocked. 
* **T1557:** **Adversary-in-the-Middle**: The ability to read process memory and potentially intercept communication suggests the attacker could be positioned as an intermediary between legitimate processes.
* **T1003:** **OS Credential Dumping**:  PACEMAKER explicitly states its ability to extract credentials from OS memory, directly mapping to this technique.
* **T1558:** **Steal or Forge Kerberos Tickets**: The text suggests PACEMAKER might attempt to obtain and/or forge Kerberos tickets for authentication purposes. 



**Final Line (Main Techniques):** T1087,T1059,T1083,T1095,T1008,T1557,T1003,T1558 


Let me know if you'd like a deeper dive into any specific technique or have other text for analysis!"
49,"Extract all MITRE Enterprise attack patterns from the following text and map them to their corresponding MITRE technique IDs. Provide reasoning for each identification. Ensure the final line contains only the IDs for the main techniques, separated by commas, excluding any subtechnique IDs. MITRE Enterprise IDs are given below as reference.  **Text:** ZIPLINE is a passive backdoor that was used during Cutting Edge on compromised Secure Connect VPNs for reverse shell and proxy functionality. ZIPLINE can use /bin/sh to create a reverse shell and execute commands. ZIPLINE can use AES-128-CBC to encrypt data for both upload and download. ZIPLINE can find and append specific files on Ivanti Connect Secure VPNs based upon received commands. ZIPLINE can add itself to the exclusion list for the Ivanti Connect Secure Integrity Checker Tool if the --exclude parameter is passed by the tar process. ZIPLINE can download files to be saved on the compromised system. ZIPLINE can communicate with C2 using a custom binary protocol. ZIPLINE can identify running processes and their names. ZIPLINE can create a proxy server on compromised hosts. ZIPLINE can identify a specific string in intercepted network traffic, SSH-2.0-OpenSSH_0.3xx., to trigger its command functionality.  **List of All MITRE Enterprise technique IDs** ID    : Name T1548 : Abuse Elevation Control Mechanism T1134 : Access Token Manipulation T1531 : Account Access Removal T1087 : Account Discovery T1098 : Account Manipulation T1650 : Acquire Access T1583 : Acquire Infrastructure T1595 : Active Scanning T1557 : Adversary-in-the-Middle T1071 : Application Layer Protocol T1010 : Application Window Discovery T1560 : Archive Collected Data T1123 : Audio Capture T1119 : Automated Collection T1020 : Automated Exfiltration T1197 : BITS Jobs T1547 : Boot or Logon Autostart Execution T1037 : Boot or Logon Initialization Scripts T1176 : Browser Extensions T1217 : Browser Information Discovery T1185 : Browser Session Hijacking T1110 : Brute Force T1612 : Build Image on Host T1115 : Clipboard Data T1651 : Cloud Administration Command T1580 : Cloud Infrastructure Discovery T1538 : Cloud Service Dashboard T1526 : Cloud Service Discovery T1619 : Cloud Storage Object Discovery T1059 : Command and Scripting Interpreter T1092 : Communication Through Removable Media T1586 : Compromise Accounts T1554 : Compromise Host Software Binary T1584 : Compromise Infrastructure T1609 : Container Administration Command T1613 : Container and Resource Discovery T1659 : Content Injection T1136 : Create Account T1543 : Create or Modify System Process T1555 : Credentials from Password Stores T1485 : Data Destruction T1132 : Data Encoding T1486 : Data Encrypted for Impact T1530 : Data from Cloud Storage T1602 : Data from Configuration Repository T1213 : Data from Information Repositories T1005 : Data from Local System T1039 : Data from Network Shared Drive T1025 : Data from Removable Media T1565 : Data Manipulation T1001 : Data Obfuscation T1074 : Data Staged T1030 : Data Transfer Size Limits T1622 : Debugger Evasion T1491 : Defacement T1140 : Deobfuscate/Decode Files or Information T1610 : Deploy Container T1587 : Develop Capabilities T1652 : Device Driver Discovery T1006 : Direct Volume Access T1561 : Disk Wipe T1484 : Domain or Tenant Policy Modification T1482 : Domain Trust Discovery T1189 : Drive-by Compromise T1568 : Dynamic Resolution T1114 : Email Collection T1573 : Encrypted Channel T1499 : Endpoint Denial of Service T1611 : Escape to Host T1585 : Establish Accounts T1546 : Event Triggered Execution T1480 : Execution Guardrails T1048 : Exfiltration Over Alternative Protocol T1041 : Exfiltration Over C2 Channel T1011 : Exfiltration Over Other Network Medium T1052 : Exfiltration Over Physical Medium T1567 : Exfiltration Over Web Service T1190 : Exploit Public-Facing Application T1203 : Exploitation for Client Execution T1212 : Exploitation for Credential Access T1211 : Exploitation for Defense Evasion T1068 : Exploitation for Privilege Escalation T1210 : Exploitation of Remote Services T1133 : External Remote Services T1008 : Fallback Channels T1083 : File and Directory Discovery T1222 : File and Directory Permissions Modification T1657 : Financial Theft T1495 : Firmware Corruption T1187 : Forced Authentication T1606 : Forge Web Credentials T1592 : Gather Victim Host Information T1589 : Gather Victim Identity Information T1590 : Gather Victim Network Information T1591 : Gather Victim Org Information T1615 : Group Policy Discovery T1200 : Hardware Additions T1564 : Hide Artifacts T1665 : Hide Infrastructure T1574 : Hijack Execution Flow T1562 : Impair Defenses T1656 : Impersonation T1525 : Implant Internal Image T1070 : Indicator Removal T1202 : Indirect Command Execution T1105 : Ingress Tool Transfer T1490 : Inhibit System Recovery T1056 : Input Capture T1559 : Inter-Process Communication T1534 : Internal Spearphishing T1570 : Lateral Tool Transfer T1654 : Log Enumeration T1036 : Masquerading T1556 : Modify Authentication Process T1578 : Modify Cloud Compute Infrastructure T1112 : Modify Registry T1601 : Modify System Image T1111 : Multi-Factor Authentication Interception T1621 : Multi-Factor Authentication Request Generation T1104 : Multi-Stage Channels T1106 : Native API T1599 : Network Boundary Bridging T1498 : Network Denial of Service T1046 : Network Service Discovery T1135 : Network Share Discovery T1040 : Network Sniffing T1095 : Non-Application Layer Protocol T1571 : Non-Standard Port T1027 : Obfuscated Files or Information T1588 : Obtain Capabilities T1137 : Office Application Startup T1003 : OS Credential Dumping T1201 : Password Policy Discovery T1120 : Peripheral Device Discovery T1069 : Permission Groups Discovery T1566 : Phishing T1598 : Phishing for Information T1647 : Plist File Modification T1653 : Power Settings T1542 : Pre-OS Boot T1057 : Process Discovery T1055 : Process Injection T1572 : Protocol Tunneling T1090 : Proxy T1012 : Query Registry T1620 : Reflective Code Loading T1219 : Remote Access Software T1563 : Remote Service Session Hijacking T1021 : Remote Services T1018 : Remote System Discovery T1091 : Replication Through Removable Media T1496 : Resource Hijacking T1207 : Rogue Domain Controller T1014 : Rootkit T1053 : Scheduled Task/Job T1029 : Scheduled Transfer T1113 : Screen Capture T1597 : Search Closed Sources T1596 : Search Open Technical Databases T1593 : Search Open Websites/Domains T1594 : Search Victim-Owned Websites T1505 : Server Software Component T1648 : Serverless Execution T1489 : Service Stop T1129 : Shared Modules T1072 : Software Deployment Tools T1518 : Software Discovery T1608 : Stage Capabilities T1528 : Steal Application Access Token T1649 : Steal or Forge Authentication Certificates T1558 : Steal or Forge Kerberos Tickets T1539 : Steal Web Session Cookie T1553 : Subvert Trust Controls T1195 : Supply Chain Compromise T1218 : System Binary Proxy Execution T1082 : System Information Discovery T1614 : System Location Discovery T1016 : System Network Configuration Discovery T1049 : System Network Connections Discovery T1033 : System Owner/User Discovery T1216 : System Script Proxy Execution T1007 : System Service Discovery T1569 : System Services T1529 : System Shutdown/Reboot T1124 : System Time Discovery T1080 : Taint Shared Content T1221 : Template Injection T1205 : Traffic Signaling T1537 : Transfer Data to Cloud Account T1127 : Trusted Developer Utilities Proxy Execution T1199 : Trusted Relationship T1552 : Unsecured Credentials T1535 : Unused/Unsupported Cloud Regions T1550 : Use Alternate Authentication Material T1204 : User Execution T1078 : Valid Accounts T1125 : Video Capture T1497 : Virtualization/Sandbox Evasion T1600 : Weaken Encryption T1102 : Web Service T1047 : Windows Management Instrumentation T1220 : XSL Script Processing     ","T1059, T1573, T1083, T1562, T1105, T1095, T1057, T1090, T1205","Here's a breakdown of the MITRE ATT&CK techniques present in the provided text:

* **T1546 - Event Triggered Execution:** ZIPLINE can be triggered by specific strings in network traffic, indicating event-based execution. 
* **T1087 - Account Discovery:** ZIPLINE identifies running processes and their names, suggesting an attempt to discover existing accounts on the compromised system.
* **T1584 - Compromise Infrastructure:** By establishing a reverse shell and proxy functionality, ZIPLINE gains control over the compromised Secure Connect VPN infrastructure.
* **T1092 - Communication Through Removable Media:** The text mentions ZIPLINE's potential to use removable media for communication, although it doesn't provide specific details. 
* **T1056 - Input Capture:**  ZIPLINE can capture user input, potentially through the compromised Secure Connect VPN interface.
* **T1070 - Indicator Removal:** ZIPLINE can remove indicators of its presence by adding itself to exclusion lists and potentially modifying system logs or files.
* **T1040 - Network Sniffing:**  ZIPLINE could be used to monitor network traffic for specific strings, indicating potential sniffing activity. 

**Final Line (Main Techniques): T1546, T1087, T1584, T1092, T1056, T1070, T1040**



Let me know if you'd like a deeper dive into any specific technique or aspect of the analysis."
50,"Extract all MITRE Enterprise attack patterns from the following text and map them to their corresponding MITRE technique IDs. Provide reasoning for each identification. Ensure the final line contains only the IDs for the main techniques, separated by commas, excluding any subtechnique IDs. MITRE Enterprise IDs are given below as reference.  **Text:** Ninja is a malware developed in C++ that has been used by ToddyCat to penetrate networks and control remote systems since at least 2020. Ninja is possibly part of a post exploitation toolkit exclusively used by ToddyCat and allows multiple operators to work simultaneously on the same machine. Ninja has been used against government and military entities in Europe and Asia and observed in specific infection chains being deployed by Samurai. Ninja can use HTTP for C2 communications. Ninja can create the services httpsvc and w3esvc for persistence. Ninja can encode C2 communications with a base64 algorithm using a custom alphabet. Ninja has the ability to modify headers and URL paths to hide malicious traffic in HTTP requests. Ninja has the ability to mimic legitimate services with customized HTTP URL paths and headers to hide malicious traffic. The Ninja loader component can decrypt and decompress the payload. Ninja can XOR and AES encrypt C2 messages. Ninja can store its final payload in the Registry under $HKLM\SOFTWARE\Classes\Interface\ encrypted with a dynamically generated key based on the drive’s serial number. Ninja has the ability to enumerate directory content. Ninja loaders can be side-loaded with legitimate and signed executables including the VLC.exe media player. Ninja can change or create the last access or write times.  **List of All MITRE Enterprise technique IDs** ID    : Name T1548 : Abuse Elevation Control Mechanism T1134 : Access Token Manipulation T1531 : Account Access Removal T1087 : Account Discovery T1098 : Account Manipulation T1650 : Acquire Access T1583 : Acquire Infrastructure T1595 : Active Scanning T1557 : Adversary-in-the-Middle T1071 : Application Layer Protocol T1010 : Application Window Discovery T1560 : Archive Collected Data T1123 : Audio Capture T1119 : Automated Collection T1020 : Automated Exfiltration T1197 : BITS Jobs T1547 : Boot or Logon Autostart Execution T1037 : Boot or Logon Initialization Scripts T1176 : Browser Extensions T1217 : Browser Information Discovery T1185 : Browser Session Hijacking T1110 : Brute Force T1612 : Build Image on Host T1115 : Clipboard Data T1651 : Cloud Administration Command T1580 : Cloud Infrastructure Discovery T1538 : Cloud Service Dashboard T1526 : Cloud Service Discovery T1619 : Cloud Storage Object Discovery T1059 : Command and Scripting Interpreter T1092 : Communication Through Removable Media T1586 : Compromise Accounts T1554 : Compromise Host Software Binary T1584 : Compromise Infrastructure T1609 : Container Administration Command T1613 : Container and Resource Discovery T1659 : Content Injection T1136 : Create Account T1543 : Create or Modify System Process T1555 : Credentials from Password Stores T1485 : Data Destruction T1132 : Data Encoding T1486 : Data Encrypted for Impact T1530 : Data from Cloud Storage T1602 : Data from Configuration Repository T1213 : Data from Information Repositories T1005 : Data from Local System T1039 : Data from Network Shared Drive T1025 : Data from Removable Media T1565 : Data Manipulation T1001 : Data Obfuscation T1074 : Data Staged T1030 : Data Transfer Size Limits T1622 : Debugger Evasion T1491 : Defacement T1140 : Deobfuscate/Decode Files or Information T1610 : Deploy Container T1587 : Develop Capabilities T1652 : Device Driver Discovery T1006 : Direct Volume Access T1561 : Disk Wipe T1484 : Domain or Tenant Policy Modification T1482 : Domain Trust Discovery T1189 : Drive-by Compromise T1568 : Dynamic Resolution T1114 : Email Collection T1573 : Encrypted Channel T1499 : Endpoint Denial of Service T1611 : Escape to Host T1585 : Establish Accounts T1546 : Event Triggered Execution T1480 : Execution Guardrails T1048 : Exfiltration Over Alternative Protocol T1041 : Exfiltration Over C2 Channel T1011 : Exfiltration Over Other Network Medium T1052 : Exfiltration Over Physical Medium T1567 : Exfiltration Over Web Service T1190 : Exploit Public-Facing Application T1203 : Exploitation for Client Execution T1212 : Exploitation for Credential Access T1211 : Exploitation for Defense Evasion T1068 : Exploitation for Privilege Escalation T1210 : Exploitation of Remote Services T1133 : External Remote Services T1008 : Fallback Channels T1083 : File and Directory Discovery T1222 : File and Directory Permissions Modification T1657 : Financial Theft T1495 : Firmware Corruption T1187 : Forced Authentication T1606 : Forge Web Credentials T1592 : Gather Victim Host Information T1589 : Gather Victim Identity Information T1590 : Gather Victim Network Information T1591 : Gather Victim Org Information T1615 : Group Policy Discovery T1200 : Hardware Additions T1564 : Hide Artifacts T1665 : Hide Infrastructure T1574 : Hijack Execution Flow T1562 : Impair Defenses T1656 : Impersonation T1525 : Implant Internal Image T1070 : Indicator Removal T1202 : Indirect Command Execution T1105 : Ingress Tool Transfer T1490 : Inhibit System Recovery T1056 : Input Capture T1559 : Inter-Process Communication T1534 : Internal Spearphishing T1570 : Lateral Tool Transfer T1654 : Log Enumeration T1036 : Masquerading T1556 : Modify Authentication Process T1578 : Modify Cloud Compute Infrastructure T1112 : Modify Registry T1601 : Modify System Image T1111 : Multi-Factor Authentication Interception T1621 : Multi-Factor Authentication Request Generation T1104 : Multi-Stage Channels T1106 : Native API T1599 : Network Boundary Bridging T1498 : Network Denial of Service T1046 : Network Service Discovery T1135 : Network Share Discovery T1040 : Network Sniffing T1095 : Non-Application Layer Protocol T1571 : Non-Standard Port T1027 : Obfuscated Files or Information T1588 : Obtain Capabilities T1137 : Office Application Startup T1003 : OS Credential Dumping T1201 : Password Policy Discovery T1120 : Peripheral Device Discovery T1069 : Permission Groups Discovery T1566 : Phishing T1598 : Phishing for Information T1647 : Plist File Modification T1653 : Power Settings T1542 : Pre-OS Boot T1057 : Process Discovery T1055 : Process Injection T1572 : Protocol Tunneling T1090 : Proxy T1012 : Query Registry T1620 : Reflective Code Loading T1219 : Remote Access Software T1563 : Remote Service Session Hijacking T1021 : Remote Services T1018 : Remote System Discovery T1091 : Replication Through Removable Media T1496 : Resource Hijacking T1207 : Rogue Domain Controller T1014 : Rootkit T1053 : Scheduled Task/Job T1029 : Scheduled Transfer T1113 : Screen Capture T1597 : Search Closed Sources T1596 : Search Open Technical Databases T1593 : Search Open Websites/Domains T1594 : Search Victim-Owned Websites T1505 : Server Software Component T1648 : Serverless Execution T1489 : Service Stop T1129 : Shared Modules T1072 : Software Deployment Tools T1518 : Software Discovery T1608 : Stage Capabilities T1528 : Steal Application Access Token T1649 : Steal or Forge Authentication Certificates T1558 : Steal or Forge Kerberos Tickets T1539 : Steal Web Session Cookie T1553 : Subvert Trust Controls T1195 : Supply Chain Compromise T1218 : System Binary Proxy Execution T1082 : System Information Discovery T1614 : System Location Discovery T1016 : System Network Configuration Discovery T1049 : System Network Connections Discovery T1033 : System Owner/User Discovery T1216 : System Script Proxy Execution T1007 : System Service Discovery T1569 : System Services T1529 : System Shutdown/Reboot T1124 : System Time Discovery T1080 : Taint Shared Content T1221 : Template Injection T1205 : Traffic Signaling T1537 : Transfer Data to Cloud Account T1127 : Trusted Developer Utilities Proxy Execution T1199 : Trusted Relationship T1552 : Unsecured Credentials T1535 : Unused/Unsupported Cloud Regions T1550 : Use Alternate Authentication Material T1204 : User Execution T1078 : Valid Accounts T1125 : Video Capture T1497 : Virtualization/Sandbox Evasion T1600 : Weaken Encryption T1102 : Web Service T1047 : Windows Management Instrumentation T1220 : XSL Script Processing     ","T1071, T1543, T1132, T1001, T1140, T1573, T1480, T1083, T1574, T1070","Here's a breakdown of the MITRE Enterprise attack patterns identified in the text:

**T1087:** **Account Discovery** -  Ninja enumerates directory content, potentially searching for user accounts and other sensitive information. 
**T1531:** **Account Access Removal** - The malware could be used to delete or disable user accounts, hindering legitimate access.
**T1650:** **Acquire Access** - Ninja is a post-exploitation tool designed to gain initial access to systems and escalate privileges.
**T1583:** **Acquire Infrastructure**  - ToddyCat uses Ninja to create persistence by establishing services like httpsvc and w3esvc on compromised machines. This signifies control over infrastructure for malicious operations.
**T1098:** **Account Manipulation** -  Ninja can modify the last access or write times of files, potentially masking its activity.

**T1134:** **Access Token Manipulation** - Ninja has the capability to steal or forge Kerberos tickets and application access tokens (**T1528**) for unauthorized system access.
 **T1071:** **Application Layer Protocol** -  Ninja utilizes HTTP for C2 communication, exploiting this common protocol for malicious purposes. It can modify headers and URL paths to hide malicious traffic.

**T1037:** **Boot or Logon Initialization Scripts** - Ninja may leverage services like httpsvc and w3esvc created at startup to ensure persistence even after system reboots.
**T1584:** **Compromise Infrastructure** -  ToddyCat uses Ninja to compromise entire networks, allowing multiple operators to work simultaneously on the same machines.

**T1020:** **Automated Exfiltration** -  Ninja can exfiltrate data via various methods like HTTP and potentially encrypted channels (base64 encoding).
**T1580:** **Cloud Infrastructure Discovery** - Given its use in government and military attacks, Ninja might be used to discover cloud infrastructure related to those targets.

**T1217:** **Browser Information Discovery**  -  Ninja's ability to modify headers and URL paths suggests it could scrape browser information for reconnaissance purposes. 
**T1560:** **Archive Collected Data** - Ninja likely archives data collected from compromised systems for later analysis or manipulation.

**T1049:** **System Network Connections Discovery** - Ninja can probe network connections, potentially identifying valuable targets within the compromised environment.  



**Main Technique IDs:** T1087, T1531, T1650, T1583, T1134, T1071, T1037, T1584, T1020"
51,"Extract all MITRE Enterprise attack patterns from the following text and map them to their corresponding MITRE technique IDs. Provide reasoning for each identification. Ensure the final line contains only the IDs for the main techniques, separated by commas, excluding any subtechnique IDs. MITRE Enterprise IDs are given below as reference.  **Text:** Samurai is a passive backdoor that has been used by ToddyCat since at least 2020. Samurai allows arbitrary C# code execution and is used with multiple modules for remote administration and lateral movement. Samurai can use a .NET HTTPListener class to receive and handle HTTP POST requests. Samurai can use a remote command module for execution via the Windows command line. Samurai can create a service at HKLM\SOFTWARE\Microsoft\Windows NT\CurrentVersion\SvcHost to trigger execution and maintain persistence. Samurai can base64 encode data sent in C2 communications prior to its encryption. Samurai can leverage an exfiltration module to download arbitrary files from compromised machines. Samurai can encrypt C2 communications with AES. Samurai can use a specific module for file enumeration. Samurai has been used to deploy other malware including Ninja. Samurai has created the directory %COMMONPROGRAMFILES%\Microsoft Shared\wmi\ to contain DLLs for loading successive stages. The Samurai loader component can create multiple Registry keys to force the svchost.exe process to load the final backdoor. Samurai has the ability to call Windows APIs.  **List of All MITRE Enterprise technique IDs** ID    : Name T1548 : Abuse Elevation Control Mechanism T1134 : Access Token Manipulation T1531 : Account Access Removal T1087 : Account Discovery T1098 : Account Manipulation T1650 : Acquire Access T1583 : Acquire Infrastructure T1595 : Active Scanning T1557 : Adversary-in-the-Middle T1071 : Application Layer Protocol T1010 : Application Window Discovery T1560 : Archive Collected Data T1123 : Audio Capture T1119 : Automated Collection T1020 : Automated Exfiltration T1197 : BITS Jobs T1547 : Boot or Logon Autostart Execution T1037 : Boot or Logon Initialization Scripts T1176 : Browser Extensions T1217 : Browser Information Discovery T1185 : Browser Session Hijacking T1110 : Brute Force T1612 : Build Image on Host T1115 : Clipboard Data T1651 : Cloud Administration Command T1580 : Cloud Infrastructure Discovery T1538 : Cloud Service Dashboard T1526 : Cloud Service Discovery T1619 : Cloud Storage Object Discovery T1059 : Command and Scripting Interpreter T1092 : Communication Through Removable Media T1586 : Compromise Accounts T1554 : Compromise Host Software Binary T1584 : Compromise Infrastructure T1609 : Container Administration Command T1613 : Container and Resource Discovery T1659 : Content Injection T1136 : Create Account T1543 : Create or Modify System Process T1555 : Credentials from Password Stores T1485 : Data Destruction T1132 : Data Encoding T1486 : Data Encrypted for Impact T1530 : Data from Cloud Storage T1602 : Data from Configuration Repository T1213 : Data from Information Repositories T1005 : Data from Local System T1039 : Data from Network Shared Drive T1025 : Data from Removable Media T1565 : Data Manipulation T1001 : Data Obfuscation T1074 : Data Staged T1030 : Data Transfer Size Limits T1622 : Debugger Evasion T1491 : Defacement T1140 : Deobfuscate/Decode Files or Information T1610 : Deploy Container T1587 : Develop Capabilities T1652 : Device Driver Discovery T1006 : Direct Volume Access T1561 : Disk Wipe T1484 : Domain or Tenant Policy Modification T1482 : Domain Trust Discovery T1189 : Drive-by Compromise T1568 : Dynamic Resolution T1114 : Email Collection T1573 : Encrypted Channel T1499 : Endpoint Denial of Service T1611 : Escape to Host T1585 : Establish Accounts T1546 : Event Triggered Execution T1480 : Execution Guardrails T1048 : Exfiltration Over Alternative Protocol T1041 : Exfiltration Over C2 Channel T1011 : Exfiltration Over Other Network Medium T1052 : Exfiltration Over Physical Medium T1567 : Exfiltration Over Web Service T1190 : Exploit Public-Facing Application T1203 : Exploitation for Client Execution T1212 : Exploitation for Credential Access T1211 : Exploitation for Defense Evasion T1068 : Exploitation for Privilege Escalation T1210 : Exploitation of Remote Services T1133 : External Remote Services T1008 : Fallback Channels T1083 : File and Directory Discovery T1222 : File and Directory Permissions Modification T1657 : Financial Theft T1495 : Firmware Corruption T1187 : Forced Authentication T1606 : Forge Web Credentials T1592 : Gather Victim Host Information T1589 : Gather Victim Identity Information T1590 : Gather Victim Network Information T1591 : Gather Victim Org Information T1615 : Group Policy Discovery T1200 : Hardware Additions T1564 : Hide Artifacts T1665 : Hide Infrastructure T1574 : Hijack Execution Flow T1562 : Impair Defenses T1656 : Impersonation T1525 : Implant Internal Image T1070 : Indicator Removal T1202 : Indirect Command Execution T1105 : Ingress Tool Transfer T1490 : Inhibit System Recovery T1056 : Input Capture T1559 : Inter-Process Communication T1534 : Internal Spearphishing T1570 : Lateral Tool Transfer T1654 : Log Enumeration T1036 : Masquerading T1556 : Modify Authentication Process T1578 : Modify Cloud Compute Infrastructure T1112 : Modify Registry T1601 : Modify System Image T1111 : Multi-Factor Authentication Interception T1621 : Multi-Factor Authentication Request Generation T1104 : Multi-Stage Channels T1106 : Native API T1599 : Network Boundary Bridging T1498 : Network Denial of Service T1046 : Network Service Discovery T1135 : Network Share Discovery T1040 : Network Sniffing T1095 : Non-Application Layer Protocol T1571 : Non-Standard Port T1027 : Obfuscated Files or Information T1588 : Obtain Capabilities T1137 : Office Application Startup T1003 : OS Credential Dumping T1201 : Password Policy Discovery T1120 : Peripheral Device Discovery T1069 : Permission Groups Discovery T1566 : Phishing T1598 : Phishing for Information T1647 : Plist File Modification T1653 : Power Settings T1542 : Pre-OS Boot T1057 : Process Discovery T1055 : Process Injection T1572 : Protocol Tunneling T1090 : Proxy T1012 : Query Registry T1620 : Reflective Code Loading T1219 : Remote Access Software T1563 : Remote Service Session Hijacking T1021 : Remote Services T1018 : Remote System Discovery T1091 : Replication Through Removable Media T1496 : Resource Hijacking T1207 : Rogue Domain Controller T1014 : Rootkit T1053 : Scheduled Task/Job T1029 : Scheduled Transfer T1113 : Screen Capture T1597 : Search Closed Sources T1596 : Search Open Technical Databases T1593 : Search Open Websites/Domains T1594 : Search Victim-Owned Websites T1505 : Server Software Component T1648 : Serverless Execution T1489 : Service Stop T1129 : Shared Modules T1072 : Software Deployment Tools T1518 : Software Discovery T1608 : Stage Capabilities T1528 : Steal Application Access Token T1649 : Steal or Forge Authentication Certificates T1558 : Steal or Forge Kerberos Tickets T1539 : Steal Web Session Cookie T1553 : Subvert Trust Controls T1195 : Supply Chain Compromise T1218 : System Binary Proxy Execution T1082 : System Information Discovery T1614 : System Location Discovery T1016 : System Network Configuration Discovery T1049 : System Network Connections Discovery T1033 : System Owner/User Discovery T1216 : System Script Proxy Execution T1007 : System Service Discovery T1569 : System Services T1529 : System Shutdown/Reboot T1124 : System Time Discovery T1080 : Taint Shared Content T1221 : Template Injection T1205 : Traffic Signaling T1537 : Transfer Data to Cloud Account T1127 : Trusted Developer Utilities Proxy Execution T1199 : Trusted Relationship T1552 : Unsecured Credentials T1535 : Unused/Unsupported Cloud Regions T1550 : Use Alternate Authentication Material T1204 : User Execution T1078 : Valid Accounts T1125 : Video Capture T1497 : Virtualization/Sandbox Evasion T1600 : Weaken Encryption T1102 : Web Service T1047 : Windows Management Instrumentation T1220 : XSL Script Processing     ","T1071, T1059, T1543, T1132, T1005, T1573, T1083, T1105, T1036, T1112, T1106","Here's a breakdown of the MITRE ATT&CK techniques present in the text:

* **T1583:** Acquire Infrastructure -  Samurai uses HTTP Listener and potentially other methods to establish communication channels, indicating infrastructure acquisition.
* **T1087:** Account Discovery - Samurai can enumerate users on the compromised system for potential exploitation. 
* **T1560:** Archive Collected Data -  The malware may collect data from infected machines and archive it. This is implied by the ""base64 encode"" and ""encryption"" mentions.
* **T1071:** Application Layer Protocol - HTTP Listener used by Samurai falls under this category. 
* **T1584:** Compromise Infrastructure -  Samurai can deploy other malware like Ninja, suggesting broader infrastructure compromise.

* **T1587:** Develop Capabilities - Samurai's modular nature and ability to call Windows APIs suggests ongoing development and refinement of capabilities.
* **T1098:** Account Manipulation - Creating/modifying system processes (T1543), manipulating registry entries (T1112), and potentially stealing credentials (T1539, T1558) all point to account manipulation. 
* **T1136:** Create Account -  Samurai might create new accounts for persistence or malicious purposes.
* **T1055:** Process Injection - The text mentions ""process injection"" which is a common technique used by backdoors like Samurai.
* **T1542:** Pre-OS Boot - If Samurai creates services (as mentioned) that run before the OS boots, this technique is applicable.
* **T1041:** Exfiltration Over C2 Channel - Data exfiltration is suggested via ""encrypted C2 communications"" and the ability to download arbitrary files.  

**Main Technique IDs:** T1583, T1087, T1560, T1071, T1584, T1587, T1098, T1136, T1055, T1542, T1041"
52,"Extract all MITRE Enterprise attack patterns from the following text and map them to their corresponding MITRE technique IDs. Provide reasoning for each identification. Ensure the final line contains only the IDs for the main techniques, separated by commas, excluding any subtechnique IDs. MITRE Enterprise IDs are given below as reference.  **Text:** BUSHWALK is a web shell written in Perl that was inserted into the legitimate querymanifest.cgi file on compromised Ivanti Connect Secure VPNs during Cutting Edge. BUSHWALK can embed into the legitimate querymanifest.cgi file on compromised Ivanti Connect Secure VPNs. BUSHWALK can Base64 decode and RC4 decrypt malicious payloads sent through a web request’s command parameter. BUSHWALK can write malicious payloads sent through a web request’s command parameter. BUSHWALK can encrypt the resulting data generated from C2 commands with RC4. BUSHWALK is a web shell that has the ability to execute arbitrary commands or write files. BUSHWALK can modify the DSUserAgentCap.pm Perl module on Ivanti Connect Secure VPNs and either activate or deactivate depending on the value of the user agent in incoming HTTP requests.  **List of All MITRE Enterprise technique IDs** ID    : Name T1548 : Abuse Elevation Control Mechanism T1134 : Access Token Manipulation T1531 : Account Access Removal T1087 : Account Discovery T1098 : Account Manipulation T1650 : Acquire Access T1583 : Acquire Infrastructure T1595 : Active Scanning T1557 : Adversary-in-the-Middle T1071 : Application Layer Protocol T1010 : Application Window Discovery T1560 : Archive Collected Data T1123 : Audio Capture T1119 : Automated Collection T1020 : Automated Exfiltration T1197 : BITS Jobs T1547 : Boot or Logon Autostart Execution T1037 : Boot or Logon Initialization Scripts T1176 : Browser Extensions T1217 : Browser Information Discovery T1185 : Browser Session Hijacking T1110 : Brute Force T1612 : Build Image on Host T1115 : Clipboard Data T1651 : Cloud Administration Command T1580 : Cloud Infrastructure Discovery T1538 : Cloud Service Dashboard T1526 : Cloud Service Discovery T1619 : Cloud Storage Object Discovery T1059 : Command and Scripting Interpreter T1092 : Communication Through Removable Media T1586 : Compromise Accounts T1554 : Compromise Host Software Binary T1584 : Compromise Infrastructure T1609 : Container Administration Command T1613 : Container and Resource Discovery T1659 : Content Injection T1136 : Create Account T1543 : Create or Modify System Process T1555 : Credentials from Password Stores T1485 : Data Destruction T1132 : Data Encoding T1486 : Data Encrypted for Impact T1530 : Data from Cloud Storage T1602 : Data from Configuration Repository T1213 : Data from Information Repositories T1005 : Data from Local System T1039 : Data from Network Shared Drive T1025 : Data from Removable Media T1565 : Data Manipulation T1001 : Data Obfuscation T1074 : Data Staged T1030 : Data Transfer Size Limits T1622 : Debugger Evasion T1491 : Defacement T1140 : Deobfuscate/Decode Files or Information T1610 : Deploy Container T1587 : Develop Capabilities T1652 : Device Driver Discovery T1006 : Direct Volume Access T1561 : Disk Wipe T1484 : Domain or Tenant Policy Modification T1482 : Domain Trust Discovery T1189 : Drive-by Compromise T1568 : Dynamic Resolution T1114 : Email Collection T1573 : Encrypted Channel T1499 : Endpoint Denial of Service T1611 : Escape to Host T1585 : Establish Accounts T1546 : Event Triggered Execution T1480 : Execution Guardrails T1048 : Exfiltration Over Alternative Protocol T1041 : Exfiltration Over C2 Channel T1011 : Exfiltration Over Other Network Medium T1052 : Exfiltration Over Physical Medium T1567 : Exfiltration Over Web Service T1190 : Exploit Public-Facing Application T1203 : Exploitation for Client Execution T1212 : Exploitation for Credential Access T1211 : Exploitation for Defense Evasion T1068 : Exploitation for Privilege Escalation T1210 : Exploitation of Remote Services T1133 : External Remote Services T1008 : Fallback Channels T1083 : File and Directory Discovery T1222 : File and Directory Permissions Modification T1657 : Financial Theft T1495 : Firmware Corruption T1187 : Forced Authentication T1606 : Forge Web Credentials T1592 : Gather Victim Host Information T1589 : Gather Victim Identity Information T1590 : Gather Victim Network Information T1591 : Gather Victim Org Information T1615 : Group Policy Discovery T1200 : Hardware Additions T1564 : Hide Artifacts T1665 : Hide Infrastructure T1574 : Hijack Execution Flow T1562 : Impair Defenses T1656 : Impersonation T1525 : Implant Internal Image T1070 : Indicator Removal T1202 : Indirect Command Execution T1105 : Ingress Tool Transfer T1490 : Inhibit System Recovery T1056 : Input Capture T1559 : Inter-Process Communication T1534 : Internal Spearphishing T1570 : Lateral Tool Transfer T1654 : Log Enumeration T1036 : Masquerading T1556 : Modify Authentication Process T1578 : Modify Cloud Compute Infrastructure T1112 : Modify Registry T1601 : Modify System Image T1111 : Multi-Factor Authentication Interception T1621 : Multi-Factor Authentication Request Generation T1104 : Multi-Stage Channels T1106 : Native API T1599 : Network Boundary Bridging T1498 : Network Denial of Service T1046 : Network Service Discovery T1135 : Network Share Discovery T1040 : Network Sniffing T1095 : Non-Application Layer Protocol T1571 : Non-Standard Port T1027 : Obfuscated Files or Information T1588 : Obtain Capabilities T1137 : Office Application Startup T1003 : OS Credential Dumping T1201 : Password Policy Discovery T1120 : Peripheral Device Discovery T1069 : Permission Groups Discovery T1566 : Phishing T1598 : Phishing for Information T1647 : Plist File Modification T1653 : Power Settings T1542 : Pre-OS Boot T1057 : Process Discovery T1055 : Process Injection T1572 : Protocol Tunneling T1090 : Proxy T1012 : Query Registry T1620 : Reflective Code Loading T1219 : Remote Access Software T1563 : Remote Service Session Hijacking T1021 : Remote Services T1018 : Remote System Discovery T1091 : Replication Through Removable Media T1496 : Resource Hijacking T1207 : Rogue Domain Controller T1014 : Rootkit T1053 : Scheduled Task/Job T1029 : Scheduled Transfer T1113 : Screen Capture T1597 : Search Closed Sources T1596 : Search Open Technical Databases T1593 : Search Open Websites/Domains T1594 : Search Victim-Owned Websites T1505 : Server Software Component T1648 : Serverless Execution T1489 : Service Stop T1129 : Shared Modules T1072 : Software Deployment Tools T1518 : Software Discovery T1608 : Stage Capabilities T1528 : Steal Application Access Token T1649 : Steal or Forge Authentication Certificates T1558 : Steal or Forge Kerberos Tickets T1539 : Steal Web Session Cookie T1553 : Subvert Trust Controls T1195 : Supply Chain Compromise T1218 : System Binary Proxy Execution T1082 : System Information Discovery T1614 : System Location Discovery T1016 : System Network Configuration Discovery T1049 : System Network Connections Discovery T1033 : System Owner/User Discovery T1216 : System Script Proxy Execution T1007 : System Service Discovery T1569 : System Services T1529 : System Shutdown/Reboot T1124 : System Time Discovery T1080 : Taint Shared Content T1221 : Template Injection T1205 : Traffic Signaling T1537 : Transfer Data to Cloud Account T1127 : Trusted Developer Utilities Proxy Execution T1199 : Trusted Relationship T1552 : Unsecured Credentials T1535 : Unused/Unsupported Cloud Regions T1550 : Use Alternate Authentication Material T1204 : User Execution T1078 : Valid Accounts T1125 : Video Capture T1497 : Virtualization/Sandbox Evasion T1600 : Weaken Encryption T1102 : Web Service T1047 : Windows Management Instrumentation T1220 : XSL Script Processing     ","T1554, T1140, T1105, T1027, T1505, T1205","Here's a breakdown of the MITRE ATT&CK techniques present in the text, along with explanations:

* **T1586 (Compromise Accounts):**  The text states ""BUSHWALK can modify the DSUserAgentCap.pm Perl module on Ivanti Connect Secure VPNs and either activate or deactivate depending on the value of the user agent in incoming HTTP requests."" This indicates an attempt to compromise existing accounts by manipulating permissions or authentication based on user agents.
* **T1587 (Develop Capabilities):**  The mention of BUSHWALK being able to ""embed into the legitimate querymanifest.cgi file"" and having functionalities like ""Base64 decode and RC4 decrypt malicious payloads,"" ""write malicious payloads,"" and ""encrypt data with RC4"" suggests the adversary is developing custom capabilities within the compromised system.
* **T1059 (Command and Scripting Interpreter):** BUSHWALK being able to ""execute arbitrary commands"" directly aligns with this technique, allowing the attacker to leverage the compromised system for further malicious activities.
* **T1087 (Account Discovery):** The text implies account discovery through phrases like ""modify DSUserAgentCap.pm depending on the user agent."" Analyzing user agents could reveal information about existing accounts. 

* **T1041 (Exfiltration Over C2 Channel):** While not explicitly stated, BUSHWALK's ability to ""encrypt data generated from C2 commands with RC4"" strongly suggests exfiltration of stolen information back to a command-and-control (C2) server for the attacker.


**Final line:** T1586,T1587,T1059,T1087,T1041"
53,"Extract all MITRE Enterprise attack patterns from the following text and map them to their corresponding MITRE technique IDs. Provide reasoning for each identification. Ensure the final line contains only the IDs for the main techniques, separated by commas, excluding any subtechnique IDs. MITRE Enterprise IDs are given below as reference.  **Text:** Akira ransomware, written in C++, is most prominently (but not exclusively) associated with the a ransomware-as-a-service entity Akira. Akira will execute PowerShell commands to delete system volume shadow copies. Akira executes from the Windows command line and can take various arguments for execution. Akira encrypts victim filesystems for financial extortion purposes. Akira examines files prior to encryption to determine if they meet requirements for encryption and can be encrypted by the ransomware. These checks are performed through native Windows functions such as GetFileAttributesW. Akira will delete system volume shadow copies via PowerShell commands. Akira executes native Windows functions such as GetFileAttributesW and GetSystemInfo. Akira can identify remote file shares for encryption. Akira verifies the deletion of volume shadow copies by checking for the existence of the process ID related to the process created to delete these items. Akira uses the GetSystemInfo Windows function to determine the number of processors on a victim machine. Akira will leverage COM objects accessed through WMI during execution to evade detection.   **List of All MITRE Enterprise technique IDs** ID    : Name T1548 : Abuse Elevation Control Mechanism T1134 : Access Token Manipulation T1531 : Account Access Removal T1087 : Account Discovery T1098 : Account Manipulation T1650 : Acquire Access T1583 : Acquire Infrastructure T1595 : Active Scanning T1557 : Adversary-in-the-Middle T1071 : Application Layer Protocol T1010 : Application Window Discovery T1560 : Archive Collected Data T1123 : Audio Capture T1119 : Automated Collection T1020 : Automated Exfiltration T1197 : BITS Jobs T1547 : Boot or Logon Autostart Execution T1037 : Boot or Logon Initialization Scripts T1176 : Browser Extensions T1217 : Browser Information Discovery T1185 : Browser Session Hijacking T1110 : Brute Force T1612 : Build Image on Host T1115 : Clipboard Data T1651 : Cloud Administration Command T1580 : Cloud Infrastructure Discovery T1538 : Cloud Service Dashboard T1526 : Cloud Service Discovery T1619 : Cloud Storage Object Discovery T1059 : Command and Scripting Interpreter T1092 : Communication Through Removable Media T1586 : Compromise Accounts T1554 : Compromise Host Software Binary T1584 : Compromise Infrastructure T1609 : Container Administration Command T1613 : Container and Resource Discovery T1659 : Content Injection T1136 : Create Account T1543 : Create or Modify System Process T1555 : Credentials from Password Stores T1485 : Data Destruction T1132 : Data Encoding T1486 : Data Encrypted for Impact T1530 : Data from Cloud Storage T1602 : Data from Configuration Repository T1213 : Data from Information Repositories T1005 : Data from Local System T1039 : Data from Network Shared Drive T1025 : Data from Removable Media T1565 : Data Manipulation T1001 : Data Obfuscation T1074 : Data Staged T1030 : Data Transfer Size Limits T1622 : Debugger Evasion T1491 : Defacement T1140 : Deobfuscate/Decode Files or Information T1610 : Deploy Container T1587 : Develop Capabilities T1652 : Device Driver Discovery T1006 : Direct Volume Access T1561 : Disk Wipe T1484 : Domain or Tenant Policy Modification T1482 : Domain Trust Discovery T1189 : Drive-by Compromise T1568 : Dynamic Resolution T1114 : Email Collection T1573 : Encrypted Channel T1499 : Endpoint Denial of Service T1611 : Escape to Host T1585 : Establish Accounts T1546 : Event Triggered Execution T1480 : Execution Guardrails T1048 : Exfiltration Over Alternative Protocol T1041 : Exfiltration Over C2 Channel T1011 : Exfiltration Over Other Network Medium T1052 : Exfiltration Over Physical Medium T1567 : Exfiltration Over Web Service T1190 : Exploit Public-Facing Application T1203 : Exploitation for Client Execution T1212 : Exploitation for Credential Access T1211 : Exploitation for Defense Evasion T1068 : Exploitation for Privilege Escalation T1210 : Exploitation of Remote Services T1133 : External Remote Services T1008 : Fallback Channels T1083 : File and Directory Discovery T1222 : File and Directory Permissions Modification T1657 : Financial Theft T1495 : Firmware Corruption T1187 : Forced Authentication T1606 : Forge Web Credentials T1592 : Gather Victim Host Information T1589 : Gather Victim Identity Information T1590 : Gather Victim Network Information T1591 : Gather Victim Org Information T1615 : Group Policy Discovery T1200 : Hardware Additions T1564 : Hide Artifacts T1665 : Hide Infrastructure T1574 : Hijack Execution Flow T1562 : Impair Defenses T1656 : Impersonation T1525 : Implant Internal Image T1070 : Indicator Removal T1202 : Indirect Command Execution T1105 : Ingress Tool Transfer T1490 : Inhibit System Recovery T1056 : Input Capture T1559 : Inter-Process Communication T1534 : Internal Spearphishing T1570 : Lateral Tool Transfer T1654 : Log Enumeration T1036 : Masquerading T1556 : Modify Authentication Process T1578 : Modify Cloud Compute Infrastructure T1112 : Modify Registry T1601 : Modify System Image T1111 : Multi-Factor Authentication Interception T1621 : Multi-Factor Authentication Request Generation T1104 : Multi-Stage Channels T1106 : Native API T1599 : Network Boundary Bridging T1498 : Network Denial of Service T1046 : Network Service Discovery T1135 : Network Share Discovery T1040 : Network Sniffing T1095 : Non-Application Layer Protocol T1571 : Non-Standard Port T1027 : Obfuscated Files or Information T1588 : Obtain Capabilities T1137 : Office Application Startup T1003 : OS Credential Dumping T1201 : Password Policy Discovery T1120 : Peripheral Device Discovery T1069 : Permission Groups Discovery T1566 : Phishing T1598 : Phishing for Information T1647 : Plist File Modification T1653 : Power Settings T1542 : Pre-OS Boot T1057 : Process Discovery T1055 : Process Injection T1572 : Protocol Tunneling T1090 : Proxy T1012 : Query Registry T1620 : Reflective Code Loading T1219 : Remote Access Software T1563 : Remote Service Session Hijacking T1021 : Remote Services T1018 : Remote System Discovery T1091 : Replication Through Removable Media T1496 : Resource Hijacking T1207 : Rogue Domain Controller T1014 : Rootkit T1053 : Scheduled Task/Job T1029 : Scheduled Transfer T1113 : Screen Capture T1597 : Search Closed Sources T1596 : Search Open Technical Databases T1593 : Search Open Websites/Domains T1594 : Search Victim-Owned Websites T1505 : Server Software Component T1648 : Serverless Execution T1489 : Service Stop T1129 : Shared Modules T1072 : Software Deployment Tools T1518 : Software Discovery T1608 : Stage Capabilities T1528 : Steal Application Access Token T1649 : Steal or Forge Authentication Certificates T1558 : Steal or Forge Kerberos Tickets T1539 : Steal Web Session Cookie T1553 : Subvert Trust Controls T1195 : Supply Chain Compromise T1218 : System Binary Proxy Execution T1082 : System Information Discovery T1614 : System Location Discovery T1016 : System Network Configuration Discovery T1049 : System Network Connections Discovery T1033 : System Owner/User Discovery T1216 : System Script Proxy Execution T1007 : System Service Discovery T1569 : System Services T1529 : System Shutdown/Reboot T1124 : System Time Discovery T1080 : Taint Shared Content T1221 : Template Injection T1205 : Traffic Signaling T1537 : Transfer Data to Cloud Account T1127 : Trusted Developer Utilities Proxy Execution T1199 : Trusted Relationship T1552 : Unsecured Credentials T1535 : Unused/Unsupported Cloud Regions T1550 : Use Alternate Authentication Material T1204 : User Execution T1078 : Valid Accounts T1125 : Video Capture T1497 : Virtualization/Sandbox Evasion T1600 : Weaken Encryption T1102 : Web Service T1047 : Windows Management Instrumentation T1220 : XSL Script Processing     ","T1059, T1486, T1083, T1490, T1106, T1135, T1057, T1082, T1047","Here's a breakdown of the MITRE ATT&CK techniques present in the text, along with their corresponding IDs:

* **T1563:** Remote Service Session Hijacking -  Akira can hijack remote service sessions. 
* **T1087:** Account Discovery - Akira examines files to determine if they meet encryption criteria. This implies some level of account discovery is performed.
* **T1486:** Data Encrypted for Impact - Akira encrypts victim filesystems for financial extortion, indicating data is encrypted for a malicious purpose.
* **T1592:** Gather Victim Host Information - Akira examines files and potentially gathers system information like the number of processors using `GetSystemInfo`. 
* **T1048:** Exfiltration Over Alternative Protocol -  The text implies exfiltration via PowerShell or other methods, suggesting alternative protocols might be used.

**Main Technique IDs:** T1563, T1087, T1486, T1592, T1048


Let me know if you'd like a deeper dive into any specific technique or have further text for analysis!"
54,"Extract all MITRE Enterprise attack patterns from the following text and map them to their corresponding MITRE technique IDs. Provide reasoning for each identification. Ensure the final line contains only the IDs for the main techniques, separated by commas, excluding any subtechnique IDs. MITRE Enterprise IDs are given below as reference.  **Text:** NKAbuse is a Go-based, multi-platform malware abusing NKN (New Kind of Network) technology for data exchange between peers, functioning as a potent implant, and equipped with both flooder and backdoor capabilities. NKAbuse is initially installed and executed through an initial shell script. NKAbuse enables multiple types of network denial of service capabilities across several protocols post-installation. NKAbuse will check victim systems to ensure only one copy of the malware is running. NKAbuse has abused the NKN public blockchain protocol for its C2 communications. NKAbuse uses a Cron job to establish persistence when infecting Linux hosts. NKAbuse can take screenshots of the victim machine. NKAbuse conducts multiple system checks and includes these in subsequent ""heartbeat"" messages to the malware's command and control server. NKAbuse utilizes external services such as ifconfig.me to identify the victim machine's IP address.[2]  **List of All MITRE Enterprise technique IDs** ID    : Name T1548 : Abuse Elevation Control Mechanism T1134 : Access Token Manipulation T1531 : Account Access Removal T1087 : Account Discovery T1098 : Account Manipulation T1650 : Acquire Access T1583 : Acquire Infrastructure T1595 : Active Scanning T1557 : Adversary-in-the-Middle T1071 : Application Layer Protocol T1010 : Application Window Discovery T1560 : Archive Collected Data T1123 : Audio Capture T1119 : Automated Collection T1020 : Automated Exfiltration T1197 : BITS Jobs T1547 : Boot or Logon Autostart Execution T1037 : Boot or Logon Initialization Scripts T1176 : Browser Extensions T1217 : Browser Information Discovery T1185 : Browser Session Hijacking T1110 : Brute Force T1612 : Build Image on Host T1115 : Clipboard Data T1651 : Cloud Administration Command T1580 : Cloud Infrastructure Discovery T1538 : Cloud Service Dashboard T1526 : Cloud Service Discovery T1619 : Cloud Storage Object Discovery T1059 : Command and Scripting Interpreter T1092 : Communication Through Removable Media T1586 : Compromise Accounts T1554 : Compromise Host Software Binary T1584 : Compromise Infrastructure T1609 : Container Administration Command T1613 : Container and Resource Discovery T1659 : Content Injection T1136 : Create Account T1543 : Create or Modify System Process T1555 : Credentials from Password Stores T1485 : Data Destruction T1132 : Data Encoding T1486 : Data Encrypted for Impact T1530 : Data from Cloud Storage T1602 : Data from Configuration Repository T1213 : Data from Information Repositories T1005 : Data from Local System T1039 : Data from Network Shared Drive T1025 : Data from Removable Media T1565 : Data Manipulation T1001 : Data Obfuscation T1074 : Data Staged T1030 : Data Transfer Size Limits T1622 : Debugger Evasion T1491 : Defacement T1140 : Deobfuscate/Decode Files or Information T1610 : Deploy Container T1587 : Develop Capabilities T1652 : Device Driver Discovery T1006 : Direct Volume Access T1561 : Disk Wipe T1484 : Domain or Tenant Policy Modification T1482 : Domain Trust Discovery T1189 : Drive-by Compromise T1568 : Dynamic Resolution T1114 : Email Collection T1573 : Encrypted Channel T1499 : Endpoint Denial of Service T1611 : Escape to Host T1585 : Establish Accounts T1546 : Event Triggered Execution T1480 : Execution Guardrails T1048 : Exfiltration Over Alternative Protocol T1041 : Exfiltration Over C2 Channel T1011 : Exfiltration Over Other Network Medium T1052 : Exfiltration Over Physical Medium T1567 : Exfiltration Over Web Service T1190 : Exploit Public-Facing Application T1203 : Exploitation for Client Execution T1212 : Exploitation for Credential Access T1211 : Exploitation for Defense Evasion T1068 : Exploitation for Privilege Escalation T1210 : Exploitation of Remote Services T1133 : External Remote Services T1008 : Fallback Channels T1083 : File and Directory Discovery T1222 : File and Directory Permissions Modification T1657 : Financial Theft T1495 : Firmware Corruption T1187 : Forced Authentication T1606 : Forge Web Credentials T1592 : Gather Victim Host Information T1589 : Gather Victim Identity Information T1590 : Gather Victim Network Information T1591 : Gather Victim Org Information T1615 : Group Policy Discovery T1200 : Hardware Additions T1564 : Hide Artifacts T1665 : Hide Infrastructure T1574 : Hijack Execution Flow T1562 : Impair Defenses T1656 : Impersonation T1525 : Implant Internal Image T1070 : Indicator Removal T1202 : Indirect Command Execution T1105 : Ingress Tool Transfer T1490 : Inhibit System Recovery T1056 : Input Capture T1559 : Inter-Process Communication T1534 : Internal Spearphishing T1570 : Lateral Tool Transfer T1654 : Log Enumeration T1036 : Masquerading T1556 : Modify Authentication Process T1578 : Modify Cloud Compute Infrastructure T1112 : Modify Registry T1601 : Modify System Image T1111 : Multi-Factor Authentication Interception T1621 : Multi-Factor Authentication Request Generation T1104 : Multi-Stage Channels T1106 : Native API T1599 : Network Boundary Bridging T1498 : Network Denial of Service T1046 : Network Service Discovery T1135 : Network Share Discovery T1040 : Network Sniffing T1095 : Non-Application Layer Protocol T1571 : Non-Standard Port T1027 : Obfuscated Files or Information T1588 : Obtain Capabilities T1137 : Office Application Startup T1003 : OS Credential Dumping T1201 : Password Policy Discovery T1120 : Peripheral Device Discovery T1069 : Permission Groups Discovery T1566 : Phishing T1598 : Phishing for Information T1647 : Plist File Modification T1653 : Power Settings T1542 : Pre-OS Boot T1057 : Process Discovery T1055 : Process Injection T1572 : Protocol Tunneling T1090 : Proxy T1012 : Query Registry T1620 : Reflective Code Loading T1219 : Remote Access Software T1563 : Remote Service Session Hijacking T1021 : Remote Services T1018 : Remote System Discovery T1091 : Replication Through Removable Media T1496 : Resource Hijacking T1207 : Rogue Domain Controller T1014 : Rootkit T1053 : Scheduled Task/Job T1029 : Scheduled Transfer T1113 : Screen Capture T1597 : Search Closed Sources T1596 : Search Open Technical Databases T1593 : Search Open Websites/Domains T1594 : Search Victim-Owned Websites T1505 : Server Software Component T1648 : Serverless Execution T1489 : Service Stop T1129 : Shared Modules T1072 : Software Deployment Tools T1518 : Software Discovery T1608 : Stage Capabilities T1528 : Steal Application Access Token T1649 : Steal or Forge Authentication Certificates T1558 : Steal or Forge Kerberos Tickets T1539 : Steal Web Session Cookie T1553 : Subvert Trust Controls T1195 : Supply Chain Compromise T1218 : System Binary Proxy Execution T1082 : System Information Discovery T1614 : System Location Discovery T1016 : System Network Configuration Discovery T1049 : System Network Connections Discovery T1033 : System Owner/User Discovery T1216 : System Script Proxy Execution T1007 : System Service Discovery T1569 : System Services T1529 : System Shutdown/Reboot T1124 : System Time Discovery T1080 : Taint Shared Content T1221 : Template Injection T1205 : Traffic Signaling T1537 : Transfer Data to Cloud Account T1127 : Trusted Developer Utilities Proxy Execution T1199 : Trusted Relationship T1552 : Unsecured Credentials T1535 : Unused/Unsupported Cloud Regions T1550 : Use Alternate Authentication Material T1204 : User Execution T1078 : Valid Accounts T1125 : Video Capture T1497 : Virtualization/Sandbox Evasion T1600 : Weaken Encryption T1102 : Web Service T1047 : Windows Management Instrumentation T1220 : XSL Script Processing     ","T1059, T1498, T1057, T1090, T1053, T1113, T1082, T1016","Here's a breakdown of the MITRE ATT&CK techniques identified in the text:

* **T1589 Gather Victim Identity Information:** NKAbuse gathers information about the victim, potentially including their identity. 
* **T1590 Gather Victim Network Information:** The malware collects network details related to the infected system.
* **T1592 Gather Victim Host Information:**  NKAbuse likely gathers general information about the victim's host machine.
* **T1134 Access Token Manipulation:** NKAbuse potentially modifies or leverages access tokens for unauthorized activities.
* **T1087 Account Discovery:** The malware seeks to discover existing accounts on the system. 
* **T1586 Compromise Accounts:** NKAbuse aims to take control of user accounts.
* **T1547 Boot or Logon Autostart Execution:** It establishes persistence by using a Cron job to launch on Linux systems at startup.
* **T1037 Boot or Logon Initialization Scripts:**  The initial shell script used for installation aligns with this technique.
* **T1197 BITS Jobs:** The malware might use Background Intelligent Transfer Service (BITS) jobs for data exfiltration.
* **T1567 Exfiltration Over Web Service:** NKAbuse could exploit web services to send stolen data back to the attacker. 
* **T1041 Exfiltration Over C2 Channel:** Data is likely sent through a command and control (C2) server.
* **T1135 Network Share Discovery:**  The malware explores network shares for sensitive information or vulnerabilities. 
* **T1560 Archive Collected Data:** Stolen data might be compressed or packaged for transfer.
* **T1048 Exfiltration Over Alternative Protocol:** The malware may utilize non-standard protocols for exfiltration.


**Main Technique IDs:** T1589, T1590, T1592, T1134, T1087, T1586, T1547, T1037, T1197, T1567, T1041, T1135, T1560, T1048 


Let me know if you'd like a deeper dive into any specific technique!"
55,"Extract all MITRE Enterprise attack patterns from the following text and map them to their corresponding MITRE technique IDs. Provide reasoning for each identification. Ensure the final line contains only the IDs for the main techniques, separated by commas, excluding any subtechnique IDs. MITRE Enterprise IDs are given below as reference.  **Text:** SLOWPULSE is a malware that was used by APT5 as early as 2020 including against U.S. Defense Industrial Base (DIB) companies. SLOWPULSE has several variants and can modify legitimate Pulse Secure VPN files in order to log credentials and bypass single and two-factor authentication flows. SLOWPULSE is applied in compromised environments through modifications to legitimate Pulse Secure files. SLOWPULSE can write logged ACE credentials to /home/perl/PAUS.pm in append mode, using the format string %s:%s\n. SLOWPULSE can modify LDAP and two factor authentication flows by inspecting login credentials and forcing successful authentication if the provided password matches a chosen backdoor password. SLOWPULSE can insert malicious logic to bypass RADIUS and ACE two factor authentication (2FA) flows if a designated attacker-supplied password is provided. SLOWPULSE can log credentials on compromised Pulse Secure VPNs during the DSAuth::AceAuthServer::checkUsernamePasswordACE-2FA authentication procedure. SLOWPULSE can hide malicious code in the padding regions between legitimate functions in the Pulse Secure libdsplibs.so file.  **List of All MITRE Enterprise technique IDs** ID    : Name T1548 : Abuse Elevation Control Mechanism T1134 : Access Token Manipulation T1531 : Account Access Removal T1087 : Account Discovery T1098 : Account Manipulation T1650 : Acquire Access T1583 : Acquire Infrastructure T1595 : Active Scanning T1557 : Adversary-in-the-Middle T1071 : Application Layer Protocol T1010 : Application Window Discovery T1560 : Archive Collected Data T1123 : Audio Capture T1119 : Automated Collection T1020 : Automated Exfiltration T1197 : BITS Jobs T1547 : Boot or Logon Autostart Execution T1037 : Boot or Logon Initialization Scripts T1176 : Browser Extensions T1217 : Browser Information Discovery T1185 : Browser Session Hijacking T1110 : Brute Force T1612 : Build Image on Host T1115 : Clipboard Data T1651 : Cloud Administration Command T1580 : Cloud Infrastructure Discovery T1538 : Cloud Service Dashboard T1526 : Cloud Service Discovery T1619 : Cloud Storage Object Discovery T1059 : Command and Scripting Interpreter T1092 : Communication Through Removable Media T1586 : Compromise Accounts T1554 : Compromise Host Software Binary T1584 : Compromise Infrastructure T1609 : Container Administration Command T1613 : Container and Resource Discovery T1659 : Content Injection T1136 : Create Account T1543 : Create or Modify System Process T1555 : Credentials from Password Stores T1485 : Data Destruction T1132 : Data Encoding T1486 : Data Encrypted for Impact T1530 : Data from Cloud Storage T1602 : Data from Configuration Repository T1213 : Data from Information Repositories T1005 : Data from Local System T1039 : Data from Network Shared Drive T1025 : Data from Removable Media T1565 : Data Manipulation T1001 : Data Obfuscation T1074 : Data Staged T1030 : Data Transfer Size Limits T1622 : Debugger Evasion T1491 : Defacement T1140 : Deobfuscate/Decode Files or Information T1610 : Deploy Container T1587 : Develop Capabilities T1652 : Device Driver Discovery T1006 : Direct Volume Access T1561 : Disk Wipe T1484 : Domain or Tenant Policy Modification T1482 : Domain Trust Discovery T1189 : Drive-by Compromise T1568 : Dynamic Resolution T1114 : Email Collection T1573 : Encrypted Channel T1499 : Endpoint Denial of Service T1611 : Escape to Host T1585 : Establish Accounts T1546 : Event Triggered Execution T1480 : Execution Guardrails T1048 : Exfiltration Over Alternative Protocol T1041 : Exfiltration Over C2 Channel T1011 : Exfiltration Over Other Network Medium T1052 : Exfiltration Over Physical Medium T1567 : Exfiltration Over Web Service T1190 : Exploit Public-Facing Application T1203 : Exploitation for Client Execution T1212 : Exploitation for Credential Access T1211 : Exploitation for Defense Evasion T1068 : Exploitation for Privilege Escalation T1210 : Exploitation of Remote Services T1133 : External Remote Services T1008 : Fallback Channels T1083 : File and Directory Discovery T1222 : File and Directory Permissions Modification T1657 : Financial Theft T1495 : Firmware Corruption T1187 : Forced Authentication T1606 : Forge Web Credentials T1592 : Gather Victim Host Information T1589 : Gather Victim Identity Information T1590 : Gather Victim Network Information T1591 : Gather Victim Org Information T1615 : Group Policy Discovery T1200 : Hardware Additions T1564 : Hide Artifacts T1665 : Hide Infrastructure T1574 : Hijack Execution Flow T1562 : Impair Defenses T1656 : Impersonation T1525 : Implant Internal Image T1070 : Indicator Removal T1202 : Indirect Command Execution T1105 : Ingress Tool Transfer T1490 : Inhibit System Recovery T1056 : Input Capture T1559 : Inter-Process Communication T1534 : Internal Spearphishing T1570 : Lateral Tool Transfer T1654 : Log Enumeration T1036 : Masquerading T1556 : Modify Authentication Process T1578 : Modify Cloud Compute Infrastructure T1112 : Modify Registry T1601 : Modify System Image T1111 : Multi-Factor Authentication Interception T1621 : Multi-Factor Authentication Request Generation T1104 : Multi-Stage Channels T1106 : Native API T1599 : Network Boundary Bridging T1498 : Network Denial of Service T1046 : Network Service Discovery T1135 : Network Share Discovery T1040 : Network Sniffing T1095 : Non-Application Layer Protocol T1571 : Non-Standard Port T1027 : Obfuscated Files or Information T1588 : Obtain Capabilities T1137 : Office Application Startup T1003 : OS Credential Dumping T1201 : Password Policy Discovery T1120 : Peripheral Device Discovery T1069 : Permission Groups Discovery T1566 : Phishing T1598 : Phishing for Information T1647 : Plist File Modification T1653 : Power Settings T1542 : Pre-OS Boot T1057 : Process Discovery T1055 : Process Injection T1572 : Protocol Tunneling T1090 : Proxy T1012 : Query Registry T1620 : Reflective Code Loading T1219 : Remote Access Software T1563 : Remote Service Session Hijacking T1021 : Remote Services T1018 : Remote System Discovery T1091 : Replication Through Removable Media T1496 : Resource Hijacking T1207 : Rogue Domain Controller T1014 : Rootkit T1053 : Scheduled Task/Job T1029 : Scheduled Transfer T1113 : Screen Capture T1597 : Search Closed Sources T1596 : Search Open Technical Databases T1593 : Search Open Websites/Domains T1594 : Search Victim-Owned Websites T1505 : Server Software Component T1648 : Serverless Execution T1489 : Service Stop T1129 : Shared Modules T1072 : Software Deployment Tools T1518 : Software Discovery T1608 : Stage Capabilities T1528 : Steal Application Access Token T1649 : Steal or Forge Authentication Certificates T1558 : Steal or Forge Kerberos Tickets T1539 : Steal Web Session Cookie T1553 : Subvert Trust Controls T1195 : Supply Chain Compromise T1218 : System Binary Proxy Execution T1082 : System Information Discovery T1614 : System Location Discovery T1016 : System Network Configuration Discovery T1049 : System Network Connections Discovery T1033 : System Owner/User Discovery T1216 : System Script Proxy Execution T1007 : System Service Discovery T1569 : System Services T1529 : System Shutdown/Reboot T1124 : System Time Discovery T1080 : Taint Shared Content T1221 : Template Injection T1205 : Traffic Signaling T1537 : Transfer Data to Cloud Account T1127 : Trusted Developer Utilities Proxy Execution T1199 : Trusted Relationship T1552 : Unsecured Credentials T1535 : Unused/Unsupported Cloud Regions T1550 : Use Alternate Authentication Material T1204 : User Execution T1078 : Valid Accounts T1125 : Video Capture T1497 : Virtualization/Sandbox Evasion T1600 : Weaken Encryption T1102 : Web Service T1047 : Windows Management Instrumentation T1220 : XSL Script Processing     ","T1554, T1074, T1556, T1111, T1027","Here's a breakdown of the MITRE ATT&CK techniques present in the text, along with explanations:

* **T1583 - Acquire Infrastructure**: SLOWPULSE modifies legitimate Pulse Secure files to bypass security controls and establish a foothold within compromised environments. This indicates infrastructure acquisition for malicious purposes. 
* **T1087 - Account Discovery**: The malware actively logs credentials (ACE, LDAP) during authentication processes. This directly points towards the adversary attempting to discover existing user accounts and their associated credentials.
* **T1560 - Archive Collected Data**: SLOWPULSE writes logged ACE credentials to a file on the compromised system.  This suggests that the attacker aims to collect and archive sensitive data for later use.
* **T1595 - Active Scanning**: The text mentions SLOWPULSE's ability to inspect login credentials and authentication flows, implying active scanning of systems to identify vulnerabilities and potential targets. 
* **T1557 - Adversary-in-the-Middle**: SLOWPULSE modifies authentication flows by intercepting and manipulating login information. This is a classic indication of an adversary acting as a middleman between users and legitimate systems.
* **T1134 - Access Token Manipulation**: By bypassing multi-factor authentication and manipulating ACE credentials, SLOWPULSE likely targets and manipulates access tokens to gain unauthorized privileges. 
* **T1556 - Modify Authentication Process**:  This technique directly describes SLOWPULSE's actions: modifying authentication flows by injecting malicious logic to bypass security checks and force successful logins with pre-determined passwords.
* **T1082 - System Information Discovery**:  SLOWPULSE's ability to analyze and modify system files suggests it gathers information about the target environment during its operation.

**Final Line:** T1583, T1087, T1560, T1595, T1557, T1134, T1556


Let me know if you need any further clarification on specific techniques or their applications in this scenario."
56,"Extract all MITRE Enterprise attack patterns from the following text and map them to their corresponding MITRE technique IDs. Provide reasoning for each identification. Ensure the final line contains only the IDs for the main techniques, separated by commas, excluding any subtechnique IDs. MITRE Enterprise IDs are given below as reference.  **Text:** RAPIDPULSE is a web shell that exists as a modification to a legitimate Pulse Secure file that has been used by APT5 since at least 2021. RAPIDPULSE retrieves files from the victim system via encrypted commands sent to the web shell. RAPIDPULSE listens for specific HTTP query parameters in received communications. If specific parameters match, a hard-coded RC4 key is used to decrypt the HTTP query paremter hmacTime. This decrypts to a filename that is then open, read, encrypted with the same RC4 key, base64-encoded, written to standard out, then passed as a response to the HTTP request. RAPIDPULSE has the ability to RC4 encrypt and base64 encode decrypted files on compromised servers prior to writing them to stdout. RAPIDPULSE is a web shell that is capable of arbitrary file read on targeted web servers to exfiltrate items of interest on the victim device.[1]  **List of All MITRE Enterprise technique IDs** ID    : Name T1548 : Abuse Elevation Control Mechanism T1134 : Access Token Manipulation T1531 : Account Access Removal T1087 : Account Discovery T1098 : Account Manipulation T1650 : Acquire Access T1583 : Acquire Infrastructure T1595 : Active Scanning T1557 : Adversary-in-the-Middle T1071 : Application Layer Protocol T1010 : Application Window Discovery T1560 : Archive Collected Data T1123 : Audio Capture T1119 : Automated Collection T1020 : Automated Exfiltration T1197 : BITS Jobs T1547 : Boot or Logon Autostart Execution T1037 : Boot or Logon Initialization Scripts T1176 : Browser Extensions T1217 : Browser Information Discovery T1185 : Browser Session Hijacking T1110 : Brute Force T1612 : Build Image on Host T1115 : Clipboard Data T1651 : Cloud Administration Command T1580 : Cloud Infrastructure Discovery T1538 : Cloud Service Dashboard T1526 : Cloud Service Discovery T1619 : Cloud Storage Object Discovery T1059 : Command and Scripting Interpreter T1092 : Communication Through Removable Media T1586 : Compromise Accounts T1554 : Compromise Host Software Binary T1584 : Compromise Infrastructure T1609 : Container Administration Command T1613 : Container and Resource Discovery T1659 : Content Injection T1136 : Create Account T1543 : Create or Modify System Process T1555 : Credentials from Password Stores T1485 : Data Destruction T1132 : Data Encoding T1486 : Data Encrypted for Impact T1530 : Data from Cloud Storage T1602 : Data from Configuration Repository T1213 : Data from Information Repositories T1005 : Data from Local System T1039 : Data from Network Shared Drive T1025 : Data from Removable Media T1565 : Data Manipulation T1001 : Data Obfuscation T1074 : Data Staged T1030 : Data Transfer Size Limits T1622 : Debugger Evasion T1491 : Defacement T1140 : Deobfuscate/Decode Files or Information T1610 : Deploy Container T1587 : Develop Capabilities T1652 : Device Driver Discovery T1006 : Direct Volume Access T1561 : Disk Wipe T1484 : Domain or Tenant Policy Modification T1482 : Domain Trust Discovery T1189 : Drive-by Compromise T1568 : Dynamic Resolution T1114 : Email Collection T1573 : Encrypted Channel T1499 : Endpoint Denial of Service T1611 : Escape to Host T1585 : Establish Accounts T1546 : Event Triggered Execution T1480 : Execution Guardrails T1048 : Exfiltration Over Alternative Protocol T1041 : Exfiltration Over C2 Channel T1011 : Exfiltration Over Other Network Medium T1052 : Exfiltration Over Physical Medium T1567 : Exfiltration Over Web Service T1190 : Exploit Public-Facing Application T1203 : Exploitation for Client Execution T1212 : Exploitation for Credential Access T1211 : Exploitation for Defense Evasion T1068 : Exploitation for Privilege Escalation T1210 : Exploitation of Remote Services T1133 : External Remote Services T1008 : Fallback Channels T1083 : File and Directory Discovery T1222 : File and Directory Permissions Modification T1657 : Financial Theft T1495 : Firmware Corruption T1187 : Forced Authentication T1606 : Forge Web Credentials T1592 : Gather Victim Host Information T1589 : Gather Victim Identity Information T1590 : Gather Victim Network Information T1591 : Gather Victim Org Information T1615 : Group Policy Discovery T1200 : Hardware Additions T1564 : Hide Artifacts T1665 : Hide Infrastructure T1574 : Hijack Execution Flow T1562 : Impair Defenses T1656 : Impersonation T1525 : Implant Internal Image T1070 : Indicator Removal T1202 : Indirect Command Execution T1105 : Ingress Tool Transfer T1490 : Inhibit System Recovery T1056 : Input Capture T1559 : Inter-Process Communication T1534 : Internal Spearphishing T1570 : Lateral Tool Transfer T1654 : Log Enumeration T1036 : Masquerading T1556 : Modify Authentication Process T1578 : Modify Cloud Compute Infrastructure T1112 : Modify Registry T1601 : Modify System Image T1111 : Multi-Factor Authentication Interception T1621 : Multi-Factor Authentication Request Generation T1104 : Multi-Stage Channels T1106 : Native API T1599 : Network Boundary Bridging T1498 : Network Denial of Service T1046 : Network Service Discovery T1135 : Network Share Discovery T1040 : Network Sniffing T1095 : Non-Application Layer Protocol T1571 : Non-Standard Port T1027 : Obfuscated Files or Information T1588 : Obtain Capabilities T1137 : Office Application Startup T1003 : OS Credential Dumping T1201 : Password Policy Discovery T1120 : Peripheral Device Discovery T1069 : Permission Groups Discovery T1566 : Phishing T1598 : Phishing for Information T1647 : Plist File Modification T1653 : Power Settings T1542 : Pre-OS Boot T1057 : Process Discovery T1055 : Process Injection T1572 : Protocol Tunneling T1090 : Proxy T1012 : Query Registry T1620 : Reflective Code Loading T1219 : Remote Access Software T1563 : Remote Service Session Hijacking T1021 : Remote Services T1018 : Remote System Discovery T1091 : Replication Through Removable Media T1496 : Resource Hijacking T1207 : Rogue Domain Controller T1014 : Rootkit T1053 : Scheduled Task/Job T1029 : Scheduled Transfer T1113 : Screen Capture T1597 : Search Closed Sources T1596 : Search Open Technical Databases T1593 : Search Open Websites/Domains T1594 : Search Victim-Owned Websites T1505 : Server Software Component T1648 : Serverless Execution T1489 : Service Stop T1129 : Shared Modules T1072 : Software Deployment Tools T1518 : Software Discovery T1608 : Stage Capabilities T1528 : Steal Application Access Token T1649 : Steal or Forge Authentication Certificates T1558 : Steal or Forge Kerberos Tickets T1539 : Steal Web Session Cookie T1553 : Subvert Trust Controls T1195 : Supply Chain Compromise T1218 : System Binary Proxy Execution T1082 : System Information Discovery T1614 : System Location Discovery T1016 : System Network Configuration Discovery T1049 : System Network Connections Discovery T1033 : System Owner/User Discovery T1216 : System Script Proxy Execution T1007 : System Service Discovery T1569 : System Services T1529 : System Shutdown/Reboot T1124 : System Time Discovery T1080 : Taint Shared Content T1221 : Template Injection T1205 : Traffic Signaling T1537 : Transfer Data to Cloud Account T1127 : Trusted Developer Utilities Proxy Execution T1199 : Trusted Relationship T1552 : Unsecured Credentials T1535 : Unused/Unsupported Cloud Regions T1550 : Use Alternate Authentication Material T1204 : User Execution T1078 : Valid Accounts T1125 : Video Capture T1497 : Virtualization/Sandbox Evasion T1600 : Weaken Encryption T1102 : Web Service T1047 : Windows Management Instrumentation T1220 : XSL Script Processing     ","T1005, T1140, T1027, T1505","Here's a breakdown of the MITRE ATT&CK techniques present in the text, along with explanations:

* **T1583: Acquire Infrastructure:** RAPIDPULSE uses a modified legitimate Pulse Secure file, suggesting compromise and control over infrastructure for malicious purposes. 
* **T1087: Account Discovery:** The web shell likely gathers information about user accounts on compromised servers to facilitate further attacks.
* **T1098: Account Manipulation:** By potentially modifying or creating new accounts, RAPIDPULSE can gain persistent access and elevate privileges.
* **T1548: Abuse Elevation Control Mechanism:** This technique is implied as the text mentions potential file manipulation and execution on compromised servers, suggesting an attempt to exploit system privileges.
* **T1071: Application Layer Protocol:** The web shell utilizes HTTP communication for exfiltration and command execution, exploiting this common application layer protocol.

**Main Technique IDs:** T1583, T1087, T1098, T1548, T1071 


Let me know if you have any other text you'd like analyzed!"
57,"Extract all MITRE Enterprise attack patterns from the following text and map them to their corresponding MITRE technique IDs. Provide reasoning for each identification. Ensure the final line contains only the IDs for the main techniques, separated by commas, excluding any subtechnique IDs. MITRE Enterprise IDs are given below as reference.  **Text:** PULSECHECK is a web shell written in Perl that was used by APT5 as early as 2020 including against Pulse Secure VPNs at US Defense Industrial Base (DIB) companies. PULSECHECK can check HTTP request headers for a specific backdoor key and if found will output the result of the command in the variable HTTP_X_CMD. PULSECHECK can use Unix shell script for command execution. PULSECHECK can base-64 encode encrypted data sent through C2. PULSECHECK is a web shell that can enable command execution on compromised servers.  **List of All MITRE Enterprise technique IDs** ID    : Name T1548 : Abuse Elevation Control Mechanism T1134 : Access Token Manipulation T1531 : Account Access Removal T1087 : Account Discovery T1098 : Account Manipulation T1650 : Acquire Access T1583 : Acquire Infrastructure T1595 : Active Scanning T1557 : Adversary-in-the-Middle T1071 : Application Layer Protocol T1010 : Application Window Discovery T1560 : Archive Collected Data T1123 : Audio Capture T1119 : Automated Collection T1020 : Automated Exfiltration T1197 : BITS Jobs T1547 : Boot or Logon Autostart Execution T1037 : Boot or Logon Initialization Scripts T1176 : Browser Extensions T1217 : Browser Information Discovery T1185 : Browser Session Hijacking T1110 : Brute Force T1612 : Build Image on Host T1115 : Clipboard Data T1651 : Cloud Administration Command T1580 : Cloud Infrastructure Discovery T1538 : Cloud Service Dashboard T1526 : Cloud Service Discovery T1619 : Cloud Storage Object Discovery T1059 : Command and Scripting Interpreter T1092 : Communication Through Removable Media T1586 : Compromise Accounts T1554 : Compromise Host Software Binary T1584 : Compromise Infrastructure T1609 : Container Administration Command T1613 : Container and Resource Discovery T1659 : Content Injection T1136 : Create Account T1543 : Create or Modify System Process T1555 : Credentials from Password Stores T1485 : Data Destruction T1132 : Data Encoding T1486 : Data Encrypted for Impact T1530 : Data from Cloud Storage T1602 : Data from Configuration Repository T1213 : Data from Information Repositories T1005 : Data from Local System T1039 : Data from Network Shared Drive T1025 : Data from Removable Media T1565 : Data Manipulation T1001 : Data Obfuscation T1074 : Data Staged T1030 : Data Transfer Size Limits T1622 : Debugger Evasion T1491 : Defacement T1140 : Deobfuscate/Decode Files or Information T1610 : Deploy Container T1587 : Develop Capabilities T1652 : Device Driver Discovery T1006 : Direct Volume Access T1561 : Disk Wipe T1484 : Domain or Tenant Policy Modification T1482 : Domain Trust Discovery T1189 : Drive-by Compromise T1568 : Dynamic Resolution T1114 : Email Collection T1573 : Encrypted Channel T1499 : Endpoint Denial of Service T1611 : Escape to Host T1585 : Establish Accounts T1546 : Event Triggered Execution T1480 : Execution Guardrails T1048 : Exfiltration Over Alternative Protocol T1041 : Exfiltration Over C2 Channel T1011 : Exfiltration Over Other Network Medium T1052 : Exfiltration Over Physical Medium T1567 : Exfiltration Over Web Service T1190 : Exploit Public-Facing Application T1203 : Exploitation for Client Execution T1212 : Exploitation for Credential Access T1211 : Exploitation for Defense Evasion T1068 : Exploitation for Privilege Escalation T1210 : Exploitation of Remote Services T1133 : External Remote Services T1008 : Fallback Channels T1083 : File and Directory Discovery T1222 : File and Directory Permissions Modification T1657 : Financial Theft T1495 : Firmware Corruption T1187 : Forced Authentication T1606 : Forge Web Credentials T1592 : Gather Victim Host Information T1589 : Gather Victim Identity Information T1590 : Gather Victim Network Information T1591 : Gather Victim Org Information T1615 : Group Policy Discovery T1200 : Hardware Additions T1564 : Hide Artifacts T1665 : Hide Infrastructure T1574 : Hijack Execution Flow T1562 : Impair Defenses T1656 : Impersonation T1525 : Implant Internal Image T1070 : Indicator Removal T1202 : Indirect Command Execution T1105 : Ingress Tool Transfer T1490 : Inhibit System Recovery T1056 : Input Capture T1559 : Inter-Process Communication T1534 : Internal Spearphishing T1570 : Lateral Tool Transfer T1654 : Log Enumeration T1036 : Masquerading T1556 : Modify Authentication Process T1578 : Modify Cloud Compute Infrastructure T1112 : Modify Registry T1601 : Modify System Image T1111 : Multi-Factor Authentication Interception T1621 : Multi-Factor Authentication Request Generation T1104 : Multi-Stage Channels T1106 : Native API T1599 : Network Boundary Bridging T1498 : Network Denial of Service T1046 : Network Service Discovery T1135 : Network Share Discovery T1040 : Network Sniffing T1095 : Non-Application Layer Protocol T1571 : Non-Standard Port T1027 : Obfuscated Files or Information T1588 : Obtain Capabilities T1137 : Office Application Startup T1003 : OS Credential Dumping T1201 : Password Policy Discovery T1120 : Peripheral Device Discovery T1069 : Permission Groups Discovery T1566 : Phishing T1598 : Phishing for Information T1647 : Plist File Modification T1653 : Power Settings T1542 : Pre-OS Boot T1057 : Process Discovery T1055 : Process Injection T1572 : Protocol Tunneling T1090 : Proxy T1012 : Query Registry T1620 : Reflective Code Loading T1219 : Remote Access Software T1563 : Remote Service Session Hijacking T1021 : Remote Services T1018 : Remote System Discovery T1091 : Replication Through Removable Media T1496 : Resource Hijacking T1207 : Rogue Domain Controller T1014 : Rootkit T1053 : Scheduled Task/Job T1029 : Scheduled Transfer T1113 : Screen Capture T1597 : Search Closed Sources T1596 : Search Open Technical Databases T1593 : Search Open Websites/Domains T1594 : Search Victim-Owned Websites T1505 : Server Software Component T1648 : Serverless Execution T1489 : Service Stop T1129 : Shared Modules T1072 : Software Deployment Tools T1518 : Software Discovery T1608 : Stage Capabilities T1528 : Steal Application Access Token T1649 : Steal or Forge Authentication Certificates T1558 : Steal or Forge Kerberos Tickets T1539 : Steal Web Session Cookie T1553 : Subvert Trust Controls T1195 : Supply Chain Compromise T1218 : System Binary Proxy Execution T1082 : System Information Discovery T1614 : System Location Discovery T1016 : System Network Configuration Discovery T1049 : System Network Connections Discovery T1033 : System Owner/User Discovery T1216 : System Script Proxy Execution T1007 : System Service Discovery T1569 : System Services T1529 : System Shutdown/Reboot T1124 : System Time Discovery T1080 : Taint Shared Content T1221 : Template Injection T1205 : Traffic Signaling T1537 : Transfer Data to Cloud Account T1127 : Trusted Developer Utilities Proxy Execution T1199 : Trusted Relationship T1552 : Unsecured Credentials T1535 : Unused/Unsupported Cloud Regions T1550 : Use Alternate Authentication Material T1204 : User Execution T1078 : Valid Accounts T1125 : Video Capture T1497 : Virtualization/Sandbox Evasion T1600 : Weaken Encryption T1102 : Web Service T1047 : Windows Management Instrumentation T1220 : XSL Script Processing     ","T1071, T1059, T1132, T1505","Here's a breakdown of the MITRE ATT&CK techniques present in the text:

* **T1584**:  **Compromise Infrastructure:** The description states that PULSECHECK is a web shell used to compromise servers. 
* **T1056**: **Input Capture:**  The web shell could potentially capture user input for malicious purposes.
* **T1095**: **Non-Application Layer Protocol:** A web shell like PULSECHECK might use non-standard protocols for communication with the C2 server.

**Final Line (Main Techniques): T1584, T1056, T1095**


Let me know if you'd like a deeper dive into any specific technique!"
58,"Extract all MITRE Mobile attack patterns from the following text and map them to their corresponding MITRE technique IDs. Provide reasoning for each identification. Ensure the final line contains only the IDs for the main techniques, separated by commas, excluding any subtechnique IDs. MITRE Mobile IDs are given below as reference.  **Text:** Phenakite is a mobile malware that is used by APT-C-23 to target iOS devices. According to several reports, Phenakite was developed to fill a tooling gap and to target those who owned iPhones instead of Windows desktops or Android phones. Phenakite can record phone calls. Phenakite can collect and exfiltrate WhatsApp media, photos and files with specific extensions, such as .pdf and .doc. Phenakite has included exploits for jailbreaking infected devices. Phenakite can download additional malware to the victim device. Phenakite has used phishing sites for iCloud and Facebook if either of those were used for authentication during the chat sign up process. Phenakite can masquerade as the chat application ""Magic Smile."" Phenakite can exfiltrate the victim device’s contact list. Phenakite can read SMS messages. Phenakite can collect device metadata. Phenakite can capture pictures and videos.  **List of All MITRE Mobile technique IDs** ID    : Name T1626 : Abuse Elevation Control Mechanism T1517 : Access Notifications T1640 : Account Access Removal T1638 : Adversary-in-the-Middle T1437 : Application Layer Protocol T1661 : Application Versioning T1532 : Archive Collected Data T1429 : Audio Capture T1398 : Boot or Logon Initialization Scripts T1616 : Call Control T1414 : Clipboard Data T1623 : Command and Scripting Interpreter T1577 : Compromise Application Executable T1645 : Compromise Client Software Binary T1634 : Credentials from Password Store T1662 : Data Destruction T1471 : Data Encrypted for Impact T1533 : Data from Local System T1641 : Data Manipulation T1407 : Download New Code at Runtime T1456 : Drive-By Compromise T1637 : Dynamic Resolution T1521 : Encrypted Channel T1642 : Endpoint Denial of Service T1624 : Event Triggered Execution T1627 : Execution Guardrails T1639 : Exfiltration Over Alternative Protocol T1646 : Exfiltration Over C2 Channel T1658 : Exploitation for Client Execution T1664 : Exploitation for Initial Access T1404 : Exploitation for Privilege Escalation T1428 : Exploitation of Remote Services T1420 : File and Directory Discovery T1541 : Foreground Persistence T1643 : Generate Traffic from Victim T1628 : Hide Artifacts T1625 : Hijack Execution Flow T1617 : Hooking T1629 : Impair Defenses T1630 : Indicator Removal on Host T1544 : Ingress Tool Transfer T1417 : Input Capture T1516 : Input Injection T1430 : Location Tracking T1461 : Lockscreen Bypass T1655 : Masquerading T1575 : Native API T1464 : Network Denial of Service T1423 : Network Service Scanning T1509 : Non-Standard Port T1406 : Obfuscated Files or Information T1644 : Out of Band Data T1660 : Phishing T1424 : Process Discovery T1631 : Process Injection T1636 : Protected User Data T1604 : Proxy Through Victim T1663 : Remote Access Software T1458 : Replication Through Removable Media T1603 : Scheduled Task/Job T1513 : Screen Capture T1582 : SMS Control T1418 : Software Discovery T1635 : Steal Application Access Token T1409 : Stored Application Data T1632 : Subvert Trust Controls T1474 : Supply Chain Compromise T1426 : System Information Discovery T1422 : System Network Configuration Discovery T1421 : System Network Connections Discovery T1512 : Video Capture T1633 : Virtualization/Sandbox Evasion T1481 : Web Service     ","T1429, T1533, T1404, T1544, T1417, T1655, T1636, T1426, T1512","Here's a breakdown of the MITRE Mobile attack patterns found in the text and their corresponding IDs:

* **""Phenakite can record phone calls.""** -  T1616: Call Control 
* **""Phenakite can collect and exfiltrate WhatsApp media, photos and files with specific extensions, such as .pdf and .doc.""** - T1533: Data from Local System, T1639: Exfiltration Over Alternative Protocol
* **""Phenakite has included exploits for jailbreaking infected devices.""** - T1404: Exploitation for Privilege Escalation, potentially T1627: Execution Guardrails (if the jailbreak bypasses security measures)
* **""Phenakite can download additional malware to the victim device.""** - T1407: Download New Code at Runtime
* **""Phenakite has used phishing sites for iCloud and Facebook if either of those were used for authentication during the chat sign up process.""** - T1660: Phishing 
* **""Phenakite can masquerade as the chat application 'Magic Smile.'""** - T1555: Masquerading
* **""Phenakite can exfiltrate the victim device’s contact list.""** -  T1533: Data from Local System, T1639: Exfiltration Over Alternative Protocol
* **""Phenakite can read SMS messages.""** - T1582: SMS Control
* **""Phenakite can collect device metadata.""** - T1426: System Information Discovery, potentially T1421: System Network Connections Discovery 
* **""Phenakite can capture pictures and videos.""** - T1512: Video Capture,  T1513: Screen Capture

 **Main Techniques:** T1616, T1533, T1407, T1660, T1555, T1582, T1426, T1512, T1513 



Let me know if you have any other text you'd like analyzed!"
59,"Extract all MITRE Enterprise attack patterns from the following text and map them to their corresponding MITRE technique IDs. Provide reasoning for each identification. Ensure the final line contains only the IDs for the main techniques, separated by commas, excluding any subtechnique IDs. MITRE Enterprise IDs are given below as reference.  **Text:** GLASSTOKEN is a custom web shell used by threat actors during Cutting Edge to execute commands on compromised Ivanti Secure Connect VPNs. GLASSTOKEN can use PowerShell for command execution. GLASSTOKEN has hexadecimal and Base64 encoded C2 content. GLASSTOKEN has the ability to decode hexadecimal and Base64 C2 requests. GLASSTOKEN is a web shell capable of tunneling C2 connections and code execution on compromised Ivanti Secure Connect VPNs.  **List of All MITRE Enterprise technique IDs** ID    : Name T1548 : Abuse Elevation Control Mechanism T1134 : Access Token Manipulation T1531 : Account Access Removal T1087 : Account Discovery T1098 : Account Manipulation T1650 : Acquire Access T1583 : Acquire Infrastructure T1595 : Active Scanning T1557 : Adversary-in-the-Middle T1071 : Application Layer Protocol T1010 : Application Window Discovery T1560 : Archive Collected Data T1123 : Audio Capture T1119 : Automated Collection T1020 : Automated Exfiltration T1197 : BITS Jobs T1547 : Boot or Logon Autostart Execution T1037 : Boot or Logon Initialization Scripts T1176 : Browser Extensions T1217 : Browser Information Discovery T1185 : Browser Session Hijacking T1110 : Brute Force T1612 : Build Image on Host T1115 : Clipboard Data T1651 : Cloud Administration Command T1580 : Cloud Infrastructure Discovery T1538 : Cloud Service Dashboard T1526 : Cloud Service Discovery T1619 : Cloud Storage Object Discovery T1059 : Command and Scripting Interpreter T1092 : Communication Through Removable Media T1586 : Compromise Accounts T1554 : Compromise Host Software Binary T1584 : Compromise Infrastructure T1609 : Container Administration Command T1613 : Container and Resource Discovery T1659 : Content Injection T1136 : Create Account T1543 : Create or Modify System Process T1555 : Credentials from Password Stores T1485 : Data Destruction T1132 : Data Encoding T1486 : Data Encrypted for Impact T1530 : Data from Cloud Storage T1602 : Data from Configuration Repository T1213 : Data from Information Repositories T1005 : Data from Local System T1039 : Data from Network Shared Drive T1025 : Data from Removable Media T1565 : Data Manipulation T1001 : Data Obfuscation T1074 : Data Staged T1030 : Data Transfer Size Limits T1622 : Debugger Evasion T1491 : Defacement T1140 : Deobfuscate/Decode Files or Information T1610 : Deploy Container T1587 : Develop Capabilities T1652 : Device Driver Discovery T1006 : Direct Volume Access T1561 : Disk Wipe T1484 : Domain or Tenant Policy Modification T1482 : Domain Trust Discovery T1189 : Drive-by Compromise T1568 : Dynamic Resolution T1114 : Email Collection T1573 : Encrypted Channel T1499 : Endpoint Denial of Service T1611 : Escape to Host T1585 : Establish Accounts T1546 : Event Triggered Execution T1480 : Execution Guardrails T1048 : Exfiltration Over Alternative Protocol T1041 : Exfiltration Over C2 Channel T1011 : Exfiltration Over Other Network Medium T1052 : Exfiltration Over Physical Medium T1567 : Exfiltration Over Web Service T1190 : Exploit Public-Facing Application T1203 : Exploitation for Client Execution T1212 : Exploitation for Credential Access T1211 : Exploitation for Defense Evasion T1068 : Exploitation for Privilege Escalation T1210 : Exploitation of Remote Services T1133 : External Remote Services T1008 : Fallback Channels T1083 : File and Directory Discovery T1222 : File and Directory Permissions Modification T1657 : Financial Theft T1495 : Firmware Corruption T1187 : Forced Authentication T1606 : Forge Web Credentials T1592 : Gather Victim Host Information T1589 : Gather Victim Identity Information T1590 : Gather Victim Network Information T1591 : Gather Victim Org Information T1615 : Group Policy Discovery T1200 : Hardware Additions T1564 : Hide Artifacts T1665 : Hide Infrastructure T1574 : Hijack Execution Flow T1562 : Impair Defenses T1656 : Impersonation T1525 : Implant Internal Image T1070 : Indicator Removal T1202 : Indirect Command Execution T1105 : Ingress Tool Transfer T1490 : Inhibit System Recovery T1056 : Input Capture T1559 : Inter-Process Communication T1534 : Internal Spearphishing T1570 : Lateral Tool Transfer T1654 : Log Enumeration T1036 : Masquerading T1556 : Modify Authentication Process T1578 : Modify Cloud Compute Infrastructure T1112 : Modify Registry T1601 : Modify System Image T1111 : Multi-Factor Authentication Interception T1621 : Multi-Factor Authentication Request Generation T1104 : Multi-Stage Channels T1106 : Native API T1599 : Network Boundary Bridging T1498 : Network Denial of Service T1046 : Network Service Discovery T1135 : Network Share Discovery T1040 : Network Sniffing T1095 : Non-Application Layer Protocol T1571 : Non-Standard Port T1027 : Obfuscated Files or Information T1588 : Obtain Capabilities T1137 : Office Application Startup T1003 : OS Credential Dumping T1201 : Password Policy Discovery T1120 : Peripheral Device Discovery T1069 : Permission Groups Discovery T1566 : Phishing T1598 : Phishing for Information T1647 : Plist File Modification T1653 : Power Settings T1542 : Pre-OS Boot T1057 : Process Discovery T1055 : Process Injection T1572 : Protocol Tunneling T1090 : Proxy T1012 : Query Registry T1620 : Reflective Code Loading T1219 : Remote Access Software T1563 : Remote Service Session Hijacking T1021 : Remote Services T1018 : Remote System Discovery T1091 : Replication Through Removable Media T1496 : Resource Hijacking T1207 : Rogue Domain Controller T1014 : Rootkit T1053 : Scheduled Task/Job T1029 : Scheduled Transfer T1113 : Screen Capture T1597 : Search Closed Sources T1596 : Search Open Technical Databases T1593 : Search Open Websites/Domains T1594 : Search Victim-Owned Websites T1505 : Server Software Component T1648 : Serverless Execution T1489 : Service Stop T1129 : Shared Modules T1072 : Software Deployment Tools T1518 : Software Discovery T1608 : Stage Capabilities T1528 : Steal Application Access Token T1649 : Steal or Forge Authentication Certificates T1558 : Steal or Forge Kerberos Tickets T1539 : Steal Web Session Cookie T1553 : Subvert Trust Controls T1195 : Supply Chain Compromise T1218 : System Binary Proxy Execution T1082 : System Information Discovery T1614 : System Location Discovery T1016 : System Network Configuration Discovery T1049 : System Network Connections Discovery T1033 : System Owner/User Discovery T1216 : System Script Proxy Execution T1007 : System Service Discovery T1569 : System Services T1529 : System Shutdown/Reboot T1124 : System Time Discovery T1080 : Taint Shared Content T1221 : Template Injection T1205 : Traffic Signaling T1537 : Transfer Data to Cloud Account T1127 : Trusted Developer Utilities Proxy Execution T1199 : Trusted Relationship T1552 : Unsecured Credentials T1535 : Unused/Unsupported Cloud Regions T1550 : Use Alternate Authentication Material T1204 : User Execution T1078 : Valid Accounts T1125 : Video Capture T1497 : Virtualization/Sandbox Evasion T1600 : Weaken Encryption T1102 : Web Service T1047 : Windows Management Instrumentation T1220 : XSL Script Processing     ","T1059, T1132, T1140, T1505","Here's a breakdown of the MITRE Enterprise attack patterns identified in the text:

* **T1583: Acquire Infrastructure:**  The description mentions that GLASSTOKEN is capable of tunneling C2 connections and code execution on compromised Ivanti Secure Connect VPNs. This indicates the actor seeks to establish control over infrastructure (the compromised VPN) for malicious purposes.
* **T1095: Non-Application Layer Protocol:** The text states that GLASSTOKEN can use PowerShell for command execution. PowerShell itself leverages network protocols beyond standard application layers, suggesting the exploitation of these lower-level protocols. 
* **T1041: Exfiltration Over C2 Channel:**  The use of Base64 and hexadecimal encoded C2 content implies a communication channel (C2) is established for exfiltrating data from the compromised system.
* **T1587: Develop Capabilities:** The development of a custom web shell like GLASSTOKEN clearly demonstrates the adversary's efforts to create specialized tools and capabilities for their attacks. 
* **T1087: Account Discovery:** The ability of GLASSTOKEN to access and execute commands on a compromised VPN suggests potential reconnaissance activities, including discovering user accounts present on that system.

**Main Techniques (IDs): T1583, T1095, T1041, T1587, T1087** 


Let me know if you'd like a deeper dive into any specific technique or have other text for analysis!"
