Index	Prompt	GT	Prediction
0	Analyze the following CVE description and map it to the appropriate CWE. Provide a brief justification for your choice. Ensure the last line of your response contains only the CWE ID.  CVE Description: Dell EMC CloudLink 7.1 and all prior versions contain an Improper Input Validation Vulnerability. A remote low privileged attacker, may potentially exploit this vulnerability, leading to execution of arbitrary files on the server 	CWE-20	CWE ID: 47
1	Analyze the following CVE description and map it to the appropriate CWE. Provide a brief justification for your choice. Ensure the last line of your response contains only the CWE ID.  CVE Description: A vulnerability has been identified in SINEC NMS (All versions < V1.0 SP2 Update 1). The affected system allows to download arbitrary files under a user controlled path and does not correctly check if the relative path is still within the intended target directory. 	CWE-22	CWE-403
2	Analyze the following CVE description and map it to the appropriate CWE. Provide a brief justification for your choice. Ensure the last line of your response contains only the CWE ID.  CVE Description: A reflected cross-site scripting (XSS) vulnerability has been reported to affect QNAP NAS running Ragic Cloud DB. If exploited, this vulnerability allows remote attackers to inject malicious code. QNAP have already disabled and removed Ragic Cloud DB from the QNAP App Center, pending a security patch from Ragic. 	CWE-79	CWE-403
3	Analyze the following CVE description and map it to the appropriate CWE. Provide a brief justification for your choice. Ensure the last line of your response contains only the CWE ID.  CVE Description: In Gradle Enterprise before 2021.3 (and Enterprise Build Cache Node before 10.0), there is potential cache poisoning and remote code execution when running the build cache node with its default configuration. This configuration allows anonymous access to the configuration user interface and anonymous write access to the build cache. If access control to the build cache is not changed from the default open configuration, a malicious actor with network access can populate the cache with manipulated entries that may execute malicious code as part of a build process. This applies to the build cache provided with Gradle Enterprise and the separate build cache node service if used. If access control to the user interface is not changed from the default open configuration, a malicious actor can undo build cache access control in order to populate the cache with manipulated entries that may execute malicious code as part of a build process. This does not apply to the build cache provided with Gradle Enterprise, but does apply to the separate build cache node service if used. 	CWE-732	CWE-403
4	Analyze the following CVE description and map it to the appropriate CWE. Provide a brief justification for your choice. Ensure the last line of your response contains only the CWE ID.  CVE Description: An unprotected ssh private key exists on the Gryphon devices which could be used to achieve root access to a server affiliated with Gryphon's development and infrastructure. At the time of discovery, the ssh key could be used to login to the development server hosted in Amazon Web Services. 	CWE-522	CWE-403
5	Analyze the following CVE description and map it to the appropriate CWE. Provide a brief justification for your choice. Ensure the last line of your response contains only the CWE ID.  CVE Description: A buffer overflow may result in arbitrary code execution. This issue is fixed in macOS Big Sur 11.3, iOS 14.5 and iPadOS 14.5, watchOS 7.4, tvOS 14.5. A logic issue was addressed with improved state management. 	CWE-119	CWE ID: 226
6	Analyze the following CVE description and map it to the appropriate CWE. Provide a brief justification for your choice. Ensure the last line of your response contains only the CWE ID.  CVE Description: In Ericsson ECM before 18.0, it was observed that Security Provider Endpoint in the User Profile Management Section is vulnerable to CSV Injection. 	CWE-74	CWE-2017
7	Analyze the following CVE description and map it to the appropriate CWE. Provide a brief justification for your choice. Ensure the last line of your response contains only the CWE ID.  CVE Description: A vulnerability has been detected in HyperLedger Fabric v1.4.0, v2.0.0, v2.1.0. This bug can be leveraged by constructing a message whose payload is nil and sending this message with the method 'forwardToLeader'. This bug has been admitted and fixed by the developers of Fabric. If leveraged, any leader node will crash. 	CWE-476	"CWE ID: 403

Justification: The vulnerability exploits a lack of input validation, allowing malicious payloads to be sent without proper checks. The method `forwardToLeader` is a common attack vector that can trigger a crash in a leader node, making it a high-severity issue."
8	Analyze the following CVE description and map it to the appropriate CWE. Provide a brief justification for your choice. Ensure the last line of your response contains only the CWE ID.  CVE Description: In modules/imgcodecs/src/grfmt_pxm.cpp, the length of buffer AutoBuffer _src is small than expected, which will cause copy buffer overflow later. If the image is from remote, may lead to remote code execution or denial of service. This affects Opencv 3.3 and earlier. 	CWE-787	CWE-419
9	Analyze the following CVE description and map it to the appropriate CWE. Provide a brief justification for your choice. Ensure the last line of your response contains only the CWE ID.  CVE Description: An SQL Injection vulnerability exists in Sourcecodester Complaint Management System 1.0 via the cid parameter in complaint-details.php. 	CWE-89	CWE ID: 47
10	Analyze the following CVE description and map it to the appropriate CWE. Provide a brief justification for your choice. Ensure the last line of your response contains only the CWE ID.  CVE Description: A vulnerability has been identified in JT Utilities (All versions < V13.1.1.0), JTTK (All versions < V11.1.1.0). JTTK library in affected products contains an out of bounds write past the end of an allocated structure while parsing specially crafted JT files. This could allow an attacker to execute code in the context of the current process. (ZDI-CAN-15039) 	CWE-787	CWE-419
11	Analyze the following CVE description and map it to the appropriate CWE. Provide a brief justification for your choice. Ensure the last line of your response contains only the CWE ID.  CVE Description: Adobe Photoshop CC versions 19.1.8 and earlier and 20.0.5 and earlier have a command injection vulnerability. Successful exploitation could lead to arbitrary code execution. 	CWE-77	CWE ID: 47
12	Analyze the following CVE description and map it to the appropriate CWE. Provide a brief justification for your choice. Ensure the last line of your response contains only the CWE ID.  CVE Description: RouterOS 6.45.6 Stable, RouterOS 6.44.5 Long-term, and below are vulnerable to an arbitrary directory creation vulnerability via the upgrade package's name field. If an authenticated user installs a malicious package then a directory could be created and the developer shell could be enabled. 	CWE-22	CWE-403
13	Analyze the following CVE description and map it to the appropriate CWE. Provide a brief justification for your choice. Ensure the last line of your response contains only the CWE ID.  CVE Description: An issue was discovered in swftools through 20200710. A heap-buffer-overflow exists in the function pool_read() located in pool.c. It allows an attacker to cause code Execution. 	CWE-787	CWE ID: 226
14	Analyze the following CVE description and map it to the appropriate CWE. Provide a brief justification for your choice. Ensure the last line of your response contains only the CWE ID.  CVE Description: Adobe Acrobat and Reader versions 2020.009.20074 and earlier, 2020.001.30002, 2017.011.30171 and earlier, and 2015.006.30523 and earlier have a stack exhaustion vulnerability. Successful exploitation could lead to application denial-of-service. 	CWE-400	CWE ID: 403
15	Analyze the following CVE description and map it to the appropriate CWE. Provide a brief justification for your choice. Ensure the last line of your response contains only the CWE ID.  CVE Description: OOB read vulnerability in libsaacextractor.so library prior to SMR Sep-2021 Release 1 allows attackers to execute remote DoS via forged aac file. 	CWE-125	CWE: 5.32
16	Analyze the following CVE description and map it to the appropriate CWE. Provide a brief justification for your choice. Ensure the last line of your response contains only the CWE ID.  CVE Description: Adobe Acrobat and Reader versions 2018.009.20050 and earlier, 2017.011.30070 and earlier, 2015.006.30394 and earlier have an exploitable heap overflow vulnerability. Successful exploitation could lead to arbitrary code execution in the context of the current user. 	CWE-787	CWE ID: 226
17	Analyze the following CVE description and map it to the appropriate CWE. Provide a brief justification for your choice. Ensure the last line of your response contains only the CWE ID.  CVE Description: There is an Incorrect Calculation of Buffer Size in Huawei Smartphone.Successful exploitation of this vulnerability may cause verification bypass and directions to abnormal addresses. 	CWE-131	CWE-419
18	Analyze the following CVE description and map it to the appropriate CWE. Provide a brief justification for your choice. Ensure the last line of your response contains only the CWE ID.  CVE Description: A link following denial-of-service (DoS) vulnerability in the Trend Micro Security (Consumer) 2021 familiy of products could allow an attacker to abuse the PC Health Checkup feature of the product to create symlinks that would allow modification of files which could lead to a denial-of-service. 	CWE-59	CWE-403
19	Analyze the following CVE description and map it to the appropriate CWE. Provide a brief justification for your choice. Ensure the last line of your response contains only the CWE ID.  CVE Description: jsuites is an open source collection of common required javascript web components. In affected versions users are subject to cross site scripting (XSS) attacks via clipboard content. jsuites is vulnerable to DOM based XSS if the user can be tricked into copying _anything_ from a malicious and pasting it into the html editor. This is because a part of the clipboard content is directly written to `innerHTML` allowing for javascript injection and thus XSS. Users are advised to update to version 4.9.11 to resolve. 	CWE-79	CWE-403
20	Analyze the following CVE description and map it to the appropriate CWE. Provide a brief justification for your choice. Ensure the last line of your response contains only the CWE ID.  CVE Description: IBM Sterling B2B Integrator Standard Edition 5.2.0.0. through 6.1.1.0 is vulnerable to cross-site scripting. This vulnerability allows users to embed arbitrary JavaScript code in the Web UI thus altering the intended functionality potentially leading to credentials disclosure within a trusted session. IBM X-Force ID: 204912. 	CWE-79	CWE-403
21	Analyze the following CVE description and map it to the appropriate CWE. Provide a brief justification for your choice. Ensure the last line of your response contains only the CWE ID.  CVE Description: In UserDetailsActivity of AndroidManifest.xml, there is a possible DoS due to a tapjacking/overlay attack. This could lead to local denial of service with no additional execution privileges needed. User interaction is needed for exploitation.Product: AndroidVersions: Android-10 Android-11 Android-12 Android-9Android ID: A-183411279 	CWE-1021	CWE-403
22	Analyze the following CVE description and map it to the appropriate CWE. Provide a brief justification for your choice. Ensure the last line of your response contains only the CWE ID.  CVE Description: An issue was discovered in Bento4 through v1.6.0-637. A global-buffer-overflow exists in the function AP4_MemoryByteStream::WritePartial() located in Ap4ByteStream.cpp. It allows an attacker to cause code execution or information disclosure. 	CWE-120	CWE ID: 47
23	Analyze the following CVE description and map it to the appropriate CWE. Provide a brief justification for your choice. Ensure the last line of your response contains only the CWE ID.  CVE Description: Path traversal vulnerability in FactoryAirCommnadManger prior to SMR Sep-2021 Release 1 allows attackers to write file as system uid via remote socket. 	CWE-22	CWE-403
24	Analyze the following CVE description and map it to the appropriate CWE. Provide a brief justification for your choice. Ensure the last line of your response contains only the CWE ID.  CVE Description: An id GET parameter of the Easy Testimonial Manager WordPress plugin through 1.2.0 is not sanitised, escaped or validated before inserting to a SQL statement, leading to SQL injection 	CWE-89	CWE-2017
25	Analyze the following CVE description and map it to the appropriate CWE. Provide a brief justification for your choice. Ensure the last line of your response contains only the CWE ID.  CVE Description: An issue was discovered on Virgin Media Super Hub 3 (based on ARRIS TG2492) devices. Because their SNMP commands have insufficient protection mechanisms, it is possible to use JavaScript and DNS rebinding to leak the WAN IP address of a user (if they are using certain VPN implementations, this would decloak them). 	CWE-863	CWE-403
26	Analyze the following CVE description and map it to the appropriate CWE. Provide a brief justification for your choice. Ensure the last line of your response contains only the CWE ID.  CVE Description: In BIG-IP LTM, AAM, AFM, Analytics, APM, ASM, DNS, Link Controller, PEM, and WebSafe software 12.0.0 to 12.1.1, in some cases the Traffic Management Microkernel (TMM) may crash when processing fragmented packets. This vulnerability affects TMM through a virtual server configured with a FastL4 profile. Traffic processing is disrupted while TMM restarts. If the affected BIG-IP system is configured as part of a device group, it will trigger a failover to the peer device. 	CWE-415	CWE-403
27	Analyze the following CVE description and map it to the appropriate CWE. Provide a brief justification for your choice. Ensure the last line of your response contains only the CWE ID.  CVE Description: GLPI is a free Asset and IT management software package. Starting in version 9.1 and prior to version 9.5.6, GLPI with API Rest enabled is vulnerable to API bypass with custom header injection. This issue is fixed in version 9.5.6. One may disable API Rest as a workaround. 	CWE-74	CWE ID: 403
28	Analyze the following CVE description and map it to the appropriate CWE. Provide a brief justification for your choice. Ensure the last line of your response contains only the CWE ID.  CVE Description: In apusys, there is a possible out of bounds write due to a missing bounds check. This could lead to local escalation of privilege with System execution privileges needed. User interaction is not needed for exploitation. Patch ID: ALPS05672107; Issue ID: ALPS05672107. 	CWE-787	CWE ID: C79
29	Analyze the following CVE description and map it to the appropriate CWE. Provide a brief justification for your choice. Ensure the last line of your response contains only the CWE ID.  CVE Description: Galette is a membership management web application built for non profit organizations and released under GPLv3. Versions prior to 0.9.6 do not check for Cross Site Request Forgery attacks. All users are advised to upgrade to 0.9.6 as soon as possible. There are no known workarounds for this issue. 	CWE-352	CWE ID: 403
30	Analyze the following CVE description and map it to the appropriate CWE. Provide a brief justification for your choice. Ensure the last line of your response contains only the CWE ID.  CVE Description: Adobe Flash Player Desktop Runtime 32.0.0.371 and earlier, Adobe Flash Player for Google Chrome 32.0.0.371 and earlier, and Adobe Flash Player for Microsoft Edge and Internet Explorer 32.0.0.330 and earlier have an use after free vulnerability. Successful exploitation could lead to arbitrary code execution. 	CWE-416	CWE ID: 47
31	Analyze the following CVE description and map it to the appropriate CWE. Provide a brief justification for your choice. Ensure the last line of your response contains only the CWE ID.  CVE Description: VMware Cloud Director 10.0.x before 10.0.0.2, 9.7.0.x before 9.7.0.5, 9.5.0.x before 9.5.0.6, and 9.1.0.x before 9.1.0.4 do not properly handle input leading to a code injection vulnerability. An authenticated actor may be able to send malicious traffic to VMware Cloud Director which may lead to arbitrary remote code execution. This vulnerability can be exploited through the HTML5- and Flex-based UIs, the API Explorer interface and API access. 	CWE-917	CWE-403
32	Analyze the following CVE description and map it to the appropriate CWE. Provide a brief justification for your choice. Ensure the last line of your response contains only the CWE ID.  CVE Description: A cross-site request forgery (CSRF) in index.php/Dswjcms/User/tfAdd of Dswjcms 1.6.4 allows authenticated attackers to arbitrarily add administrator users. 	CWE-352	CWE ID: 47
33	Analyze the following CVE description and map it to the appropriate CWE. Provide a brief justification for your choice. Ensure the last line of your response contains only the CWE ID.  CVE Description: IBM WebSphere Application Server 7.0, 8.0, 8.5, 9.0 and Liberty 17.0.0.3 through 21.0.0.9 could allow a remote user to enumerate usernames due to a difference of responses from valid and invalid login attempts. IBM X-Force ID: 205202. 	CWE-307	CWE-403
34	Analyze the following CVE description and map it to the appropriate CWE. Provide a brief justification for your choice. Ensure the last line of your response contains only the CWE ID.  CVE Description: An issue was discovered in swftools through 20200710. A NULL pointer dereference exists in the function InfoOutputDev::type3D1() located in InfoOutputDev.cc. It allows an attacker to cause Denial of Service. 	CWE-476	CWE-419
35	Analyze the following CVE description and map it to the appropriate CWE. Provide a brief justification for your choice. Ensure the last line of your response contains only the CWE ID.  CVE Description: Out of bounds read in ANGLE allowed a remote attacker to obtain sensitive data via a crafted HTML page. 	CWE-125	CWE ID: 200
36	Analyze the following CVE description and map it to the appropriate CWE. Provide a brief justification for your choice. Ensure the last line of your response contains only the CWE ID.  CVE Description: The URL Shortify WordPress plugin before 1.5.1 does not have CSRF check in place when bulk-deleting links or groups, which could allow attackers to make a logged in admin delete arbitrary link and group via a CSRF attack. 	CWE-352	CWE-403
37	Analyze the following CVE description and map it to the appropriate CWE. Provide a brief justification for your choice. Ensure the last line of your response contains only the CWE ID.  CVE Description: A vulnerability has been identified in JT Utilities (All versions < V13.0.3.0), JTTK (All versions < V11.0.3.0). JTTK library in affected products contains a use-after-free vulnerability that could be triggered while parsing specially crafted JT files. An attacker could leverage this vulnerability to execute code in the context of the current process. (ZDI-CAN-14911) 	CWE-416	CWE-419
38	Analyze the following CVE description and map it to the appropriate CWE. Provide a brief justification for your choice. Ensure the last line of your response contains only the CWE ID.  CVE Description: An out-of-bounds write vulnerability exists in the U3D file reading procedure in Open Design Alliance PRC SDK before 2022.10. Crafted data in a U3D file can trigger a write past the end of an allocated buffer. An attacker can leverage this in conjunction with other vulnerabilities to execute arbitrary code in the context of the current process. 	CWE-787	CWE-419
39	Analyze the following CVE description and map it to the appropriate CWE. Provide a brief justification for your choice. Ensure the last line of your response contains only the CWE ID.  CVE Description: DedeCMS v7.5 SP2 was discovered to contain multiple cross-site scripting (XSS) vulnerabilities in the component file_manage_view.php via the `activepath`, `keyword`, `tag`, `fmdo=x&filename`, `CKEditor` and `CKEditorFuncNum` parameters. 	CWE-79	CWE ID: 403
40	Analyze the following CVE description and map it to the appropriate CWE. Provide a brief justification for your choice. Ensure the last line of your response contains only the CWE ID.  CVE Description: An issue was discovered in Special:MediaSearch in the MediaSearch extension in MediaWiki through 1.36.2. The suggestion text (a parameter to mediasearch-did-you-mean) was not being properly sanitized and allowed for the injection and execution of HTML and JavaScript via the intitle: search operator within the query. 	CWE-79	CWE ID: 47
41	Analyze the following CVE description and map it to the appropriate CWE. Provide a brief justification for your choice. Ensure the last line of your response contains only the CWE ID.  CVE Description: IBM Jazz for Service Management and IBM Tivoli Netcool/OMNIbus_GUI 8.1.0 is vulnerable to cross-site scripting. This vulnerability allows users to embed arbitrary JavaScript code in the Web UI thus altering the intended functionality potentially leading to credentials disclosure within a trusted session. IBM X-Force ID: 204345. 	CWE-79	CWE-403
42	Analyze the following CVE description and map it to the appropriate CWE. Provide a brief justification for your choice. Ensure the last line of your response contains only the CWE ID.  CVE Description: There is a Improper Input Validation vulnerability in Huawei Smartphone.Successful exploitation of this vulnerability will cause the availability of users is affected. 	CWE-20	CWE ID: 47
43	Analyze the following CVE description and map it to the appropriate CWE. Provide a brief justification for your choice. Ensure the last line of your response contains only the CWE ID.  CVE Description: b2evolution CMS v7.2.3 was discovered to contain a SQL injection vulnerability via the parameter cfqueryparam in the User login section. This vulnerability allows attackers to execute arbitrary code via a crafted input. 	CWE-89	CWE ID: CSC
44	"Analyze the following CVE description and map it to the appropriate CWE. Provide a brief justification for your choice. Ensure the last line of your response contains only the CWE ID.  CVE Description: The eBPF ALU32 bounds tracking for bitwise ops (AND, OR and XOR) in the Linux kernel did not properly update 32-bit bounds, which could be turned into out of bounds reads and writes in the Linux kernel and therefore, arbitrary code execution. This issue was fixed via commit 049c4e13714e (""bpf: Fix alu32 const subreg bound tracking on bitwise operations"") (v5.13-rc4) and backported to the stable kernels in v5.12.4, v5.11.21, and v5.10.37. The AND/OR issues were introduced by commit 3f50f132d840 (""bpf: Verifier, do explicit ALU32 bounds tracking"") (5.7-rc1) and the XOR variant was introduced by 2921c90d4718 (""bpf:Fix a verifier failure with xor"") ( 5.10-rc1). "	CWE-787	CWE ID: 37
45	Analyze the following CVE description and map it to the appropriate CWE. Provide a brief justification for your choice. Ensure the last line of your response contains only the CWE ID.  CVE Description: An XML external entity (XXE) injection vulnerability was discovered in the Any23 StreamUtils.java file and is known to affect Any23 versions < 2.5. XML external entity injection (also known as XXE) is a web security vulnerability that allows an attacker to interfere with an application's processing of XML data. It often allows an attacker to view files on the application server filesystem, and to interact with any back-end or external systems that the application itself can access. 	CWE-611	CWE-403
46	Analyze the following CVE description and map it to the appropriate CWE. Provide a brief justification for your choice. Ensure the last line of your response contains only the CWE ID.  CVE Description: The access tokens for the REST API are directly derived (sha256 and base64 encoding) from the publicly available default credentials from the Control Dashboard (refer to CVE-2020-10270 for related flaws). This flaw in combination with CVE-2020-10273 allows any attacker connected to the robot networks (wired or wireless) to exfiltrate all stored data (e.g. indoor mapping images) and associated metadata from the robot's database. 	CWE-330	CWE-2020
47	Analyze the following CVE description and map it to the appropriate CWE. Provide a brief justification for your choice. Ensure the last line of your response contains only the CWE ID.  CVE Description: In the `@actions/core` npm module before version 1.2.6,`addPath` and `exportVariable` functions communicate with the Actions Runner over stdout by generating a string in a specific format. Workflows that log untrusted data to stdout may invoke these commands, resulting in the path or environment variables being modified without the intention of the workflow or action author. The runner will release an update that disables the `set-env` and `add-path` workflow commands in the near future. For now, users should upgrade to `@actions/core v1.2.6` or later, and replace any instance of the `set-env` or `add-path` commands in their workflows with the new Environment File Syntax. Workflows and actions using the old commands or older versions of the toolkit will start to warn, then error out during workflow execution. 	CWE-77	CWE ID: 403
48	Analyze the following CVE description and map it to the appropriate CWE. Provide a brief justification for your choice. Ensure the last line of your response contains only the CWE ID.  CVE Description: IBM Security Verify Access Docker 10.0.0 is vulnerable to cross-site scripting. This vulnerability allows users to embed arbitrary JavaScript code in the Web UI thus altering the intended functionality potentially leading to credentials disclosure within a trusted session. IBM X-Force ID: 198661. 	CWE-79	CWE-403
49	Analyze the following CVE description and map it to the appropriate CWE. Provide a brief justification for your choice. Ensure the last line of your response contains only the CWE ID.  CVE Description: An authentication bypass by capture-replay vulnerability [CWE-294] in FortiClient EMS versions 7.0.1 and below and 6.4.4 and below may allow an unauthenticated attacker to impersonate an existing user by intercepting and re-using valid SAML authentication messages. 	CWE-294	CWE-294
50	Analyze the following CVE description and map it to the appropriate CWE. Provide a brief justification for your choice. Ensure the last line of your response contains only the CWE ID.  CVE Description: # Vulnerability in `pygmalion`, `pygmalion-virtualenv` and `refined` themes **Description**: these themes use `print -P` on user-supplied strings to print them to the terminal. All of them do that on git information, particularly the branch name, so if the branch has a specially-crafted name the vulnerability can be exploited. **Fixed in**: [b3ba9978](https://github.com/ohmyzsh/ohmyzsh/commit/b3ba9978). **Impacted areas**: - `pygmalion` theme. - `pygmalion-virtualenv` theme. - `refined` theme. 	CWE-78	CWE ID: f1b2a3
51	Analyze the following CVE description and map it to the appropriate CWE. Provide a brief justification for your choice. Ensure the last line of your response contains only the CWE ID.  CVE Description: OpenSource Moddable v10.5.0 was discovered to contain a heap buffer overflow in the fx_ArrayBuffer function at /moddable/xs/sources/xsDataView.c. 	CWE-787	CWE ID: CVE-2023-12345
52	Analyze the following CVE description and map it to the appropriate CWE. Provide a brief justification for your choice. Ensure the last line of your response contains only the CWE ID.  CVE Description: An Invalid Pointer vulnerability exists in GNU patch 2.7 via the another_hunk function, which causes a Denial of Service. 	CWE-763	CWE ID: 47
53	Analyze the following CVE description and map it to the appropriate CWE. Provide a brief justification for your choice. Ensure the last line of your response contains only the CWE ID.  CVE Description: Sonatype Nexus Repository 3.x through 3.33.1-01 is vulnerable to an HTTP header injection. By sending a crafted HTTP request, a remote attacker may disclose sensitive information or request external resources from a vulnerable instance. 	CWE-74	CWE-403
54	Analyze the following CVE description and map it to the appropriate CWE. Provide a brief justification for your choice. Ensure the last line of your response contains only the CWE ID.  CVE Description: Out-of-bounds write in firmware for some Intel(R) PROSet/Wireless WiFi in multiple operating systems and some Killer(TM) WiFi in Windows 10 may allow a privileged user to potentially enable denial of service via local access. 	CWE-787	CWE-419
55	Analyze the following CVE description and map it to the appropriate CWE. Provide a brief justification for your choice. Ensure the last line of your response contains only the CWE ID.  CVE Description: This vulnerability allows remote attackers to execute arbitrary code on affected installations of D-Link DCS-960L v1.07.102. Authentication is not required to exploit this vulnerability. The specific flaw exists within the HNAP service, which listens on TCP port 80 by default. When parsing the SOAPAction request header, the process does not properly validate the length of user-supplied data prior to copying it to a stack-based buffer. An attacker can leverage this vulnerability to execute code in the context of the admin user. Was ZDI-CAN-8458. 	CWE-306	CWE-403
56	Analyze the following CVE description and map it to the appropriate CWE. Provide a brief justification for your choice. Ensure the last line of your response contains only the CWE ID.  CVE Description: A reflected XSS vulnerability exists in multiple pages in version 22 of the Gibbon application that allows for arbitrary execution of JavaScript (gibbonCourseClassID, gibbonPersonID, subpage, currentDate, or allStudents to index.php). 	CWE-79	CWE ID: 47
57	Analyze the following CVE description and map it to the appropriate CWE. Provide a brief justification for your choice. Ensure the last line of your response contains only the CWE ID.  CVE Description: The Cookie Notice & Consent Banner for GDPR & CCPA Compliance WordPress plugin before 1.7.2 does not properly sanitize inputs to prevent injection of arbitrary HTML within the plugin's design customization options. 	CWE-79	CWE-403
58	Analyze the following CVE description and map it to the appropriate CWE. Provide a brief justification for your choice. Ensure the last line of your response contains only the CWE ID.  CVE Description: An SQL Injection vulnerability exists in zzcms 8.2, 8.3, 2020, and 2021 via the id parameter in admin/bad.php. 	CWE-89	CWE ID: 47
59	Analyze the following CVE description and map it to the appropriate CWE. Provide a brief justification for your choice. Ensure the last line of your response contains only the CWE ID.  CVE Description: There was a local file disclosure vulnerability in Confluence Server and Confluence Data Center via page exporting. An attacker with permission to editing a page is able to exploit this issue to read arbitrary file on the server under <install-directory>/confluence/WEB-INF directory, which may contain configuration files used for integrating with other services, which could potentially leak credentials or other sensitive information such as LDAP credentials. The LDAP credential will be potentially leaked only if the Confluence server is configured to use LDAP as user repository. All versions of Confluence Server from 6.1.0 before 6.6.16 (the fixed version for 6.6.x), from 6.7.0 before 6.13.7 (the fixed version for 6.13.x), and from 6.14.0 before 6.15.8 (the fixed version for 6.15.x) are affected by this vulnerability. 	CWE-22	CWE-403
60	Analyze the following CVE description and map it to the appropriate CWE. Provide a brief justification for your choice. Ensure the last line of your response contains only the CWE ID.  CVE Description: Magento Commerce versions 2.4.2 (and earlier), 2.4.2-p1 (and earlier) and 2.3.7 (and earlier) are affected by a stored cross-site scripting vulnerability that could be abused by an attacker to inject malicious scripts into vulnerable form fields. Malicious JavaScript may be executed in a victim’s browser when they browse to the page containing the vulnerable field. 	CWE-79	CWE ID: 47
61	Analyze the following CVE description and map it to the appropriate CWE. Provide a brief justification for your choice. Ensure the last line of your response contains only the CWE ID.  CVE Description: Cross Site Scripting (XSS) vulnerability in ElkarBackup 1.3.3, allows attackers to execute arbitrary code via the name parameter to the add client feature. 	CWE-79	CWE ID: 47
62	Analyze the following CVE description and map it to the appropriate CWE. Provide a brief justification for your choice. Ensure the last line of your response contains only the CWE ID.  CVE Description: Agent names that participates in a chat conversation are revealed in certain parts of the external interface as well as in chat transcriptions inside the tickets, when system is configured to mask real agent names. This issue affects OTRS; 7.0.21 and prior versions, 8.0.6 and prior versions. 	CWE-200	CWE ID: 7
63	Analyze the following CVE description and map it to the appropriate CWE. Provide a brief justification for your choice. Ensure the last line of your response contains only the CWE ID.  CVE Description: A vulnerability in the web UI of Cisco IOS XE Software could allow an authenticated, remote attacker with administrative privileges to execute arbitrary code with root privileges on the underlying Linux shell. The vulnerability is due to improper validation of user-supplied input. An attacker could exploit this vulnerability by first creating a malicious file on the affected device itself and then uploading a second malicious file to the device. A successful exploit could allow the attacker to execute arbitrary code with root privileges or bypass licensing requirements on the device. 	CWE-20	CWE-403
64	Analyze the following CVE description and map it to the appropriate CWE. Provide a brief justification for your choice. Ensure the last line of your response contains only the CWE ID.  CVE Description: Multiple vulnerabilities in the implementation of the Common Industrial Protocol (CIP) feature of Cisco IOS Software and Cisco IOS XE Software could allow an unauthenticated, remote attacker to cause an affected device to reload, resulting in a denial of service (DoS) condition. The vulnerabilities are due to insufficient input processing of CIP traffic. An attacker could exploit these vulnerabilities by sending crafted CIP traffic to be processed by an affected device. A successful exploit could allow the attacker to cause the affected device to reload, resulting in a DoS condition. 	CWE-20	CWE-422
65	Analyze the following CVE description and map it to the appropriate CWE. Provide a brief justification for your choice. Ensure the last line of your response contains only the CWE ID.  CVE Description: A potential DOM-based Cross Site Scripting security vulnerability has been identified in HPE StoreOnce. The vulnerability could be remotely exploited to cause an elevation of privilege leading to partial impact to confidentiality, availability, and integrity. HPE has made the following software update - HPE StoreOnce 4.3.0, to resolve the vulnerability in HPE StoreOnce. 	CWE-79	CWE-403
66	Analyze the following CVE description and map it to the appropriate CWE. Provide a brief justification for your choice. Ensure the last line of your response contains only the CWE ID.  CVE Description: FFmpeg 4.2 is affected by a Divide By Zero issue via libavcodec/aaccoder, which allows a remote malicious user to cause a Denial of Service 	CWE-369	"CWE ID: 226

Justification: The Divide By Zero issue in libavcodec/aaccoder can lead to denial of service by causing a crash or unexpected behavior when the code attempts to divide by zero, potentially overwhelming the system or causing resource exhaustion."
67	Analyze the following CVE description and map it to the appropriate CWE. Provide a brief justification for your choice. Ensure the last line of your response contains only the CWE ID.  CVE Description: The Images to WebP WordPress plugin before 1.9 does not validate or sanitise the tab parameter before passing it to the include() function, which could lead to a Local File Inclusion issue 	CWE-22	CWE-2023
68	Analyze the following CVE description and map it to the appropriate CWE. Provide a brief justification for your choice. Ensure the last line of your response contains only the CWE ID.  CVE Description: Zoho ManageEngine Applications Manager before 15130 is vulnerable to Stored XSS while importing malicious user details (e.g., a crafted user name) from AD. 	CWE-79	"CWE: 403

Justification: The CVE describes a vulnerability where Zoho ManageEngine Applications Manager is exposed to Stored XSS attacks by allowing attackers to import malicious user details (e.g., a crafted user name) from an external source. This exposes the application to cross-site scripting attacks."
69	Analyze the following CVE description and map it to the appropriate CWE. Provide a brief justification for your choice. Ensure the last line of your response contains only the CWE ID.  CVE Description: The Highlight WordPress plugin before 0.9.3 does not sanitise its CustomCSS setting, allowing high privilege users to perform Cross-Site Scripting attacks even when the unfiltered_html capability is disallowed 	CWE-79	CWE ID: 47
70	Analyze the following CVE description and map it to the appropriate CWE. Provide a brief justification for your choice. Ensure the last line of your response contains only the CWE ID.  CVE Description: Cross Site Scripting (XSS) vulnerability in the Registration page of the admin panel in PHPGurukul User Registration & Login and User Management System With admin panel 2.1. 	CWE-79	CWE: 2.1
71	Analyze the following CVE description and map it to the appropriate CWE. Provide a brief justification for your choice. Ensure the last line of your response contains only the CWE ID.  CVE Description: BAB TECHNOLOGIE GmbH eibPort V3 prior version 3.9.1 contains basic SSRF vulnerability. It allow unauthenticated attackers to request to any internal and external server. 	CWE-918	CWE ID: 403
72	Analyze the following CVE description and map it to the appropriate CWE. Provide a brief justification for your choice. Ensure the last line of your response contains only the CWE ID.  CVE Description: An issue was discovered in Mitsubishi Electric Automation MELSEC-Q series Ethernet interface modules QJ71E71-100, all versions, QJ71E71-B5, all versions, and QJ71E71-B2, all versions. Weakly encrypted passwords are transmitted to a MELSEC-Q PLC. 	CWE-327	CWE: 5
73	Analyze the following CVE description and map it to the appropriate CWE. Provide a brief justification for your choice. Ensure the last line of your response contains only the CWE ID.  CVE Description: ARRIS SBG6580-2 D30GW-SEAEAGLE-1.5.2.5-GA-00-NOSH devices allow remote attackers to discover credentials via iso.3.6.1.4.1.4491.2.4.1.1.6.1.1.0 and iso.3.6.1.4.1.4491.2.4.1.1.6.1.2.0 SNMP requests. 	CWE-522	CWE ID: 4491
74	Analyze the following CVE description and map it to the appropriate CWE. Provide a brief justification for your choice. Ensure the last line of your response contains only the CWE ID.  CVE Description: An issue was discovered in Fatek Automation PLC Ethernet Module. The affected Ether_cfg software configuration tool runs on the following Fatek PLCs: CBEH versions prior to V3.6 Build 170215, CBE versions prior to V3.6 Build 170215, CM55E versions prior to V3.6 Build 170215, and CM25E versions prior to V3.6 Build 170215. A stack-based buffer overflow vulnerability has been identified, which may allow remote code execution or crash the affected device. 	CWE-119	"CWE ID: 214

Justification: The stack-based buffer overflow vulnerability exploits a misconfigured buffer on Fatek PLCs, allowing remote code execution or device crashes."
75	Analyze the following CVE description and map it to the appropriate CWE. Provide a brief justification for your choice. Ensure the last line of your response contains only the CWE ID.  CVE Description: InHand Networks IR615 Router's Versions 2.3.0.r4724 and 2.3.0.r4870 website used to control the router is vulnerable to stored cross-site scripting, which may allow an attacker to hijack sessions of users connected to the system. 	CWE-79	CWE-403
76	Analyze the following CVE description and map it to the appropriate CWE. Provide a brief justification for your choice. Ensure the last line of your response contains only the CWE ID.  CVE Description: Dell BIOS contains an improper input validation vulnerability. A local authenticated malicious user may potentially exploit this vulnerability by using an SMI to gain arbitrary code execution in SMRAM. 	CWE-20	CWE-403
77	Analyze the following CVE description and map it to the appropriate CWE. Provide a brief justification for your choice. Ensure the last line of your response contains only the CWE ID.  CVE Description: This affects the package mpath before 0.8.4. A type confusion vulnerability can lead to a bypass of CVE-2018-16490. In particular, the condition ignoreProperties.indexOf(parts[i]) !== -1 returns -1 if parts[i] is ['__proto__']. This is because the method that has been called if the input is an array is Array.prototype.indexOf() and not String.prototype.indexOf(). They behave differently depending on the type of the input. 	CWE-843	CWE-415
78	Analyze the following CVE description and map it to the appropriate CWE. Provide a brief justification for your choice. Ensure the last line of your response contains only the CWE ID.  CVE Description: Winamp Pro 5.66 Build 3512 allows remote attackers to cause a denial of service via a crafted WAV, WMV, AU, ASF, AIFF, or AIF file. 	CWE-20	CWE ID: 200
79	Analyze the following CVE description and map it to the appropriate CWE. Provide a brief justification for your choice. Ensure the last line of your response contains only the CWE ID.  CVE Description: Under certain circumstances, when manipulating the Windows registry, InstallBuilder uses the reg.exe system command. The full path to the command is not enforced, which results in a search in the search path until a binary can be identified. This makes the installer/uninstaller vulnerable to Path Interception by Search Order Hijacking, potentially allowing an attacker to plant a malicious reg.exe command so it takes precedence over the system command. The vulnerability only affects Windows installers. 	CWE-427	CWE-307
80	Analyze the following CVE description and map it to the appropriate CWE. Provide a brief justification for your choice. Ensure the last line of your response contains only the CWE ID.  CVE Description: A local attacker may be able to elevate their privileges. This issue is fixed in macOS Big Sur 11.4, Security Update 2021-003 Catalina, Security Update 2021-004 Mojave. A memory corruption issue was addressed with improved validation. 	CWE-787	CWE-403
81	Analyze the following CVE description and map it to the appropriate CWE. Provide a brief justification for your choice. Ensure the last line of your response contains only the CWE ID.  CVE Description: On BIG-IP version 16.0.x before 16.0.1.2 and 15.1.x before 15.1.3, when the iRules RESOLVER::summarize command is used on a virtual server, undisclosed requests can cause an increase in Traffic Management Microkernel (TMM) memory utilization resulting in an out-of-memory condition and a denial-of-service (DoS). Note: Software versions which have reached End of Technical Support (EoTS) are not evaluated. 	CWE-400	CWE-403
82	Analyze the following CVE description and map it to the appropriate CWE. Provide a brief justification for your choice. Ensure the last line of your response contains only the CWE ID.  CVE Description: Ruijie RG-UAC 6000-E50 commit 9071227 was discovered to contain a cross-site scripting (XSS) vulnerability via the rule_name parameter. This vulnerability allows attackers to execute arbitrary web scripts or HTML via a crafted payload. 	CWE-79	CWE ID: 403
83	Analyze the following CVE description and map it to the appropriate CWE. Provide a brief justification for your choice. Ensure the last line of your response contains only the CWE ID.  CVE Description: ELECOM LAN routers (WRH-733GBK firmware v1.02.9 and prior and WRH-733GWH firmware v1.02.9 and prior) allows a network-adjacent attacker with an administrator privilege to execute arbitrary OS commands via unspecified vectors. 	CWE-78	CWE-403
84	Analyze the following CVE description and map it to the appropriate CWE. Provide a brief justification for your choice. Ensure the last line of your response contains only the CWE ID.  CVE Description: Stored cross-site scripting (XSS) was possible in activity details. The following products are affected: Acronis Cyber Protect 15 (Windows, Linux) before build 28035 	CWE-79	CWE-403
85	Analyze the following CVE description and map it to the appropriate CWE. Provide a brief justification for your choice. Ensure the last line of your response contains only the CWE ID.  CVE Description: Smarty_Security::isTrustedResourceDir() in Smarty before 3.1.33 is prone to a path traversal vulnerability due to insufficient template code sanitization. This allows attackers controlling the executed template code to bypass the trusted directory security restriction and read arbitrary files. 	CWE-22	CWE-403
86	Analyze the following CVE description and map it to the appropriate CWE. Provide a brief justification for your choice. Ensure the last line of your response contains only the CWE ID.  CVE Description: IBM Db2 for Linux, UNIX and Windows (includes Db2 Connect Server) 9.7, 10.1, 10.5, 11.1, and 11.5, under specific circumstance of a table being dropped while being accessed in another session, could allow an authenticated user to cause a denial of srevice IBM X-Force ID: 203031. 	CWE-829	CWE ID: 11
87	Analyze the following CVE description and map it to the appropriate CWE. Provide a brief justification for your choice. Ensure the last line of your response contains only the CWE ID.  CVE Description: Cross site request forgery (CSRF) vulnerability in AyaCMS 3.1.2 allows attackers to change an administrators password or other unspecified impacts. 	CWE-352	CWE-403
88	Analyze the following CVE description and map it to the appropriate CWE. Provide a brief justification for your choice. Ensure the last line of your response contains only the CWE ID.  CVE Description: Adobe Acrobat and Reader versions 2019.012.20035 and earlier, 2019.012.20035 and earlier, 2017.011.30142 and earlier, 2017.011.30143 and earlier, 2015.006.30497 and earlier, and 2015.006.30498 and earlier have an out-of-bounds read vulnerability. Successful exploitation could lead to information disclosure . 	CWE-125	CWE ID: 305
89	Analyze the following CVE description and map it to the appropriate CWE. Provide a brief justification for your choice. Ensure the last line of your response contains only the CWE ID.  CVE Description: IBM Tivoli Key Lifecycle Manager 3.0, 3.0.1, 4.0, and 4.1 receives input or data, but it does not validate or incorrectly validates that the input has the properties that are required to process the data safely and correctly. 	CWE-20	CWE ID: 403
90	Analyze the following CVE description and map it to the appropriate CWE. Provide a brief justification for your choice. Ensure the last line of your response contains only the CWE ID.  CVE Description: EMC RSA BSAFE Micro Edition Suite (MES) 4.0.x before 4.0.8 and 4.1.x before 4.1.3 and RSA BSAFE SSL-C 2.8.9 and earlier allow remote SSL servers to conduct ECDHE-to-ECDH downgrade attacks and trigger a loss of forward secrecy by omitting the ServerKeyExchange message, a similar issue to CVE-2014-3572. 	CWE-327	CWE-2014
91	Analyze the following CVE description and map it to the appropriate CWE. Provide a brief justification for your choice. Ensure the last line of your response contains only the CWE ID.  CVE Description: Fuji Electric V-Server Lite and Tellus Lite V-Simulator prior to v4.0.12.0 is vulnerable to an out-of-bounds read, which may allow an attacker to read sensitive information from other memory locations or cause a crash. 	CWE-125	CWE ID: 403
92	Analyze the following CVE description and map it to the appropriate CWE. Provide a brief justification for your choice. Ensure the last line of your response contains only the CWE ID.  CVE Description: IBM Jazz Team Server products stores user credentials in clear text which can be read by an authenticated user. IBM X-Force ID: 203172. 	CWE-312	CWE-429
93	Analyze the following CVE description and map it to the appropriate CWE. Provide a brief justification for your choice. Ensure the last line of your response contains only the CWE ID.  CVE Description: Adobe Acrobat and Reader versions 2020.009.20074 and earlier, 2020.001.30002, 2017.011.30171 and earlier, and 2015.006.30523 and earlier have an use-after-free vulnerability. Successful exploitation could lead to arbitrary code execution . 	CWE-416	CWE ID: 2015
94	Analyze the following CVE description and map it to the appropriate CWE. Provide a brief justification for your choice. Ensure the last line of your response contains only the CWE ID.  CVE Description: BQE BillQuick Web Suite 2018 through 2021 before 22.0.9.1 allows SQL injection for unauthenticated remote code execution, as exploited in the wild in October 2021 for ransomware installation. SQL injection can, for example, use the txtID (aka username) parameter. Successful exploitation can include the ability to execute arbitrary code as MSSQLSERVER$ via xp_cmdshell. 	CWE-89	CWE-403
95	Analyze the following CVE description and map it to the appropriate CWE. Provide a brief justification for your choice. Ensure the last line of your response contains only the CWE ID.  CVE Description: Puppet Server before 2.3.2 and Ruby puppetmaster in Puppet 4.x before 4.4.2 and in Puppet Agent before 1.4.2 might allow remote attackers to bypass intended auth.conf access restrictions by leveraging incorrect URL decoding. 	CWE-284	CWE ID: 403
96	Analyze the following CVE description and map it to the appropriate CWE. Provide a brief justification for your choice. Ensure the last line of your response contains only the CWE ID.  CVE Description: Thruk 2.40-2 allows /thruk/#cgi-bin/status.cgi?style=combined&title={TITLE] Reflected XSS via the host or title parameter. An attacker could inject arbitrary JavaScript into status.cgi. The payload would be triggered every time an authenticated user browses the page containing it. 	CWE-79	CWE ID: 47
97	Analyze the following CVE description and map it to the appropriate CWE. Provide a brief justification for your choice. Ensure the last line of your response contains only the CWE ID.  CVE Description: This vulnerability applies to the Micro Air Vehicle Link (MAVLink) protocol and allows a remote attacker to gain access to sensitive information provided it has access to the communication medium. MAVLink is a header-based protocol that does not perform encryption to improve transfer (and reception speed) and efficiency by design. The increasing popularity of the protocol (used accross different autopilots) has led to its use in wired and wireless mediums through insecure communication channels exposing sensitive information to a remote attacker with ability to intercept network traffic. 	CWE-319	CWE-80
98	Analyze the following CVE description and map it to the appropriate CWE. Provide a brief justification for your choice. Ensure the last line of your response contains only the CWE ID.  CVE Description: NEC Univerge Sv9100 WebPro 6.00.00 devices have Predictable Session IDs that result in Account Information Disclosure via Home.htm?sessionId=#####&GOTO(8) URIs. 	CWE-200	CWE-403
99	Analyze the following CVE description and map it to the appropriate CWE. Provide a brief justification for your choice. Ensure the last line of your response contains only the CWE ID.  CVE Description: Zoho ManageEngine ADManager Plus version 7110 and prior allows unrestricted file upload which leads to remote code execution. 	CWE-434	CWE ID: 403
100	Analyze the following CVE description and map it to the appropriate CWE. Provide a brief justification for your choice. Ensure the last line of your response contains only the CWE ID.  CVE Description: naholyr github-todos 3.1.0 is vulnerable to command injection. The range argument for the _hook subcommand is concatenated without any validation, and is directly used by the exec function. 	CWE-78	CWE ID: 403
101	Analyze the following CVE description and map it to the appropriate CWE. Provide a brief justification for your choice. Ensure the last line of your response contains only the CWE ID.  CVE Description: A unauthenticated denial of service vulnerability exists in Citrix ADC <13.0-83.27, <12.1-63.22 and 11.1-65.23 when configured as a VPN (Gateway) or AAA virtual server could allow an attacker to cause a temporary disruption of the Management GUI, Nitro API, and RPC communication. 	CWE-400	CWE-403
102	Analyze the following CVE description and map it to the appropriate CWE. Provide a brief justification for your choice. Ensure the last line of your response contains only the CWE ID.  CVE Description: In FreeBSD 13.0-STABLE before n246938-0729ba2f49c9, 12.2-STABLE before r370383, 11.4-STABLE before r370381, 13.0-RELEASE before p4, 12.2-RELEASE before p10, and 11.4-RELEASE before p13, the ggatec daemon does not validate the size of a response before writing it to a fixed-sized buffer allowing a malicious attacker in a privileged network position to overwrite the stack of ggatec and potentially execute arbitrary code. 	CWE-787	CWE ID: 13
103	Analyze the following CVE description and map it to the appropriate CWE. Provide a brief justification for your choice. Ensure the last line of your response contains only the CWE ID.  CVE Description: SAP 3D Visual Enterprise Viewer, version - 9, allows a user to open manipulated TGA file received from untrusted sources which results in crashing of the application and becoming temporarily unavailable until the user restarts the application, this is caused due to Improper Input Validation. 	CWE-125	CWE-403
104	Analyze the following CVE description and map it to the appropriate CWE. Provide a brief justification for your choice. Ensure the last line of your response contains only the CWE ID.  CVE Description: Magento Commerce versions 2.4.2 (and earlier), 2.4.2-p1 (and earlier) and 2.3.7 (and earlier) are affected by an XML Injection vulnerability when saving a configurable product. An attacker with admin privileges can trigger a specially crafted script to achieve remote code execution. 	CWE-91	CWE ID: 403
105	Analyze the following CVE description and map it to the appropriate CWE. Provide a brief justification for your choice. Ensure the last line of your response contains only the CWE ID.  CVE Description: Improper input validation for Intel(R) EMA before version 1.5.0 may allow an unauthenticated user to potentially enable denial of service via network access. 	CWE-20	CWE ID: 47
106	Analyze the following CVE description and map it to the appropriate CWE. Provide a brief justification for your choice. Ensure the last line of your response contains only the CWE ID.  CVE Description: Deskpro cloud and on-premise Deskpro 2021.1.6 and fixed in Deskpro 2021.1.7 contains a cross-site scripting (XSS) vulnerability in social media links on a user profile due to lack of input validation. 	CWE-79	CWE ID: XSS-2021
107	Analyze the following CVE description and map it to the appropriate CWE. Provide a brief justification for your choice. Ensure the last line of your response contains only the CWE ID.  CVE Description: SAP 3D Visual Enterprise Viewer, version - 9, allows a user to open manipulated U3D file received from untrusted sources which results in crashing of the application and becoming temporarily unavailable until the user restarts the application, this is caused due to Improper Input Validation. 	CWE-824	CWE-403
108	Analyze the following CVE description and map it to the appropriate CWE. Provide a brief justification for your choice. Ensure the last line of your response contains only the CWE ID.  CVE Description: The Auth0 Next.js SDK is a library for implementing user authentication in Next.js applications. Versions before 1.6.2 do not filter out certain returnTo parameter values from the login url, which expose the application to an open redirect vulnerability. Users are advised to upgrade as soon as possible. There are no known workarounds for this issue. 	CWE-601	CWE-403
109	Analyze the following CVE description and map it to the appropriate CWE. Provide a brief justification for your choice. Ensure the last line of your response contains only the CWE ID.  CVE Description: Multiple SQL Injection vulnerabilities exist in Sourcecodester Simple Cashiering System (POS) 1.0 via the (1) Product Code in the pos page in cashiering. (2) id parameter in manage_products and the (3) t paramater in actions.php. 	CWE-89	CWE ID: 47
110	Analyze the following CVE description and map it to the appropriate CWE. Provide a brief justification for your choice. Ensure the last line of your response contains only the CWE ID.  CVE Description: Cross-site scripting (XSS) vulnerability in concrete/elements/collection_add.php in concrete5-legacy 5.6.4.0 and below allows remote attackers to inject arbitrary web script or HTML via the mode parameter. 	CWE-79	CWE ID: 47
111	Analyze the following CVE description and map it to the appropriate CWE. Provide a brief justification for your choice. Ensure the last line of your response contains only the CWE ID.  CVE Description: IBM Cognos Analytics 11.0 and 11.1 is vulnerable to an XML External Entity Injection (XXE) attack when processing XML data. A remote attacker could exploit this vulnerability to expose sensitive information or consume memory resources. IBM X-Force ID: 172533. 	CWE-611	CWE-403
112	Analyze the following CVE description and map it to the appropriate CWE. Provide a brief justification for your choice. Ensure the last line of your response contains only the CWE ID.  CVE Description: It's possible to craft a request for appointment edit screen, which could lead to the XSS attack. This issue affects: OTRS AG ((OTRS)) Community Edition 6.0.x version 6.0.1 and later versions. OTRS AG OTRS 7.0.x version 7.0.28 and prior versions. 	CWE-79	CWE ID: 403
113	Analyze the following CVE description and map it to the appropriate CWE. Provide a brief justification for your choice. Ensure the last line of your response contains only the CWE ID.  CVE Description: An issue was discovered in Softing Industrial Automation uaToolkit Embedded before 1.40. Remote attackers to cause a denial of service (DoS) or login as an anonymous user (bypassing security checks) by sending crafted messages to a OPC/UA server. The server process may crash unexpectedly because of an invalid type cast, and must be restarted. 	CWE-843	CWE-403
114	Analyze the following CVE description and map it to the appropriate CWE. Provide a brief justification for your choice. Ensure the last line of your response contains only the CWE ID.  CVE Description: In __configfs_open_file of file.c, there is a possible use-after-free due to improper locking. This could lead to local escalation of privilege in the kernel with System execution privileges needed. User interaction is not needed for exploitation.Product: AndroidVersions: Android kernelAndroid ID: A-174049066References: Upstream kernel 	CWE-667	CWE ID: 174049
115	Analyze the following CVE description and map it to the appropriate CWE. Provide a brief justification for your choice. Ensure the last line of your response contains only the CWE ID.  CVE Description: The AntiVirus Decomposer engine in Symantec Advanced Threat Protection (ATP); Symantec Data Center Security:Server (SDCS:S) 6.x through 6.6 MP1; Symantec Web Gateway; Symantec Endpoint Protection (SEP) before 12.1 RU6 MP5; Symantec Endpoint Protection (SEP) for Mac; Symantec Endpoint Protection (SEP) for Linux before 12.1 RU6 MP5; Symantec Protection Engine (SPE) before 7.0.5 HF01, 7.5.x before 7.5.3 HF03, 7.5.4 before HF01, and 7.8.0 before HF01; Symantec Protection for SharePoint Servers (SPSS) 6.0.3 through 6.0.5 before 6.0.5 HF 1.5 and 6.0.6 before HF 1.6; Symantec Mail Security for Microsoft Exchange (SMSMSE) before 7.0_3966002 HF1.1 and 7.5.x before 7.5_3966008 VHF1.2; Symantec Mail Security for Domino (SMSDOM) before 8.0.9 HF1.1 and 8.1.x before 8.1.3 HF1.2; CSAPI before 10.0.4 HF01; Symantec Message Gateway (SMG) before 10.6.1-4; Symantec Message Gateway for Service Providers (SMG-SP) 10.5 before patch 254 and 10.6 before patch 253; Norton AntiVirus, Norton Security, Norton Internet Security, and Norton 360 before NGC 22.7; Norton Security for Mac before 13.0.2; Norton Power Eraser (NPE) before 5.1; and Norton Bootable Removal Tool (NBRT) before 2016.1 allows remote attackers to execute arbitrary code or cause a denial of service (memory access violation) via a crafted RAR file that is mishandled during decompression. 	CWE-20	CSAPI
116	Analyze the following CVE description and map it to the appropriate CWE. Provide a brief justification for your choice. Ensure the last line of your response contains only the CWE ID.  CVE Description: A Stored Cross Site Sripting (XSS) vulnerability exists in DzzOffice 2.02.1 via the settingnew parameter. 	CWE-79	CWE-403
117	Analyze the following CVE description and map it to the appropriate CWE. Provide a brief justification for your choice. Ensure the last line of your response contains only the CWE ID.  CVE Description: A Null Pointer Dereference vulnerability exists in gpac 1.1.0 in the gf_node_get_field function, which can cause a segmentation fault and application crash. 	CWE-476	CWE ID: 47
118	Analyze the following CVE description and map it to the appropriate CWE. Provide a brief justification for your choice. Ensure the last line of your response contains only the CWE ID.  CVE Description: A Stored Cross Site Scripting (XSS) Vulneraibiilty exists in Sourcecodester Engineers Online Portal in PHP via the (1) Quiz title and (2) quiz description parameters to add_quiz.php. An attacker can leverage this vulnerability in order to run javascript commands on the web server surfers behalf, which can lead to cookie stealing and more. 	CWE-79	CWE-422
119	Analyze the following CVE description and map it to the appropriate CWE. Provide a brief justification for your choice. Ensure the last line of your response contains only the CWE ID.  CVE Description: An Information Exposure issue was discovered in Schneider Electric Wonderware InTouch Access Anywhere, version 11.5.2 and prior. Credentials may be exposed to external systems via specific URL parameters, as arbitrary destination addresses may be specified. 	CWE-200	CWE-403
120	Analyze the following CVE description and map it to the appropriate CWE. Provide a brief justification for your choice. Ensure the last line of your response contains only the CWE ID.  CVE Description: An issue was discovered in UiPath App Studio 21.4.4. There is a persistent XSS vulnerability in the file-upload functionality for uploading icons when attempting to create new Apps. An attacker with minimal privileges in the application can build their own App and upload a malicious file containing an XSS payload, by uploading an arbitrary file and modifying the MIME type in a subsequent HTTP request. This then allows the file to be stored and retrieved from the server by other users in the same organization. 	CWE-79	CWE-403
121	Analyze the following CVE description and map it to the appropriate CWE. Provide a brief justification for your choice. Ensure the last line of your response contains only the CWE ID.  CVE Description: Cross Site Scripting (XSS) vulnerability in infusions/member_poll_panel/poll_admin.php in PHP-Fusion 9.03.50, allows attackers to execute arbitrary code, via the polls feature. 	CWE-79	CWE ID: 47
122	Analyze the following CVE description and map it to the appropriate CWE. Provide a brief justification for your choice. Ensure the last line of your response contains only the CWE ID.  CVE Description: anuko/timetracker is an, open source time tracking system. In affected versions Time Tracker uses browser_today hidden control on a few pages to collect the today's date from user browsers. Because of not checking this parameter for sanity in versions prior to 1.19.30.5601, it was possible to craft an html form with malicious JavaScript, use social engineering to convince logged on users to execute a POST from such form, and have the attacker-supplied JavaScript to be executed in user's browser. This has been patched in version 1.19.30.5600. Upgrade is recommended. If it is not practical, introduce ttValidDbDateFormatDate function as in the latest version and add a call to it within the access checks block. 	CWE-79	CWE-403
123	Analyze the following CVE description and map it to the appropriate CWE. Provide a brief justification for your choice. Ensure the last line of your response contains only the CWE ID.  CVE Description: rConfig 3.9.4 and previous versions has unauthenticated compliancepolicies.inc.php SQL injection. Because, by default, nodes' passwords are stored in cleartext, this vulnerability leads to lateral movement, granting an attacker access to monitored network devices. 	CWE-89	CWE-403
124	Analyze the following CVE description and map it to the appropriate CWE. Provide a brief justification for your choice. Ensure the last line of your response contains only the CWE ID.  CVE Description: Adobe Photoshop CC versions 19.1.8 and earlier and 20.0.5 and earlier have a heap overflow vulnerability. Successful exploitation could lead to arbitrary code execution. 	CWE-787	CWE ID: 226
125	Analyze the following CVE description and map it to the appropriate CWE. Provide a brief justification for your choice. Ensure the last line of your response contains only the CWE ID.  CVE Description: A vulnerability has been identified in Solid Edge SE2020 (All Versions < SE2020MP12), Solid Edge SE2021 (All Versions < SE2021MP2). Affected applications lack proper validation of user-supplied data when parsing PAR files. This could lead to a stack based buffer overflow. An attacker could leverage this vulnerability to execute code in the context of the current process. 	CWE-787	CWE-403
126	Analyze the following CVE description and map it to the appropriate CWE. Provide a brief justification for your choice. Ensure the last line of your response contains only the CWE ID.  CVE Description: An issue was discovered in Form Tools through 3.0.20. SQL Injection can occur via the export_group_id field when a low-privileged user (client) tries to export a form with data, e.g., manipulation of modules/export_manager/export.php?export_group_id=1&export_group_1_results=all&export_type_id=1. 	CWE-89	CWE-403
127	Analyze the following CVE description and map it to the appropriate CWE. Provide a brief justification for your choice. Ensure the last line of your response contains only the CWE ID.  CVE Description: An issue was discovered in Concrete CMS through 8.5.5. Path Traversal can lead to Arbitrary File Reading and SSRF. 	CWE-22	CWE ID: 403
128	Analyze the following CVE description and map it to the appropriate CWE. Provide a brief justification for your choice. Ensure the last line of your response contains only the CWE ID.  CVE Description: Adobe Acrobat and Reader versions 2020.009.20074 and earlier, 2020.001.30002, 2017.011.30171 and earlier, and 2015.006.30523 and earlier have an out-of-bounds write vulnerability. Successful exploitation could lead to arbitrary code execution . 	CWE-787	CWE ID: 2015
129	Analyze the following CVE description and map it to the appropriate CWE. Provide a brief justification for your choice. Ensure the last line of your response contains only the CWE ID.  CVE Description: Galette is a membership management web application geared towards non profit organizations. In versions prior to 0.9.5, malicious javascript code can be stored to be displayed later on self subscription page. The self subscription feature can be disabled as a workaround (this is the default state). Malicious javascript code can be executed (not stored) on login and retrieve password pages. This issue is patched in version 0.9.5. 	CWE-79	CWE ID: 403
130	Analyze the following CVE description and map it to the appropriate CWE. Provide a brief justification for your choice. Ensure the last line of your response contains only the CWE ID.  CVE Description: A security researcher found a user with Orion map manage rights could store XSS through via text box hyperlink. 	CWE-79	CWE-403
131	Analyze the following CVE description and map it to the appropriate CWE. Provide a brief justification for your choice. Ensure the last line of your response contains only the CWE ID.  CVE Description: SQL Injection vulnerability exists in Wuzhi CMS 4.1.0 via the keywords iparameter under the /coreframe/app/order/admin/card.php file. 	CWE-89	"CWE: 403

Justification: The keyword ""iparameter"" is a common placeholder used in web applications to represent a parameter, and its presence in a vulnerable file indicates a lack of input validation or sanitization, which is a core requirement of the CWE 403 (Forbidden)."
132	Analyze the following CVE description and map it to the appropriate CWE. Provide a brief justification for your choice. Ensure the last line of your response contains only the CWE ID.  CVE Description: The Cookie Notice & Compliance for GDPR / CCPA WordPress plugin before 2.1.2 does not escape the value of its Button Text setting when outputting it in an attribute in the frontend, allowing high privilege users such as admin to perform Cross-Site Scripting even when the unfiltered_html capability is disallowed. 	CWE-79	CWE-403
133	Analyze the following CVE description and map it to the appropriate CWE. Provide a brief justification for your choice. Ensure the last line of your response contains only the CWE ID.  CVE Description: A missing bounds check in image blurring code prior to WhatsApp for Android v2.21.22.7 and WhatsApp Business for Android v2.21.22.7 could have allowed an out-of-bounds write if a user sent a malicious image. 	CWE-787	CWE ID: 47
134	Analyze the following CVE description and map it to the appropriate CWE. Provide a brief justification for your choice. Ensure the last line of your response contains only the CWE ID.  CVE Description: Adobe Acrobat and Reader versions 2020.009.20074 and earlier, 2020.001.30002, 2017.011.30171 and earlier, and 2015.006.30523 and earlier have an out-of-bounds read vulnerability. Successful exploitation could lead to information disclosure. 	CWE-125	CWE ID: 2015
135	Analyze the following CVE description and map it to the appropriate CWE. Provide a brief justification for your choice. Ensure the last line of your response contains only the CWE ID.  CVE Description: An issue was discovered in gpac 0.8.0. The dump_data_hex function in box_dump.c has a heap-based buffer overflow which can lead to a denial of service (DOS) via a crafted input. 	CWE-787	CWE ID: 226
136	Analyze the following CVE description and map it to the appropriate CWE. Provide a brief justification for your choice. Ensure the last line of your response contains only the CWE ID.  CVE Description: Improper authentication in InputManagerService prior to SMR Oct-2021 Release 1 allows monitoring the touch event. 	CWE-287	CWE-403
137	Analyze the following CVE description and map it to the appropriate CWE. Provide a brief justification for your choice. Ensure the last line of your response contains only the CWE ID.  CVE Description: A CWE-434: Unrestricted Upload of File with Dangerous Type vulnerability exists in U.motion Server (MEG6501-0001 - U.motion KNX server, MEG6501-0002 - U.motion KNX Server Plus, MEG6260-0410 - U.motion KNX Server Plus, Touch 10, MEG6260-0415 - U.motion KNX Server Plus, Touch 15), which could allow a user with low privileges to upload a rogue file. 	CWE-434	CWE-434
138	Analyze the following CVE description and map it to the appropriate CWE. Provide a brief justification for your choice. Ensure the last line of your response contains only the CWE ID.  CVE Description: os/unix/ngx_files.c in nginx before 1.10.1 and 1.11.x before 1.11.1 allows remote attackers to cause a denial of service (NULL pointer dereference and worker process crash) via a crafted request, involving writing a client request body to a temporary file. 	CWE-476	"CWE ID: 214

Justification: The description involves writing a client request body to a temporary file, which is a classic example of a denial of service (NDoS) attack. The temporary file can be manipulated to cause a worker process crash, making it a common and effective method for attackers to disrupt services."
139	Analyze the following CVE description and map it to the appropriate CWE. Provide a brief justification for your choice. Ensure the last line of your response contains only the CWE ID.  CVE Description: This vulnerability allows attackers to impersonate users and perform arbitrary actions leading to a Remote Code Execution (RCE) from the Alerts Settings page. 	CWE-79	CWE ID: 47
140	Analyze the following CVE description and map it to the appropriate CWE. Provide a brief justification for your choice. Ensure the last line of your response contains only the CWE ID.  CVE Description: A component of the HarmonyOS has a Insufficient Verification of Data Authenticity vulnerability. Local attackers may exploit this vulnerability to bypass the control mechanism. 	CWE-345	CWE-2023
141	Analyze the following CVE description and map it to the appropriate CWE. Provide a brief justification for your choice. Ensure the last line of your response contains only the CWE ID.  CVE Description: In MuPDF 1.13.0, there is an infinite loop in the fz_skip_space function of the pdf/pdf-xref.c file. A remote adversary could leverage this vulnerability to cause a denial of service via a crafted pdf file. 	CWE-835	CWE-403
142	Analyze the following CVE description and map it to the appropriate CWE. Provide a brief justification for your choice. Ensure the last line of your response contains only the CWE ID.  CVE Description: A vulnerability has been identified in SIMATIC PCS 7 V8.0 and earlier (All versions), SIMATIC PCS 7 V8.1 (All versions < V8.1 with WinCC V7.3 Upd 19), SIMATIC PCS 7 V8.2 (All versions < V8.2 SP1 with WinCC V7.4 SP1 Upd11), SIMATIC PCS 7 V9.0 (All versions < V9.0 SP2 with WinCC V7.4 SP1 Upd11), SIMATIC WinCC (TIA Portal) V13 (All versions), SIMATIC WinCC (TIA Portal) V14 (All versions < V14 SP1 Upd 9), SIMATIC WinCC (TIA Portal) V15 (All versions < V15.1 Upd 3), SIMATIC WinCC Runtime Professional V13 (All versions), SIMATIC WinCC Runtime Professional V14 (All versions < V14.1 Upd 8), SIMATIC WinCC Runtime Professional V15 (All versions < V15.1 Upd 3), SIMATIC WinCC V7.2 and earlier (All versions), SIMATIC WinCC V7.3 (All versions < V7.3 Upd 19), SIMATIC WinCC V7.4 (All versions < V7.4 SP1 Upd 11), SIMATIC WinCC V7.5 (All versions < V7.5 Upd 3). An attacker with access to the project file could run arbitrary system commands with the privileges of the local database server. The vulnerability could be exploited by an attacker with access to the project file. The vulnerability does impact the confidentiality, integrity, and availability of the affected system. At the time of advisory publication no public exploitation of this security vulnerability was known. 	CWE-89	CWE-7
143	Analyze the following CVE description and map it to the appropriate CWE. Provide a brief justification for your choice. Ensure the last line of your response contains only the CWE ID.  CVE Description: The User Registration, Login Form, User Profile & Membership WordPress plugin before 3.2.3 does not sanitise and escape the ppress_cc_data parameter before outputting it back in an attribute of an admin dashboard page, leading to a Reflected Cross-Site Scripting issue 	CWE-79	CWE-422
144	"Analyze the following CVE description and map it to the appropriate CWE. Provide a brief justification for your choice. Ensure the last line of your response contains only the CWE ID.  CVE Description: An issue was discovered in Bloop Airmail 3 3.5.9 for macOS. Its primary WebView instance implements ""webView:decidePolicyForNavigationAction:request:frame:decisionListener:"" such that OpenURL is the default URL handler. A navigation request is processed by the default URL handler only if the currentEvent is NX_LMOUSEUP or NX_OMOUSEUP. An attacker may abuse HTML elements with an EventHandler for a chance to validate navigation requests for URLs that are processed during the NX_LMOUSEUP event triggered by clicking an email. "	CWE-20	CWE-403
145	Analyze the following CVE description and map it to the appropriate CWE. Provide a brief justification for your choice. Ensure the last line of your response contains only the CWE ID.  CVE Description: Adobe Acrobat and Reader versions 2019.010.20069 and earlier, 2019.010.20069 and earlier, 2017.011.30113 and earlier version, and 2015.006.30464 and earlier have an use after free vulnerability. Successful exploitation could lead to arbitrary code execution . 	CWE-416	CWE ID: 403
146	Analyze the following CVE description and map it to the appropriate CWE. Provide a brief justification for your choice. Ensure the last line of your response contains only the CWE ID.  CVE Description: A possible heap-based buffer overflow vulnerability in DSP kernel driver prior to SMR Oct-2021 Release 1 allows arbitrary memory write and code execution. 	CWE-787	CWE ID: 226
147	Analyze the following CVE description and map it to the appropriate CWE. Provide a brief justification for your choice. Ensure the last line of your response contains only the CWE ID.  CVE Description: The GamePress WordPress plugin through 1.1.0 does not escape the op_edit POST parameter before outputting it back in multiple Game Option pages, leading to Reflected Cross-Site Scripting issues 	CWE-79	CWE-403
148	Analyze the following CVE description and map it to the appropriate CWE. Provide a brief justification for your choice. Ensure the last line of your response contains only the CWE ID.  CVE Description: A vulnerability has been identified in Industrial Edge Management (All versions < V1.3). An unauthenticated attacker could change the the password of any user in the system under certain circumstances. With this an attacker could impersonate any valid user on an affected system. 	CWE-639	CWE-403
149	Analyze the following CVE description and map it to the appropriate CWE. Provide a brief justification for your choice. Ensure the last line of your response contains only the CWE ID.  CVE Description: A stored cross-site scripting (XSS) vulnerability in the /manage/loginusername component of Jeesns 1.4.2 allows attackers to execute arbitrary web scripts or HTML via a crafted payload in the username field. 	CWE-79	CWE-403
150	"Analyze the following CVE description and map it to the appropriate CWE. Provide a brief justification for your choice. Ensure the last line of your response contains only the CWE ID.  CVE Description: A vulnerability has been identified in SIMATIC HMI Comfort Outdoor Panels V15 7\"" & 15\"" (incl. SIPLUS variants) (All versions < V15.1 Update 6), SIMATIC HMI Comfort Outdoor Panels V16 7\"" & 15\"" (incl. SIPLUS variants) (All versions < V16 Update 4), SIMATIC HMI Comfort Panels V15 4\"" - 22\"" (incl. SIPLUS variants) (All versions < V15.1 Update 6), SIMATIC HMI Comfort Panels V16 4\"" - 22\"" (incl. SIPLUS variants) (All versions < V16 Update 4), SIMATIC HMI KTP Mobile Panels V15 KTP400F, KTP700, KTP700F, KTP900 and KTP900F (All versions < V15.1 Update 6), SIMATIC HMI KTP Mobile Panels V16 KTP400F, KTP700, KTP700F, KTP900 and KTP900F (All versions < V16 Update 4), SIMATIC WinCC Runtime Advanced V15 (All versions < V15.1 Update 6), SIMATIC WinCC Runtime Advanced V16 (All versions < V16 Update 4). SmartVNC has an out-of-bounds memory access vulnerability that could be triggered on the server side when sending data from the client, which could result in a Denial-of-Service condition. "	CWE-119	SmartVNC
151	Analyze the following CVE description and map it to the appropriate CWE. Provide a brief justification for your choice. Ensure the last line of your response contains only the CWE ID.  CVE Description: decode_frame in libavcodec/exr.c in FFmpeg 4.3.1 has an out-of-bounds write because of errors in calculations of when to perform memset zero operations. 	CWE-787	CWE ID: 200
152	Analyze the following CVE description and map it to the appropriate CWE. Provide a brief justification for your choice. Ensure the last line of your response contains only the CWE ID.  CVE Description: FlashGet v1.9.6 was discovered to contain a buffer overflow in the 'current path directory' function. This vulnerability allows attackers to elevate local process privileges via overwriting the registers. 	CWE-120	CWE ID: CVE-2023-1234
153	Analyze the following CVE description and map it to the appropriate CWE. Provide a brief justification for your choice. Ensure the last line of your response contains only the CWE ID.  CVE Description: Opencast is an Open Source Lecture Capture & Video Management for Education. Opencast before version 9.10 or 10.6 allows references to local file URLs in ingested media packages, allowing attackers to include local files from Opencast's host machines and making them available via the web interface. Before Opencast 9.10 and 10.6, Opencast would open and include local files during ingests. Attackers could exploit this to include most local files the process has read access to, extracting secrets from the host machine. An attacker would need to have the privileges required to add new media to exploit this. But these are often widely given. The issue has been fixed in Opencast 10.6 and 11.0. You can mitigate this issue by narrowing down the read access Opencast has to files on the file system using UNIX permissions or mandatory access control systems like SELinux. This cannot prevent access to files Opencast needs to read though and we highly recommend updating. 	CWE-552	CWE-403
154	Analyze the following CVE description and map it to the appropriate CWE. Provide a brief justification for your choice. Ensure the last line of your response contains only the CWE ID.  CVE Description: An XSS issue was discovered in the google_for_jobs (aka Google for Jobs) extension before 1.5.1 and 2.x before 2.1.1 for TYPO3. The extension fails to properly encode user input for output in HTML context. A TYPO3 backend user account is required to exploit the vulnerability. 	CWE-79	CWE ID: 47
155	Analyze the following CVE description and map it to the appropriate CWE. Provide a brief justification for your choice. Ensure the last line of your response contains only the CWE ID.  CVE Description: Ardour v5.12 contains a use-after-free vulnerability in the component ardour/libs/pbd/xml++.cc when using xmlFreeDoc and xmlXPathFreeContext. 	CWE-416	"CWE ID: 214

Justification: The use-after-free vulnerability in the `xml++` library could lead to data corruption or unexpected behavior when `xmlFreeDoc` or `xmlXPathFreeContext` are used, especially if they are not properly cleaned up or if they are used in a context that does not enforce memory safety."
156	Analyze the following CVE description and map it to the appropriate CWE. Provide a brief justification for your choice. Ensure the last line of your response contains only the CWE ID.  CVE Description: ngiflib 0.4 has a heap overflow in GetByte() at ngiflib.c:70 in NGIFLIB_NO_FILE mode, GetByte() reads memory buffer without checking the boundary. 	CWE-787	"CWE ID: 226

Justification: The description indicates a heap overflow in `GetByte()`, which is a common vulnerability in C libraries. The boundary check is missing, allowing potentially malicious data to be read without bounds awareness, which can lead to security breaches or data corruption."
157	Analyze the following CVE description and map it to the appropriate CWE. Provide a brief justification for your choice. Ensure the last line of your response contains only the CWE ID.  CVE Description: Command injection vulnerability in QSAN Storage Manager allows remote privileged users to execute arbitrary commands. Suggest contacting with QSAN and refer to recommendations in QSAN Document. 	CWE-78	CWE-403
158	Analyze the following CVE description and map it to the appropriate CWE. Provide a brief justification for your choice. Ensure the last line of your response contains only the CWE ID.  CVE Description: ARM mbed TLS before 2.1.11, before 2.7.2, and before 2.8.0 has a buffer over-read in ssl_parse_server_psk_hint() that could cause a crash on invalid input. 	CWE-125	CWE ID: 226
159	Analyze the following CVE description and map it to the appropriate CWE. Provide a brief justification for your choice. Ensure the last line of your response contains only the CWE ID.  CVE Description: The Content Staging WordPress plugin is vulnerable to Stored Cross-Site Scripting due to insufficient input validation and escaping via several parameters that are echo'd out via the ~/templates/settings.php file which allowed attackers with administrative user access to inject arbitrary web scripts, in versions up to and including 2.0.1. This affects multi-site installations where unfiltered_html is disabled for administrators, and sites where unfiltered_html is disabled. 	CWE-79	CWE-403
160	Analyze the following CVE description and map it to the appropriate CWE. Provide a brief justification for your choice. Ensure the last line of your response contains only the CWE ID.  CVE Description: Insecure inherited permissions in the installer for the Intel(R) NUC M15 Laptop Kit Keyboard LED Service driver pack before version 1.0.0.4 may allow an authenticated user to potentially enable escalation of privilege via local access. 	CWE-732	CWE-403
161	Analyze the following CVE description and map it to the appropriate CWE. Provide a brief justification for your choice. Ensure the last line of your response contains only the CWE ID.  CVE Description: Buffer Overflow vulnerability exists in FFmpeg 4.1 via apng_do_inverse_blend in libavcodec/pngenc.c, which could let a remote malicious user cause a Denial of Service 	CWE-120	"CWE ID: 226

Justification: The buffer overflow vulnerability in FFmpeg 4.1 via `apng_do_inverse_blend` could allow a malicious user to execute arbitrary code on the remote system, potentially causing a Denial of Service."
162	Analyze the following CVE description and map it to the appropriate CWE. Provide a brief justification for your choice. Ensure the last line of your response contains only the CWE ID.  CVE Description: A vulnerability has been identified in JT2Go (All versions < V13.2), Teamcenter Visualization (All versions < V13.2). The Jt981.dll library in affected applications lacks proper validation of user-supplied data prior to performing further free operations on an object when parsing JT files. An attacker could leverage this vulnerability to execute code in the context of the current process. (ZDI-CAN-13430) 	CWE-20	CWE-403
163	Analyze the following CVE description and map it to the appropriate CWE. Provide a brief justification for your choice. Ensure the last line of your response contains only the CWE ID.  CVE Description: In onCreate of UsbPermissionActivity.java, there is a possible way to grant an app access to USB without informed user consent due to a tapjacking/overlay attack. This could lead to local escalation of privilege with User execution privileges needed. User interaction is needed for exploitation.Product: AndroidVersions: Android-12Android ID: A-183610267 	CWE-1021	"CWE: 403

Justification: The description mentions a ""tapjacking/overlay attack"" and ""local escalation of privilege,"" which aligns with the CWE 403 (Forbidden Resource). The user interaction required for exploitation also matches the CWE 403."
164	Analyze the following CVE description and map it to the appropriate CWE. Provide a brief justification for your choice. Ensure the last line of your response contains only the CWE ID.  CVE Description: Use after free in some Intel(R) Graphics Driver before version 27.20.100.8336, 15.45.33.5164, and 15.40.47.5166 may allow an authenticated user to potentially enable denial of service via local access. 	CWE-416	CWE ID: 47
165	Analyze the following CVE description and map it to the appropriate CWE. Provide a brief justification for your choice. Ensure the last line of your response contains only the CWE ID.  CVE Description: The renderWidgetResource resource in Atlasian Atlasboard before version 1.1.9 allows remote attackers to read arbitrary files via a path traversal vulnerability. 	CWE-22	CWE ID: 47
166	Analyze the following CVE description and map it to the appropriate CWE. Provide a brief justification for your choice. Ensure the last line of your response contains only the CWE ID.  CVE Description: IBM Sterling B2B Integrator Standard Edition 5.2.6.0 through 6.1.1.0 is vulnerable to SQL injection. A remote attacker could send specially crafted SQL statements, which could allow the attacker to view, add, modify or delete information in the back-end database. IBM X-Force ID: 207506. 	CWE-89	CWE-403
167	Analyze the following CVE description and map it to the appropriate CWE. Provide a brief justification for your choice. Ensure the last line of your response contains only the CWE ID.  CVE Description: There is a Path Traversal vulnerability in Huawei Smartphone.Successful exploitation of this vulnerability may lead to delete any file. 	CWE-22	CWE ID: 47
168	Analyze the following CVE description and map it to the appropriate CWE. Provide a brief justification for your choice. Ensure the last line of your response contains only the CWE ID.  CVE Description: SAP 3D Visual Enterprise Viewer, version - 9, allows a user to open manipulated PDF file received from untrusted sources which results in crashing of the application and becoming temporarily unavailable until the user restarts the application, this is caused due to Improper Input Validation. 	CWE-20	CWE-403
169	Analyze the following CVE description and map it to the appropriate CWE. Provide a brief justification for your choice. Ensure the last line of your response contains only the CWE ID.  CVE Description: On all versions of Guided Configuration before 8.0.0, when a configuration that contains secure properties is created and deployed from Access Guided Configuration (AGC), secure properties are logged in restnoded logs. Note: Software versions which have reached End of Technical Support (EoTS) are not evaluated. 	CWE-532	CWE-403
170	Analyze the following CVE description and map it to the appropriate CWE. Provide a brief justification for your choice. Ensure the last line of your response contains only the CWE ID.  CVE Description: Firefox incorrectly accepted a newline in a HTTP/3 header, interpretting it as two separate headers. This allowed for a header splitting attack against servers using HTTP/3. This vulnerability affects Firefox < 91.0.1 and Thunderbird < 91.0.1. 	CWE-444	CWE ID: 91.1
171	Analyze the following CVE description and map it to the appropriate CWE. Provide a brief justification for your choice. Ensure the last line of your response contains only the CWE ID.  CVE Description: An information disclosure vulnerability exists in Draytek VigorConnect 1.6.0-B3, allowing an unauthenticated attacker to export system logs. 	CWE-532	CWE ID: 47
172	Analyze the following CVE description and map it to the appropriate CWE. Provide a brief justification for your choice. Ensure the last line of your response contains only the CWE ID.  CVE Description: The Shop Page WP WordPress plugin before 1.2.8 does not sanitise and escape some of the Product fields, allowing high privilege users to perform Cross-Site Scripting attacks even when the unfiltered_html capability is disallowed. 	CWE-79	CWE-422
173	"Analyze the following CVE description and map it to the appropriate CWE. Provide a brief justification for your choice. Ensure the last line of your response contains only the CWE ID.  CVE Description: Irfanview v4.53 allows attackers to to cause a denial of service (DoS) via a crafted JPEG 2000 file. Related to ""Integer Divide By Zero starting at JPEG2000!ShowPlugInSaveOptions_W+0x00000000000082ea"" "	CWE-369	CWE-419
174	Analyze the following CVE description and map it to the appropriate CWE. Provide a brief justification for your choice. Ensure the last line of your response contains only the CWE ID.  CVE Description: Through use of reportValidity() and window.open(), a plain-text validation message could have been overlaid on another origin, leading to possible user confusion and spoofing attacks. This vulnerability affects Firefox < 93, Thunderbird < 91.2, and Firefox ESR < 91.2. 	CWE-346	CWE ID: 403
175	Analyze the following CVE description and map it to the appropriate CWE. Provide a brief justification for your choice. Ensure the last line of your response contains only the CWE ID.  CVE Description: An issue was discovered in Form Tools through 3.0.20. When an administrator creates a customer account, it is possible for the customer to log in and proceed with a change of name and last name. However, these fields are vulnerable to XSS payload insertion, being triggered in the admin panel when the admin tries to see the client list. This type of XSS (stored) can lead to the extraction of the PHPSESSID cookie belonging to the admin. 	CWE-79	CWE-403
176	Analyze the following CVE description and map it to the appropriate CWE. Provide a brief justification for your choice. Ensure the last line of your response contains only the CWE ID.  CVE Description: In Arista's MOS (Metamako Operating System) software which is supported on the 7130 product line, under certain conditions, user authentication can be bypassed when API access is enabled via the JSON-RPC APIs. This issue affects: Arista Metamako Operating System All releases in the MOS-0.1x train MOS-0.13 and post releases in the MOS-0.1x train MOS-0.26.6 and below releases in the MOS-0.2x train MOS-0.31.1 and below releases in the MOS-0.3x train 	CWE-287	CWE-403
177	Analyze the following CVE description and map it to the appropriate CWE. Provide a brief justification for your choice. Ensure the last line of your response contains only the CWE ID.  CVE Description: There is an improper file upload control vulnerability in FusionCompute 6.5.0, 6.5.1 and 8.0.0. Due to the improper verification of file to be uploaded and does not strictly restrict the file access path, attackers may upload malicious files to the device, resulting in the service abnormal. 	CWE-434	CWE-403
178	Analyze the following CVE description and map it to the appropriate CWE. Provide a brief justification for your choice. Ensure the last line of your response contains only the CWE ID.  CVE Description: Lucet is a native WebAssembly compiler and runtime. There is a bug in the main branch of `lucet-runtime` affecting all versions published to crates.io that allows a use-after-free in an Instance object that could result in memory corruption, data race, or other related issues. This bug was introduced early in the development of Lucet and is present in all releases. As a result of this bug, and dependent on the memory backing for the Instance objects, it is possible to trigger a use-after-free when the Instance is dropped. Users should upgrade to the main branch of the Lucet repository. Lucet no longer provides versioned releases on crates.io. There is no way to remediate this vulnerability without upgrading. 	CWE-416	CWE-419
179	Analyze the following CVE description and map it to the appropriate CWE. Provide a brief justification for your choice. Ensure the last line of your response contains only the CWE ID.  CVE Description: Acronis Cyber Protect 15 for Windows prior to build 27009 and Acronis Agent for Windows prior to build 26226 allowed local privilege escalation via DLL hijacking. 	CWE-427	CWE: 5.32
180	Analyze the following CVE description and map it to the appropriate CWE. Provide a brief justification for your choice. Ensure the last line of your response contains only the CWE ID.  CVE Description: The tag interface of Delta Electronics DIALink versions 1.2.4.0 and prior is vulnerable to an attacker injecting formulas into the tag data. Those formulas may then be executed when it is opened with a spreadsheet application. 	CWE-1236	CWE-422
181	Analyze the following CVE description and map it to the appropriate CWE. Provide a brief justification for your choice. Ensure the last line of your response contains only the CWE ID.  CVE Description: An Out-of-bounds Read vulnerability exists in the OBJ file reading procedure in Open Design Alliance Drawings SDK before 2022.11. The lack of validating the input length can trigger a read past the end of an allocated buffer. An attacker can leverage this vulnerability to execute code in the context of the current process. 	CWE-125	CWE-422
182	Analyze the following CVE description and map it to the appropriate CWE. Provide a brief justification for your choice. Ensure the last line of your response contains only the CWE ID.  CVE Description: IBM Security Verify Access Docker 10.0.0 could allow a remote attacker to obtain sensitive information when a detailed technical error message is returned in the browser. This information could be used in further attacks against the system. IBM X-Force ID: 198660 	CWE-209	CWE-403
183	Analyze the following CVE description and map it to the appropriate CWE. Provide a brief justification for your choice. Ensure the last line of your response contains only the CWE ID.  CVE Description: An issue was discovered in the Mentor dashboard in the GrowthExperiments extension in MediaWiki through 1.36.2. The Growthexperiments-mentor-dashboard-mentee-overview-add-filter-total-edits-headline, growthexperiments-mentor-dashboard-mentee-overview-add-filter-starred-headline, growthexperiments-mentor-dashboard-mentee-overview-info-text, growthexperiments-mentor-dashboard-mentee-overview-info-legend-headline, and growthexperiments-mentor-dashboard-mentee-overview-active-ago MediaWiki messages were not being properly sanitized and allowed for the injection and execution of HTML and JavaScript. 	CWE-79	CWE ID: 47
184	Analyze the following CVE description and map it to the appropriate CWE. Provide a brief justification for your choice. Ensure the last line of your response contains only the CWE ID.  CVE Description: An issue was discovered in function latm_write_packet in libavformat/latmenc.c in Ffmpeg 4.2.1, allows attackers to cause a Denial of Service or other unspecified impacts due to a Null pointer dereference. 	CWE-476	CWE ID: 47
185	Analyze the following CVE description and map it to the appropriate CWE. Provide a brief justification for your choice. Ensure the last line of your response contains only the CWE ID.  CVE Description: An issue in the administrator authentication panel of PTCL HG150-Ub v3.0 allows attackers to bypass authentication via modification of the cookie value and Response Path. 	CWE-287	CWE ID: 47
186	Analyze the following CVE description and map it to the appropriate CWE. Provide a brief justification for your choice. Ensure the last line of your response contains only the CWE ID.  CVE Description: A Server-Side Request Forgery (SSRF) vulnerability in the EPPUpdateService of Bitdefender Endpoint Security Tools allows an attacker to use the Endpoint Protection relay as a proxy for any remote host. This issue affects: Bitdefender Endpoint Security Tools versions prior to 6.6.27.390; versions prior to 7.1.2.33. Bitdefender Unified Endpoint for Linux versions prior to 6.2.21.160. Bitdefender GravityZone versions prior to 6.24.1-1. 	CWE-918	CWE-403
187	Analyze the following CVE description and map it to the appropriate CWE. Provide a brief justification for your choice. Ensure the last line of your response contains only the CWE ID.  CVE Description: The Accept Donations with PayPal WordPress plugin before 1.3.2 does not escape the Amount Menu Name field of created Buttons, which could allow a high privilege users to perform Cross-Site Scripting attacks even when the unfiltered_html capability is disallowed. 	CWE-79	CWE-403
188	Analyze the following CVE description and map it to the appropriate CWE. Provide a brief justification for your choice. Ensure the last line of your response contains only the CWE ID.  CVE Description: IBM InfoSphere Data Flow Designer Engine (IBM InfoSphere Information Server 11.7 ) component has improper validation of the REST API server certificate. IBM X-Force ID: 201301. 	CWE-295	CWE-403
189	Analyze the following CVE description and map it to the appropriate CWE. Provide a brief justification for your choice. Ensure the last line of your response contains only the CWE ID.  CVE Description: A denial-of-service (DoS) vulnerability was discovered in the web user interface of F-Secure Internet Gatekeeper. The vulnerability occurs because of an attacker can trigger assertion via malformed HTTP packet to web interface. An unauthenticated attacker could exploit this vulnerability by sending a large username parameter. A successful exploitation could lead to a denial-of-service of the product. 	CWE-617	CWE-403
190	Analyze the following CVE description and map it to the appropriate CWE. Provide a brief justification for your choice. Ensure the last line of your response contains only the CWE ID.  CVE Description: IBM InfoSphere Information Server 11.7 is vulnerable to cross-site scripting. This vulnerability allows users to embed arbitrary JavaScript code in the Web UI thus altering the intended functionality potentially leading to credentials disclosure within a trusted session. 	CWE-79	CWE-403
191	Analyze the following CVE description and map it to the appropriate CWE. Provide a brief justification for your choice. Ensure the last line of your response contains only the CWE ID.  CVE Description: Cross-site scripting (XSS) vulnerability in the Collne Welcart e-Commerce plugin before 1.8.3 for WordPress allows remote attackers to inject arbitrary web script or HTML via unspecified vectors, a different vulnerability than CVE-2016-4827. 	CWE-79	CWE-403
192	Analyze the following CVE description and map it to the appropriate CWE. Provide a brief justification for your choice. Ensure the last line of your response contains only the CWE ID.  CVE Description: On version 16.x before 16.1.0, 15.1.x before 15.1.4, 14.1.x before 14.1.4.4, and all versions of 13.1.x, 12.1.x, and 11.6.x, a reflected cross-site scripting (XSS) vulnerability exists in the resource information page for authenticated users when a full webtop is configured on the BIG-IP APM system. Note: Software versions which have reached End of Technical Support (EoTS) are not evaluated. 	CWE-79	CWE-403
193	Analyze the following CVE description and map it to the appropriate CWE. Provide a brief justification for your choice. Ensure the last line of your response contains only the CWE ID.  CVE Description: A XML External Entity (XXE) vulnerability was discovered in the modRestServiceRequest component in MODX CMS 2.7.3 which can lead to an information disclosure or denial of service (DOS). 	CWE-611	CWE-403
194	Analyze the following CVE description and map it to the appropriate CWE. Provide a brief justification for your choice. Ensure the last line of your response contains only the CWE ID.  CVE Description: An issue was discovered in libxsmm through v1.16.1-93. A NULL pointer dereference exists in JIT code. It allows an attacker to cause Denial of Service. 	CWE-476	"CWE ID: 214

Justification: The NULL pointer dereference in JIT code is a classic example of a pointer dereference vulnerability, which is a well-documented CWE that allows an attacker to execute arbitrary code, potentially leading to denial of service."
195	Analyze the following CVE description and map it to the appropriate CWE. Provide a brief justification for your choice. Ensure the last line of your response contains only the CWE ID.  CVE Description: A memory corruption issue was addressed with improved state management. This issue is fixed in macOS Big Sur 11.3, iOS 14.5 and iPadOS 14.5, watchOS 7.4, tvOS 14.5. Processing maliciously crafted web content may lead to arbitrary code execution. 	CWE-787	CWE ID: 47
196	Analyze the following CVE description and map it to the appropriate CWE. Provide a brief justification for your choice. Ensure the last line of your response contains only the CWE ID.  CVE Description: Afian FileRun 2021.03.26 allows Remote Code Execution (by administrators) via the Check Path value for the magick binary. 	CWE-74	CWE ID: 47
197	Analyze the following CVE description and map it to the appropriate CWE. Provide a brief justification for your choice. Ensure the last line of your response contains only the CWE ID.  CVE Description: Quick Heal Internet Security 10.1.0.316, Quick Heal Total Security 10.1.0.316, and Quick Heal AntiVirus Pro 10.1.0.316 are vulnerable to Memory Corruption while parsing a malformed Mach-O file. 	CWE-787	CWE ID: 200
198	Analyze the following CVE description and map it to the appropriate CWE. Provide a brief justification for your choice. Ensure the last line of your response contains only the CWE ID.  CVE Description: Sulu is an open-source PHP content management system based on the Symfony framework. In versions before 1.6.43 are subject to stored cross site scripting attacks. HTML input into Tag names is not properly sanitized. Only admin users are allowed to create tags. Users are advised to upgrade. 	CWE-79	CWE ID: 403
199	Analyze the following CVE description and map it to the appropriate CWE. Provide a brief justification for your choice. Ensure the last line of your response contains only the CWE ID.  CVE Description: A vulnerability of storing sensitive information insecurely in Property Settings prior to SMR Nov-2021 Release 1 allows attackers to read ESN value without priviledge. 	CWE-312	CWE ID: 47
200	Analyze the following CVE description and map it to the appropriate CWE. Provide a brief justification for your choice. Ensure the last line of your response contains only the CWE ID.  CVE Description: Multiple memory corruption issues were addressed with improved memory handling. This issue is fixed in watchOS 6.1. Processing maliciously crafted web content may lead to arbitrary code execution. 	CWE-787	CWE ID: 47
201	Analyze the following CVE description and map it to the appropriate CWE. Provide a brief justification for your choice. Ensure the last line of your response contains only the CWE ID.  CVE Description: IBM Business Automation Workflow 18.0, 19.0, 20.0, and 21.0 is vulnerable to cross-site scripting. This vulnerability allows users to embed arbitrary JavaScript code in the Web UI thus altering the intended functionality potentially leading to credentials disclosure within a trusted session. IBM X-Force ID: 206581. 	CWE-79	CWE-403
202	"Analyze the following CVE description and map it to the appropriate CWE. Provide a brief justification for your choice. Ensure the last line of your response contains only the CWE ID.  CVE Description: A vulnerability has been identified in SIMATIC HMI Comfort Outdoor Panels V15 7\"" & 15\"" (incl. SIPLUS variants) (All versions < V15.1 Update 6), SIMATIC HMI Comfort Outdoor Panels V16 7\"" & 15\"" (incl. SIPLUS variants) (All versions < V16 Update 4), SIMATIC HMI Comfort Panels V15 4\"" - 22\"" (incl. SIPLUS variants) (All versions < V15.1 Update 6), SIMATIC HMI Comfort Panels V16 4\"" - 22\"" (incl. SIPLUS variants) (All versions < V16 Update 4), SIMATIC HMI KTP Mobile Panels V15 KTP400F, KTP700, KTP700F, KTP900 and KTP900F (All versions < V15.1 Update 6), SIMATIC HMI KTP Mobile Panels V16 KTP400F, KTP700, KTP700F, KTP900 and KTP900F (All versions < V16 Update 4), SIMATIC WinCC Runtime Advanced V15 (All versions < V15.1 Update 6), SIMATIC WinCC Runtime Advanced V16 (All versions < V16 Update 4), SINAMICS GH150 (All versions), SINAMICS GL150 (with option X30) (All versions), SINAMICS GM150 (with option X30) (All versions), SINAMICS SH150 (All versions), SINAMICS SL150 (All versions), SINAMICS SM120 (All versions), SINAMICS SM150 (All versions), SINAMICS SM150i (All versions). SmartVNC has a heap allocation leak vulnerability in the server Tight encoder, which could result in a Denial-of-Service condition. "	CWE-770	S
203	Analyze the following CVE description and map it to the appropriate CWE. Provide a brief justification for your choice. Ensure the last line of your response contains only the CWE ID.  CVE Description: The vCenter Server contains a denial-of-service vulnerability in VPXD service. A malicious actor with network access to port 443 on vCenter Server may exploit this issue to create a denial of service condition due to excessive memory consumption by VPXD service. 	CWE-400	CWE-403
204	Analyze the following CVE description and map it to the appropriate CWE. Provide a brief justification for your choice. Ensure the last line of your response contains only the CWE ID.  CVE Description: Nette versions before 2.0.19, 2.1.13, 2.2.10, 2.3.14, 2.4.16, 3.0.6 are vulnerable to an code injection attack by passing specially formed parameters to URL that may possibly leading to RCE. Nette is a PHP/Composer MVC Framework. 	CWE-94	CWE ID: 47
205	Analyze the following CVE description and map it to the appropriate CWE. Provide a brief justification for your choice. Ensure the last line of your response contains only the CWE ID.  CVE Description: Deserialization of untrusted data in multiple functions in MIK.starlight 7.9.5.24363 allows authenticated remote attackers to execute operating system commands by crafting serialized objects. 	CWE-502	CWE ID: 47
206	Analyze the following CVE description and map it to the appropriate CWE. Provide a brief justification for your choice. Ensure the last line of your response contains only the CWE ID.  CVE Description: Adobe Acrobat and Reader versions 2019.021.20061 and earlier, 2017.011.30156 and earlier, 2017.011.30156 and earlier, and 2015.006.30508 and earlier have an out-of-bounds read vulnerability. Successful exploitation could lead to information disclosure . 	CWE-125	CWE ID: 305
207	Analyze the following CVE description and map it to the appropriate CWE. Provide a brief justification for your choice. Ensure the last line of your response contains only the CWE ID.  CVE Description: An issue was discovered in Sangoma Asterisk 13.x before 13.38.3, 16.x before 16.19.1, 17.x before 17.9.4, and 18.x before 18.5.1, and Certified Asterisk before 16.8-cert10. If the IAX2 channel driver receives a packet that contains an unsupported media format, a crash can occur. 	CWE-74	CWE ID: 18
208	Analyze the following CVE description and map it to the appropriate CWE. Provide a brief justification for your choice. Ensure the last line of your response contains only the CWE ID.  CVE Description: The Post Content XMLRPC WordPress plugin through 1.0 does not sanitise or escape multiple GET/POST parameters before using them in SQL statements in the admin dashboard, leading to an authenticated SQL Injections 	CWE-89	CWE-422
209	Analyze the following CVE description and map it to the appropriate CWE. Provide a brief justification for your choice. Ensure the last line of your response contains only the CWE ID.  CVE Description: A vulnerability in the web portal of Cisco Enterprise NFV Infrastructure Software (NFVIS) could allow an unauthenticated, remote attacker to perform a command injection attack and execute arbitrary commands with root privileges. The vulnerability is due to insufficient input validation by the web portal framework. An attacker could exploit this vulnerability by providing malicious input during web portal authentication. A successful exploit could allow the attacker to execute arbitrary commands with root privileges on the underlying operating system. 	CWE-20	CWE-403
210	Analyze the following CVE description and map it to the appropriate CWE. Provide a brief justification for your choice. Ensure the last line of your response contains only the CWE ID.  CVE Description: In GNOME grilo though 0.3.13, grl-net-wc.c does not enable TLS certificate verification on the SoupSessionAsync objects it creates, leaving users vulnerable to network MITM attacks. NOTE: this is similar to CVE-2016-20011. 	CWE-295	CWE-2016
211	Analyze the following CVE description and map it to the appropriate CWE. Provide a brief justification for your choice. Ensure the last line of your response contains only the CWE ID.  CVE Description: A user may be tricked into opening a malicious FBX file which may exploit a use-after-free vulnerability in FBX's Review causing the application to reference a memory location controlled by an unauthorized third party, thereby running arbitrary code on the system. 	CWE-416	CWE-403
212	Analyze the following CVE description and map it to the appropriate CWE. Provide a brief justification for your choice. Ensure the last line of your response contains only the CWE ID.  CVE Description: A reflected cross-site scripting (XSS) vulnerability exists in the i-Panel Administration System Version 2.0 that enables a remote attacker to execute arbitrary JavaScript code in the browser-based web console and it is possible to insert a vulnerable malicious button. 	CWE-79	CWE-403
213	Analyze the following CVE description and map it to the appropriate CWE. Provide a brief justification for your choice. Ensure the last line of your response contains only the CWE ID.  CVE Description: Adobe Acrobat and Reader versions , 2019.012.20040 and earlier, 2017.011.30148 and earlier, 2017.011.30148 and earlier, 2015.006.30503 and earlier, and 2015.006.30503 and earlier have an out-of-bounds read vulnerability. Successful exploitation could lead to information disclosure . 	CWE-125	CWE ID: 305
214	Analyze the following CVE description and map it to the appropriate CWE. Provide a brief justification for your choice. Ensure the last line of your response contains only the CWE ID.  CVE Description: An injection issue was addressed with improved validation. This issue is fixed in macOS Big Sur 11.5, Security Update 2021-004 Catalina, Security Update 2021-005 Mojave. A malicious application may be able to gain root privileges. 	CWE-74	CWE-403
215	Analyze the following CVE description and map it to the appropriate CWE. Provide a brief justification for your choice. Ensure the last line of your response contains only the CWE ID.  CVE Description: Dell Client Consumer and Commercial Platforms contain an Arbitrary File Overwrite Vulnerability. The vulnerability is limited to the Dell Firmware Update Utility during the time window while being executed by an administrator. During this time window, a locally authenticated low-privileged malicious user could exploit this vulnerability by tricking an administrator into overwriting arbitrary files via a symlink attack. The vulnerability does not affect the actual binary payload that the update utility delivers. 	CWE-59	CWE-403
216	Analyze the following CVE description and map it to the appropriate CWE. Provide a brief justification for your choice. Ensure the last line of your response contains only the CWE ID.  CVE Description: An insufficient pointer validation vulnerability in the AMD Graphics Driver for Windows may allow unprivileged users to compromise the system. 	CWE-763	CWE ID: 47
217	Analyze the following CVE description and map it to the appropriate CWE. Provide a brief justification for your choice. Ensure the last line of your response contains only the CWE ID.  CVE Description: The Easy Digital Downloads (EDD) Manual Purchases extension for WordPress, as used with EDD 1.8.x before 1.8.7, 1.9.x before 1.9.10, 2.0.x before 2.0.5, 2.1.x before 2.1.11, 2.2.x before 2.2.9, and 2.3.x before 2.3.7, has XSS because add_query_arg is misused. 	CWE-79	XSS
218	Analyze the following CVE description and map it to the appropriate CWE. Provide a brief justification for your choice. Ensure the last line of your response contains only the CWE ID.  CVE Description: An out-of-bounds write issue was addressed with improved bounds checking. This issue is fixed in macOS Big Sur 11.3, Security Update 2021-002 Catalina, Security Update 2021-003 Mojave. A malicious application may be able to execute arbitrary code with kernel privileges. 	CWE-787	CWE-419
219	Analyze the following CVE description and map it to the appropriate CWE. Provide a brief justification for your choice. Ensure the last line of your response contains only the CWE ID.  CVE Description: There is a Exposure of Sensitive Information to an Unauthorized Actor vulnerability in Huawei Smartphone.Successful exploitation of this vulnerability will cause the confidentiality of users is affected. 	CWE-200	CWE: 47
220	Analyze the following CVE description and map it to the appropriate CWE. Provide a brief justification for your choice. Ensure the last line of your response contains only the CWE ID.  CVE Description: It was discovered that Kibana’s JIRA connector & IBM Resilient connector could be used to return HTTP response data on internal hosts, which may be intentionally hidden from public view. Using this vulnerability, a malicious user with the ability to create connectors, could utilize these connectors to view limited HTTP response data on hosts accessible to the cluster. 	CWE-319	CWE-403
221	Analyze the following CVE description and map it to the appropriate CWE. Provide a brief justification for your choice. Ensure the last line of your response contains only the CWE ID.  CVE Description: Cross-site scripting (XSS) vulnerability in templates/installer/step-004.inc.php in spotweb 1.5.1 and below allow remote attackers to inject arbitrary web script or HTML via the newpassword2 parameter. 	CWE-79	CWE ID: 47
222	Analyze the following CVE description and map it to the appropriate CWE. Provide a brief justification for your choice. Ensure the last line of your response contains only the CWE ID.  CVE Description: An information disclosure vulnerability exists in GitLab CE/EE <v12.3.2, <v12.2.6, and <v12.1.12 that allowed project milestones to be disclosed via groups browsing. 	CWE-307	CWE ID: 47
223	Analyze the following CVE description and map it to the appropriate CWE. Provide a brief justification for your choice. Ensure the last line of your response contains only the CWE ID.  CVE Description: Hygeia is an application for collecting and processing personal and case data in connection with communicable diseases. In affected versions all CSV Exports (Statistics & BAG MED) contain a CSV Injection Vulnerability. Users of the system are able to submit formula as exported fields which then get executed upon ingestion of the exported file. There is no validation or sanitization of these formula fields and so malicious may construct malicious code. This vulnerability has been resolved in version 1.30.4. There are no workarounds and all users are advised to upgrade their package. 	CWE-74	CWE-403
224	Analyze the following CVE description and map it to the appropriate CWE. Provide a brief justification for your choice. Ensure the last line of your response contains only the CWE ID.  CVE Description: There is a Memory Buffer Errors Vulnerability in Huawei Smartphone.Successful exploitation of this vulnerability may cause the system to reset. 	CWE-787	"CWE: 47

Justification: The vulnerability exploits a memory buffer overflow, which is a well-documented CWE related to buffer overflows in software. The phrase ""system to reset"" aligns with the CWE's emphasis on exploiting memory vulnerabilities to achieve a desired outcome."
225	Analyze the following CVE description and map it to the appropriate CWE. Provide a brief justification for your choice. Ensure the last line of your response contains only the CWE ID.  CVE Description: Cross-site scripting (XSS) vulnerability in concrete/elements/collection_add.php in concrete5-legacy 5.6.4.0 and below allows remote attackers to inject arbitrary web script or HTML via the ctID parameter. 	CWE-79	CWE ID: 403
226	Analyze the following CVE description and map it to the appropriate CWE. Provide a brief justification for your choice. Ensure the last line of your response contains only the CWE ID.  CVE Description: In asf extractor, there is a possible out of bounds read due to an integer overflow. This could lead to local information disclosure with no additional execution privileges needed. User interaction is not needed for exploitation. Patch ID: ALPS05489178; Issue ID: ALPS05585817. 	CWE-190	CWE-419
227	Analyze the following CVE description and map it to the appropriate CWE. Provide a brief justification for your choice. Ensure the last line of your response contains only the CWE ID.  CVE Description: In ep_loop_check_proc of eventpoll.c, there is a possible way to corrupt memory due to a use after free. This could lead to local escalation of privilege with no additional execution privileges needed. User interaction is not needed for exploitation.Product: AndroidVersions: Android kernelAndroid ID: A-204573007References: Upstream kernel 	CWE-416	CWE ID: 403
228	Analyze the following CVE description and map it to the appropriate CWE. Provide a brief justification for your choice. Ensure the last line of your response contains only the CWE ID.  CVE Description: The RESTful control interface (aka RAPI or ganeti-rapi) in Ganeti before 2.9.7, 2.10.x before 2.10.8, 2.11.x before 2.11.8, 2.12.x before 2.12.6, 2.13.x before 2.13.3, 2.14.x before 2.14.2, and 2.15.x before 2.15.2 allows remote attackers to obtain the DRBD secret via instance information job results. 	CWE-200	CWE ID: 171
229	Analyze the following CVE description and map it to the appropriate CWE. Provide a brief justification for your choice. Ensure the last line of your response contains only the CWE ID.  CVE Description: The Flex Local Fonts WordPress plugin through 1.0.0 does not escape the Class Name field when adding a font, which could allow hight privilege users to perform Cross-Site Scripting attacks even when the unfiltered_html capability is disallowed. 	CWE-79	CWE-403
230	Analyze the following CVE description and map it to the appropriate CWE. Provide a brief justification for your choice. Ensure the last line of your response contains only the CWE ID.  CVE Description: An issue in the component /cgi-bin/upload_firmware.cgi of D-Link DIR-823G REVA1 1.02B05 allows attackers to cause a denial of service (DoS) via unspecified vectors. 	CWE-862	CWE-403
231	Analyze the following CVE description and map it to the appropriate CWE. Provide a brief justification for your choice. Ensure the last line of your response contains only the CWE ID.  CVE Description: x509_constraints_parse_mailbox in lib/libcrypto/x509/x509_constraints.c in LibreSSL through 3.4.0 has a stack-based buffer over-read. When the input exceeds DOMAIN_PART_MAX_LEN, the buffer lacks '\0' termination. 	CWE-125	CWE-200
232	"Analyze the following CVE description and map it to the appropriate CWE. Provide a brief justification for your choice. Ensure the last line of your response contains only the CWE ID.  CVE Description: A remote code execution vulnerability exists when the Microsoft Malware Protection Engine does not properly scan a specially crafted file, leading to memory corruption, aka ""Microsoft Malware Protection Engine Remote Code Execution Vulnerability."" This affects Windows Defender, Windows Intune Endpoint Protection, Microsoft Security Essentials, Microsoft System Center Endpoint Protection, Microsoft Exchange Server, Microsoft System Center, Microsoft Forefront Endpoint Protection. "	CWE-787	CWE-403
233	Analyze the following CVE description and map it to the appropriate CWE. Provide a brief justification for your choice. Ensure the last line of your response contains only the CWE ID.  CVE Description: webTareas version 2.4 and earlier allows an authenticated user to store arbitrary web script or HTML by creating or editing a client name in the clients section, due to incorrect sanitization of user-supplied data and achieve a Stored Cross-Site Scripting attack against the platform users and administrators. The affected endpoint is /clients/editclient.php, on the HTTP POST cn parameter. 	CWE-79	CWE ID: 47
234	Analyze the following CVE description and map it to the appropriate CWE. Provide a brief justification for your choice. Ensure the last line of your response contains only the CWE ID.  CVE Description: There is an Exception log vulnerability in Huawei Smartphone.Successful exploitation of this vulnerability may cause address information leakage. 	CWE-755	"CWE: 47

Justification: The vulnerability is a well-known exploit mechanism that can be used to extract address information, making it a high-severity issue.

CWE ID: 47"
235	Analyze the following CVE description and map it to the appropriate CWE. Provide a brief justification for your choice. Ensure the last line of your response contains only the CWE ID.  CVE Description: IBM MQ 7.5, 8.0, 9.0 LTS, 9.1 CD, and 9.1 LTS stores user credentials in plain clear text which can be read by a local user. IBM X-Force ID: 211403. 	CWE-312	CWE-403
236	Analyze the following CVE description and map it to the appropriate CWE. Provide a brief justification for your choice. Ensure the last line of your response contains only the CWE ID.  CVE Description: Emerson Liebert IntelliSlot Web Card devices allow remote attackers to reconfigure access control via the config/configUser.htm or config/configTelnet.htm URI. 	CWE-732	CWE: 403
237	Analyze the following CVE description and map it to the appropriate CWE. Provide a brief justification for your choice. Ensure the last line of your response contains only the CWE ID.  CVE Description: An issue was discovered in Snap Creek Duplicator before 1.2.42. By accessing leftover installer files (installer.php and installer-backup.php), an attacker can inject PHP code into wp-config.php during the database setup step, achieving arbitrary code execution. 	CWE-94	CWE-403
238	Analyze the following CVE description and map it to the appropriate CWE. Provide a brief justification for your choice. Ensure the last line of your response contains only the CWE ID.  CVE Description: Adobe Acrobat and Reader versions 2020.006.20034 and earlier, 2017.011.30158 and earlier, 2017.011.30158 and earlier, 2015.006.30510 and earlier, and 2015.006.30510 and earlier have a use-after-free vulnerability. Successful exploitation could lead to arbitrary code execution . 	CWE-416	CWE ID: 305
239	"Analyze the following CVE description and map it to the appropriate CWE. Provide a brief justification for your choice. Ensure the last line of your response contains only the CWE ID.  CVE Description: OpenSIS Community Edition version <= 7.6 is affected by a local file inclusion vulnerability in DownloadWindow.php via the ""filename"" parameter. "	CWE-22	CWE-403
240	Analyze the following CVE description and map it to the appropriate CWE. Provide a brief justification for your choice. Ensure the last line of your response contains only the CWE ID.  CVE Description: IBM Jazz for Service Management and IBM Tivoli Netcool/OMNIbus_GUI 8.1.0 is vulnerable to stored cross-site scripting. This vulnerability allows users to embed arbitrary JavaScript code in the Web UI thus altering the intended functionality potentially leading to credentials disclosure within a trusted session. IBM X-Force ID: 204269. 	CWE-79	CWE-403
241	Analyze the following CVE description and map it to the appropriate CWE. Provide a brief justification for your choice. Ensure the last line of your response contains only the CWE ID.  CVE Description: A cross-site request forgery (CSRF) vulnerability exists in Streama up to and including v1.10.3. The application does not have CSRF checks in place when performing actions such as uploading local files. As a result, attackers could make a logged-in administrator upload arbitrary local files via a CSRF attack and send them to the attacker. 	CWE-352	CWE-403
242	Analyze the following CVE description and map it to the appropriate CWE. Provide a brief justification for your choice. Ensure the last line of your response contains only the CWE ID.  CVE Description: Remote attackers may delete arbitrary files in a system hosting a JSPWiki instance, versions up to 2.11.0.M8, by using a carefuly crafted http request on logout, given that those files are reachable to the user running the JSPWiki instance. Apache JSPWiki users should upgrade to 2.11.0 or later. 	CWE-276	CWE-403
243	Analyze the following CVE description and map it to the appropriate CWE. Provide a brief justification for your choice. Ensure the last line of your response contains only the CWE ID.  CVE Description: There is a Improper Input Validation vulnerability in Huawei Smartphone.Successful exploitation of this vulnerability may lead to malicious invoking other functions of the Smart Assistant through text messages. 	CWE-20	CWE ID: 47
244	Analyze the following CVE description and map it to the appropriate CWE. Provide a brief justification for your choice. Ensure the last line of your response contains only the CWE ID.  CVE Description: The Podcast Subscribe Buttons WordPress plugin before 1.4.2 allows users with any role capable of editing or adding posts to perform stored XSS. 	CWE-79	CWE ID: 47
245	Analyze the following CVE description and map it to the appropriate CWE. Provide a brief justification for your choice. Ensure the last line of your response contains only the CWE ID.  CVE Description: In TagLib 1.11.1, the rebuildAggregateFrames function in id3v2framefactory.cpp has a pointer to cast vulnerability, which allows remote attackers to cause a denial of service or possibly have unspecified other impact via a crafted audio file. 	CWE-434	CWE-403
246	Analyze the following CVE description and map it to the appropriate CWE. Provide a brief justification for your choice. Ensure the last line of your response contains only the CWE ID.  CVE Description: Adobe Acrobat Reader versions 15.020.20042 and earlier, 15.006.30244 and earlier, 11.0.18 and earlier have an exploitable buffer overflow vulnerability in the JPEG2000 parser. Successful exploitation could lead to information disclosure. 	CWE-125	CWE ID: CVE-2018-0001
247	Analyze the following CVE description and map it to the appropriate CWE. Provide a brief justification for your choice. Ensure the last line of your response contains only the CWE ID.  CVE Description: In Kaminari before 1.2.1, there is a vulnerability that would allow an attacker to inject arbitrary code into pages with pagination links. This has been fixed in 1.2.1. 	CWE-79	CWE ID: 47
248	Analyze the following CVE description and map it to the appropriate CWE. Provide a brief justification for your choice. Ensure the last line of your response contains only the CWE ID.  CVE Description: A memory corruption issue was addressed with improved validation. This issue is fixed in macOS Big Sur 11.3, Security Update 2021-002 Catalina, Security Update 2021-003 Mojave. An application may be able to cause unexpected system termination or write kernel memory. 	CWE-787	CWE-419
249	Analyze the following CVE description and map it to the appropriate CWE. Provide a brief justification for your choice. Ensure the last line of your response contains only the CWE ID.  CVE Description: In Apache Ozone versions prior to 1.2.0, Authenticated users knowing the ID of an existing block can craft specific request allowing access those blocks, bypassing other security checks like ACL. 	CWE-863	CWE ID: 47
250	Analyze the following CVE description and map it to the appropriate CWE. Provide a brief justification for your choice. Ensure the last line of your response contains only the CWE ID.  CVE Description: Adobe Acrobat and Reader versions 2019.021.20061 and earlier, 2017.011.30156 and earlier, 2017.011.30156 and earlier, and 2015.006.30508 and earlier have an use after free vulnerability. Successful exploitation could lead to arbitrary code execution . 	CWE-416	CWE ID: 305
251	Analyze the following CVE description and map it to the appropriate CWE. Provide a brief justification for your choice. Ensure the last line of your response contains only the CWE ID.  CVE Description: The Genie WP Favicon WordPress plugin through 0.5.2 does not have CSRF in place when updating the favicon, which could allow attackers to make a logged in admin change it via a CSRF attack 	CWE-352	CWE ID: 403
252	Analyze the following CVE description and map it to the appropriate CWE. Provide a brief justification for your choice. Ensure the last line of your response contains only the CWE ID.  CVE Description: Adobe Acrobat and Reader versions , 2019.012.20040 and earlier, 2017.011.30148 and earlier, 2017.011.30148 and earlier, 2015.006.30503 and earlier, and 2015.006.30503 and earlier have an use after free vulnerability. Successful exploitation could lead to arbitrary code execution . 	CWE-416	CWE ID: 305
253	Analyze the following CVE description and map it to the appropriate CWE. Provide a brief justification for your choice. Ensure the last line of your response contains only the CWE ID.  CVE Description: In GLPI before 9.4.6, an attacker can execute system commands by abusing the backup functionality. Theoretically, this vulnerability can be exploited by an attacker without a valid account by using a CSRF. Due to the difficulty of the exploitation, the attack is only conceivable by an account having Maintenance privileges and the right to add WIFI networks. This is fixed in version 9.4.6. 	CWE-352	CWE-403
254	Analyze the following CVE description and map it to the appropriate CWE. Provide a brief justification for your choice. Ensure the last line of your response contains only the CWE ID.  CVE Description: Zoho ManageEngine OpManager version 125466 and below is vulnerable to SQL Injection in the getReportData API. 	CWE-89	"CWE: 403

Justification: The API endpoint lacks proper authentication or authorization checks, allowing unauthorized access to sensitive data.

CWE ID: 403"
255	Analyze the following CVE description and map it to the appropriate CWE. Provide a brief justification for your choice. Ensure the last line of your response contains only the CWE ID.  CVE Description: The WP HTML Author Bio WordPress plugin through 1.2.0 does not sanitise the HTML allowed in the Bio of users, allowing them to use malicious JavaScript code, which will be executed when anyone visit a post in the frontend made by such user. As a result, user with a role as low as author could perform Cross-Site Scripting attacks against users, which could potentially lead to privilege escalation when an admin view the related post/s. 	CWE-79	CWE-403
256	Analyze the following CVE description and map it to the appropriate CWE. Provide a brief justification for your choice. Ensure the last line of your response contains only the CWE ID.  CVE Description: A component of the HarmonyOS has a Use After Free vulnerability. Local attackers may exploit this vulnerability to cause kernel crash. 	CWE-416	CWE ID: 47
257	Analyze the following CVE description and map it to the appropriate CWE. Provide a brief justification for your choice. Ensure the last line of your response contains only the CWE ID.  CVE Description: A vulnerability in SonicWall Global Management System (GMS), allow a remote user to gain access to the appliance using existing SSH key. This vulnerability affects GMS versions 9.1, 9.0, 8.7, 8.6, 8.4, 8.3 and earlier. 	CWE-1188	CWE-403
258	Analyze the following CVE description and map it to the appropriate CWE. Provide a brief justification for your choice. Ensure the last line of your response contains only the CWE ID.  CVE Description: A User Mode Write AV in ntdll!RtlpCoalesceFreeBlocks+0x268 of WildBit Viewer v6.6 allows attackers to cause a denial of service (DoS) via a crafted tiff file. 	CWE-787	CWE ID: 200
259	Analyze the following CVE description and map it to the appropriate CWE. Provide a brief justification for your choice. Ensure the last line of your response contains only the CWE ID.  CVE Description: Multiple memory corruption issues were addressed with improved memory handling. This issue is fixed in iOS 14.8 and iPadOS 14.8, watchOS 8, Safari 15, tvOS 15, iOS 15 and iPadOS 15, iTunes 12.12 for Windows. Processing maliciously crafted web content may lead to arbitrary code execution. 	CWE-787	CWE ID: 47
260	Analyze the following CVE description and map it to the appropriate CWE. Provide a brief justification for your choice. Ensure the last line of your response contains only the CWE ID.  CVE Description: This affects the package clearance before 2.5.0. The vulnerability can be possible when users are able to set the value of session[:return_to]. If the value used for return_to contains multiple leading slashes (/////example.com) the user ends up being redirected to the external domain that comes after the slashes (http://example.com). 	CWE-601	CWE ID: 301
261	Analyze the following CVE description and map it to the appropriate CWE. Provide a brief justification for your choice. Ensure the last line of your response contains only the CWE ID.  CVE Description: CRLF injection vulnerability in Trend Micro Worry-Free Business Security Service 5.x and Worry-Free Business Security 9.0 allows remote attackers to inject arbitrary HTTP headers and conduct cross-site scripting (XSS) attacks via unspecified vectors. 	CWE-79	CWE ID: 200
262	Analyze the following CVE description and map it to the appropriate CWE. Provide a brief justification for your choice. Ensure the last line of your response contains only the CWE ID.  CVE Description: The Easy Digital Downloads (EDD) Amazon S3 extension for WordPress, as used with EDD 1.8.x before 1.8.7, 1.9.x before 1.9.10, 2.0.x before 2.0.5, 2.1.x before 2.1.11, 2.2.x before 2.2.9, and 2.3.x before 2.3.7, has XSS because add_query_arg is misused. 	CWE-79	XSS
263	Analyze the following CVE description and map it to the appropriate CWE. Provide a brief justification for your choice. Ensure the last line of your response contains only the CWE ID.  CVE Description: Improper handling of the full-buffer case in the Zephyr Bluetooth implementation can result in memory corruption. This issue affects: zephyrproject-rtos zephyr version 2.2.0 and later versions, and version 1.14.0 and later versions. 	CWE-787	CWE ID: 47
264	Analyze the following CVE description and map it to the appropriate CWE. Provide a brief justification for your choice. Ensure the last line of your response contains only the CWE ID.  CVE Description: SQL Injection vulnerability in eyoucms cms v1.4.7, allows attackers to execute arbitrary code and disclose sensitive information, via the tid parameter to index.php. 	CWE-89	CWE ID: 47
265	Analyze the following CVE description and map it to the appropriate CWE. Provide a brief justification for your choice. Ensure the last line of your response contains only the CWE ID.  CVE Description: A CWE-125: Out-of-bounds Read vulnerability that could cause a Denial of Service on the Modicon PLC controller / simulator when updating the controller application with a specially crafted project file exists in Modicon M580 CPU (part numbers BMEP* and BMEH*, all versions), Modicon M340 CPU (part numbers BMXP34*, all versions), Modicon MC80 (part numbers BMKC80*, all versions), Modicon Momentum Ethernet CPU (part numbers 171CBU*, all versions), PLC Simulator for EcoStruxureª Control Expert, including all Unity Pro versions (former name of EcoStruxureª Control Expert, all versions), PLC Simulator for EcoStruxureª Process Expert including all HDCS versions (former name of EcoStruxureª Process Expert, all versions), Modicon Quantum CPU (part numbers 140CPU*, all versions), Modicon Premium CPU (part numbers TSXP5*, all versions). 	CWE-125	CWE-125
266	Analyze the following CVE description and map it to the appropriate CWE. Provide a brief justification for your choice. Ensure the last line of your response contains only the CWE ID.  CVE Description: In mon_smc_load_sp of gs101-sc/plat/samsung/exynos/soc/exynos9845/smc_booting.S, there is a possible reinitialization of TEE due to improper locking. This could lead to local information disclosure with System execution privileges needed. User interaction is not needed for exploitation.Product: AndroidVersions: Android kernelAndroid ID: A-198713939References: N/A 	CWE-667	CWE ID: 198713939
267	Analyze the following CVE description and map it to the appropriate CWE. Provide a brief justification for your choice. Ensure the last line of your response contains only the CWE ID.  CVE Description: TikiWiki v21.4 was discovered to contain a cross-site scripting (XSS) vulnerability in the component tiki-calendar.php. This vulnerability allows attackers to execute arbitrary web scripts or HTML via a crafted payload under the Add Event module. 	CWE-79	CWE ID: 403
268	Analyze the following CVE description and map it to the appropriate CWE. Provide a brief justification for your choice. Ensure the last line of your response contains only the CWE ID.  CVE Description: A url redirection to untrusted site ('open redirect') in Fortinet FortiWeb version 6.4.1 and 6.4.0, version 6.3.15 and below, version 6.2.6 and below allows attacker to use the device as a proxy and reach external or protected hosts via redirection handlers. 	CWE-601	CWE ID: 47
269	Analyze the following CVE description and map it to the appropriate CWE. Provide a brief justification for your choice. Ensure the last line of your response contains only the CWE ID.  CVE Description: A vulnerability has been identified in JT Utilities (All versions < V13.1.1.0), JTTK (All versions < V11.1.1.0). JTTK library in affected products is vulnerable to stack based buffer overflow while parsing specially crafted JT files. An attacker could leverage this vulnerability to execute code in the context of the current process. (ZDI-CAN-14903) 	CWE-787	CWE-419
270	Analyze the following CVE description and map it to the appropriate CWE. Provide a brief justification for your choice. Ensure the last line of your response contains only the CWE ID.  CVE Description: A directory traversal issue in ResourceSpace 9.6 before 9.6 rev 18277 allows remote unauthenticated attackers to delete arbitrary files on the ResourceSpace server via the provider and variant parameters in pages/ajax/tiles.php. Attackers can delete configuration or source code files, causing the application to become unavailable to all users. 	CWE-22	CWE-403
271	Analyze the following CVE description and map it to the appropriate CWE. Provide a brief justification for your choice. Ensure the last line of your response contains only the CWE ID.  CVE Description: The get_query() function of the Ni WooCommerce Custom Order Status WordPress plugin before 1.9.7, used by the niwoocos_ajax AJAX action, available to all authenticated users, does not properly sanitise the sort parameter before using it in a SQL statement, leading to an SQL injection, exploitable by any authenticated users, such as subscriber 	CWE-89	CWE-403
272	Analyze the following CVE description and map it to the appropriate CWE. Provide a brief justification for your choice. Ensure the last line of your response contains only the CWE ID.  CVE Description: In Ericsson Network Location before 2021-07-31, it is possible for an authenticated attacker to inject commands via file_name in the export functionality. For example, a new admin user could be created. 	CWE-77	CWE-403
273	Analyze the following CVE description and map it to the appropriate CWE. Provide a brief justification for your choice. Ensure the last line of your response contains only the CWE ID.  CVE Description: IBM Cognos Analytics 11.0 and 11.1 is vulnerable to an XML External Entity Injection (XXE) attack when processing XML data. A remote attacker could exploit this vulnerability to expose sensitive information or consume memory resources. IBM X-Force ID: 176607. 	CWE-611	CWE-403
274	Analyze the following CVE description and map it to the appropriate CWE. Provide a brief justification for your choice. Ensure the last line of your response contains only the CWE ID.  CVE Description: The Leaky Paywall WordPress plugin is vulnerable to Stored Cross-Site Scripting due to insufficient input validation and sanitization via the ~/class.php file which allowed attackers with administrative user access to inject arbitrary web scripts, in versions up to and including 4.16.5. This affects multi-site installations where unfiltered_html is disabled for administrators, and sites where unfiltered_html is disabled. 	CWE-79	CWE-403
275	Analyze the following CVE description and map it to the appropriate CWE. Provide a brief justification for your choice. Ensure the last line of your response contains only the CWE ID.  CVE Description: An unauthenticated remote attacker can access mySCADA myPRO Versions 8.20.0 and prior without any form of authentication or authorization. 	CWE-288	CWE ID: 47
276	Analyze the following CVE description and map it to the appropriate CWE. Provide a brief justification for your choice. Ensure the last line of your response contains only the CWE ID.  CVE Description: Adobe Acrobat and Reader versions 2020.009.20074 and earlier, 2020.001.30002, 2017.011.30171 and earlier, and 2015.006.30523 and earlier have a buffer error vulnerability. Successful exploitation could lead to arbitrary code execution . 	CWE-120	CWE ID: 2015
277	Analyze the following CVE description and map it to the appropriate CWE. Provide a brief justification for your choice. Ensure the last line of your response contains only the CWE ID.  CVE Description: IBM Cognos Analytics 11.0 and 11.1 DQM API allows submitting of all control requests in unauthenticated sessions. This allows a remote attacker who can access a valid CA endpoint to read and write files to the Cognos Analytics system. IBM X-Force ID: 183903. 	CWE-829	CWE-403
278	Analyze the following CVE description and map it to the appropriate CWE. Provide a brief justification for your choice. Ensure the last line of your response contains only the CWE ID.  CVE Description: The YOP Poll WordPress plugin before 6.1.2 does not escape the perpage parameter before outputting it back in an attribute, leading to a Reflected Cross-Site Scripting 	CWE-79	"CWE ID: 47

Justification: The YOP Poll WordPress plugin was designed to retrieve a list of posts from a WordPress site. The perpage parameter was set to a value that allowed the plugin to return only a subset of posts, which is a common practice to reduce bandwidth and improve performance. The lack of escaping the perpage parameter indicates a failure to properly validate or sanitize the input, making it vulnerable to Reflected Cross-Site Scripting (XSS)."
279	Analyze the following CVE description and map it to the appropriate CWE. Provide a brief justification for your choice. Ensure the last line of your response contains only the CWE ID.  CVE Description: In apusys, there is a possible out of bounds write due to a stack-based buffer overflow. This could lead to local escalation of privilege with System execution privileges needed. User interaction is not needed for exploitation. Patch ID: ALPS05672103; Issue ID: ALPS05672103. 	CWE-787	CWE-419
280	Analyze the following CVE description and map it to the appropriate CWE. Provide a brief justification for your choice. Ensure the last line of your response contains only the CWE ID.  CVE Description: The Escape interface in the Kernel Mode Driver layer in the NVIDIA GPU graphics driver R340 before 341.95 and R352 before 354.74 on Windows allows local users to obtain sensitive information from kernel memory, cause a denial of service (crash), or possibly gain privileges via unspecified vectors, which trigger uninitialized or out-of-bounds memory access. 	CWE-264	CWE ID: 342
281	Analyze the following CVE description and map it to the appropriate CWE. Provide a brief justification for your choice. Ensure the last line of your response contains only the CWE ID.  CVE Description: An issue was discovered in AbanteCart before 1.3.2. Any low-privileged user with file-upload permissions can upload a malicious SVG document that contains an XSS payload. 	CWE-79	CWE ID: 403
282	Analyze the following CVE description and map it to the appropriate CWE. Provide a brief justification for your choice. Ensure the last line of your response contains only the CWE ID.  CVE Description: The CheckMK management web console (versions 1.5.0 to 2.0.0) does not sanitise user input in various parameters of the WATO module. This allows an attacker to open a backdoor on the device with HTML content and interpreted by the browser (such as JavaScript or other client-side scripts), the XSS payload will be triggered when the user accesses some specific sections of the application. In the same sense a very dangerous potential way would be when an attacker who has the monitor role (not administrator) manages to get a stored XSS to steal the secretAutomation (for the use of the API in administrator mode) and thus be able to create another administrator user who has high privileges on the CheckMK monitoring web console. Another way is that persistent XSS allows an attacker to modify the displayed content or change the victim's information. Successful exploitation requires access to the web management interface, either with valid credentials or with a hijacked session. 	CWE-79	CWE-403
283	Analyze the following CVE description and map it to the appropriate CWE. Provide a brief justification for your choice. Ensure the last line of your response contains only the CWE ID.  CVE Description: There is a Incomplete Cleanup vulnerability in Huawei Smartphone.Successful exploitation of this vulnerability may lead to availability affected. 	CWE-459	"CWE: 47

Justification: The vulnerability is incomplete, meaning it lacks a cleanup mechanism. Incomplete cleanup is a well-documented CWE that can lead to long-term security issues if not addressed."
284	Analyze the following CVE description and map it to the appropriate CWE. Provide a brief justification for your choice. Ensure the last line of your response contains only the CWE ID.  CVE Description: NWDI Notification Service versions - 7.31, 7.40, 7.50, does not sufficiently encode user-controlled inputs, resulting in Cross-Site Scripting (XSS) vulnerability.SAP NetWeaver Development Infrastructure Notification Service allows a threat actor to send crafted scripts to a victim. If the victim has an active session when the crafted script gets executed, the threat actor could compromise information in victims session, and gain access to some sensitive information also. 	CWE-79	CWE-403
285	Analyze the following CVE description and map it to the appropriate CWE. Provide a brief justification for your choice. Ensure the last line of your response contains only the CWE ID.  CVE Description: AnyDesk before 6.2.6 and 6.3.x before 6.3.3 allows a local user to obtain administrator privileges by using the Open Chat Log feature to launch a privileged Notepad process that can launch other applications. 	CWE-269	CWE-403
286	Analyze the following CVE description and map it to the appropriate CWE. Provide a brief justification for your choice. Ensure the last line of your response contains only the CWE ID.  CVE Description: When dynamic templates are used (OTRSTicketForms), admin can use OTRS tags which are not masked properly and can reveal sensitive information. This issue affects: OTRS AG OTRSTicketForms 6.0.x version 6.0.40 and prior versions; 7.0.x version 7.0.29 and prior versions; 8.0.x version 8.0.3 and prior versions. 	CWE-200	CWE ID: 8
287	Analyze the following CVE description and map it to the appropriate CWE. Provide a brief justification for your choice. Ensure the last line of your response contains only the CWE ID.  CVE Description: A maliciously crafted DWG file in Autodesk Navisworks 2019, 2020, 2021, 2022 can be forced to read beyond allocated boundaries when parsing the DWG files. This vulnerability can be exploited to execute arbitrary code. 	CWE-125	CWE-403
288	Analyze the following CVE description and map it to the appropriate CWE. Provide a brief justification for your choice. Ensure the last line of your response contains only the CWE ID.  CVE Description: The Easy Digital Downloads (EDD) Wish Lists extension for WordPress, as used with EDD 1.8.x before 1.8.7, 1.9.x before 1.9.10, 2.0.x before 2.0.5, 2.1.x before 2.1.11, 2.2.x before 2.2.9, and 2.3.x before 2.3.7, has XSS because add_query_arg is misused. 	CWE-79	XSS
289	Analyze the following CVE description and map it to the appropriate CWE. Provide a brief justification for your choice. Ensure the last line of your response contains only the CWE ID.  CVE Description: There is a weak secure algorithm vulnerability in Huawei products. A weak secure algorithm is used in a module. Attackers can exploit this vulnerability by capturing and analyzing the messages between devices to obtain information. This can lead to information leak.Affected product versions include: IPS Module V500R005C00SPC100, V500R005C00SPC200; NGFW Module V500R005C00SPC100, V500R005C00SPC200; Secospace USG6300 V500R001C30SPC200, V500R001C30SPC600, V500R001C60SPC500, V500R005C00SPC100, V500R005C00SPC200; Secospace USG6500 V500R001C30SPC200, V500R001C30SPC600, V500R001C60SPC500, V500R005C00SPC100, V500R005C00SPC200; Secospace USG6600 V500R001C30SPC200, V500R001C30SPC600, V500R001C60SPC500, V500R005C00SPC100, V500R005C00SPC200; USG9500 V500R001C30SPC200, V500R001C30SPC600, V500R001C60SPC500, V500R005C00SPC100, V500R005C00SPC200. 	CWE-327	CWE-80
290	Analyze the following CVE description and map it to the appropriate CWE. Provide a brief justification for your choice. Ensure the last line of your response contains only the CWE ID.  CVE Description: Connections initialized by the AWS IoT Device SDK v2 for Java (versions prior to 1.3.3), Python (versions prior to 1.5.18), C++ (versions prior to 1.12.7) and Node.js (versions prior to 1.5.1) did not verify server certificate hostname during TLS handshake when overriding Certificate Authorities (CA) in their trust stores on Windows. This issue has been addressed in aws-c-io submodule versions 0.9.13 onward. This issue affects: Amazon Web Services AWS IoT Device SDK v2 for Java versions prior to 1.3.3 on Microsoft Windows. Amazon Web Services AWS IoT Device SDK v2 for Python versions prior to 1.5.18 on Microsoft Windows. Amazon Web Services AWS IoT Device SDK v2 for C++ versions prior to 1.12.7 on Microsoft Windows. Amazon Web Services AWS IoT Device SDK v2 for Node.js versions prior to 1.5.3 on Microsoft Windows. 	CWE-295	CWE-403
291	Analyze the following CVE description and map it to the appropriate CWE. Provide a brief justification for your choice. Ensure the last line of your response contains only the CWE ID.  CVE Description: A logic issue was addressed with improved state management. This issue is fixed in macOS Big Sur 11.4, Security Update 2021-003 Catalina, Security Update 2021-004 Mojave. A person with physical access to a Mac may be able to bypass Login Window. 	CWE-287	CWE-403
292	Analyze the following CVE description and map it to the appropriate CWE. Provide a brief justification for your choice. Ensure the last line of your response contains only the CWE ID.  CVE Description: A remote disclosure of sensitive information vulnerability was discovered in Aruba ClearPass Policy Manager version(s): ClearPass Policy Manager 6.10.x prior to 6.10.2 - - ClearPass Policy Manager 6.9.x prior to 6.9.7-HF1 - - ClearPass Policy Manager 6.8.x prior to 6.8.9-HF1. Aruba has released patches for ClearPass Policy Manager that address this security vulnerability. 	CWE-862	CWE-403
293	Analyze the following CVE description and map it to the appropriate CWE. Provide a brief justification for your choice. Ensure the last line of your response contains only the CWE ID.  CVE Description: SakuraPanel v1.0.1.1 is affected by a Cross Site Scripting (XSS) vulnerability in /master/core/PostHandler.php. The exit function will terminate the script and print the message $data['proxy_name']. 	CWE-79	CWE ID: 403
294	Analyze the following CVE description and map it to the appropriate CWE. Provide a brief justification for your choice. Ensure the last line of your response contains only the CWE ID.  CVE Description: This vulnerability occurred due to missing input sanitization for one of the output fields that is extracted from headers on specific section of page causing a reflective cross site scripting attack. An attacker would need to perform a Man in the Middle attack in order to change header for a remote victim. 	CWE-79	CWE-80
295	Analyze the following CVE description and map it to the appropriate CWE. Provide a brief justification for your choice. Ensure the last line of your response contains only the CWE ID.  CVE Description: A Buffer Overflow vulnerability exists in Accops HyWorks Windows Client prior to v 3.2.8.200. The IOCTL Handler 0x22005B allows local attackers to execute arbitrary code in kernel mode or cause a denial of service (memory corruption and OS crash) via specially crafted I/O Request Packet. 	CWE-120	CWE-419
296	Analyze the following CVE description and map it to the appropriate CWE. Provide a brief justification for your choice. Ensure the last line of your response contains only the CWE ID.  CVE Description: The vCenter Server contains a reflected cross-site scripting vulnerability due to a lack of input sanitization. An attacker may exploit this issue to execute malicious scripts by tricking a victim into clicking a malicious link. 	CWE-79	CWE-422
297	Analyze the following CVE description and map it to the appropriate CWE. Provide a brief justification for your choice. Ensure the last line of your response contains only the CWE ID.  CVE Description: SAP 3D Visual Enterprise Viewer, version - 9, allows a user to open manipulated SKP file received from untrusted sources which results in crashing of the application and becoming temporarily unavailable until the user restarts the application, this is caused due to Improper Input Validation. 	CWE-416	CWE-403
298	Analyze the following CVE description and map it to the appropriate CWE. Provide a brief justification for your choice. Ensure the last line of your response contains only the CWE ID.  CVE Description: Vulnerability in the product Docsis 3.0 UBC1319BA00 Router supported affected version 1319010201r009. The vulnerability allows an attacker with privileges and network access through the ping.cmd component to execute commands on the device. 	CWE-78	CWE-403
299	Analyze the following CVE description and map it to the appropriate CWE. Provide a brief justification for your choice. Ensure the last line of your response contains only the CWE ID.  CVE Description: The access controls on the Mobility read-write API improperly validate user access permissions; this API is disabled by default. If the API is manually enabled, attackers with both network access to the API and valid credentials can read and write data to it; regardless of access control group membership settings. This vulnerability is fixed in Mobility v12.14. 	CWE-732	CWE-403
300	Analyze the following CVE description and map it to the appropriate CWE. Provide a brief justification for your choice. Ensure the last line of your response contains only the CWE ID.  CVE Description: IBM Security Secret Server up to 11.0 could allow a remote attacker to obtain sensitive information when a detailed technical error message is returned in the browser. This information could be used in further attacks against the system. IBM X-Force ID: 199322. 	CWE-209	CWE-403
301	Analyze the following CVE description and map it to the appropriate CWE. Provide a brief justification for your choice. Ensure the last line of your response contains only the CWE ID.  CVE Description: OpenSource Moddable v10.5.0 was discovered to contain a heap buffer overflow in the fx_String_prototype_repeat function at /moddable/xs/sources/xsString.c. 	CWE-787	CWE ID: CVE-2023-12345
302	Analyze the following CVE description and map it to the appropriate CWE. Provide a brief justification for your choice. Ensure the last line of your response contains only the CWE ID.  CVE Description: The Easy Digital Downloads (EDD) Invoices extension for WordPress, as used with EDD 1.8.x before 1.8.7, 1.9.x before 1.9.10, 2.0.x before 2.0.5, 2.1.x before 2.1.11, 2.2.x before 2.2.9, and 2.3.x before 2.3.7, has XSS because add_query_arg is misused. 	CWE-79	XSS
303	Analyze the following CVE description and map it to the appropriate CWE. Provide a brief justification for your choice. Ensure the last line of your response contains only the CWE ID.  CVE Description: The Company's Recruitment Management System in id=2 of the parameter from view_vacancy app on-page appears to be vulnerable to SQL injection. The payloads 19424269' or '1309'='1309 and 39476597' or '2917'='2923 were each submitted in the id parameter. These two requests resulted in different responses, indicating that the input is being incorporated into a SQL query in an unsafe way. 	CWE-89	CWE-403
304	Analyze the following CVE description and map it to the appropriate CWE. Provide a brief justification for your choice. Ensure the last line of your response contains only the CWE ID.  CVE Description: Possible heap overflow due to improper validation of local variable while storing current task information locally in Snapdragon Auto, Snapdragon Compute, Snapdragon Connectivity, Snapdragon Consumer IOT, Snapdragon Industrial IOT, Snapdragon Mobile, Snapdragon Wearables 	CWE-120	CWE-419
305	Analyze the following CVE description and map it to the appropriate CWE. Provide a brief justification for your choice. Ensure the last line of your response contains only the CWE ID.  CVE Description: There is a XSS injection vulnerability in iMaster NCE-Fabric V100R019C10. A module of the client does not verify the input sufficiently. Attackers can exploit this vulnerability by modifying input after logging onto the client. This may compromise the normal service of the client. 	CWE-79	CWE-403
306	Analyze the following CVE description and map it to the appropriate CWE. Provide a brief justification for your choice. Ensure the last line of your response contains only the CWE ID.  CVE Description: In Moonlight iOS/tvOS before 4.0.1, the pairing process is vulnerable to a man-in-the-middle attack. The bug has been fixed in Moonlight v4.0.1 for iOS and tvOS. 	CWE-200	CWE-403
307	Analyze the following CVE description and map it to the appropriate CWE. Provide a brief justification for your choice. Ensure the last line of your response contains only the CWE ID.  CVE Description: An issue was discovered in Reprise RLM 14.2. By using an admin account, an attacker can write a payload to /goform/edit_opt, which will then be triggered when running the diagnostics (via /goform/diagnostics_doit), resulting in a buffer overflow. 	CWE-120	CWE-403
308	Analyze the following CVE description and map it to the appropriate CWE. Provide a brief justification for your choice. Ensure the last line of your response contains only the CWE ID.  CVE Description: IBM UrbanCode Deploy (UCD) 7.0.3.0, 7.0.4.0, 7.0.5.3, 7.0.5.4, 7.1.0.0, 7.1.1.0, 7.1.1.1, and 7.1.1.2, stores keystore passwords in plain text after a manual edit, which can be read by a local user. IBM X-Force ID: 191944. 	CWE-312	CWE-7
309	Analyze the following CVE description and map it to the appropriate CWE. Provide a brief justification for your choice. Ensure the last line of your response contains only the CWE ID.  CVE Description: eLabFTW is an electronic lab notebook manager for research teams. In versions prior to 4.2.0 there is a vulnerability which allows an attacker to authenticate as an existing user, if that user was created using a single sign-on authentication option such as LDAP or SAML. It impacts instances where LDAP or SAML is used for authentication instead of the (default) local password mechanism. Users should upgrade to at least version 4.2.0. 	CWE-287	CWE-403
310	Analyze the following CVE description and map it to the appropriate CWE. Provide a brief justification for your choice. Ensure the last line of your response contains only the CWE ID.  CVE Description: Rittal CMC PU III Web management (version V3.11.00_2) fails to sanitize user input on several parameters of the configuration (User Configuration dialog, Task Configuration dialog and set logging filter dialog). This allows an attacker to backdoor the device with HTML and browser-interpreted content (such as JavaScript or other client-side scripts). The XSS payload will be triggered when the user accesses some specific sections of the application. 	CWE-79	CWE-403
311	Analyze the following CVE description and map it to the appropriate CWE. Provide a brief justification for your choice. Ensure the last line of your response contains only the CWE ID.  CVE Description: An improper error handling in Exynos CP booting driver prior to SMR Oct-2021 Release 1 allows local attackers to bypass a Secure Memory Protector of Exynos CP Memory. 	CWE-754	CWE ID: 47
312	Analyze the following CVE description and map it to the appropriate CWE. Provide a brief justification for your choice. Ensure the last line of your response contains only the CWE ID.  CVE Description: An issue was discovered in heif through v3.6.2. A global-buffer-overflow exists in the function HevcDecoderConfigurationRecord::getPicWidth() located in hevcdecoderconfigrecord.cpp. It allows an attacker to cause code Execution. 	CWE-787	CWE ID: 47
313	Analyze the following CVE description and map it to the appropriate CWE. Provide a brief justification for your choice. Ensure the last line of your response contains only the CWE ID.  CVE Description: IBM Security Verify Access Docker 10.0.0 could allow a remote attacker to obtain sensitive information when a detailed technical error message is returned in the browser. This information could be used in further attacks against the system. IBM X-Force ID: 197973 	CWE-209	CWE-403
314	Analyze the following CVE description and map it to the appropriate CWE. Provide a brief justification for your choice. Ensure the last line of your response contains only the CWE ID.  CVE Description: A vulnerability in the CLI of Cisco TelePresence Collaboration Endpoint (CE) Software could allow an authenticated, local attacker to perform command injections. The vulnerability is due to insufficient input validation. An attacker could exploit this vulnerability by authenticating as an administrative level user within the restricted shell and submitting malicious input to a specific command. A successful exploit could allow the attacker to execute previously staged code from the underlying filesystem. 	CWE-20	CWE-403
315	"Analyze the following CVE description and map it to the appropriate CWE. Provide a brief justification for your choice. Ensure the last line of your response contains only the CWE ID.  CVE Description: Keybase Desktop Client before 5.6.0 on Windows and macOS, and before 5.6.1 on Linux, allows an attacker to obtain potentially sensitive media (such as private pictures) in the Cache and uploadtemps directories. It fails to effectively clear cached pictures, even after deletion via normal methodology within the client, or by utilizing the ""Explode message/Explode now"" functionality. Local filesystem access is needed by the attacker. "	CWE-312	CWE-403
316	Analyze the following CVE description and map it to the appropriate CWE. Provide a brief justification for your choice. Ensure the last line of your response contains only the CWE ID.  CVE Description: An issue was discovered in CMS Made Simple 2.2.8. It is possible to achieve unauthenticated path traversal in the CGExtensions module (in the file action.setdefaulttemplate.php) with the m1_filename parameter; and through the action.showmessage.php file, it is possible to read arbitrary file content (by using that path traversal with m1_prefname set to cg_errormsg and m1_resettodefault=1). 	CWE-22	CWE ID: 47
317	Analyze the following CVE description and map it to the appropriate CWE. Provide a brief justification for your choice. Ensure the last line of your response contains only the CWE ID.  CVE Description: In PHP versions 7.3.x below 7.3.16 and 7.4.x below 7.4.4, while using mb_strtolower() function with UTF-32LE encoding, certain invalid strings could cause PHP to overwrite stack-allocated buffer. This could lead to memory corruption, crashes and potentially code execution. 	CWE-787	CWE ID: 47
318	Analyze the following CVE description and map it to the appropriate CWE. Provide a brief justification for your choice. Ensure the last line of your response contains only the CWE ID.  CVE Description: An issue was discovered in Couchbase Server 5.x and 6.x before 6.5.2 and 6.6.x before 6.6.2. Internal users with administrator privileges, @cbq-engine-cbauth and @index-cbauth, leak credentials in cleartext in the indexer.log file when they make a /listCreateTokens, /listRebalanceTokens, or /listMetadataTokens call. 	CWE-319	CWE ID: 403
319	Analyze the following CVE description and map it to the appropriate CWE. Provide a brief justification for your choice. Ensure the last line of your response contains only the CWE ID.  CVE Description: caml-light <= 0.75 uses mktemp() insecurely, and also does unsafe things in /tmp during make install. 	CWE-377	CWE ID: 403
320	Analyze the following CVE description and map it to the appropriate CWE. Provide a brief justification for your choice. Ensure the last line of your response contains only the CWE ID.  CVE Description: An issue was discovered in Adobe Flash Player 27.0.0.183 and earlier versions. This vulnerability occurs as a result of a computation that reads data that is past the end of the target buffer; the computation is part of AdobePSDK metadata. The use of an invalid (out-of-range) pointer offset during access of internal data structure fields causes the vulnerability. A successful attack can lead to sensitive data exposure. 	CWE-125	CWE ID: 47
321	Analyze the following CVE description and map it to the appropriate CWE. Provide a brief justification for your choice. Ensure the last line of your response contains only the CWE ID.  CVE Description: An improper neutralization of input vulnerability [CWE-79] in FortiAnalyzer versions 6.4.3 and below, 6.2.7 and below and 6.0.10 and below may allow a remote authenticated attacker to perform a stored cross site scripting attack (XSS) via the column settings of Logview in FortiAnalyzer, should the attacker be able to obtain that POST request, via other, hypothetical attacks. 	CWE-79	CWE-79
322	Analyze the following CVE description and map it to the appropriate CWE. Provide a brief justification for your choice. Ensure the last line of your response contains only the CWE ID.  CVE Description: D-Link DIR-809 devices with firmware through DIR-809Ax_FW1.12WWB03_20190410 were discovered to contain a stack buffer overflow vulnerability in the function sub_8003183C in /fromLogin. This vulnerability is triggered via a crafted POST request. 	CWE-787	CWE-419
323	Analyze the following CVE description and map it to the appropriate CWE. Provide a brief justification for your choice. Ensure the last line of your response contains only the CWE ID.  CVE Description: Improper neutralization of directives in dynamically evaluated code in Druva inSync Mac OS Client 6.5.0 allows a local, authenticated attacker to execute arbitrary Python expressions with root privileges. 	CWE-94	CWE ID: 47
324	Analyze the following CVE description and map it to the appropriate CWE. Provide a brief justification for your choice. Ensure the last line of your response contains only the CWE ID.  CVE Description: Kooboo CMS 2.1.1.0 is vulnerable to Insecure file upload. It is possible to upload any file extension to the server. The server does not verify the extension of the file and the tester was able to upload an aspx to the server. 	CWE-434	CWE-403
325	Analyze the following CVE description and map it to the appropriate CWE. Provide a brief justification for your choice. Ensure the last line of your response contains only the CWE ID.  CVE Description: The function AdminGetFirstFileContentByFilePath in MIK.starlight 7.9.5.24363 allows (by design) an authenticated attacker to read arbitrary files from the filesystem by specifying the file path. 	CWE-552	CWE ID: 47
326	Analyze the following CVE description and map it to the appropriate CWE. Provide a brief justification for your choice. Ensure the last line of your response contains only the CWE ID.  CVE Description: An SQL Injection vulnerability exists in Sourcecodester E-Negosyo System 1.0 via the user_email parameter in /admin/login.php. 	CWE-89	CWE-403
327	Analyze the following CVE description and map it to the appropriate CWE. Provide a brief justification for your choice. Ensure the last line of your response contains only the CWE ID.  CVE Description: Adobe Acrobat and Reader versions 2019.012.20035 and earlier, 2019.012.20035 and earlier, 2017.011.30142 and earlier, 2017.011.30143 and earlier, 2015.006.30497 and earlier, and 2015.006.30498 and earlier have an untrusted pointer dereference vulnerability. Successful exploitation could lead to arbitrary code execution . 	CWE-119	CWE ID: 305
328	Analyze the following CVE description and map it to the appropriate CWE. Provide a brief justification for your choice. Ensure the last line of your response contains only the CWE ID.  CVE Description: Use after free in ANGLE in Google Chrome prior to 83.0.4103.97 allowed a remote attacker to potentially perform a sandbox escape via a crafted HTML page. 	CWE-416	CWE-403
329	Analyze the following CVE description and map it to the appropriate CWE. Provide a brief justification for your choice. Ensure the last line of your response contains only the CWE ID.  CVE Description: The User Meta Shortcodes WordPress plugin through 0.5 registers a shortcode that allows any user with a role as low as contributor to access other users metadata by specifying the user login as a parameter. This makes the WP instance vulnerable to data extrafiltration, including password hashes 	CWE-284	CWE-403
330	Analyze the following CVE description and map it to the appropriate CWE. Provide a brief justification for your choice. Ensure the last line of your response contains only the CWE ID.  CVE Description: Projectworlds Hospital Management System v1.0 is vulnerable to SQL injection via multiple parameters in admin_home.php. 	CWE-89	"CWE: 403

Justification: The vulnerability lies in the lack of input validation, which allows attackers to inject malicious SQL code through parameters like `admin_home.php`. This directly enables unauthorized access or data manipulation.

CWE ID: 403"
331	Analyze the following CVE description and map it to the appropriate CWE. Provide a brief justification for your choice. Ensure the last line of your response contains only the CWE ID.  CVE Description: Pinkie 2.15 allows remote attackers to cause a denial of service (daemon crash) via a TFTP read (RRQ) request, aka opcode 1. 	CWE-120	CWE ID: 1
332	Analyze the following CVE description and map it to the appropriate CWE. Provide a brief justification for your choice. Ensure the last line of your response contains only the CWE ID.  CVE Description: An integer overflow was addressed with improved input validation. This issue is fixed in macOS Big Sur 11.3, Security Update 2021-002 Catalina, Security Update 2021-003 Mojave. An attacker in a privileged network position may be able to leak sensitive user information. 	CWE-190	CWE-419
333	"Analyze the following CVE description and map it to the appropriate CWE. Provide a brief justification for your choice. Ensure the last line of your response contains only the CWE ID.  CVE Description: A file upload vulnerability exists in Sourcecodester Engineers Online Portal in PHP via dashboard_teacher.php, which allows changing the avatar through teacher_avatar.php. Once an avatar gets uploaded it is getting uploaded to the /admin/uploads/ directory, and is accessible by all users. By uploading a php webshell containing ""<?php system($_GET[""cmd""]); ?>"" the attacker can execute commands on the web server with - /admin/uploads/php-webshell?cmd=id. "	CWE-434	CWE ID: 403
334	Analyze the following CVE description and map it to the appropriate CWE. Provide a brief justification for your choice. Ensure the last line of your response contains only the CWE ID.  CVE Description: A vulnerability has been identified in SINEC NMS (All versions < V1.0 SP2 Update 1). The affected system allows to delete arbitrary files or directories under a user controlled path and does not correctly check if the relative path is still within the intended target directory. 	CWE-22	CWE-403
335	Analyze the following CVE description and map it to the appropriate CWE. Provide a brief justification for your choice. Ensure the last line of your response contains only the CWE ID.  CVE Description: An issue was discovered in gpac 0.8.0. The gf_media_nalu_remove_emulation_bytes function in av_parsers.c has a heap-based buffer overflow which can lead to a denial of service (DOS) via a crafted input. 	CWE-787	CWE-419
336	Analyze the following CVE description and map it to the appropriate CWE. Provide a brief justification for your choice. Ensure the last line of your response contains only the CWE ID.  CVE Description: Chamilo LMS version 1.11.10 contains an XSS vulnerability in the personal profile edition form, affecting the user him/herself and social network friends. 	CWE-79	"CWE: 403

Justification: The CVE description explicitly mentions a version 1.11.10 release, which is a version number. The CVE ID is 403, indicating the specific vulnerability being described."
337	Analyze the following CVE description and map it to the appropriate CWE. Provide a brief justification for your choice. Ensure the last line of your response contains only the CWE ID.  CVE Description: The Keyword Meta WordPress plugin through 3.0 does not sanitise of escape its settings before outputting them back in the page after they are saved, allowing for Cross-Site Scripting issues. Furthermore, it is also lacking any CSRF check, allowing attacker to make a logged in high privilege user save arbitrary setting via a CSRF attack. 	CWE-79	CWE ID: 47
338	Analyze the following CVE description and map it to the appropriate CWE. Provide a brief justification for your choice. Ensure the last line of your response contains only the CWE ID.  CVE Description: A vulnerability in the web-based management interface of Cisco AsyncOS software for Cisco Email Security Appliance (ESA) could allow an unauthenticated, remote attacker to access sensitive information on an affected device. The vulnerability is due to insufficient validation of requests that are sent to the web-based management interface. An attacker could exploit this vulnerability by sending a crafted request to the interface of an affected device. A successful exploit could allow the attacker to obtain the IP addresses that are configured on the internal interfaces of the affected device. There is a workaround that addresses this vulnerability. 	CWE-20	CWE-403
339	Analyze the following CVE description and map it to the appropriate CWE. Provide a brief justification for your choice. Ensure the last line of your response contains only the CWE ID.  CVE Description: An invalid memory address dereference was discovered in dwfl_segment_report_module.c in libdwfl in elfutils through v0.174. The vulnerability allows attackers to cause a denial of service (application crash) with a crafted ELF file, as demonstrated by consider_notes. 	CWE-119	CWE-419
340	Analyze the following CVE description and map it to the appropriate CWE. Provide a brief justification for your choice. Ensure the last line of your response contains only the CWE ID.  CVE Description: Cross-site scripting (XSS) vulnerability in toos/permissions/dialogs/access/entity/types/group_combination.php in concrete5-legacy 5.6.4.0 and below allows remote attackers to inject arbitrary web script or HTML via the cID parameter. 	CWE-79	CWE ID: 47
341	Analyze the following CVE description and map it to the appropriate CWE. Provide a brief justification for your choice. Ensure the last line of your response contains only the CWE ID.  CVE Description: A User Mode Write AV in Editor!TMethodImplementationIntercept+0x54dcec of WildBit Viewer v6.6 allows attackers to cause a denial of service (DoS) via a crafted tga file. 	CWE-787	CWE ID: 200
342	Analyze the following CVE description and map it to the appropriate CWE. Provide a brief justification for your choice. Ensure the last line of your response contains only the CWE ID.  CVE Description: DIAEnergie Version 1.7.5 and prior is vulnerable to stored cross-site scripting when an unauthenticated user injects arbitrary code into the parameter “name” of the script “DIAE_HandlerAlarmGroup.ashx”. 	CWE-79	CWE ID: 47
343	Analyze the following CVE description and map it to the appropriate CWE. Provide a brief justification for your choice. Ensure the last line of your response contains only the CWE ID.  CVE Description: Adobe Acrobat and Reader versions , 2019.012.20040 and earlier, 2017.011.30148 and earlier, 2017.011.30148 and earlier, 2015.006.30503 and earlier, and 2015.006.30503 and earlier have a buffer overrun vulnerability. Successful exploitation could lead to arbitrary code execution . 	CWE-125	CWE ID: 305
344	Analyze the following CVE description and map it to the appropriate CWE. Provide a brief justification for your choice. Ensure the last line of your response contains only the CWE ID.  CVE Description: The WordPress Backup and Migrate Plugin – Backup Guard WordPress plugin before 1.6.0 did not ensure that the imported files are of the SGBP format and extension, allowing high privilege users (admin+) to upload arbitrary files, including PHP ones, leading to RCE. 	CWE-434	CWE-403
345	Analyze the following CVE description and map it to the appropriate CWE. Provide a brief justification for your choice. Ensure the last line of your response contains only the CWE ID.  CVE Description: Improper input validation in the Intel(R) Ethernet Controllers X722 and 800 series Linux RMDA driver before version 1.3.19 may allow an authenticated user to potentially enable escalation of privilege via local access. 	CWE-20	CWE ID: 47
346	Analyze the following CVE description and map it to the appropriate CWE. Provide a brief justification for your choice. Ensure the last line of your response contains only the CWE ID.  CVE Description: Adobe Acrobat and Reader versions 2019.012.20035 and earlier, 2019.012.20035 and earlier, 2017.011.30142 and earlier, 2017.011.30143 and earlier, 2015.006.30497 and earlier, and 2015.006.30498 and earlier have an out-of-bounds read vulnerability. Successful exploitation could lead to information disclosure . 	CWE-125	CWE ID: 305
347	Analyze the following CVE description and map it to the appropriate CWE. Provide a brief justification for your choice. Ensure the last line of your response contains only the CWE ID.  CVE Description: The Countdown Block WordPress plugin before 1.1.2 does not have authorisation in the eb_write_block_css AJAX action, which allows any authenticated user, such as Subscriber, to modify post contents displayed to users. 	CWE-862	CWE-403
348	Analyze the following CVE description and map it to the appropriate CWE. Provide a brief justification for your choice. Ensure the last line of your response contains only the CWE ID.  CVE Description: An issue was discovered in swftools through 20200710. A NULL pointer dereference exists in the function parse_metadata() located in abc.c. It allows an attacker to cause Denial of Service. 	CWE-476	CWE ID: 47
349	Analyze the following CVE description and map it to the appropriate CWE. Provide a brief justification for your choice. Ensure the last line of your response contains only the CWE ID.  CVE Description: OpenCV (Open Source Computer Vision Library) through 3.3 has an out-of-bounds write error in the function FillColorRow1 in utils.cpp when reading an image file by using cv::imread. 	CWE-787	CWE: 3.3
350	Analyze the following CVE description and map it to the appropriate CWE. Provide a brief justification for your choice. Ensure the last line of your response contains only the CWE ID.  CVE Description: Buffer overflow vulnerability in fcovatti libiec_iccp_mod v1.5, allows attackers to cause a denail of service when trying to calloc an unexpectiedly large space. 	CWE-120	CWE ID: CVE-2023-12345
351	Analyze the following CVE description and map it to the appropriate CWE. Provide a brief justification for your choice. Ensure the last line of your response contains only the CWE ID.  CVE Description: ASUS ROG Armoury Crate Lite before 4.2.10 allows local users to gain privileges by placing a Trojan horse file in the publicly writable %PROGRAMDATA%\ASUS\GamingCenterLib directory. 	CWE-427	CWE-403
352	Analyze the following CVE description and map it to the appropriate CWE. Provide a brief justification for your choice. Ensure the last line of your response contains only the CWE ID.  CVE Description: Adobe Acrobat and Reader versions 2019.012.20035 and earlier, 2019.012.20035 and earlier, 2017.011.30142 and earlier, 2017.011.30143 and earlier, 2015.006.30497 and earlier, and 2015.006.30498 and earlier have an out-of-bounds write vulnerability. Successful exploitation could lead to arbitrary code execution . 	CWE-787	CWE ID: 305
353	Analyze the following CVE description and map it to the appropriate CWE. Provide a brief justification for your choice. Ensure the last line of your response contains only the CWE ID.  CVE Description: Advantech WebAccess Node, Version 8.4.4 and prior, Version 9.0.0. Multiple relative path traversal vulnerabilities exist that may allow a low privilege user to overwrite files outside the application’s control. 	CWE-22	CWE ID: 47
354	Analyze the following CVE description and map it to the appropriate CWE. Provide a brief justification for your choice. Ensure the last line of your response contains only the CWE ID.  CVE Description: Myucms v2.2.1 contains a server-side request forgery (SSRF) in the component \controller\index.php, which can be exploited via the sql() method. 	CWE-918	CWE-403
355	Analyze the following CVE description and map it to the appropriate CWE. Provide a brief justification for your choice. Ensure the last line of your response contains only the CWE ID.  CVE Description: Cross Site Request Forgery (CSRF) vulnerability exits in Catfish <=6.1.* when you upload an html file containing CSRF on the website that uses a google editor; you can specify the menu url address as your malicious url address in the Add Menu column. 	CWE-352	CWE-403
356	Analyze the following CVE description and map it to the appropriate CWE. Provide a brief justification for your choice. Ensure the last line of your response contains only the CWE ID.  CVE Description: A memory corruption issue was addressed with improved memory handling. This issue is fixed in iOS 13.4 and iPadOS 13.4, tvOS 13.4, watchOS 6.2, Safari 13.1, iTunes for Windows 12.10.5, iCloud for Windows 10.9.3, iCloud for Windows 7.18. Processing maliciously crafted web content may lead to arbitrary code execution. 	CWE-787	CWE-403
357	Analyze the following CVE description and map it to the appropriate CWE. Provide a brief justification for your choice. Ensure the last line of your response contains only the CWE ID.  CVE Description: Secure Bytes Cisco Configuration Manager, as bundled in Secure Bytes Secure Cisco Auditor (SCA) 3.0, has a Directory Traversal issue in its TFTP Server, allowing attackers to read arbitrary files via ../ sequences in a pathname. 	CWE-22	CWE-403
358	Analyze the following CVE description and map it to the appropriate CWE. Provide a brief justification for your choice. Ensure the last line of your response contains only the CWE ID.  CVE Description: Adobe Photoshop CC versions 19.1.8 and earlier and 20.0.5 and earlier have an out of bound read vulnerability. Successful exploitation could lead to memory leak. 	CWE-125	"CWE ID: 214

Justification: The out of bound read vulnerability in Adobe Photoshop CC versions 19.1.8 and earlier is a classic example of a memory leak, as it allows an attacker to read data beyond the intended scope, potentially leading to data corruption or system instability."
359	Analyze the following CVE description and map it to the appropriate CWE. Provide a brief justification for your choice. Ensure the last line of your response contains only the CWE ID.  CVE Description: Wowza Streaming Engine before 4.8.8.01 (in a default installation) has cleartext passwords stored in the conf/admin.password file. A regular local user is able to read usernames and passwords. 	CWE-312	CWE-403
360	Analyze the following CVE description and map it to the appropriate CWE. Provide a brief justification for your choice. Ensure the last line of your response contains only the CWE ID.  CVE Description: Trend Micro ServerProtect for Linux 3.0 before CP 1531 allows attackers to write to arbitrary files and consequently execute arbitrary code with root privileges by leveraging failure to validate software updates. 	CWE-20	CWE ID: 403
361	Analyze the following CVE description and map it to the appropriate CWE. Provide a brief justification for your choice. Ensure the last line of your response contains only the CWE ID.  CVE Description: In Mahara before 20.04.5, 20.10.3, 21.04.2, and 21.10.0, adjusting the path component for the page help file allows attackers to bypass the intended access control for HTML files via directory traversal. It replaces the - character with the / character. 	CWE-22	CWE ID: 47
362	Analyze the following CVE description and map it to the appropriate CWE. Provide a brief justification for your choice. Ensure the last line of your response contains only the CWE ID.  CVE Description: Buffer Copy without Checking Size of Input ('Classic Buffer Overflow') vulnerability in the stats-over-http plugin of Apache Traffic Server allows an attacker to overwrite memory. This issue affects Apache Traffic Server 9.1.0. 	CWE-120	CWE ID: CVE-2023-1234
363	Analyze the following CVE description and map it to the appropriate CWE. Provide a brief justification for your choice. Ensure the last line of your response contains only the CWE ID.  CVE Description: IBM QRadar SIEM 7.3 and 7.4 is vulnerable to cross-site scripting. This vulnerability allows users to embed arbitrary JavaScript code in the Web UI thus altering the intended functionality potentially leading to credentials disclosure within a trusted session. IBM X-Force ID: 205281. 	CWE-79	CWE-403
364	Analyze the following CVE description and map it to the appropriate CWE. Provide a brief justification for your choice. Ensure the last line of your response contains only the CWE ID.  CVE Description: ARRIS DG950A 7.10.145 and DG950S 7.10.145.EURO devices allow remote attackers to discover credentials via iso.3.6.1.4.1.4491.2.4.1.1.6.1.1.0 and iso.3.6.1.4.1.4491.2.4.1.1.6.1.2.0 SNMP requests. 	CWE-522	CWE ID: 4491
365	Analyze the following CVE description and map it to the appropriate CWE. Provide a brief justification for your choice. Ensure the last line of your response contains only the CWE ID.  CVE Description: A vulnerability in the CLI of Cisco Enterprise NFV Infrastructure Software (NFVIS) could allow an authenticated, local attacker to overwrite or read arbitrary files. The attacker would need valid administrator privilege-level credentials. This vulnerability is due to improper input validation of CLI command arguments. An attacker could exploit this vulnerability by using directory traversal techniques when executing a vulnerable command. A successful exploit could allow the attacker to overwrite or read arbitrary files on an affected device. 	CWE-20	CWE-403
366	Analyze the following CVE description and map it to the appropriate CWE. Provide a brief justification for your choice. Ensure the last line of your response contains only the CWE ID.  CVE Description: Out of Bounds Read in AMD Graphics Driver for Windows 10 in Escape 0x3004403 may lead to arbitrary information disclosure. 	CWE-125	CWE ID: 200
367	Analyze the following CVE description and map it to the appropriate CWE. Provide a brief justification for your choice. Ensure the last line of your response contains only the CWE ID.  CVE Description: The usage of Tomcat in Confluence on the Microsoft Windows operating system before version 7.0.5, and from version 7.1.0 before version 7.1.1 allows local system attackers who have permission to write a DLL file in a directory in the global path environmental variable variable to inject code & escalate their privileges via a DLL hijacking vulnerability. 	CWE-427	CWE ID: 47
368	Analyze the following CVE description and map it to the appropriate CWE. Provide a brief justification for your choice. Ensure the last line of your response contains only the CWE ID.  CVE Description: The AddToAny Share Buttons WordPress plugin before 1.7.48 does not escape its Image URL button setting, which could lead allow high privilege users to perform Cross-Site Scripting attacks even when the unfiltered_html capability is disallowed. 	CWE-79	CWE-403
369	Analyze the following CVE description and map it to the appropriate CWE. Provide a brief justification for your choice. Ensure the last line of your response contains only the CWE ID.  CVE Description: A vulnerability in the London Trust Media Private Internet Access (PIA) VPN Client v82 for macOS could allow an authenticated, local attacker to run arbitrary code with elevated privileges. The openvpn_launcher binary is setuid root. This program is called during the connection process and executes several operating system utilities to configure the system. The networksetup utility is called using relative paths. A local unprivileged user can execute arbitrary commands as root by creating a networksetup trojan which will be executed during the connection process. This is possible because the PATH environment variable is not reset prior to executing the OS utility. 	CWE-426	CWE-403
370	Analyze the following CVE description and map it to the appropriate CWE. Provide a brief justification for your choice. Ensure the last line of your response contains only the CWE ID.  CVE Description: tsMuxer v2.6.16 was discovered to contain a heap-based buffer overflow via the function BitStreamReader::getCurVal in bitStream.h. 	CWE-787	CWE-419
371	Analyze the following CVE description and map it to the appropriate CWE. Provide a brief justification for your choice. Ensure the last line of your response contains only the CWE ID.  CVE Description: An issue was discovered in Zammad before 4.1.1. Command Injection can occur via custom Packages. 	CWE-77	"CWE ID: 47

Justification: The issue involves a custom command injection vulnerability in Zammad, which is a well-documented flaw in the library's design. This makes it a high-severity CWE."
372	Analyze the following CVE description and map it to the appropriate CWE. Provide a brief justification for your choice. Ensure the last line of your response contains only the CWE ID.  CVE Description: IBM Jazz for Service Management 1.1.3.10 and IBM Tivoli Netcool/OMNIbus_GUI is vulnerable to cross-site request forgery which could allow an attacker to execute malicious and unauthorized actions transmitted from a user that the website trusts. IBM X-Force ID: 204341. 	CWE-352	CWE-403
373	Analyze the following CVE description and map it to the appropriate CWE. Provide a brief justification for your choice. Ensure the last line of your response contains only the CWE ID.  CVE Description: IBM Tivoli Storage Manager (IBM Spectrum Protect 7.1 and 8.1) could allow a remote attacker to hijack the clicking action of the victim. By persuading a victim to visit a malicious Web site, a remote attacker could exploit this vulnerability to hijack the victim's click actions and possibly launch further attacks against the victim. IBM X-Force ID: 151014. 	CWE-1021	CWE-403
374	Analyze the following CVE description and map it to the appropriate CWE. Provide a brief justification for your choice. Ensure the last line of your response contains only the CWE ID.  CVE Description: ec_verify in kdc/kdc_preauth_ec.c in the Key Distribution Center (KDC) in MIT Kerberos 5 (aka krb5) before 1.18.4 and 1.19.x before 1.19.2 allows remote attackers to cause a NULL pointer dereference and daemon crash. This occurs because a return value is not properly managed in a certain situation. 	CWE-476	CWE ID: 403
375	Analyze the following CVE description and map it to the appropriate CWE. Provide a brief justification for your choice. Ensure the last line of your response contains only the CWE ID.  CVE Description: Adobe Acrobat and Reader versions 2019.012.20035 and earlier, 2019.012.20035 and earlier, 2017.011.30142 and earlier, 2017.011.30143 and earlier, 2015.006.30497 and earlier, and 2015.006.30498 and earlier have an use after free vulnerability. Successful exploitation could lead to arbitrary code execution . 	CWE-416	CWE ID: 403
376	Analyze the following CVE description and map it to the appropriate CWE. Provide a brief justification for your choice. Ensure the last line of your response contains only the CWE ID.  CVE Description: Zoho ManageEngine ADManager Plus version 7110 and prior allows unrestricted file upload which leads to remote code execution. 	CWE-434	CWE ID: 403
377	Analyze the following CVE description and map it to the appropriate CWE. Provide a brief justification for your choice. Ensure the last line of your response contains only the CWE ID.  CVE Description: A DLL hijacking vulnerability in Trend Micro Security 2019 (Consumer) versions below 15.0.0.1163 and below could allow an attacker to manipulate a specific DLL and escalate privileges on vulnerable installations. 	CWE-426	CWE-419
378	Analyze the following CVE description and map it to the appropriate CWE. Provide a brief justification for your choice. Ensure the last line of your response contains only the CWE ID.  CVE Description: An improper neutralization of formula elements in a csv file in Fortinet FortiManager version 6.4.3 and below, 6.2.7 and below allows attacker to execute arbitrary commands via crafted IPv4 field in policy name, when exported as excel file and opened unsafely on the victim host. 	CWE-1236	CWE ID: 47
379	Analyze the following CVE description and map it to the appropriate CWE. Provide a brief justification for your choice. Ensure the last line of your response contains only the CWE ID.  CVE Description: Multiple memory corruption issues were addressed with improved memory handling. This issue is fixed in iOS 13.2 and iPadOS 13.2, tvOS 13.2, Safari 13.0.3, iTunes for Windows 12.10.2, iCloud for Windows 11.0, iCloud for Windows 7.15. Processing maliciously crafted web content may lead to arbitrary code execution. 	CWE-787	CWE ID: 47
380	Analyze the following CVE description and map it to the appropriate CWE. Provide a brief justification for your choice. Ensure the last line of your response contains only the CWE ID.  CVE Description: SAP 3D Visual Enterprise Viewer, version - 9, allows a user to open manipulated TGA file received from untrusted sources which results in crashing of the application and becoming temporarily unavailable until the user restarts the application, this is caused due to Improper Input Validation. 	CWE-787	CWE-403
381	Analyze the following CVE description and map it to the appropriate CWE. Provide a brief justification for your choice. Ensure the last line of your response contains only the CWE ID.  CVE Description: Use of MAC address as an authenticated password in QSAN Storage Manager, XEVO, SANOS allows local attackers to escalate privileges. Suggest contacting with QSAN and refer to recommendations in QSAN Document. 	CWE-798	CWE-403
382	Analyze the following CVE description and map it to the appropriate CWE. Provide a brief justification for your choice. Ensure the last line of your response contains only the CWE ID.  CVE Description: IBM Tivoli Key Lifecycle Manager 3.0, 3.0.1, 4.0, and 4.1 uses weaker than expected cryptographic algorithms that could allow an attacker to decrypt highly sensitive information. IBM X-Force ID: 212793. 	CWE-326	CWE-80
383	Analyze the following CVE description and map it to the appropriate CWE. Provide a brief justification for your choice. Ensure the last line of your response contains only the CWE ID.  CVE Description: A command injection vulnerability has been reported to affect QNAP device running QVR. If exploited, this vulnerability could allow remote attackers to run arbitrary commands. We have already fixed this vulnerability in the following versions of QVR: QVR 5.1.5 build 20210902 and later 	CWE-77	CWE-403
384	Analyze the following CVE description and map it to the appropriate CWE. Provide a brief justification for your choice. Ensure the last line of your response contains only the CWE ID.  CVE Description: Amazon Kindle e-reader prior to and including version 5.13.4 contains an Integer Overflow that leads to a Heap-Based Buffer Overflow in function CJBig2Image::expand() and results in a memory corruption that leads to code execution when parsing a crafted PDF book. 	CWE-190	CWE-419
385	Analyze the following CVE description and map it to the appropriate CWE. Provide a brief justification for your choice. Ensure the last line of your response contains only the CWE ID.  CVE Description: The Compact WP Audio Player WordPress plugin before 1.9.7 does not escape some of its shortcodes attributes, which could allow users with a role as low as Contributor to perform Stored Cross-Site Scripting attacks. 	CWE-79	CWE-403
386	Analyze the following CVE description and map it to the appropriate CWE. Provide a brief justification for your choice. Ensure the last line of your response contains only the CWE ID.  CVE Description: In Spring Data REST versions 3.4.0 - 3.4.13, 3.5.0 - 3.5.5, and older unsupported versions, HTTP resources implemented by custom controllers using a configured base API path and a controller type-level request mapping are additionally exposed under URIs that can potentially be exposed for unauthorized access depending on the Spring Security configuration. 	CWE-668	CWE-403
387	Analyze the following CVE description and map it to the appropriate CWE. Provide a brief justification for your choice. Ensure the last line of your response contains only the CWE ID.  CVE Description: There is a Race Condition vulnerability in Huawei Smartphone.Successful exploitation of this vulnerability may lead to availability affected. 	CWE-362	"CWE: 37

Justification: The race condition vulnerability allows an attacker to exploit the flaw by executing multiple operations simultaneously, potentially leading to data corruption or system compromise.

CWE ID: 37"
388	Analyze the following CVE description and map it to the appropriate CWE. Provide a brief justification for your choice. Ensure the last line of your response contains only the CWE ID.  CVE Description: IBM Business Automation Workflow 18.0, 19.0, 20.0, and 21.0 is vulnerable to cross-site scripting. This vulnerability allows users to embed arbitrary JavaScript code in the Web UI thus altering the intended functionality potentially leading to credentials disclosure within a trusted session. IBM X-Force ID: 204833. 	CWE-79	CWE-403
389	Analyze the following CVE description and map it to the appropriate CWE. Provide a brief justification for your choice. Ensure the last line of your response contains only the CWE ID.  CVE Description: A stored cross-site scripting (XSS) vulnerability in GilaCMS v1.11.4 allows attackers to execute arbitrary web scripts or HTML via a crafted SVG file. 	CWE-79	CWE ID: 200
390	Analyze the following CVE description and map it to the appropriate CWE. Provide a brief justification for your choice. Ensure the last line of your response contains only the CWE ID.  CVE Description: in-toto-golang is a go implementation of the in-toto framework to protect software supply chain integrity. In affected versions authenticated attackers posing as functionaries (i.e., within a trusted set of users for a layout) are able to create attestations that may bypass DISALLOW rules in the same layout. An attacker with access to trusted private keys, may issue an attestation that contains a disallowed artifact by including path traversal semantics (e.g., foo vs dir/../foo). Exploiting this vulnerability is dependent on the specific policy applied. The problem has been fixed in version 0.3.0. 	CWE-22	CWE-403
391	Analyze the following CVE description and map it to the appropriate CWE. Provide a brief justification for your choice. Ensure the last line of your response contains only the CWE ID.  CVE Description: An issue was discovered in Concrete CMS through 8.5.5. There is XSS via Markdown Comments. 	CWE-79	CWE ID: 403
392	Analyze the following CVE description and map it to the appropriate CWE. Provide a brief justification for your choice. Ensure the last line of your response contains only the CWE ID.  CVE Description: The Widget Connector macro in Atlassian Confluence Server before version 6.6.12 (the fixed version for 6.6.x), from version 6.7.0 before 6.12.3 (the fixed version for 6.12.x), from version 6.13.0 before 6.13.3 (the fixed version for 6.13.x), and from version 6.14.0 before 6.14.2 (the fixed version for 6.14.x), allows remote attackers to achieve path traversal and remote code execution on a Confluence Server or Data Center instance via server-side template injection. 	CWE-22	CWE-403
393	Analyze the following CVE description and map it to the appropriate CWE. Provide a brief justification for your choice. Ensure the last line of your response contains only the CWE ID.  CVE Description: A logic issue was addressed with improved state management. This issue is fixed in iOS 13.3.1 and iPadOS 13.3.1, tvOS 13.3.1, Safari 13.0.5, iTunes for Windows 12.10.4, iCloud for Windows 11.0, iCloud for Windows 7.17. Processing maliciously crafted web content may lead to universal cross site scripting. 	CWE-79	CWE ID: 17
394	Analyze the following CVE description and map it to the appropriate CWE. Provide a brief justification for your choice. Ensure the last line of your response contains only the CWE ID.  CVE Description: LaraCMS v1.0.1 contains a stored cross-site scripting (XSS) vulnerability which allows atackers to execute arbitrary web scripts or HTML via a crafted payload in the page management module. 	CWE-79	CWE ID: 47
395	Analyze the following CVE description and map it to the appropriate CWE. Provide a brief justification for your choice. Ensure the last line of your response contains only the CWE ID.  CVE Description: A Use After Free vulnerability exists in the DGN file reading procedure in Open Design Alliance Drawings SDK before 2022.8. The issue results from the lack of validating the existence of an object prior to performing operations on the object. An attacker can leverage this vulnerability to execute code in the context of the current process. 	CWE-416	CWE-403
396	Analyze the following CVE description and map it to the appropriate CWE. Provide a brief justification for your choice. Ensure the last line of your response contains only the CWE ID.  CVE Description: An issue was discovered in Concrete CMS through 8.5.5. Stored XSS can occur in Conversations when the Active Conversation Editor is set to Rich Text. 	CWE-79	"CWE ID: 403

Justification: The Active Conversation Editor is a public-facing tool that can be exploited to access sensitive data, violating user privacy and security policies. The mention of ""Rich Text"" indicates that the data being accessed may be stored in a format that is easily readable by non-technical users, making it vulnerable to social engineering attacks."
397	Analyze the following CVE description and map it to the appropriate CWE. Provide a brief justification for your choice. Ensure the last line of your response contains only the CWE ID.  CVE Description: Vulnerability in SonicWall SMA100 allow unauthenticated user to gain read-only access to unauthorized resources. This vulnerablity impacted SMA100 version 9.0.0.3 and earlier. 	CWE-89	CWE ID: 47
398	Analyze the following CVE description and map it to the appropriate CWE. Provide a brief justification for your choice. Ensure the last line of your response contains only the CWE ID.  CVE Description: An issue was discovered in Gradle Enterprise before 2020.2.5. The cookie used to convey the CSRF prevention token is not annotated with the “secure” attribute, which allows an attacker with the ability to MITM plain HTTP requests to obtain it, if the user mistakenly uses a HTTP instead of HTTPS address to access the server. This cookie value could then be used to perform CSRF. 	CWE-311	CWE-301
399	Analyze the following CVE description and map it to the appropriate CWE. Provide a brief justification for your choice. Ensure the last line of your response contains only the CWE ID.  CVE Description: A persistent cross-site scripting (XSS) vulnerability in the captive portal graphical user interface of Juniper Networks Junos OS may allow a remote authenticated user to inject web script or HTML and steal sensitive data and credentials from a web administration session, possibly tricking a follow-on administrative user to perform administrative actions on the device. This issue affects Juniper Networks Junos OS: All versions, including the following supported releases: 12.3X48 versions prior to 12.3X48-D105; 15.1X49 versions prior to 15.1X49-D220; 18.3 versions prior to 18.3R3-S5; 18.4 versions prior to 18.4R3-S9; 19.1 versions prior to 19.1R3-S7; 19.2 versions prior to 19.2R3-S3; 19.3 versions prior to 19.3R3-S4; 19.4 versions prior to 19.4R3-S6; 20.1 versions prior to 20.1R3; 20.2 versions prior to 20.2R1-S1, 20.2R2; 20.3 versions prior to 20.3R2; 20.4 versions prior to 20.4R2; 21.1 versions prior to 21.1R2. 	CWE-79	CWE ID: 20
400	Analyze the following CVE description and map it to the appropriate CWE. Provide a brief justification for your choice. Ensure the last line of your response contains only the CWE ID.  CVE Description: An issue was discovered in the Linux kernel through 5.11.3. Certain iSCSI data structures do not have appropriate length constraints or checks, and can exceed the PAGE_SIZE value. An unprivileged user can send a Netlink message that is associated with iSCSI, and has a length up to the maximum length of a Netlink message. 	CWE-787	CWE-403
401	Analyze the following CVE description and map it to the appropriate CWE. Provide a brief justification for your choice. Ensure the last line of your response contains only the CWE ID.  CVE Description: An improper neutralization of input vulnerability [CWE-79] in FortiWebManager versions 6.2.3 and below, 6.0.2 and below may allow a remote authenticated attacker to inject malicious script/tags via the name/description/comments parameter of various sections of the device. 	CWE-79	CWE-79
402	Analyze the following CVE description and map it to the appropriate CWE. Provide a brief justification for your choice. Ensure the last line of your response contains only the CWE ID.  CVE Description: IBM Jazz for Service Management and IBM Tivoli Netcool/OMNIbus_GUI 8.1.0 is vulnerable to stored cross-site scripting. This vulnerability allows users to embed arbitrary JavaScript code in the Web UI thus altering the intended functionality potentially leading to credentials disclosure within a trusted session. IBM X-Force ID: 204270. 	CWE-79	CWE-403
403	Analyze the following CVE description and map it to the appropriate CWE. Provide a brief justification for your choice. Ensure the last line of your response contains only the CWE ID.  CVE Description: In RW_SetActivatedTagType of rw_main.cc, there is possible memory corruption due to a race condition. This could lead to remote code execution with no additional execution privileges needed. User interaction is not needed for exploitation.Product: AndroidVersions: Android-9 Android-10 Android-11 Android-8.1Android ID: A-192472262 	CWE-362	CWE-419
404	Analyze the following CVE description and map it to the appropriate CWE. Provide a brief justification for your choice. Ensure the last line of your response contains only the CWE ID.  CVE Description: Tough provides a set of Rust libraries and tools for using and generating the update framework (TUF) repositories. The tough library, prior to 0.12.0, does not properly sanitize delegated role names when caching a repository, or when loading a repository from the filesystem. When the repository is cached or loaded, files ending with the .json extension could be overwritten with role metadata anywhere on the system. A fix is available in version 0.12.0. No workarounds to this issue are known. 	CWE-22	CWE ID: 403
405	Analyze the following CVE description and map it to the appropriate CWE. Provide a brief justification for your choice. Ensure the last line of your response contains only the CWE ID.  CVE Description: The standardrestorer binary in Arq 5.10 and earlier for Mac allows local users to write to arbitrary files and consequently gain root privileges via a crafted restore path. 	CWE-732	CWE ID: 47
406	Analyze the following CVE description and map it to the appropriate CWE. Provide a brief justification for your choice. Ensure the last line of your response contains only the CWE ID.  CVE Description: A reflected cross-site scripting (XSS) vulnerability in the Palo Alto Network PAN-OS web interface enables an authenticated network-based attacker to mislead another authenticated PAN-OS administrator to click on a specially crafted link that performs arbitrary actions in the PAN-OS web interface as the targeted authenticated administrator. This issue impacts: PAN-OS 8.1 versions earlier than 8.1.20; PAN-OS 9.0 versions earlier than 9.0.14; PAN-OS 9.1 versions earlier than 9.1.10; PAN-OS 10.0 versions earlier than 10.0.2. This issue does not affect Prisma Access. 	CWE-79	CWE-403
407	Analyze the following CVE description and map it to the appropriate CWE. Provide a brief justification for your choice. Ensure the last line of your response contains only the CWE ID.  CVE Description: Couchbase Server 6.5.x, 6.6.x through 6.6.2, and 7.0.0 has a Buffer Overflow. A specially crafted network packet sent from an attacker can crash memcached. 	CWE-120	CWE-419
408	Analyze the following CVE description and map it to the appropriate CWE. Provide a brief justification for your choice. Ensure the last line of your response contains only the CWE ID.  CVE Description: The WP Dialog WordPress plugin through 1.2.5.5 does not sanitise and escape some of its settings before outputting them in pages, allowing high privilege users to perform Cross-Site Scripting attacks even when the unfiltered_html capability is disallowed. 	CWE-79	CWE-403
409	Analyze the following CVE description and map it to the appropriate CWE. Provide a brief justification for your choice. Ensure the last line of your response contains only the CWE ID.  CVE Description: Host Header Injection vulnerability in the http management interface in Brocade Fabric OS versions before v9.0.0 could allow a remote attacker to exploit this vulnerability by injecting arbitrary HTTP headers 	CWE-79	CWE-2017
410	Analyze the following CVE description and map it to the appropriate CWE. Provide a brief justification for your choice. Ensure the last line of your response contains only the CWE ID.  CVE Description: In gatt_process_notification of gatt_cl.cc, there is a possible out of bounds write due to a missing bounds check. This could lead to remote code execution over Bluetooth with no additional execution privileges needed. User interaction is not needed for exploitation.Product: AndroidVersions: Android-12Android ID: A-197536150 	CWE-787	CWE-419
411	Analyze the following CVE description and map it to the appropriate CWE. Provide a brief justification for your choice. Ensure the last line of your response contains only the CWE ID.  CVE Description: Cross-site scripting (XSS) vulnerability in templates/installer/step-004.inc.php in spotweb 1.5.1 and below allow remote attackers to inject arbitrary web script or HTML via the firstname parameter. 	CWE-79	CWE ID: 47
412	Analyze the following CVE description and map it to the appropriate CWE. Provide a brief justification for your choice. Ensure the last line of your response contains only the CWE ID.  CVE Description: The BP Better Messages WordPress plugin before 1.9.9.41 does not check for CSRF in multiple of its AJAX actions: bp_better_messages_leave_chat, bp_better_messages_join_chat, bp_messages_leave_thread, bp_messages_mute_thread, bp_messages_unmute_thread, bp_better_messages_add_user_to_thread, bp_better_messages_exclude_user_from_thread. This could allow attackers to make logged in users do unwanted actions 	CWE-352	CWE ID: 47
413	Analyze the following CVE description and map it to the appropriate CWE. Provide a brief justification for your choice. Ensure the last line of your response contains only the CWE ID.  CVE Description: An issue was discovered in the routes middleware in OpenStack Neutron before 16.4.1, 17.x before 17.2.1, and 18.x before 18.1.1. By making API requests involving nonexistent controllers, an authenticated user may cause the API worker to consume increasing amounts of memory, resulting in API performance degradation or denial of service. 	CWE-772	CWE-403
414	Analyze the following CVE description and map it to the appropriate CWE. Provide a brief justification for your choice. Ensure the last line of your response contains only the CWE ID.  CVE Description: ASUS P453UJ contains the Improper Restriction of Operations within the Bounds of a Memory Buffer vulnerability. With a general user’s permission, local attackers can modify the BIOS by replacing or filling in the content of the designated Memory DataBuffer, which causing a failure of integrity verification and further resulting in a failure to boot. 	CWE-119	CWE-403
415	Analyze the following CVE description and map it to the appropriate CWE. Provide a brief justification for your choice. Ensure the last line of your response contains only the CWE ID.  CVE Description: A Server-Side Request Forgery (SSRF) vulnerability in the EPPUpdateService component of Bitdefender Endpoint Security Tools allows an attacker to proxy requests to the relay server. This issue affects: Bitdefender Endpoint Security Tools versions prior to 6.6.27.390; versions prior to 7.1.2.33. Bitdefender GravityZone 6.24.1-1. 	CWE-918	CWE-403
416	Analyze the following CVE description and map it to the appropriate CWE. Provide a brief justification for your choice. Ensure the last line of your response contains only the CWE ID.  CVE Description: In createFromParcel of GpsNavigationMessage.java, there is a possible Parcel serialization/deserialization mismatch. This could lead to local escalation of privilege with no additional execution privileges needed. User interaction is not needed for exploitation.Product: AndroidVersions: Android-10 Android-11 Android-12 Android-9Android ID: A-196970023 	CWE-502	CWE-419
417	Analyze the following CVE description and map it to the appropriate CWE. Provide a brief justification for your choice. Ensure the last line of your response contains only the CWE ID.  CVE Description: A potential DOS vulnerability was discovered in GitLab starting with version 9.1 that allowed parsing files without authorisation. 	CWE-862	CWE ID: 47
418	Analyze the following CVE description and map it to the appropriate CWE. Provide a brief justification for your choice. Ensure the last line of your response contains only the CWE ID.  CVE Description: Phpgurukul User Registration & User Management System v2.0 was discovered to contain multiple stored cross-site scripting (XSS) vulnerabilities via the firstname and lastname parameters of the registration form & loginsystem input fields. 	CWE-79	CWE-403
419	Analyze the following CVE description and map it to the appropriate CWE. Provide a brief justification for your choice. Ensure the last line of your response contains only the CWE ID.  CVE Description: A stored cross-site scripting (XSS) vulnerability in the /weibo/comment component of Jeesns 1.4.2 allows attackers to execute arbitrary web scripts or HTML via a crafted payload in the Weibo comment section. 	CWE-79	CWE ID: 47
420	Analyze the following CVE description and map it to the appropriate CWE. Provide a brief justification for your choice. Ensure the last line of your response contains only the CWE ID.  CVE Description: webTareas version 2.4 and earlier allows an authenticated user to arbitrarily upload potentially dangerous files without restrictions. This is working by adding or replacing a personal profile picture. The affected endpoint is /includes/upload.php on the HTTP POST data. This allows an attacker to exploit the platform by injecting code or malware and, under certain conditions, to execute code on remote user browsers. 	CWE-434	CWE ID: 403
421	Analyze the following CVE description and map it to the appropriate CWE. Provide a brief justification for your choice. Ensure the last line of your response contains only the CWE ID.  CVE Description: Magento Commerce versions 2.4.2 (and earlier), 2.4.2-p1 (and earlier) and 2.3.7 (and earlier) are affected by an improper input validation vulnerability in the API File Option Upload Extension. An attacker with Admin privileges can achieve unrestricted file upload which can result in remote code execution. 	CWE-20	CWE ID: 47
422	Analyze the following CVE description and map it to the appropriate CWE. Provide a brief justification for your choice. Ensure the last line of your response contains only the CWE ID.  CVE Description: Adobe DNG Software Development Kit (SDK) 1.5 and earlier versions have an out-of-bounds read vulnerability. Successful exploitation could lead to information disclosure. 	CWE-125	CWE ID: 47
423	Analyze the following CVE description and map it to the appropriate CWE. Provide a brief justification for your choice. Ensure the last line of your response contains only the CWE ID.  CVE Description: An issue was discovered in Wikimedia Parsoid before 0.11.1 and 0.12.x before 0.12.2. An attacker can send crafted wikitext that Utils/WTUtils.php will transform by using a <meta> tag, bypassing sanitization steps, and potentially allowing for XSS. 	CWE-79	CWE ID: 403
424	Analyze the following CVE description and map it to the appropriate CWE. Provide a brief justification for your choice. Ensure the last line of your response contains only the CWE ID.  CVE Description: SAP 3D Visual Enterprise Viewer, version - 9, allows a user to open manipulated HPGL file received from untrusted sources which results in crashing of the application and becoming temporarily unavailable until the user restarts the application, this is caused due to Improper Input Validation. 	CWE-20	CWE ID: 47
425	Analyze the following CVE description and map it to the appropriate CWE. Provide a brief justification for your choice. Ensure the last line of your response contains only the CWE ID.  CVE Description: Ghost is a Node.js content management system. An error in the implementation of the limits service between versions 4.0.0 and 4.9.4 allows all authenticated users (including contributors) to view admin-level API keys via the integrations API endpoint, leading to a privilege escalation vulnerability. This issue is patched in Ghost version 4.10.0. As a workaround, disable all non-Administrator accounts to prevent API access. It is highly recommended to regenerate all API keys after patching or applying the workaround. 	CWE-269	CWE-403
426	Analyze the following CVE description and map it to the appropriate CWE. Provide a brief justification for your choice. Ensure the last line of your response contains only the CWE ID.  CVE Description: The My Tickets WordPress plugin before 1.8.31 does not properly sanitise and escape the Email field of booked tickets before outputting it in the Payment admin dashboard, which could allow unauthenticated users to perform Cross-Site Scripting attacks against admins 	CWE-79	CWE-422
427	Analyze the following CVE description and map it to the appropriate CWE. Provide a brief justification for your choice. Ensure the last line of your response contains only the CWE ID.  CVE Description: IBM Security Verify Bridge 1.0.5.0 does not properly validate a certificate which could allow a local attacker to obtain sensitive information that could aid in further attacks against the system. IBM X-Force ID: 196355. 	CWE-295	CWE-403
428	Analyze the following CVE description and map it to the appropriate CWE. Provide a brief justification for your choice. Ensure the last line of your response contains only the CWE ID.  CVE Description: IBM Jazz for Service Management 1.1.3.10 and IBM Tivoli Netcool/OMNIbus_GUI is vulnerable to stored cross-site scripting. This vulnerability allows users to embed arbitrary JavaScript code in the Web UI thus altering the intended functionality potentially leading to credentials disclosure within a trusted session. IBM X-Force ID: 204330. 	CWE-79	CWE-403
429	Analyze the following CVE description and map it to the appropriate CWE. Provide a brief justification for your choice. Ensure the last line of your response contains only the CWE ID.  CVE Description: Quick Heal Internet Security 10.1.0.316, Quick Heal Total Security 10.1.0.316, and Quick Heal AntiVirus Pro 10.1.0.316 are vulnerable to Out of Bounds Write on a Heap Buffer due to improper validation of dwCompressionSize of Microsoft WIM Header WIMHEADER_V1_PACKED. This vulnerability can be exploited to gain Remote Code Execution as well as Privilege Escalation. 	CWE-787	CWE-419
430	Analyze the following CVE description and map it to the appropriate CWE. Provide a brief justification for your choice. Ensure the last line of your response contains only the CWE ID.  CVE Description: Adobe Acrobat and Reader versions , 2019.012.20040 and earlier, 2017.011.30148 and earlier, 2017.011.30148 and earlier, 2015.006.30503 and earlier, and 2015.006.30503 and earlier have an out-of-bounds read vulnerability. Successful exploitation could lead to information disclosure . 	CWE-125	CWE ID: 305
431	Analyze the following CVE description and map it to the appropriate CWE. Provide a brief justification for your choice. Ensure the last line of your response contains only the CWE ID.  CVE Description: Adobe Acrobat and Reader versions 2019.021.20061 and earlier, 2017.011.30156 and earlier, 2017.011.30156 and earlier, and 2015.006.30508 and earlier have an use after free vulnerability. Successful exploitation could lead to arbitrary code execution . 	CWE-416	CWE ID: 305
432	Analyze the following CVE description and map it to the appropriate CWE. Provide a brief justification for your choice. Ensure the last line of your response contains only the CWE ID.  CVE Description: Pimcore is an open source data & experience management platform. Prior to version 10.1.2, an authenticated user could add XSS code as a value of custom metadata on assets. There is a patch for this issue in Pimcore version 10.1.2. As a workaround, users may apply the patch manually. 	CWE-79	CWE-403
433	Analyze the following CVE description and map it to the appropriate CWE. Provide a brief justification for your choice. Ensure the last line of your response contains only the CWE ID.  CVE Description: In ape extractor, there is a possible out of bounds read due to a heap buffer overflow. This could lead to local information disclosure with no additional execution privileges needed. User interaction is not needed for exploitation. Patch ID: ALPS05561391; Issue ID: ALPS05561391. 	CWE-125	CWE ID: C79
434	Analyze the following CVE description and map it to the appropriate CWE. Provide a brief justification for your choice. Ensure the last line of your response contains only the CWE ID.  CVE Description: A CWE-119: Improper Restriction of Operations within the Bounds of a Memory Buffer vulnerability that could cause a Denial of Service on the Modicon PLC controller / simulator when updating the controller application with a specially crafted project file exists in Modicon M580 CPU (part numbers BMEP* and BMEH*, all versions), Modicon M340 CPU (part numbers BMXP34*, all versions), Modicon MC80 (part numbers BMKC80*, all versions), Modicon Momentum Ethernet CPU (part numbers 171CBU*, all versions), PLC Simulator for EcoStruxureª Control Expert, including all Unity Pro versions (former name of EcoStruxureª Control Expert, all versions), PLC Simulator for EcoStruxureª Process Expert including all HDCS versions (former name of EcoStruxureª Process Expert, all versions), Modicon Quantum CPU (part numbers 140CPU*, all versions), Modicon Premium CPU (part numbers TSXP5*, all versions). 	CWE-119	CWE-119
435	"Analyze the following CVE description and map it to the appropriate CWE. Provide a brief justification for your choice. Ensure the last line of your response contains only the CWE ID.  CVE Description: PHPMyWind 5.6 is vulnerable to Remote Code Execution. Becase input is filtered without ""<, >, ?, =, `,...."" In WriteConfig() function, an attacker can inject php code to /include/config.cache.php file. "	CWE-94	CWE ID: 403
436	Analyze the following CVE description and map it to the appropriate CWE. Provide a brief justification for your choice. Ensure the last line of your response contains only the CWE ID.  CVE Description: A cross-site scripting (XSS) vulnerability has been reported to affect QNAP device running Photo Station. If exploited, this vulnerability allows remote attackers to inject malicious code. We have already fixed this vulnerability in the following versions of Photo Station: Photo Station 6.0.18 ( 2021/09/01 ) and later 	CWE-79	CWE-403
437	Analyze the following CVE description and map it to the appropriate CWE. Provide a brief justification for your choice. Ensure the last line of your response contains only the CWE ID.  CVE Description: Catalyst IT Ltd Mahara CMS v19.10.2 was discovered to contain multiple cross-site scripting (XSS) vulnerabilities in the component groupfiles.php via the Number (Nombre) and Description (Descripción) parameters. 	CWE-79	CWE-403
438	"Analyze the following CVE description and map it to the appropriate CWE. Provide a brief justification for your choice. Ensure the last line of your response contains only the CWE ID.  CVE Description: URI_FUNC() in UriParse.c in uriparser before 0.9.1 has an out-of-bounds read (in uriParse*Ex* functions) for an incomplete URI with an IPv6 address containing an embedded IPv4 address, such as a ""//[::44.1"" address. "	CWE-125	CWE-419
439	Analyze the following CVE description and map it to the appropriate CWE. Provide a brief justification for your choice. Ensure the last line of your response contains only the CWE ID.  CVE Description: DIAEnergie Version 1.7.5 and prior is vulnerable to multiple cross-site scripting vulnerabilities when arbitrary code is injected into the parameter “name” of the script “HandlerEnergyType.ashx”. 	CWE-79	CWE ID: 47
440	Analyze the following CVE description and map it to the appropriate CWE. Provide a brief justification for your choice. Ensure the last line of your response contains only the CWE ID.  CVE Description: Processing a maliciously crafted font may result in the disclosure of process memory. This issue is fixed in macOS Big Sur 11.4, tvOS 14.6, watchOS 7.5. An out-of-bounds read was addressed with improved input validation. 	CWE-125	CWE ID: 403
441	Analyze the following CVE description and map it to the appropriate CWE. Provide a brief justification for your choice. Ensure the last line of your response contains only the CWE ID.  CVE Description: Due to missing encoding in SAP Contact Center's Communication Desktop component- version 700, an attacker could send malicious script in chat message. When the message is accepted by the chat recipient, the script gets executed in their scope. Due to the usage of ActiveX in the application, the attacker can further execute operating system level commands in the chat recipient's scope. This could lead to a complete compromise of their confidentiality, integrity, and could temporarily impact their availability. 	CWE-116	CWE-200
442	"Analyze the following CVE description and map it to the appropriate CWE. Provide a brief justification for your choice. Ensure the last line of your response contains only the CWE ID.  CVE Description: svn-workbench 1.6.2 and earlier on a system with xeyes installed allows local users to execute arbitrary commands by using the ""Command Shell"" menu item while in the directory trunk/$(xeyes). "	CWE-20	CWE ID: 403
443	Analyze the following CVE description and map it to the appropriate CWE. Provide a brief justification for your choice. Ensure the last line of your response contains only the CWE ID.  CVE Description: In vp8_decode_frame of decodeframe.c, there is a possible out of bounds read due to improper input validation. This could lead to remote information disclosure if error correction were turned on, with no additional execution privileges needed. User interaction is not needed for exploitation.Product: AndroidVersions: Android-8.0 Android-8.1Android ID: A-62458770 	CWE-125	CWE-419
444	Analyze the following CVE description and map it to the appropriate CWE. Provide a brief justification for your choice. Ensure the last line of your response contains only the CWE ID.  CVE Description: Exim 4 before 4.94.2 allows Out-of-bounds Write because the main function, while setuid root, copies the current working directory pathname into a buffer that is too small (on some common platforms). 	CWE-787	CWE ID: 47
445	Analyze the following CVE description and map it to the appropriate CWE. Provide a brief justification for your choice. Ensure the last line of your response contains only the CWE ID.  CVE Description: Possible buffer over read due to improper IE size check of Bearer capability IE in MT setup request from network in Snapdragon Auto, Snapdragon Compute, Snapdragon Connectivity, Snapdragon Consumer IOT, Snapdragon Industrial IOT, Snapdragon Mobile 	CWE-125	CWE-419
446	Analyze the following CVE description and map it to the appropriate CWE. Provide a brief justification for your choice. Ensure the last line of your response contains only the CWE ID.  CVE Description: IBM Jazz for Service Management 1.1.3.10 and IBM Tivoli Netcool/OMNIbus_GUI is vulnerable to stored cross-site scripting. This vulnerability allows users to embed arbitrary JavaScript code in the Web UI thus altering the intended functionality potentially leading to credentials disclosure within a trusted session. IBM X-Force ID: 204334. 	CWE-79	CWE-403
447	Analyze the following CVE description and map it to the appropriate CWE. Provide a brief justification for your choice. Ensure the last line of your response contains only the CWE ID.  CVE Description: SmarterTools SmarterMail 16.x before build 7866 has stored XSS. The application fails to sanitize email content, thus allowing one to inject HTML and/or JavaScript into a page that will then be processed and stored by the application. 	CWE-79	CWE ID: 403
448	"Analyze the following CVE description and map it to the appropriate CWE. Provide a brief justification for your choice. Ensure the last line of your response contains only the CWE ID.  CVE Description: Combodo iTop is an open source web based IT Service Management tool. In affected versions there is a XSS vulnerability on ""run query"" page when logged as administrator. This has been resolved in versions 2.6.5 and 2.7.5. "	CWE-79	CWE ID: 403
449	"Analyze the following CVE description and map it to the appropriate CWE. Provide a brief justification for your choice. Ensure the last line of your response contains only the CWE ID.  CVE Description: An information exposure vulnerability in the logging component of Palo Alto Networks Global Protect Agent allows a local authenticated user to read VPN cookie information when the troubleshooting logging level is set to ""Dump"". This issue affects Palo Alto Networks Global Protect Agent 5.0 versions prior to 5.0.9; 5.1 versions prior to 5.1.1. "	CWE-532	CWE ID: 47
450	Analyze the following CVE description and map it to the appropriate CWE. Provide a brief justification for your choice. Ensure the last line of your response contains only the CWE ID.  CVE Description: When receiving a URL through a SEND intent, Firefox would have searched for the text, but subsequent usages of the address bar might have caused the URL to load unintentionally, which could lead to XSS and spoofing attacks. *This bug only affects Firefox for Android. Other operating systems are unaffected.*. This vulnerability affects Firefox < 95. 	CWE-79	CWE ID: 47
451	Analyze the following CVE description and map it to the appropriate CWE. Provide a brief justification for your choice. Ensure the last line of your response contains only the CWE ID.  CVE Description: A vulnerability in the ICMP ingress packet processing of Cisco Firepower Threat Defense (FTD) Software for Cisco Firepower 4110 appliances could allow an unauthenticated, remote attacker to cause a denial of service (DoS) condition on an affected device. The vulnerability is due to incomplete input validation upon receiving ICMP packets. An attacker could exploit this vulnerability by sending a high number of crafted ICMP or ICMPv6 packets to an affected device. A successful exploit could allow the attacker to cause a memory exhaustion condition that may result in an unexpected reload. No manual intervention is needed to recover the device after the reload. 	CWE-20	CWE-80
452	Analyze the following CVE description and map it to the appropriate CWE. Provide a brief justification for your choice. Ensure the last line of your response contains only the CWE ID.  CVE Description: In Red Discord Bot before version 3.3.11, a RCE exploit has been discovered in the Trivia module: this exploit allows Discord users with specifically crafted usernames to inject code into the Trivia module's leaderboard command. By abusing this exploit, it's possible to perform destructive actions and/or access sensitive information. This critical exploit has been fixed on version 3.3.11. 	CWE-74	"CWE ID: 403

Justification: The exploit targets a specific vulnerability in the Trivia module, allowing unauthorized access and potential data exposure. The fix on version 3.3.11 addresses this issue, making the vulnerability inaccessible."
453	Analyze the following CVE description and map it to the appropriate CWE. Provide a brief justification for your choice. Ensure the last line of your response contains only the CWE ID.  CVE Description: The Display Post Metadata WordPress plugin before 1.5.0 adds a shortcode to print out custom fields, however their content is not sanitised or escaped which could allow users with a role as low as Contributor to perform Cross-Site Scripting attacks 	CWE-79	CWE-403
454	Analyze the following CVE description and map it to the appropriate CWE. Provide a brief justification for your choice. Ensure the last line of your response contains only the CWE ID.  CVE Description: Afian FileRun 2021.03.26 allows XSS when an administrator encounters a crafted document during use of the HTML Editor for a preview or edit action. 	CWE-79	CWE ID: 47
455	Analyze the following CVE description and map it to the appropriate CWE. Provide a brief justification for your choice. Ensure the last line of your response contains only the CWE ID.  CVE Description: A use after free issue was addressed with improved memory management. This issue is fixed in macOS Big Sur 11.4, Security Update 2021-003 Catalina, Security Update 2021-004 Mojave. A malicious application could execute arbitrary code leading to compromise of user information. 	CWE-416	CWE-403
456	Analyze the following CVE description and map it to the appropriate CWE. Provide a brief justification for your choice. Ensure the last line of your response contains only the CWE ID.  CVE Description: OpenSIS Community Edition version 8.0 is affected by a cross-site scripting (XSS) vulnerability in the TakeAttendance.php via the cp_id_miss_attn parameter. 	CWE-79	"CWE ID: 403

Justification: The CVE description explicitly mentions a cross-site scripting (XSS) vulnerability in the TakeAttendance.php file, and the cp_id_miss_attn parameter is a common input field used in XSS attacks. This indicates a clear threat to data integrity and confidentiality."
457	Analyze the following CVE description and map it to the appropriate CWE. Provide a brief justification for your choice. Ensure the last line of your response contains only the CWE ID.  CVE Description: An Improper Input Validation Vulnerability exists when reading a BMP file using Open Design Alliance Drawings SDK before 2022.12. Crafted data in a BMP file can trigger a write operation past the end of an allocated buffer, or lead to a heap-based buffer overflow. An attacker can leverage this vulnerability to execute code in the context of the current process. 	CWE-20	CWE-422
458	Analyze the following CVE description and map it to the appropriate CWE. Provide a brief justification for your choice. Ensure the last line of your response contains only the CWE ID.  CVE Description: The package handlebars before 4.7.7 are vulnerable to Prototype Pollution when selecting certain compiling options to compile templates coming from an untrusted source. 	CWE-1321	CWE ID: 47
459	Analyze the following CVE description and map it to the appropriate CWE. Provide a brief justification for your choice. Ensure the last line of your response contains only the CWE ID.  CVE Description: Dell EMC Avamar ADMe Web Interface 1.0.50 and 1.0.51 are affected by an LFI vulnerability which may allow a malicious user to download arbitrary files from the affected system by sending a specially crafted request to the Web Interface application. 	CWE-22	CWE-403
460	Analyze the following CVE description and map it to the appropriate CWE. Provide a brief justification for your choice. Ensure the last line of your response contains only the CWE ID.  CVE Description: Cross Site Scripting (XSS) vulnerability exists in Sourcecodester Vehicle Service Management System 1.0 via the Owner fullname parameter in a Send Service Request in vehicle_service. 	CWE-79	CWE-403
461	Analyze the following CVE description and map it to the appropriate CWE. Provide a brief justification for your choice. Ensure the last line of your response contains only the CWE ID.  CVE Description: Possible memory corruption due to improper check when application loader object is explicitly destructed while application is unloading in Snapdragon Auto, Snapdragon Compute, Snapdragon Connectivity, Snapdragon Consumer IOT, Snapdragon Industrial IOT 	CWE-415	CWE-419
462	Analyze the following CVE description and map it to the appropriate CWE. Provide a brief justification for your choice. Ensure the last line of your response contains only the CWE ID.  CVE Description: The Book appointment online WordPress plugin before 1.39 does not sanitise or escape Service Prices before outputting it in the List, which could allow high privilege users to perform Cross-Site Scripting attacks even when the unfiltered_html capability is disallowed. 	CWE-79	CWE-403
463	Analyze the following CVE description and map it to the appropriate CWE. Provide a brief justification for your choice. Ensure the last line of your response contains only the CWE ID.  CVE Description: SAP 3D Visual Enterprise Viewer, version - 9, allows a user to open manipulated HPGL file received from untrusted sources which results in crashing of the application and becoming temporarily unavailable until the user restarts the application, this is caused due to Improper Input Validation. 	CWE-787	CWE ID: 47
464	Analyze the following CVE description and map it to the appropriate CWE. Provide a brief justification for your choice. Ensure the last line of your response contains only the CWE ID.  CVE Description: Uncaught exception in firmware for Intel(R) Ethernet Adapters 800 Series Controllers and associated adapters before version 1.5.1.0 may allow a privileged attacker to potentially enable denial of service via local access. 	CWE-755	CWE-403
465	Analyze the following CVE description and map it to the appropriate CWE. Provide a brief justification for your choice. Ensure the last line of your response contains only the CWE ID.  CVE Description: A null pointer dereference vulnerability exists in gpac 1.1.0 in the BD_CheckSFTimeOffset function, which causes a segmentation fault and application crash. 	CWE-476	CWE ID: 226
466	Analyze the following CVE description and map it to the appropriate CWE. Provide a brief justification for your choice. Ensure the last line of your response contains only the CWE ID.  CVE Description: ssh2 is client and server modules written in pure JavaScript for node.js. In ssh2 before version 1.4.0 there is a command injection vulnerability. The issue only exists on Windows. This issue may lead to remote code execution if a client of the library calls the vulnerable method with untrusted input. This is fixed in version 1.4.0. 	CWE-78	CWE ID: 403
467	Analyze the following CVE description and map it to the appropriate CWE. Provide a brief justification for your choice. Ensure the last line of your response contains only the CWE ID.  CVE Description: Adobe Photoshop CC versions 19.1.8 and earlier and 20.0.5 and earlier have a heap overflow vulnerability. Successful exploitation could lead to arbitrary code execution. 	CWE-787	CWE ID: 226
468	Analyze the following CVE description and map it to the appropriate CWE. Provide a brief justification for your choice. Ensure the last line of your response contains only the CWE ID.  CVE Description: A vulnerability has been identified in SINEC NMS (All versions < V1.0 SP2 Update 1). A privileged authenticated attacker could execute arbitrary commands in the local database by sending crafted requests to the webserver of the affected application. 	CWE-89	CWE-403
469	Analyze the following CVE description and map it to the appropriate CWE. Provide a brief justification for your choice. Ensure the last line of your response contains only the CWE ID.  CVE Description: A S+ Operations and S+ Historian service is subject to a DoS by special crafted messages. An attacker might use this flaw to make it crash or even execute arbitrary code on the machine where the service is hosted. 	CWE-20	CWE ID: 47
470	Analyze the following CVE description and map it to the appropriate CWE. Provide a brief justification for your choice. Ensure the last line of your response contains only the CWE ID.  CVE Description: An insufficient verification of data authenticity vulnerability (CWE-345) in the user interface of FortiProxy verison 2.0.3 and below, 1.2.11 and below and FortiGate verison 7.0.0, 6.4.6 and below, 6.2.9 and below of SSL VPN portal may allow a remote, unauthenticated attacker to conduct a cross-site request forgery (CSRF) attack . Only SSL VPN in web mode or full mode are impacted by this vulnerability. 	CWE-345	CWE-345
471	Analyze the following CVE description and map it to the appropriate CWE. Provide a brief justification for your choice. Ensure the last line of your response contains only the CWE ID.  CVE Description: An issue was discovered on Victure WR1200 devices through 1.0.3. The default Wi-Fi WPA2 key is advertised to anyone within Wi-Fi range through the router's MAC address. The device default Wi-Fi password corresponds to the last 4 bytes of the MAC address of its 2.4 GHz network interface controller (NIC). An attacker within scanning range of the Wi-Fi network can thus scan for Wi-Fi networks to obtain the default key. 	CWE-798	CWE-80
472	Analyze the following CVE description and map it to the appropriate CWE. Provide a brief justification for your choice. Ensure the last line of your response contains only the CWE ID.  CVE Description: A stored cross-site scripting (XSS) vulnerability in the /group/apply component of Jeesns 1.4.2 allows attackers to execute arbitrary web scripts or HTML via a crafted payload in the Name text field. 	CWE-79	CWE ID: 47
473	Analyze the following CVE description and map it to the appropriate CWE. Provide a brief justification for your choice. Ensure the last line of your response contains only the CWE ID.  CVE Description: The Easy Digital Downloads (EDD) Software Licensing extension for WordPress, as used with EDD 1.8.x before 1.8.7, 1.9.x before 1.9.10, 2.0.x before 2.0.5, 2.1.x before 2.1.11, 2.2.x before 2.2.9, and 2.3.x before 2.3.7, has XSS because add_query_arg is misused. 	CWE-79	XSS
474	"Analyze the following CVE description and map it to the appropriate CWE. Provide a brief justification for your choice. Ensure the last line of your response contains only the CWE ID.  CVE Description: e7d Speed Test (aka speedtest) 0.5.3 allows a path-traversal attack that results in information disclosure via the ""GET /.."" substring. "	CWE-22	"CWE: 5.1  
Justification: The substring ""GET /.."" is a common path in HTTP requests, making it a classic example of a path-traversal attack that can lead to information disclosure."
475	Analyze the following CVE description and map it to the appropriate CWE. Provide a brief justification for your choice. Ensure the last line of your response contains only the CWE ID.  CVE Description: An uncontrolled search path element privilege escalation vulnerability in Trend Micro HouseCall for Home Networks version 5.3.1225 and below could allow an attacker to escalate privileges by placing a custom crafted file in a specific directory to load a malicious library. Please note that an attacker must first obtain the ability to execute low-privileged code on the target system to exploit this vulnerability. 	CWE-427	CWE ID: 47
476	Analyze the following CVE description and map it to the appropriate CWE. Provide a brief justification for your choice. Ensure the last line of your response contains only the CWE ID.  CVE Description: An authenticated remote attacker can execute arbitrary code in Firebird SQL Server versions 2.5.7 and 3.0.2 by executing a malformed SQL statement. 	CWE-89	CWE-403
477	Analyze the following CVE description and map it to the appropriate CWE. Provide a brief justification for your choice. Ensure the last line of your response contains only the CWE ID.  CVE Description: A remote buffer overflow vulnerability was discovered in HPE Aruba Instant (IAP) version(s): Aruba Instant 8.7.x.x: 8.7.0.0 through 8.7.1.2. Aruba has released patches for Aruba Instant (IAP) that address this security vulnerability. 	CWE-120	CWE-419
478	Analyze the following CVE description and map it to the appropriate CWE. Provide a brief justification for your choice. Ensure the last line of your response contains only the CWE ID.  CVE Description: A vulnerability has been identified in RUGGEDCOM ROX MX5000 (All versions < V2.14.1), RUGGEDCOM ROX RX1400 (All versions < V2.14.1), RUGGEDCOM ROX RX1500 (All versions < V2.14.1), RUGGEDCOM ROX RX1501 (All versions < V2.14.1), RUGGEDCOM ROX RX1510 (All versions < V2.14.1), RUGGEDCOM ROX RX1511 (All versions < V2.14.1), RUGGEDCOM ROX RX1512 (All versions < V2.14.1), RUGGEDCOM ROX RX1524 (All versions < V2.14.1), RUGGEDCOM ROX RX1536 (All versions < V2.14.1), RUGGEDCOM ROX RX5000 (All versions < V2.14.1). The command line interface of affected devices insufficiently restrict file read and write operations for low privileged users. This could allow an authenticated remote attacker to escalate privileges and gain root access to the device. 	CWE-269	CWE-403
479	Analyze the following CVE description and map it to the appropriate CWE. Provide a brief justification for your choice. Ensure the last line of your response contains only the CWE ID.  CVE Description: ED01-CMS v1.0 was discovered to contain a SQL injection in the component cposts.php via the cid parameter. 	CWE-89	CWE ID: CVE-2021-1234
480	"Analyze the following CVE description and map it to the appropriate CWE. Provide a brief justification for your choice. Ensure the last line of your response contains only the CWE ID.  CVE Description: Incorrect Access Control in Autumn v1.0.4 and earlier allows remote attackers to obtain clear-text login credentials via the component ""autumn-cms/user/getAllUser/?page=1&limit=10"". "	CWE-312	CWE ID: 47
481	Analyze the following CVE description and map it to the appropriate CWE. Provide a brief justification for your choice. Ensure the last line of your response contains only the CWE ID.  CVE Description: Adobe Acrobat and Reader versions 2019.021.20061 and earlier, 2017.011.30156 and earlier, 2017.011.30156 and earlier, and 2015.006.30508 and earlier have an use after free vulnerability. Successful exploitation could lead to arbitrary code execution . 	CWE-416	CWE ID: 305
482	Analyze the following CVE description and map it to the appropriate CWE. Provide a brief justification for your choice. Ensure the last line of your response contains only the CWE ID.  CVE Description: OpenCATS through 0.9.6 allows remote attackers to execute arbitrary code by uploading an executable file via lib/FileUtility.php. 	CWE-434	CWE ID: 47
483	Analyze the following CVE description and map it to the appropriate CWE. Provide a brief justification for your choice. Ensure the last line of your response contains only the CWE ID.  CVE Description: Adobe Acrobat and Reader versions , 2019.012.20040 and earlier, 2017.011.30148 and earlier, 2017.011.30148 and earlier, 2015.006.30503 and earlier, and 2015.006.30503 and earlier have an use after free vulnerability. Successful exploitation could lead to arbitrary code execution . 	CWE-416	CWE ID: 305
484	Analyze the following CVE description and map it to the appropriate CWE. Provide a brief justification for your choice. Ensure the last line of your response contains only the CWE ID.  CVE Description: EMC RSA BSAFE Micro Edition Suite (MES) 4.0.x before 4.0.8 and 4.1.x before 4.1.3, RSA BSAFE Crypto-J before 6.2, RSA BSAFE SSL-J before 6.2, and RSA BSAFE SSL-C 2.8.9 and earlier do not enforce certain constraints on certificate data, which allows remote attackers to defeat a fingerprint-based certificate-blacklist protection mechanism by including crafted data within a certificate's unsigned portion, a similar issue to CVE-2014-8275. 	CWE-295	CWE-2014
485	Analyze the following CVE description and map it to the appropriate CWE. Provide a brief justification for your choice. Ensure the last line of your response contains only the CWE ID.  CVE Description: Amzetta zPortal DVM Tools is affected by Buffer Overflow. IOCTL Handler 0x22001B in the Amzetta zPortal DVM Tools <= v3.3.148.148 allow local attackers to execute arbitrary code in kernel mode or cause a denial of service (memory corruption and OS crash) via specially crafted I/O Request Packet. 	CWE-120	CWE ID: 226
486	Analyze the following CVE description and map it to the appropriate CWE. Provide a brief justification for your choice. Ensure the last line of your response contains only the CWE ID.  CVE Description: A post-authentication reflected XSS vulnerability has been reported to affect QNAP NAS running Q’center. If exploited, this vulnerability allows remote attackers to inject malicious code. QNAP have already fixed this vulnerability in the following versions of Q’center: QTS 4.5.3: Q’center v1.12.1012 and later QTS 4.3.6: Q’center v1.10.1004 and later QTS 4.3.3: Q’center v1.10.1004 and later QuTS hero h4.5.2: Q’center v1.12.1012 and later QuTScloud c4.5.4: Q’center v1.12.1012 and later 	CWE-79	CWE ID: 200
487	Analyze the following CVE description and map it to the appropriate CWE. Provide a brief justification for your choice. Ensure the last line of your response contains only the CWE ID.  CVE Description: D-Link DIR-809 devices with firmware through DIR-809Ax_FW1.12WWB03_20190410 were discovered to contain a stack buffer overflow vulnerability in the function FUN_8004776c in /formVirtualApp. This vulnerability is triggered via a crafted POST request. 	CWE-787	CWE-419
488	Analyze the following CVE description and map it to the appropriate CWE. Provide a brief justification for your choice. Ensure the last line of your response contains only the CWE ID.  CVE Description: National Library of the Netherlands multiNER <= c0440948057afc6e3d6b4903a7c05e666b94a3bc is affected by an XML External Entity (XXE) vulnerability in multiNER/ner.py. Since XML parsing resolves external entities, a malicious XML stream could leak internal files and/or cause a DoS. 	CWE-611	CWE ID: c0440948057afc6e3d6b4903a7c05e666b94a3
489	Analyze the following CVE description and map it to the appropriate CWE. Provide a brief justification for your choice. Ensure the last line of your response contains only the CWE ID.  CVE Description: The WP Header Images WordPress plugin before 2.0.1 does not sanitise and escape the t parameter before outputting it back in the plugin's settings page, leading to a Reflected Cross-Site Scripting issue 	CWE-79	CWE ID: 47
490	Analyze the following CVE description and map it to the appropriate CWE. Provide a brief justification for your choice. Ensure the last line of your response contains only the CWE ID.  CVE Description: Microsoft introduced a new feature in Windows 10 known as Cloud Clipboard which, if enabled, will record data copied to the clipboard to the cloud, and make it available on other computers in certain scenarios. Applications that wish to prevent copied data from being recorded in Cloud History must use specific clipboard formats; and Firefox before versions 94 and ESR 91.3 did not implement them. This could have caused sensitive data to be recorded to a user's Microsoft account. *This bug only affects Firefox for Windows 10+ with Cloud Clipboard enabled. Other operating systems are unaffected.*. This vulnerability affects Firefox < 94, Thunderbird < 91.3, and Firefox ESR < 91.3. 	CWE-668	CWE ID: 403
491	Analyze the following CVE description and map it to the appropriate CWE. Provide a brief justification for your choice. Ensure the last line of your response contains only the CWE ID.  CVE Description: The Easy Digital Downloads (EDD) Recount Earnings extension for WordPress, as used with EDD 1.8.x before 1.8.7, 1.9.x before 1.9.10, 2.0.x before 2.0.5, 2.1.x before 2.1.11, 2.2.x before 2.2.9, and 2.3.x before 2.3.7, has XSS because add_query_arg is misused. 	CWE-79	XSS
492	Analyze the following CVE description and map it to the appropriate CWE. Provide a brief justification for your choice. Ensure the last line of your response contains only the CWE ID.  CVE Description: The wp-publications WordPress plugin is vulnerable to restrictive local file inclusion via the Q_FILE parameter found in the ~/bibtexbrowser.php file which allows attackers to include local zip files and achieve remote code execution, in versions up to and including 0.0. 	CWE-829	CWE-403
493	Analyze the following CVE description and map it to the appropriate CWE. Provide a brief justification for your choice. Ensure the last line of your response contains only the CWE ID.  CVE Description: Adobe Acrobat and Reader versions , 2019.012.20040 and earlier, 2017.011.30148 and earlier, 2017.011.30148 and earlier, 2015.006.30503 and earlier, and 2015.006.30503 and earlier have an out-of-bounds read vulnerability. Successful exploitation could lead to information disclosure . 	CWE-125	CWE ID: 305
494	Analyze the following CVE description and map it to the appropriate CWE. Provide a brief justification for your choice. Ensure the last line of your response contains only the CWE ID.  CVE Description: The bark_noise_hybridmp function in psy.c in Xiph.Org libvorbis 1.3.5 allows remote attackers to cause a denial of service (out-of-bounds access and application crash) or possibly have unspecified other impact via a crafted mp4 file. 	CWE-119	CWE ID: 47
495	Analyze the following CVE description and map it to the appropriate CWE. Provide a brief justification for your choice. Ensure the last line of your response contains only the CWE ID.  CVE Description: Amazon Kindle e-reader prior to and including version 5.13.4 improperly manages privileges, allowing the framework user to elevate privileges to root. 	CWE-269	CWE ID: 47
496	Analyze the following CVE description and map it to the appropriate CWE. Provide a brief justification for your choice. Ensure the last line of your response contains only the CWE ID.  CVE Description: IBM i2 Analyst's Notebook 9.2.0, 9.2.1, and 9.2.2 is vulnerable to a stack-based buffer overflow, caused by improper bounds checking. A local attacker could overflow a buffer and gain lower level privileges. IBM X-Force ID: 214440. 	CWE-787	CWE-419
497	Analyze the following CVE description and map it to the appropriate CWE. Provide a brief justification for your choice. Ensure the last line of your response contains only the CWE ID.  CVE Description: A vulnerability has been identified in SIMATIC NET CP 343-1 Advanced (incl. SIPLUS variants) (All versions), SIMATIC NET CP 343-1 Lean (incl. SIPLUS variants) (All versions), SIMATIC NET CP 343-1 Standard (incl. SIPLUS variants) (All versions). Specially crafted packets sent to TCP port 102 could cause a Denial-of-Service condition on the affected devices. A cold restart might be necessary in order to recover. 	CWE-400	CWE-102
498	Analyze the following CVE description and map it to the appropriate CWE. Provide a brief justification for your choice. Ensure the last line of your response contains only the CWE ID.  CVE Description: An issue was discovered in Hanwha Techwin Smart Security Manager Versions 1.5 and prior. Multiple Cross Site Request Forgery vulnerabilities have been identified. The flaws exist within the Redis and Apache Felix Gogo servers that are installed as part of this product. By issuing specific HTTP Post requests, an attacker can gain system level access to a remote shell session. Smart Security Manager Versions 1.5 and prior are affected by these vulnerabilities. These vulnerabilities can allow for remote code execution. 	CWE-352	CWE ID: 47
499	Analyze the following CVE description and map it to the appropriate CWE. Provide a brief justification for your choice. Ensure the last line of your response contains only the CWE ID.  CVE Description: MetInfo 7.0 beta contains a stored cross-site scripting (XSS) vulnerability in the $name parameter of admin/?n=column&c=index&a=doAddColumn. 	CWE-79	CWE ID: 403
500	Analyze the following CVE description and map it to the appropriate CWE. Provide a brief justification for your choice. Ensure the last line of your response contains only the CWE ID.  CVE Description: The identity authentication bypass vulnerability found in some Dahua products during the login process. Attackers can bypass device identity authentication by constructing malicious data packets. 	CWE-287	CWE ID: 47
501	Analyze the following CVE description and map it to the appropriate CWE. Provide a brief justification for your choice. Ensure the last line of your response contains only the CWE ID.  CVE Description: Symmetricom s350i 2.70.15 allows remote authenticated users to gain privileges via vectors related to pushing unauthenticated users to the login page. 	CWE-264	CWE ID: 342
502	Analyze the following CVE description and map it to the appropriate CWE. Provide a brief justification for your choice. Ensure the last line of your response contains only the CWE ID.  CVE Description: An issue was discovered in gravity through 0.8.1. A NULL pointer dereference exists in the function list_iterator_next() located in gravity_core.c. It allows an attacker to cause Denial of Service. 	CWE-476	"CWE ID: 214

Justification: The NULL pointer dereference in `gravity_core.c` directly violates the principle of safe programming by allowing an attacker to access memory that does not exist, enabling arbitrary code execution."
503	Analyze the following CVE description and map it to the appropriate CWE. Provide a brief justification for your choice. Ensure the last line of your response contains only the CWE ID.  CVE Description: A buffer overflow vulnerability in FORMATS!ReadRAS_W+0xa30 of Irfanview 4.57 allows attackers to execute arbitrary code via a crafted RLE file. 	CWE-787	CWE ID: 200
504	Analyze the following CVE description and map it to the appropriate CWE. Provide a brief justification for your choice. Ensure the last line of your response contains only the CWE ID.  CVE Description: JEECMS x1.1 contains a stored cross-site scripting (XSS) vulnerability in the component of /member-vipcenter.htm, which allows attackers to execute arbitrary web scripts or HTML via a crafted payload. 	CWE-79	CWE ID: CVE-2021-1105
505	Analyze the following CVE description and map it to the appropriate CWE. Provide a brief justification for your choice. Ensure the last line of your response contains only the CWE ID.  CVE Description: In apusys, there is a possible out of bounds write due to a missing bounds check. This could lead to local escalation of privilege with System execution privileges needed. User interaction is not needed for exploitation. Patch ID: ALPS05672107; Issue ID: ALPS05672038. 	CWE-787	CWE-403
506	Analyze the following CVE description and map it to the appropriate CWE. Provide a brief justification for your choice. Ensure the last line of your response contains only the CWE ID.  CVE Description: A vulnerability has been identified in JT Utilities (All versions < V13.1.1.0), JTTK (All versions < V11.1.1.0). JTTK library in affected products contains an out of bounds write past the end of an allocated structure while parsing specially crafted JT files. This could allow an attacker to execute code in the context of the current process. (ZDI-CAN-14913) 	CWE-787	CWE-419
507	Analyze the following CVE description and map it to the appropriate CWE. Provide a brief justification for your choice. Ensure the last line of your response contains only the CWE ID.  CVE Description: An issue was discovered in Zammad before 4.1.1. Stored XSS may occur via an Article during addition of an attachment to a Ticket. 	CWE-79	CWE ID: 403
508	Analyze the following CVE description and map it to the appropriate CWE. Provide a brief justification for your choice. Ensure the last line of your response contains only the CWE ID.  CVE Description: The ClickBank Affiliate Ads WordPress plugin through 1.20 does not escape its settings, allowing high privilege users to perform Cross-Site Scripting attacks even when the unfiltered_html is disallowed. 	CWE-79	CWE-403
509	Analyze the following CVE description and map it to the appropriate CWE. Provide a brief justification for your choice. Ensure the last line of your response contains only the CWE ID.  CVE Description: Macrob7 Macs Framework Content Management System - 1.14f was discovered to contain a cross-site scripting (XSS) vulnerability in the search input field of the search module. 	CWE-79	CWE ID: 403
510	Analyze the following CVE description and map it to the appropriate CWE. Provide a brief justification for your choice. Ensure the last line of your response contains only the CWE ID.  CVE Description: WTCMS 1.0 contains a stored cross-site scripting (XSS) vulnerability in the link address field under the background links module. 	CWE-79	CWE-403
511	Analyze the following CVE description and map it to the appropriate CWE. Provide a brief justification for your choice. Ensure the last line of your response contains only the CWE ID.  CVE Description: Unisys Cargo Mobile Application before 1.2.29 uses cleartext to store sensitive information, which might be revealed in a backup. The issue is addressed by ensuring that the allowBackup flag (in the manifest) is False. 	CWE-312	CWE-403
512	Analyze the following CVE description and map it to the appropriate CWE. Provide a brief justification for your choice. Ensure the last line of your response contains only the CWE ID.  CVE Description: A logic issue was addressed with improved state management. This issue is fixed in tvOS 14.6, iOS 14.6 and iPadOS 14.6, Safari 14.1.1, macOS Big Sur 11.4, watchOS 7.5. Processing maliciously crafted web content may lead to universal cross site scripting. 	CWE-79	CWE ID: 47
513	Analyze the following CVE description and map it to the appropriate CWE. Provide a brief justification for your choice. Ensure the last line of your response contains only the CWE ID.  CVE Description: In freewvs before 0.1.1, a user could create a large file that freewvs will try to read, which will terminate a scan process. This has been patched in 0.1.1. 	CWE-770	CWE ID: 403
514	Analyze the following CVE description and map it to the appropriate CWE. Provide a brief justification for your choice. Ensure the last line of your response contains only the CWE ID.  CVE Description: The casrvc program in CA Common Services, as used in CA Client Automation 12.8, 12.9, and 14.0; CA SystemEDGE 5.8.2 and 5.9; CA Systems Performance for Infrastructure Managers 12.8 and 12.9; CA Universal Job Management Agent 11.2; CA Virtual Assurance for Infrastructure Managers 12.8 and 12.9; CA Workload Automation AE 11, 11.3, 11.3.5, and 11.3.6 on AIX, HP-UX, Linux, and Solaris allows local users to modify arbitrary files and consequently gain root privileges via vectors related to insufficient validation. 	CWE-20	CWE ID: 47
515	Analyze the following CVE description and map it to the appropriate CWE. Provide a brief justification for your choice. Ensure the last line of your response contains only the CWE ID.  CVE Description: Blind SQL injection in the login form in ServiceTonic Helpdesk software < 9.0.35937 allows attacker to exfiltrate information via specially crafted HQL-compatible time-based SQL queries. 	CWE-89	CWE-9
516	Analyze the following CVE description and map it to the appropriate CWE. Provide a brief justification for your choice. Ensure the last line of your response contains only the CWE ID.  CVE Description: Projectworlds Hospital Management System v1.0 is vulnerable to SQL injection via the appointment_no parameter in payment.php. 	CWE-89	"CWE: 403

Justification: The CWE 403 corresponds to the ""Forbidden resource"" requirement, as SQL injection allows attackers to access or manipulate protected resources such as user data or payment information."
517	Analyze the following CVE description and map it to the appropriate CWE. Provide a brief justification for your choice. Ensure the last line of your response contains only the CWE ID.  CVE Description: A vulnerability was discovered in GitLab starting with version 12.2 that allows an attacker to cause uncontrolled resource consumption with a specially crafted file. 	CWE-400	CWE ID: 47
518	Analyze the following CVE description and map it to the appropriate CWE. Provide a brief justification for your choice. Ensure the last line of your response contains only the CWE ID.  CVE Description: Buffer overflow vulnerability in function src_parser_trans_stage_1_2_3 trgil gilcc before commit 803969389ca9c06237075a7f8eeb1a19e6651759, allows attackers to cause a denial of service. 	CWE-120	CWE ID: 803
519	Analyze the following CVE description and map it to the appropriate CWE. Provide a brief justification for your choice. Ensure the last line of your response contains only the CWE ID.  CVE Description: NXP MCUXpresso SDK v2.7.0 was discovered to contain a buffer overflow in the function USB_HostParseDeviceConfigurationDescriptor(). 	CWE-120	CWE-419
520	Analyze the following CVE description and map it to the appropriate CWE. Provide a brief justification for your choice. Ensure the last line of your response contains only the CWE ID.  CVE Description: The SAP BusinessObjects BI Platform version - 420 allows an attacker, who has basic access to the application, to inject a malicious script while creating a new module document, file, or folder. When another user visits that page, the stored malicious script will execute in their session, hence allowing the attacker to compromise their confidentiality and integrity. 	CWE-79	CWE-403
521	Analyze the following CVE description and map it to the appropriate CWE. Provide a brief justification for your choice. Ensure the last line of your response contains only the CWE ID.  CVE Description: The ugeom2d.dll library in all versions of Solid Edge SE2020 before 2020MP14 and all versions of Solid Edge SE2021 before SE2021MP5 lack proper validation of user-supplied data when parsing DFT files. This could result in an out-of-bounds write past the end of an allocated structure. An attacker could leverage this vulnerability to execute code in the context of the current process. 	CWE-787	CWE-403
522	Analyze the following CVE description and map it to the appropriate CWE. Provide a brief justification for your choice. Ensure the last line of your response contains only the CWE ID.  CVE Description: Philips MRI 1.5T and MRI 3T Version 5.x.x assigns an owner who is outside the intended control sphere to a resource. 	CWE-708	CWE: 403
523	Analyze the following CVE description and map it to the appropriate CWE. Provide a brief justification for your choice. Ensure the last line of your response contains only the CWE ID.  CVE Description: A heap-based Buffer Overflow vulnerability in FFmpeg 4.2 at libavcodec/get_bits.h when writing .mov files, which might lead to memory corruption and other potential consequences. 	CWE-787	CWE ID: 47
524	Analyze the following CVE description and map it to the appropriate CWE. Provide a brief justification for your choice. Ensure the last line of your response contains only the CWE ID.  CVE Description: The WordPress PDF Light Viewer Plugin WordPress plugin before 1.4.12 allows users with Author roles to execute arbitrary OS command on the server via OS Command Injection when invoking Ghostscript. 	CWE-78	CWE-403
525	Analyze the following CVE description and map it to the appropriate CWE. Provide a brief justification for your choice. Ensure the last line of your response contains only the CWE ID.  CVE Description: A cross-site scripting (XSS) vulnerability in the Color Dialog plugin for CKEditor 4.15.0 allows remote attackers to run arbitrary web script after persuading a user to copy and paste crafted HTML code into one of editor inputs. 	CWE-79	CWE ID: 47
526	Analyze the following CVE description and map it to the appropriate CWE. Provide a brief justification for your choice. Ensure the last line of your response contains only the CWE ID.  CVE Description: Sonatype Nexus Repository Manager 3.x before 3.36.0 allows a remote authenticated attacker to potentially perform network enumeration via Server Side Request Forgery (SSRF). 	CWE-918	CWE-403
527	Analyze the following CVE description and map it to the appropriate CWE. Provide a brief justification for your choice. Ensure the last line of your response contains only the CWE ID.  CVE Description: A missing secure communication definition and an incomplete TLS validation in the upgrade service in B&R Automation Studio versions 4.0.x, 4.1.x, 4.2.x, < 4.3.11SP, < 4.4.9SP, < 4.5.5SP, < 4.6.4 and < 4.7.2 enable unauthenticated users to perform MITM attacks via the B&R upgrade server. 	CWE-295	CWE-403
528	Analyze the following CVE description and map it to the appropriate CWE. Provide a brief justification for your choice. Ensure the last line of your response contains only the CWE ID.  CVE Description: IBM Sterling B2B Integrator 5.2.0.0 through 6.1.1.0 is vulnerable to stored cross-site scripting. This vulnerability allows users to embed arbitrary JavaScript code in the Web UI thus altering the intended functionality potentially leading to credentials disclosure within a trusted session. IBM X-Force ID: 202268. 	CWE-79	CWE-403
529	Analyze the following CVE description and map it to the appropriate CWE. Provide a brief justification for your choice. Ensure the last line of your response contains only the CWE ID.  CVE Description: Myucms v2.2.1 contains a server-side request forgery (SSRF) in the component \controller\index.php, which can be exploited via the sj() method. 	CWE-918	CWE-403
530	Analyze the following CVE description and map it to the appropriate CWE. Provide a brief justification for your choice. Ensure the last line of your response contains only the CWE ID.  CVE Description: OpenCV (Open Source Computer Vision Library) through 3.3 has an invalid write in the cv::RLByteStream::getBytes function in modules/imgcodecs/src/bitstrm.cpp when reading an image file by using cv::imread, as demonstrated by the 2-opencv-heapoverflow-fseek test case. 	CWE-787	CWE-403
531	Analyze the following CVE description and map it to the appropriate CWE. Provide a brief justification for your choice. Ensure the last line of your response contains only the CWE ID.  CVE Description: Swift File Transfer Mobile v1.1.2 was discovered to contain a cross-site scripting (XSS) vulnerability via the devicename parameter which allows attackers to execute arbitrary web scripts or HTML via a crafted payload entered as the device name itself. 	CWE-79	CWE-403
532	Analyze the following CVE description and map it to the appropriate CWE. Provide a brief justification for your choice. Ensure the last line of your response contains only the CWE ID.  CVE Description: Fiserv Accurate Reconciliation 2.19.0, fixed in 3.0.0 or higher, allows XSS via the Source or Destination field of the Configuration Manager (Configuration Parameter Translation) page. 	CWE-79	CWE-403
533	Analyze the following CVE description and map it to the appropriate CWE. Provide a brief justification for your choice. Ensure the last line of your response contains only the CWE ID.  CVE Description: There is a Out-of-bounds Read vulnerability in Huawei Smartphone.Successful exploitation of this vulnerability may lead to process crash. 	CWE-125	CWE ID: 47
534	Analyze the following CVE description and map it to the appropriate CWE. Provide a brief justification for your choice. Ensure the last line of your response contains only the CWE ID.  CVE Description: Heap buffer overflow in the print_udta function in MP4Box in GPAC 1.0.1 allows attackers to cause a denial of service or execute arbitrary code via a crafted file. 	CWE-787	CWE ID: 226
535	Analyze the following CVE description and map it to the appropriate CWE. Provide a brief justification for your choice. Ensure the last line of your response contains only the CWE ID.  CVE Description: Adobe Acrobat and Reader versions 2019.010.20069 and earlier, 2019.010.20069 and earlier, 2017.011.30113 and earlier version, and 2015.006.30464 and earlier have an out-of-bounds read vulnerability. Successful exploitation could lead to information disclosure. 	CWE-125	CWE ID: 305
536	Analyze the following CVE description and map it to the appropriate CWE. Provide a brief justification for your choice. Ensure the last line of your response contains only the CWE ID.  CVE Description: There is a use-after-free vulnerability in the Linux kernel through 5.5.2 in the vc_do_resize function in drivers/tty/vt/vt.c. 	CWE-416	"CWE ID: 214

Justification: The use-after-free vulnerability occurs when a driver attempts to resize a device while the kernel is still processing the resize request, leading to undefined behavior."
537	Analyze the following CVE description and map it to the appropriate CWE. Provide a brief justification for your choice. Ensure the last line of your response contains only the CWE ID.  CVE Description: A vulnerability has been identified in JT Utilities (All versions < V13.1.1.0), JTTK (All versions < V11.1.1.0). JTTK library in affected products is vulnerable to an out of bounds write past the end of an allocated structure while parsing specially crafted JT files. This could allow an attacker to execute code in the context of the current process. (ZDI-CAN-14902, ZDI-CAN-14866) 	CWE-787	CWE-419
538	Analyze the following CVE description and map it to the appropriate CWE. Provide a brief justification for your choice. Ensure the last line of your response contains only the CWE ID.  CVE Description: An issue was discovered in the alpm-rs crate through 2020-08-20 for Rust. StrcCtx performs improper memory deallocation. 	CWE-415	"CWE ID: 427

Justification: The issue involves improper memory deallocation in `strcCtx`, which is a common pattern in Rust for handling dangling pointers or uninitialized references. This aligns with CWE 427, which deals with improper memory management."
539	Analyze the following CVE description and map it to the appropriate CWE. Provide a brief justification for your choice. Ensure the last line of your response contains only the CWE ID.  CVE Description: PortSwigger Burp Suite Enterprise Edition before 2021.11 on Windows has weak file permissions for the embedded H2 database, which might lead to privilege escalation. This issue can be exploited by an adversary who has already compromised a valid Windows account on the server via separate means. In this scenario, the compromised account may have inherited read access to sensitive configuration, database, and log files. 	CWE-732	CWE-403
540	Analyze the following CVE description and map it to the appropriate CWE. Provide a brief justification for your choice. Ensure the last line of your response contains only the CWE ID.  CVE Description: Adobe Acrobat and Reader versions , 2019.012.20040 and earlier, 2017.011.30148 and earlier, 2017.011.30148 and earlier, 2015.006.30503 and earlier, and 2015.006.30503 and earlier have an untrusted pointer dereference vulnerability. Successful exploitation could lead to arbitrary code execution . 	CWE-119	CWE ID: 305
541	Analyze the following CVE description and map it to the appropriate CWE. Provide a brief justification for your choice. Ensure the last line of your response contains only the CWE ID.  CVE Description: The Appointment Hour Booking WordPress plugin before 1.3.16 does not escape some of the Calendar Form settings, allowing high privilege users to perform Stored Cross-Site Scripting attacks even when the unfiltered_html capability is disallowed. 	CWE-79	CWE-403
542	Analyze the following CVE description and map it to the appropriate CWE. Provide a brief justification for your choice. Ensure the last line of your response contains only the CWE ID.  CVE Description: Intelbras TELEFONE IP TIP200/200 LITE 60.0.75.29 devices allow remote authenticated admins to read arbitrary files via the /cgi-bin/cgiServer.exx page parameter, aka absolute path traversal. In some cases, authentication can be achieved via the admin account with its default admin password. 	CWE-22	CWE-403
543	Analyze the following CVE description and map it to the appropriate CWE. Provide a brief justification for your choice. Ensure the last line of your response contains only the CWE ID.  CVE Description: SAP 3D Visual Enterprise Viewer, version - 9, allows a user to open manipulated SKP file received from untrusted sources which results in crashing of the application and becoming temporarily unavailable until the user restarts the application, this is caused due to Improper Input Validation. 	CWE-416	CWE-403
544	Analyze the following CVE description and map it to the appropriate CWE. Provide a brief justification for your choice. Ensure the last line of your response contains only the CWE ID.  CVE Description: An improper neutralization of input vulnerability [CWE-79] in FortiClientEMS versions 6.4.1 and below and 6.2.9 and below may allow a remote authenticated attacker to inject malicious script/tags via the name parameter of various sections of the server. 	CWE-79	CWE-79
545	"Analyze the following CVE description and map it to the appropriate CWE. Provide a brief justification for your choice. Ensure the last line of your response contains only the CWE ID.  CVE Description: ogs_fqdn_parse in Open5GS 1.0.0 through 2.3.3 inappropriately trusts a client-supplied length value, leading to a buffer overflow. The attacker can send a PFCP Session Establishment Request with ""internet"" as the PDI Network Instance. The first character is interpreted as a length value to be used in a memcpy call. The destination buffer is only 100 bytes long on the stack. Then, 'i' gets interpreted as 105 bytes to copy from the source buffer to the destination buffer. "	CWE-120	CWE-307
546	Analyze the following CVE description and map it to the appropriate CWE. Provide a brief justification for your choice. Ensure the last line of your response contains only the CWE ID.  CVE Description: This affects all versions of package html-to-csv. When there is a formula embedded in a HTML page, it gets accepted without any validation and the same would be pushed while converting it into a CSV file. Through this a malicious actor can embed or generate a malicious link or execute commands via CSV files. 	CWE-1236	CWE-422
547	Analyze the following CVE description and map it to the appropriate CWE. Provide a brief justification for your choice. Ensure the last line of your response contains only the CWE ID.  CVE Description: UNIX Symbolic Link (Symlink) Following vulnerability in the cronjob shipped with nagios of SUSE Linux Enterprise Server 12, SUSE Linux Enterprise Server 11; openSUSE Factory allows local attackers to cause cause DoS or potentially escalate privileges by winning a race. This issue affects: SUSE Linux Enterprise Server 12 nagios version 3.5.1-5.27 and prior versions. SUSE Linux Enterprise Server 11 nagios version 3.0.6-1.25.36.3.1 and prior versions. openSUSE Factory nagios version 4.4.5-2.1 and prior versions. 	CWE-59	CWE-403
548	Analyze the following CVE description and map it to the appropriate CWE. Provide a brief justification for your choice. Ensure the last line of your response contains only the CWE ID.  CVE Description: An issue was discovered in SKALE sgxwallet 1.58.3. The provided input for ECALL 14 triggers a branch in trustedEcdsaSign that frees a non-initialized pointer from the stack. An attacker can chain multiple enclave calls to prepare a stack that contains a valid address. This address is then freed, resulting in compromised integrity of the enclave. This was resolved after v1.58.3 and not reproducible in sgxwallet v1.77.0. 	CWE-824	CWE ID: 403
549	Analyze the following CVE description and map it to the appropriate CWE. Provide a brief justification for your choice. Ensure the last line of your response contains only the CWE ID.  CVE Description: SAP Cloud Connector, version - 2.0, does not sufficiently encode user-controlled inputs, allowing an attacker with Administrator rights, to include malicious codes that get stored in the database, and when accessed, could be executed in the application, resulting in Stored Cross-Site Scripting. 	CWE-79	CWE ID: 47
550	"Analyze the following CVE description and map it to the appropriate CWE. Provide a brief justification for your choice. Ensure the last line of your response contains only the CWE ID.  CVE Description: HVM soft-reset crashes toolstack libxl requires all data structures passed across its public interface to be initialized before use and disposed of afterwards by calling a specific set of functions. Many internal data structures also require this initialize / dispose discipline, but not all of them. When the ""soft reset"" feature was implemented, the libxl__domain_suspend_state structure didn't require any initialization or disposal. At some point later, an initialization function was introduced for the structure; but the ""soft reset"" path wasn't refactored to call the initialization function. When a guest nwo initiates a ""soft reboot"", uninitialized data structure leads to an assert() when later code finds the structure in an unexpected state. The effect of this is to crash the process monitoring the guest. How this affects the system depends on the structure of the toolstack. For xl, this will have no security-relevant effect: every VM has its own independent monitoring process, which contains no state. The domain in question will hang in a crashed state, but can be destroyed by `xl destroy` just like any other non-cooperating domain. For daemon-based toolstacks linked against libxl, such as libvirt, this will crash the toolstack, losing the state of any in-progress operations (localized DoS), and preventing further administrator operations unless the daemon is configured to restart automatically (system-wide DoS). If crashes ""leak"" resources, then repeated crashes could use up resources, also causing a system-wide DoS. "	CWE-909	CWE ID: 403
551	Analyze the following CVE description and map it to the appropriate CWE. Provide a brief justification for your choice. Ensure the last line of your response contains only the CWE ID.  CVE Description: A reflected Cross Site Scripting (XSS) vulnerability exists in Premiumdatingscript 4.2.7.7 via the aerror_description parameter in assets/sources/instagram.php script. 	CWE-79	CWE-403
552	Analyze the following CVE description and map it to the appropriate CWE. Provide a brief justification for your choice. Ensure the last line of your response contains only the CWE ID.  CVE Description: An Out-Of-Bounds Read Vulnerability in Autodesk FBX Review version 1.5.0 and prior may lead to code execution through maliciously crafted DLL files or information disclosure. 	CWE-125	CWE ID: 47
553	Analyze the following CVE description and map it to the appropriate CWE. Provide a brief justification for your choice. Ensure the last line of your response contains only the CWE ID.  CVE Description: Adobe Acrobat and Reader versions 2019.012.20035 and earlier, 2019.012.20035 and earlier, 2017.011.30142 and earlier, 2017.011.30143 and earlier, 2015.006.30497 and earlier, and 2015.006.30498 and earlier have an use after free vulnerability. Successful exploitation could lead to arbitrary code execution . 	CWE-416	CWE ID: 403
554	Analyze the following CVE description and map it to the appropriate CWE. Provide a brief justification for your choice. Ensure the last line of your response contains only the CWE ID.  CVE Description: ARM mbed TLS before 2.1.11, before 2.7.2, and before 2.8.0 has a buffer over-read in ssl_parse_server_key_exchange() that could cause a crash on invalid input. 	CWE-125	CWE-419
555	Analyze the following CVE description and map it to the appropriate CWE. Provide a brief justification for your choice. Ensure the last line of your response contains only the CWE ID.  CVE Description: A remote arbitrary command execution vulnerability was discovered in Aruba ClearPass Policy Manager version(s): ClearPass Policy Manager 6.10.x prior to 6.10.2 - - ClearPass Policy Manager 6.9.x prior to 6.9.7-HF1 - - ClearPass Policy Manager 6.8.x prior to 6.8.9-HF1. Aruba has released patches for ClearPass Policy Manager that address this security vulnerability. 	CWE-77	CWE-403
556	Analyze the following CVE description and map it to the appropriate CWE. Provide a brief justification for your choice. Ensure the last line of your response contains only the CWE ID.  CVE Description: UiPath Assistant 21.4.4 will load and execute attacker controlled data from the file path supplied to the --dev-widget argument of the URI handler for uipath-assistant://. This allows an attacker to execute code on a victim's machine or capture NTLM credentials by supplying a networked or WebDAV file path. 	CWE-610	CWE-403
557	Analyze the following CVE description and map it to the appropriate CWE. Provide a brief justification for your choice. Ensure the last line of your response contains only the CWE ID.  CVE Description: An issue was discovered on Wifi-soft UniBox controller 0.x through 2.x devices. The tools/ping Ping feature of the Diagnostic Tools component is vulnerable to Remote Command Execution, allowing an attacker to execute arbitrary system commands on the server with root user privileges. Authentication for accessing this component can be bypassed by using Hard coded credentials. 	CWE-798	CWE ID: 403
558	Analyze the following CVE description and map it to the appropriate CWE. Provide a brief justification for your choice. Ensure the last line of your response contains only the CWE ID.  CVE Description: The Easy Digital Downloads (EDD) Simple Shipping extension for WordPress, as used with EDD 1.8.x before 1.8.7, 1.9.x before 1.9.10, 2.0.x before 2.0.5, 2.1.x before 2.1.11, 2.2.x before 2.2.9, and 2.3.x before 2.3.7, has XSS because add_query_arg is misused. 	CWE-79	XSS
559	Analyze the following CVE description and map it to the appropriate CWE. Provide a brief justification for your choice. Ensure the last line of your response contains only the CWE ID.  CVE Description: InHand Networks IR615 Router's Versions 2.3.0.r4724 and 2.3.0.r4870 have has no account lockout policy configured for the login page of the product. This may allow an attacker to execute a brute-force password attack with no time limitation and without harming the normal operation of the user. This could allow an attacker to gain valid credentials for the product interface. 	CWE-307	CWE-403
560	Analyze the following CVE description and map it to the appropriate CWE. Provide a brief justification for your choice. Ensure the last line of your response contains only the CWE ID.  CVE Description: The Easy Digital Downloads (EDD) Free Downloads extension for WordPress, as used with EDD 1.8.x before 1.8.7, 1.9.x before 1.9.10, 2.0.x before 2.0.5, 2.1.x before 2.1.11, 2.2.x before 2.2.9, and 2.3.x before 2.3.7, has XSS because add_query_arg is misused. 	CWE-79	XSS
561	Analyze the following CVE description and map it to the appropriate CWE. Provide a brief justification for your choice. Ensure the last line of your response contains only the CWE ID.  CVE Description: A vulnerability(improper input validation) in the ExECM CoreB2B solution allows an unauthenticated attacker to download and execute an arbitrary file via httpDownload function. A successful exploit could allow the attacker to hijack vulnerable system. 	CWE-20	CWE-422
562	Analyze the following CVE description and map it to the appropriate CWE. Provide a brief justification for your choice. Ensure the last line of your response contains only the CWE ID.  CVE Description: Amazon Amazon WorkSpaces agent is affected by Integer Overflow. IOCTL Handler 0x22001B in the Amazon WorkSpaces agent below v1.0.1.1537 allow local attackers to execute arbitrary code in kernel mode or cause a denial of service (memory corruption and OS crash) via specially crafted I/O Request Packet. 	CWE-190	CWE-419
563	Analyze the following CVE description and map it to the appropriate CWE. Provide a brief justification for your choice. Ensure the last line of your response contains only the CWE ID.  CVE Description: SAP 3D Visual Enterprise Viewer, version - 9, allows a user to open manipulated GIF file received from untrusted sources which results in crashing of the application and becoming temporarily unavailable until the user restarts the application, this is caused due to Improper Input Validation. 	CWE-20	CWE-403
564	Analyze the following CVE description and map it to the appropriate CWE. Provide a brief justification for your choice. Ensure the last line of your response contains only the CWE ID.  CVE Description: A flaw was found in libwebp in versions before 1.0.1. An out-of-bounds read was found in function ChunkVerifyAndAssign. The highest threat from this vulnerability is to data confidentiality and to the service availability. 	CWE-125	CWE ID: 47
565	Analyze the following CVE description and map it to the appropriate CWE. Provide a brief justification for your choice. Ensure the last line of your response contains only the CWE ID.  CVE Description: An XSS issue was discovered in admin/install.php in MantisBT before 1.3.12 and 2.x before 2.5.2. Some variables under user control in the MantisBT installation script are not properly sanitized before being output, allowing remote attackers to inject arbitrary JavaScript code, as demonstrated by the $f_database, $f_db_username, and $f_admin_username variables. This is mitigated by the fact that the admin/ folder should be deleted after installation, and also prevented by CSP. 	CWE-79	CWE ID: 403
566	Analyze the following CVE description and map it to the appropriate CWE. Provide a brief justification for your choice. Ensure the last line of your response contains only the CWE ID.  CVE Description: The public share controller in the ownCloud server before version 10.8.0 allows a remote attacker to see the internal path and the username of a public share by including invalid characters in the URL. 	CWE-209	CWE ID: 47
567	Analyze the following CVE description and map it to the appropriate CWE. Provide a brief justification for your choice. Ensure the last line of your response contains only the CWE ID.  CVE Description: A vulnerability in the XML parser code of Cisco Firepower Device Manager On-Box software could allow an authenticated, remote attacker to cause an affected system to become unstable or reload. The vulnerability is due to insufficient hardening of the XML parser configuration. An attacker could exploit this vulnerability in multiple ways using a malicious file: An attacker with administrative privileges could upload a malicious XML file on the system and cause the XML code to parse the malicious file. An attacker with Clientless Secure Sockets Layer (SSL) VPN access could exploit this vulnerability by sending a crafted XML file. A successful exploit would allow the attacker to crash the XML parser process, which could cause system instability, memory exhaustion, and in some cases lead to a reload of the affected system. 	CWE-119	CWE-403
568	Analyze the following CVE description and map it to the appropriate CWE. Provide a brief justification for your choice. Ensure the last line of your response contains only the CWE ID.  CVE Description: Chevereto before 3.17.1 allows Cross Site Scripting (XSS) via an image title at the image upload stage. 	CWE-79	CWE ID: 403
569	Analyze the following CVE description and map it to the appropriate CWE. Provide a brief justification for your choice. Ensure the last line of your response contains only the CWE ID.  CVE Description: AMD Graphics Driver for Windows 10, amdfender.sys may improperly handle input validation on InputBuffer which may result in a denial of service (DoS). 	CWE-20	CWE ID: 403
570	Analyze the following CVE description and map it to the appropriate CWE. Provide a brief justification for your choice. Ensure the last line of your response contains only the CWE ID.  CVE Description: GNU Mailman before 2.1.33 allows arbitrary content injection via the Cgi/private.py private archive login page. 	CWE-74	CWE ID: 403
571	Analyze the following CVE description and map it to the appropriate CWE. Provide a brief justification for your choice. Ensure the last line of your response contains only the CWE ID.  CVE Description: WTCMS 1.0 contains a stored cross-site scripting (XSS) vulnerability in the source field under the article management module. 	CWE-79	CWE ID: CVE-2023-1234
572	Analyze the following CVE description and map it to the appropriate CWE. Provide a brief justification for your choice. Ensure the last line of your response contains only the CWE ID.  CVE Description: Adobe Acrobat and Reader versions 2019.012.20035 and earlier, 2019.012.20035 and earlier, 2017.011.30142 and earlier, 2017.011.30143 and earlier, 2015.006.30497 and earlier, and 2015.006.30498 and earlier have an out-of-bounds read vulnerability. Successful exploitation could lead to information disclosure . 	CWE-125	CWE ID: 305
573	Analyze the following CVE description and map it to the appropriate CWE. Provide a brief justification for your choice. Ensure the last line of your response contains only the CWE ID.  CVE Description: SAP 3D Visual Enterprise Viewer, version - 9, allows a user to open manipulated BMP file received from untrusted sources which results in crashing of the application and becoming temporarily unavailable until the user restarts the application, this is caused due to Improper Input Validation. 	CWE-787	CWE-403
574	Analyze the following CVE description and map it to the appropriate CWE. Provide a brief justification for your choice. Ensure the last line of your response contains only the CWE ID.  CVE Description: The Splash Header WordPress plugin before 1.20.8 doesn't sanitise and escape some of its settings while outputting them in the admin dashboard, leading to an authenticated Stored Cross-Site Scripting issue. 	CWE-79	CWE ID: 47
575	Analyze the following CVE description and map it to the appropriate CWE. Provide a brief justification for your choice. Ensure the last line of your response contains only the CWE ID.  CVE Description: Baxter ExactaMix EM 2400 Versions 1.10, 1.11 and ExactaMix EM1200 Versions 1.1, 1.2 systems store device data with sensitive information in an unencrypted database. This could allow an attacker with network access to view or modify sensitive data including PHI. 	CWE-312	CWE-80
576	Analyze the following CVE description and map it to the appropriate CWE. Provide a brief justification for your choice. Ensure the last line of your response contains only the CWE ID.  CVE Description: Buffer overflow in the Java Virtual Machine (JVM) in IBM SDK, Java Technology Edition 6 before SR16 FP25 (6.0.16.25), 6 R1 before SR8 FP25 (6.1.8.25), 7 before SR9 FP40 (7.0.9.40), 7 R1 before SR3 FP40 (7.1.3.40), and 8 before SR3 (8.0.3.0) allows remote attackers to execute arbitrary code via unspecified vectors. 	CWE-119	CWE ID: 8
577	Analyze the following CVE description and map it to the appropriate CWE. Provide a brief justification for your choice. Ensure the last line of your response contains only the CWE ID.  CVE Description: Adobe Acrobat and Reader versions 2020.009.20074 and earlier, 2020.001.30002, 2017.011.30171 and earlier, and 2015.006.30523 and earlier have an out-of-bounds read vulnerability. Successful exploitation could lead to information disclosure. 	CWE-125	CWE ID: 2015
578	Analyze the following CVE description and map it to the appropriate CWE. Provide a brief justification for your choice. Ensure the last line of your response contains only the CWE ID.  CVE Description: The Easy Digital Downloads (EDD) CSV Manager extension for WordPress, as used with EDD 1.8.x before 1.8.7, 1.9.x before 1.9.10, 2.0.x before 2.0.5, 2.1.x before 2.1.11, 2.2.x before 2.2.9, and 2.3.x before 2.3.7, has XSS because add_query_arg is misused. 	CWE-79	XSS
579	"Analyze the following CVE description and map it to the appropriate CWE. Provide a brief justification for your choice. Ensure the last line of your response contains only the CWE ID.  CVE Description: The ""Duplicate Post"" WordPress plugin up to and including version 1.1.9 is vulnerable to SQL Injection. SQL injection vulnerabilities occur when client supplied data is included within an SQL Query insecurely. SQL Injection can typically be exploited to read, modify and delete SQL table data. In many cases it also possible to exploit features of SQL server to execute system commands and/or access the local file system. This particular vulnerability can be exploited by any authenticated user who has been granted access to use the Duplicate Post plugin. By default, this is limited to Administrators, however the plugin presents the option to permit access to the Editor, Author, Contributor and Subscriber roles. "	CWE-89	CWE-403
580	Analyze the following CVE description and map it to the appropriate CWE. Provide a brief justification for your choice. Ensure the last line of your response contains only the CWE ID.  CVE Description: A vulnerability has been identified in SINEMA Remote Connect Server (All versions < V3.0 SP2). An unauthenticated attacker in the same network of the affected system could brute force the usernames from the affected software. 	CWE-799	CWE-403
581	Analyze the following CVE description and map it to the appropriate CWE. Provide a brief justification for your choice. Ensure the last line of your response contains only the CWE ID.  CVE Description: The Accept Donations with PayPal WordPress plugin before 1.3.1 provides a function to create donation buttons which are internally stored as posts. The deletion of a button is not CSRF protected and there is no control to check if the deleted post was a button post. As a result, an attacker could make logged in admins delete arbitrary posts 	CWE-352	CWE-403
582	"Analyze the following CVE description and map it to the appropriate CWE. Provide a brief justification for your choice. Ensure the last line of your response contains only the CWE ID.  CVE Description: The Check & Log Email WordPress plugin before 1.0.3 does not validate and escape the ""order"" and ""orderby"" GET parameters before using them in a SQL statement when viewing logs, leading to SQL injections issues "	CWE-89	CWE ID: 47
583	Analyze the following CVE description and map it to the appropriate CWE. Provide a brief justification for your choice. Ensure the last line of your response contains only the CWE ID.  CVE Description: An out-of-bounds read was addressed with improved input validation. This issue is fixed in iOS 14.8 and iPadOS 14.8, tvOS 15, watchOS 8, iOS 15 and iPadOS 15. Processing a maliciously crafted audio file may disclose restricted memory. 	CWE-125	CWE ID: 47
584	Analyze the following CVE description and map it to the appropriate CWE. Provide a brief justification for your choice. Ensure the last line of your response contains only the CWE ID.  CVE Description: This vulnerability allows remote attackers to execute arbitrary code on affected installations of installations of Marvell QConvergeConsole 5.5.0.64. Although authentication is required to exploit this vulnerability, the existing authentication mechanism can be bypassed. The specific flaw exists within the isHPSmartComponent method of the GWTTestServiceImpl class. The issue results from the lack of proper validation of a user-supplied string before using it to execute a system call. An attacker can leverage this vulnerability to execute code in the context of SYSTEM. Was ZDI-CAN-10501. 	CWE-78	ZDI-CAN-10501
585	Analyze the following CVE description and map it to the appropriate CWE. Provide a brief justification for your choice. Ensure the last line of your response contains only the CWE ID.  CVE Description: In TouchInputMapper::sync of TouchInputMapper.cpp, there is a possible out of bounds write due to a use after free. This could lead to local escalation of privilege with no additional execution privileges needed. User interaction is not needed for exploitation.Product: AndroidVersions: Android-10 Android-11 Android-8.1 Android-9Android ID: A-179839665 	CWE-416	CWE-419
586	Analyze the following CVE description and map it to the appropriate CWE. Provide a brief justification for your choice. Ensure the last line of your response contains only the CWE ID.  CVE Description: Trend Micro ServerProtect for Linux 3.0 before CP 1531 allows local users to gain privileges by leveraging an unrestricted quarantine directory. 	CWE-862	"CWE: 403

Justification: The CVE describes a flaw in the server's authentication mechanism, where users can exploit an unrestricted quarantine directory to gain unauthorized access. This directly relates to the CWE 403, which addresses unauthorized access to resources."
587	Analyze the following CVE description and map it to the appropriate CWE. Provide a brief justification for your choice. Ensure the last line of your response contains only the CWE ID.  CVE Description: ED01-CMS v1.0 was discovered to contain a reflective cross-site scripting (XSS) vulnerability in the component sposts.php. This vulnerability allows attackers to execute arbitrary web scripts or HTML via a crafted payload inserted into the Post title or Post content fields. 	CWE-79	CWE-403
588	Analyze the following CVE description and map it to the appropriate CWE. Provide a brief justification for your choice. Ensure the last line of your response contains only the CWE ID.  CVE Description: IBM Jazz for Service Management 1.1.3.10 and IBM Tivoli Netcool/OMNIbus_GUI is vulnerable to stored cross-site scripting. This vulnerability allows users to embed arbitrary JavaScript code in the Web UI thus altering the intended functionality potentially leading to credentials disclosure within a trusted session. IBM X-Force ID: 204825. 	CWE-79	CWE-403
589	Analyze the following CVE description and map it to the appropriate CWE. Provide a brief justification for your choice. Ensure the last line of your response contains only the CWE ID.  CVE Description: tsMuxer v2.6.16 was discovered to contain a heap-based buffer overflow via the function HevcSpsUnit::short_term_ref_pic_set(int) in hevc.cpp. 	CWE-787	"CWE ID: C41

Justification: The function `HevcSpsUnit::short_term_ref_pic_set` uses a heap-based buffer overflow vulnerability, which is a well-documented CWE (C41). The heap is a common target for buffer overflows, and the function's design likely exploited this by setting a pointer to a vulnerable memory."
590	Analyze the following CVE description and map it to the appropriate CWE. Provide a brief justification for your choice. Ensure the last line of your response contains only the CWE ID.  CVE Description: A deserialization of untrusted data vulnerability exists in Ivanti Avalanche before 6.3.3 allows an attacker with access to the Inforail Service to perform arbitrary code execution. 	CWE-502	CWE ID: 47
591	Analyze the following CVE description and map it to the appropriate CWE. Provide a brief justification for your choice. Ensure the last line of your response contains only the CWE ID.  CVE Description: Possible buffer overflow due to improper validation of index value while processing the plugin block in Snapdragon Auto, Snapdragon Compute, Snapdragon Connectivity, Snapdragon Consumer IOT, Snapdragon Industrial IOT, Snapdragon Wearables 	CWE-120	CWE-419
592	Analyze the following CVE description and map it to the appropriate CWE. Provide a brief justification for your choice. Ensure the last line of your response contains only the CWE ID.  CVE Description: An out-of-bounds write was addressed with improved input validation. This issue is fixed in iOS 14.4 and iPadOS 14.4, macOS Big Sur 11.2, Security Update 2021-001 Catalina, Security Update 2021-001 Mojave. Processing a maliciously crafted USD file may lead to unexpected application termination or arbitrary code execution. 	CWE-787	CWE-419
593	Analyze the following CVE description and map it to the appropriate CWE. Provide a brief justification for your choice. Ensure the last line of your response contains only the CWE ID.  CVE Description: Possible memory corruption due to Improper handling of hypervisor unmap operations for concurrent memory operations in Snapdragon Auto, Snapdragon Compute, Snapdragon Connectivity, Snapdragon Consumer IOT, Snapdragon Industrial IOT, Snapdragon Mobile 	CWE-367	CWE-419
594	Analyze the following CVE description and map it to the appropriate CWE. Provide a brief justification for your choice. Ensure the last line of your response contains only the CWE ID.  CVE Description: The GOautodial API prior to commit 3c3a979 made on October 13th, 2021 takes a user-supplied “action” parameter and appends a .php file extension to locate and load the correct PHP file to implement the API call. Vulnerable versions of GOautodial do not sanitize the user input that specifies the action. This permits an attacker to execute any PHP source file with a .php extension that is present on the disk and readable by the GOautodial web server process. Combined with CVE-2021-43175, it is possible for the attacker to do this without valid credentials. CVSS:3.1/AV:N/AC:L/PR:L/UI:N/S:U/C:H/I:H/A:H/E:P/RL:O/RC:C 	CWE-22	CWE-403
595	Analyze the following CVE description and map it to the appropriate CWE. Provide a brief justification for your choice. Ensure the last line of your response contains only the CWE ID.  CVE Description: Studio 42 elFinder before 2.1.37 has a directory traversal vulnerability in elFinder.class.php with the zipdl() function that can allow a remote attacker to download files accessible by the web server process and delete files owned by the account running the web server process. NOTE: this issue exists because of an incomplete fix for CVE-2018-9109. 	CWE-22	CWE-403
596	Analyze the following CVE description and map it to the appropriate CWE. Provide a brief justification for your choice. Ensure the last line of your response contains only the CWE ID.  CVE Description: The options.php file of the WP-Board WordPress plugin through 1.1 beta accepts a postid parameter which is not sanitised, escaped or validated before inserting to a SQL statement, leading to SQL injection. This is a time based SQLI and in the same function vulnerable parameter is passed twice so if we pass time as 5 seconds it takes 10 seconds to return since the query ran twice. 	CWE-89	CWE ID: 47
597	"Analyze the following CVE description and map it to the appropriate CWE. Provide a brief justification for your choice. Ensure the last line of your response contains only the CWE ID.  CVE Description: The Header Footer Code Manager WordPress plugin before 1.1.14 does not validate and escape the ""orderby"" and ""order"" request parameters before using them in a SQL statement when viewing the Snippets admin dashboard, leading to SQL injections "	CWE-89	CWE-422
598	Analyze the following CVE description and map it to the appropriate CWE. Provide a brief justification for your choice. Ensure the last line of your response contains only the CWE ID.  CVE Description: Cybozu Remote Service 3.1.8 to 3.1.9 allows a remote authenticated attacker to conduct XML External Entity (XXE) attacks and obtain the information stored in the product via unspecified vectors. This issue occurs only when using Mozilla Firefox. 	CWE-611	CWE-403
599	Analyze the following CVE description and map it to the appropriate CWE. Provide a brief justification for your choice. Ensure the last line of your response contains only the CWE ID.  CVE Description: A Code Injection exists in treekill on Windows which allows a remote code execution when an attacker is able to control the input into the command. 	CWE-78	CWE ID: 47
600	Analyze the following CVE description and map it to the appropriate CWE. Provide a brief justification for your choice. Ensure the last line of your response contains only the CWE ID.  CVE Description: In ResolverActivity, there is a possible user interaction bypass due to a tapjacking/overlay attack. This could lead to local escalation of privilege with User execution privileges needed. User interaction is needed for exploitation.Product: AndroidVersions: Android-10 Android-11Android ID: A-143559931 	CWE-1021	CWE-403
601	Analyze the following CVE description and map it to the appropriate CWE. Provide a brief justification for your choice. Ensure the last line of your response contains only the CWE ID.  CVE Description: The Modern Events Calendar Lite WordPress plugin before 5.22.2 does not escape some of its settings before outputting them in attributes, allowing high privilege users to perform Cross-Site Scripting attacks even when the unfiltered_html capability is disallowed. 	CWE-79	CWE ID: 47
602	Analyze the following CVE description and map it to the appropriate CWE. Provide a brief justification for your choice. Ensure the last line of your response contains only the CWE ID.  CVE Description: SAP BusinessObjects Business Intelligence Platform (Crystal Report), versions - 420, 430, does not sufficiently encode user controlled inputs and therefore an authorized attacker can exploit a XSS vulnerability, leading to non-permanently deface or modify displayed content from a Web site. 	CWE-79	CWE-403
603	Analyze the following CVE description and map it to the appropriate CWE. Provide a brief justification for your choice. Ensure the last line of your response contains only the CWE ID.  CVE Description: Special characters of ERP POS customer profile page are not filtered in users’ input, which allow remote authenticated attackers can inject malicious JavaScript and carry out stored XSS (Stored Cross-site scripting) attacks, additionally access and manipulate customer’s information. 	CWE-79	CWE ID: 47
604	Analyze the following CVE description and map it to the appropriate CWE. Provide a brief justification for your choice. Ensure the last line of your response contains only the CWE ID.  CVE Description: An issue was discovered in function scanallsubs in src/sbbs3/scansubs.cpp in Synchronet BBS, which may allow attackers to view sensitive information due to an uninitialized value. 	CWE-908	CWE ID: 47
605	Analyze the following CVE description and map it to the appropriate CWE. Provide a brief justification for your choice. Ensure the last line of your response contains only the CWE ID.  CVE Description: A cross-site scripting (XSS) vulnerability in integration configuration in SquaredUp for SCOM 5.2.1.6654 allows remote attackers to inject arbitrary web script or HTML via dashboard actions. 	CWE-79	CWE ID: 47
606	Analyze the following CVE description and map it to the appropriate CWE. Provide a brief justification for your choice. Ensure the last line of your response contains only the CWE ID.  CVE Description: Thruk 2.40-2 allows /thruk/#cgi-bin/extinfo.cgi?type=2&host={HOSTNAME]&service={SERVICENAME]&backend={BACKEND] Reflected XSS via the host or service parameter. An attacker could inject arbitrary JavaScript into extinfo.cgi. The malicious payload would be triggered every time an authenticated user browses the page containing it. 	CWE-79	CWE-403
607	Analyze the following CVE description and map it to the appropriate CWE. Provide a brief justification for your choice. Ensure the last line of your response contains only the CWE ID.  CVE Description: A flaw was found in Privoxy in versions before 3.0.29. Memory leak in the show-status CGI handler when no filter files are configured can lead to a system crash. 	CWE-401	CWE ID: 47
608	Analyze the following CVE description and map it to the appropriate CWE. Provide a brief justification for your choice. Ensure the last line of your response contains only the CWE ID.  CVE Description: A vulnerability has been identified in Mendix Applications using Mendix 8 (All versions < V8.18.13), Mendix Applications using Mendix 9 (All versions < V9.6.2). Applications built with affected versions of Mendix Studio Pro do not properly control read access for certain client actions. This could allow authenticated attackers to retrieve the changedDate attribute of arbitrary objects, even when they don't have read access to them. 	CWE-863	CWE-403
609	Analyze the following CVE description and map it to the appropriate CWE. Provide a brief justification for your choice. Ensure the last line of your response contains only the CWE ID.  CVE Description: An error in a page handler of the VRM may lead to a reflected cross site scripting (XSS) in the web-based interface. To exploit this vulnerability an attack must be able to modify the HTTP header that is sent. This issue also affects installations of the DIVAR IP and BVMS with VRM installed. 	CWE-79	CWE-403
610	Analyze the following CVE description and map it to the appropriate CWE. Provide a brief justification for your choice. Ensure the last line of your response contains only the CWE ID.  CVE Description: A Cross Site Scripting (XSS) vulnerability exists in Dolibarr before 14.0.3 via the ticket creation flow. Exploitation requires that an admin copies the payload into a box. 	CWE-79	CWE-403
611	Analyze the following CVE description and map it to the appropriate CWE. Provide a brief justification for your choice. Ensure the last line of your response contains only the CWE ID.  CVE Description: The Easy Digital Downloads (EDD) PDF Stamper extension for WordPress, as used with EDD 1.8.x before 1.8.7, 1.9.x before 1.9.10, 2.0.x before 2.0.5, 2.1.x before 2.1.11, 2.2.x before 2.2.9, and 2.3.x before 2.3.7, has XSS because add_query_arg is misused. 	CWE-79	XSS
612	"Analyze the following CVE description and map it to the appropriate CWE. Provide a brief justification for your choice. Ensure the last line of your response contains only the CWE ID.  CVE Description: OpenProject is a web-based project management software. OpenProject versions >= 12.0.0 are vulnerable to a SQL injection in the budgets module. For authenticated users with the ""Edit budgets"" permission, the request to reassign work packages to another budget unsufficiently sanitizes user input in the `reassign_to_id` parameter. The vulnerability has been fixed in version 12.0.4. Versions prior to 12.0.0 are not affected. If you're upgrading from an older version, ensure you are upgrading to at least version 12.0.4. If you are unable to upgrade in a timely fashion, the following patch can be applied: https://github.com/opf/openproject/pull/9983.patch "	CWE-89	CWE-403
613	Analyze the following CVE description and map it to the appropriate CWE. Provide a brief justification for your choice. Ensure the last line of your response contains only the CWE ID.  CVE Description: SAP 3D Visual Enterprise Viewer, version - 9, allows a user to open manipulated FBX file received from untrusted sources which results in crashing of the application and becoming temporarily unavailable until the user restarts the application, this is caused due to Improper Input Validation. 	CWE-119	CWE ID: 47
614	Analyze the following CVE description and map it to the appropriate CWE. Provide a brief justification for your choice. Ensure the last line of your response contains only the CWE ID.  CVE Description: Multiple memory corruption issues were addressed with improved memory handling. This issue is fixed in watchOS 6.1, iCloud for Windows 11.0. Processing maliciously crafted web content may lead to arbitrary code execution. 	CWE-787	CWE ID: 47
615	Analyze the following CVE description and map it to the appropriate CWE. Provide a brief justification for your choice. Ensure the last line of your response contains only the CWE ID.  CVE Description: A relative path traversal vulnerability in the SMA100 upload funtion allows a remote unauthenticated attacker to upload crafted web pages or files as a 'nobody' user. This vulnerability affected SMA 200, 210, 400, 410 and 500v appliances. 	CWE-22	CWE-403
616	Analyze the following CVE description and map it to the appropriate CWE. Provide a brief justification for your choice. Ensure the last line of your response contains only the CWE ID.  CVE Description: SAP 3D Visual Enterprise Viewer, version - 9, allows a user to open manipulated HPGL file received from untrusted sources which results in crashing of the application and becoming temporarily unavailable until the user restarts the application, this is caused due to Improper Input Validation. 	CWE-787	CWE ID: 47
617	Analyze the following CVE description and map it to the appropriate CWE. Provide a brief justification for your choice. Ensure the last line of your response contains only the CWE ID.  CVE Description: Next.js is a React framework. Versions of Next.js between 10.0.0 and 11.0.0 contain a cross-site scripting vulnerability. In order for an instance to be affected by the vulnerability, the `next.config.js` file must have `images.domains` array assigned and the image host assigned in `images.domains` must allow user-provided SVG. If the `next.config.js` file has `images.loader` assigned to something other than default or the instance is deployed on Vercel, the instance is not affected by the vulnerability. The vulnerability is patched in Next.js version 11.1.1. 	CWE-79	CWE ID: 148
618	Analyze the following CVE description and map it to the appropriate CWE. Provide a brief justification for your choice. Ensure the last line of your response contains only the CWE ID.  CVE Description: @joeattardi/emoji-button is a Vanilla JavaScript emoji picker component. In affected versions there are two vectors for XSS attacks: a URL for a custom emoji, and an i18n string. In both of these cases, a value can be crafted such that it can insert a `script` tag into the page and execute malicious code. 	CWE-79	CWE ID: 403
619	Analyze the following CVE description and map it to the appropriate CWE. Provide a brief justification for your choice. Ensure the last line of your response contains only the CWE ID.  CVE Description: The issue was addressed with improved permissions logic. This issue is fixed in iOS 14.5 and iPadOS 14.5. An application may allow shortcuts to access restricted files. 	CWE-276	CWE ID: 47
620	Analyze the following CVE description and map it to the appropriate CWE. Provide a brief justification for your choice. Ensure the last line of your response contains only the CWE ID.  CVE Description: An arbitrary file upload vulnerability in /admin/upload/uploadfile of KiteCMS V1.1 allows attackers to getshell via a crafted PHP file. 	CWE-434	CWE ID: 47
621	Analyze the following CVE description and map it to the appropriate CWE. Provide a brief justification for your choice. Ensure the last line of your response contains only the CWE ID.  CVE Description: Possible out of bound access due to lack of validation of page offset before page is inserted in Snapdragon Auto, Snapdragon Connectivity, Snapdragon Industrial IOT, Snapdragon Mobile 	CWE-20	"CWE: 214

Justification: The description mentions ""lack of validation of page offset before page is inserted,"" which directly corresponds to CWE 214, which is ""invalid offset."" The other options either refer to unrelated technologies or do not align with the specific threat vector described."
622	Analyze the following CVE description and map it to the appropriate CWE. Provide a brief justification for your choice. Ensure the last line of your response contains only the CWE ID.  CVE Description: A cross-site scripting (XSS) vulnerability has been reported to affect QNAP device running Photo Station. If exploited, this vulnerability allows remote attackers to inject malicious code. We have already fixed this vulnerability in the following versions of Photo Station: Photo Station 6.0.18 ( 2021/09/01 ) and later 	CWE-79	CWE-403
623	Analyze the following CVE description and map it to the appropriate CWE. Provide a brief justification for your choice. Ensure the last line of your response contains only the CWE ID.  CVE Description: Envoy is a cloud-native edge/middle/service proxy. Envoy does not decode escaped slash sequences `%2F` and `%5C` in HTTP URL paths in versions 1.18.2 and before. A remote attacker may craft a path with escaped slashes, e.g. `/something%2F..%2Fadmin`, to bypass access control, e.g. a block on `/admin`. A backend server could then decode slash sequences and normalize path and provide an attacker access beyond the scope provided for by the access control policy. ### Impact Escalation of Privileges when using RBAC or JWT filters with enforcement based on URL path. Users with back end servers that interpret `%2F` and `/` and `%5C` and `\` interchangeably are impacted. ### Attack Vector URL paths containing escaped slash characters delivered by untrusted client. Patches in versions 1.18.3, 1.17.3, 1.16.4, 1.15.5 contain new path normalization option to decode escaped slash characters. As a workaround, if back end servers treat `%2F` and `/` and `%5C` and `\` interchangeably and a URL path based access control is configured, one may reconfigure the back end server to not treat `%2F` and `/` and `%5C` and `\` interchangeably. 	CWE-22	CWE ID: 403
624	Analyze the following CVE description and map it to the appropriate CWE. Provide a brief justification for your choice. Ensure the last line of your response contains only the CWE ID.  CVE Description: TikiWiki v21.4 was discovered to contain a cross-site scripting (XSS) vulnerability in the component tiki-browse_categories.php. This vulnerability allows attackers to execute arbitrary web scripts or HTML via a crafted payload under the Create category module. 	CWE-79	CWE-403
625	Analyze the following CVE description and map it to the appropriate CWE. Provide a brief justification for your choice. Ensure the last line of your response contains only the CWE ID.  CVE Description: Adobe Acrobat and Reader versions 2019.012.20035 and earlier, 2019.012.20035 and earlier, 2017.011.30142 and earlier, 2017.011.30143 and earlier, 2015.006.30497 and earlier, and 2015.006.30498 and earlier have a heap overflow vulnerability. Successful exploitation could lead to arbitrary code execution . 	CWE-787	CWE ID: 305
626	Analyze the following CVE description and map it to the appropriate CWE. Provide a brief justification for your choice. Ensure the last line of your response contains only the CWE ID.  CVE Description: There is an Improper permission vulnerability in Huawei Smartphone.Successful exploitation of this vulnerability may affect service availability. 	CWE-276	"CWE: 403

Justification: The CVE describes an Improper permission vulnerability, which is a well-known CWE related to unauthorized access to resources. The successful exploitation of this vulnerability could lead to service outages, making it a high-severity issue.

CWE ID: 403"
627	Analyze the following CVE description and map it to the appropriate CWE. Provide a brief justification for your choice. Ensure the last line of your response contains only the CWE ID.  CVE Description: LCDS LAquis SCADA Versions 4.3.1 and prior. The affected product is vulnerable to sensitive information exposure by unauthorized users. 	CWE-200	CWE ID: 403
628	Analyze the following CVE description and map it to the appropriate CWE. Provide a brief justification for your choice. Ensure the last line of your response contains only the CWE ID.  CVE Description: Aplioxio PDF ShapingUp 5.0.0.139 contains a buffer overflow which allows attackers to cause a denial of service (DoS) via a crafted PDF file. 	CWE-120	CWE-419
629	Analyze the following CVE description and map it to the appropriate CWE. Provide a brief justification for your choice. Ensure the last line of your response contains only the CWE ID.  CVE Description: A CWE-200: Exposure of Sensitive Information to an Unauthorized Actor vulnerability exist in AccuSine PCS+ / PFV+ (Versions prior to V1.6.7) and AccuSine PCSn (Versions prior to V2.2.4) that could allow an authenticated attacker to access the device via FTP protocol. 	CWE-200	CWE-200
630	"Analyze the following CVE description and map it to the appropriate CWE. Provide a brief justification for your choice. Ensure the last line of your response contains only the CWE ID.  CVE Description: A vulnerability has been identified in SIMATIC HMI Comfort Outdoor Panels V15 7\"" & 15\"" (incl. SIPLUS variants) (All versions < V15.1 Update 6), SIMATIC HMI Comfort Outdoor Panels V16 7\"" & 15\"" (incl. SIPLUS variants) (All versions < V16 Update 4), SIMATIC HMI Comfort Panels V15 4\"" - 22\"" (incl. SIPLUS variants) (All versions < V15.1 Update 6), SIMATIC HMI Comfort Panels V16 4\"" - 22\"" (incl. SIPLUS variants) (All versions < V16 Update 4), SIMATIC HMI KTP Mobile Panels V15 KTP400F, KTP700, KTP700F, KTP900 and KTP900F (All versions < V15.1 Update 6), SIMATIC HMI KTP Mobile Panels V16 KTP400F, KTP700, KTP700F, KTP900 and KTP900F (All versions < V16 Update 4), SIMATIC WinCC Runtime Advanced V15 (All versions < V15.1 Update 6), SIMATIC WinCC Runtime Advanced V16 (All versions < V16 Update 4), SINAMICS GH150 (All versions), SINAMICS GL150 (with option X30) (All versions), SINAMICS GM150 (with option X30) (All versions), SINAMICS SH150 (All versions), SINAMICS SL150 (All versions), SINAMICS SM120 (All versions), SINAMICS SM150 (All versions), SINAMICS SM150i (All versions). SmartVNC has an out-of-bounds memory access vulnerability in the device layout handler, represented by a binary data stream on client side, which can potentially result in code execution. "	CWE-788	S
631	Analyze the following CVE description and map it to the appropriate CWE. Provide a brief justification for your choice. Ensure the last line of your response contains only the CWE ID.  CVE Description: The Game Server Status WordPress plugin through 1.0 does not validate or escape the server_id parameter before using it in SQL statement, leading to an Authenticated SQL Injection in an admin page 	CWE-89	CWE-4220
632	Analyze the following CVE description and map it to the appropriate CWE. Provide a brief justification for your choice. Ensure the last line of your response contains only the CWE ID.  CVE Description: The One User Avatar WordPress plugin before 2.3.7 does not check for CSRF when updating the Avatar in page where the [avatar_upload] shortcode is embed. As a result, attackers could make logged in user change their avatar via a CSRF attack 	CWE-352	CWE-403
633	Analyze the following CVE description and map it to the appropriate CWE. Provide a brief justification for your choice. Ensure the last line of your response contains only the CWE ID.  CVE Description: SAP Enterprise Financial Services (fixed in SAPSCORE 1.13, 1.14, 1.15; S4CORE 1.01, 1.02, 1.03; EA-FINSERV 1.10, 2.0, 5.0, 6.0, 6.03, 6.04, 6.05, 6.06, 6.16, 6.17, 6.18, 8.0; Bank/CFM 4.63_20) does not perform necessary authorization checks for an authenticated user, resulting in escalation of privileges. 	CWE-862	CWE-403
634	Analyze the following CVE description and map it to the appropriate CWE. Provide a brief justification for your choice. Ensure the last line of your response contains only the CWE ID.  CVE Description: An issue was discovered in Mahavitaran android application 7.50 and below, allows local attackers to read cleartext username and password while the user is logged into the application. 	CWE-522	"CWE: 47

Justification: The description mentions a cleartext username and password, which is a common credential compromise vector. The application is running on Android 7.50 and below, which is a vulnerable version that lacks proper security measures."
635	Analyze the following CVE description and map it to the appropriate CWE. Provide a brief justification for your choice. Ensure the last line of your response contains only the CWE ID.  CVE Description: OpenCV-REST-API master branch as of commit 69be158c05d4dd5a4aff38fdc680a162dd6b9e49 is affected by a directory traversal vulnerability. This attack can cause the disclosure of critical secrets stored anywhere on the system and can significantly aid in getting remote code access. 	CWE-22	CWE ID: CVE-2023-XXXXXX
636	Analyze the following CVE description and map it to the appropriate CWE. Provide a brief justification for your choice. Ensure the last line of your response contains only the CWE ID.  CVE Description: The resolver in nginx before 1.8.1 and 1.9.x before 1.9.10 does not properly limit CNAME resolution, which allows remote attackers to cause a denial of service (worker process resource consumption) via vectors related to arbitrary name resolution. 	CWE-400	CWE ID: 403
637	Analyze the following CVE description and map it to the appropriate CWE. Provide a brief justification for your choice. Ensure the last line of your response contains only the CWE ID.  CVE Description: gpsd versions 2.90 to 3.17 and microjson versions 1.0 to 1.3, an open source project, allow a stack-based buffer overflow, which may allow remote attackers to execute arbitrary code on embedded platforms via traffic on Port 2947/TCP or crafted JSON inputs. 	CWE-787	CWE ID: 403
638	Analyze the following CVE description and map it to the appropriate CWE. Provide a brief justification for your choice. Ensure the last line of your response contains only the CWE ID.  CVE Description: The Easy Digital Downloads (EDD) Lattice theme for WordPress, as used with EDD 1.8.x before 1.8.7, 1.9.x before 1.9.10, 2.0.x before 2.0.5, 2.1.x before 2.1.11, 2.2.x before 2.2.9, and 2.3.x before 2.3.7, has XSS because add_query_arg is misused. 	CWE-79	XSS
639	Analyze the following CVE description and map it to the appropriate CWE. Provide a brief justification for your choice. Ensure the last line of your response contains only the CWE ID.  CVE Description: Adobe Acrobat and Reader versions 2019.012.20035 and earlier, 2019.012.20035 and earlier, 2017.011.30142 and earlier, 2017.011.30143 and earlier, 2015.006.30497 and earlier, and 2015.006.30498 and earlier have a heap overflow vulnerability. Successful exploitation could lead to arbitrary code execution . 	CWE-787	CWE ID: 305
640	Analyze the following CVE description and map it to the appropriate CWE. Provide a brief justification for your choice. Ensure the last line of your response contains only the CWE ID.  CVE Description: In TensorFlow before 1.15, a heap buffer overflow in UnsortedSegmentSum can be produced when the Index template argument is int32. In this case data_size and num_segments fields are truncated from int64 to int32 and can produce negative numbers, resulting in accessing out of bounds heap memory. This is unlikely to be exploitable and was detected and fixed internally in TensorFlow 1.15 and 2.0. 	CWE-681	"CWE ID: 214

Justification: The heap buffer overflow in UnsortedSegmentSum occurs when the Index template argument is int32, which can truncate data_size and num_segments to int32. This truncation can cause negative values to be accessed, leading to out-of-bounds memory accesses and potential crashes. The vulnerability was detected and fixed internally in TensorFlow 1.15 and 2.0."
641	Analyze the following CVE description and map it to the appropriate CWE. Provide a brief justification for your choice. Ensure the last line of your response contains only the CWE ID.  CVE Description: Symantec Embedded Security: Critical System Protection (SES:CSP) 1.0.x before 1.0 MP5, Embedded Security: Critical System Protection for Controllers and Devices (SES:CSP) 6.5.0 before MP1, Critical System Protection (SCSP) before 5.2.9 MP6, Data Center Security: Server Advanced Server (DCS:SA) 6.x before 6.5 MP1 and 6.6 before MP1, and Data Center Security: Server Advanced Server and Agents (DCS:SA) through 6.6 MP1 allow remote authenticated users to conduct argument-injection attacks by leveraging certain named-pipe access. 	CWE-74	CWE ID: 6
642	Analyze the following CVE description and map it to the appropriate CWE. Provide a brief justification for your choice. Ensure the last line of your response contains only the CWE ID.  CVE Description: There is a Improper Input Validation vulnerability in Huawei Smartphone.Successful exploitation of this vulnerability may lead to nearby crash. 	CWE-20	CWE ID: 47
643	Analyze the following CVE description and map it to the appropriate CWE. Provide a brief justification for your choice. Ensure the last line of your response contains only the CWE ID.  CVE Description: A null pointer dereference was addressed with improved input validation. This issue is fixed in macOS Big Sur 11.4, Safari 14.1.1, iOS 14.6 and iPadOS 14.6. A remote attacker may be able to cause a denial of service. 	CWE-476	CWE-422
644	Analyze the following CVE description and map it to the appropriate CWE. Provide a brief justification for your choice. Ensure the last line of your response contains only the CWE ID.  CVE Description: The Easy Digital Downloads (EDD) Upload File extension for WordPress, as used with EDD 1.8.x before 1.8.7, 1.9.x before 1.9.10, 2.0.x before 2.0.5, 2.1.x before 2.1.11, 2.2.x before 2.2.9, and 2.3.x before 2.3.7, has XSS because add_query_arg is misused. 	CWE-79	XSS
645	Analyze the following CVE description and map it to the appropriate CWE. Provide a brief justification for your choice. Ensure the last line of your response contains only the CWE ID.  CVE Description: An issue was discovered in pbrt through 20200627. A stack-buffer-overflow exists in the function pbrt::ParamSet::ParamSet() located in paramset.h. It allows an attacker to cause code Execution. 	CWE-787	CWE ID: 47
646	Analyze the following CVE description and map it to the appropriate CWE. Provide a brief justification for your choice. Ensure the last line of your response contains only the CWE ID.  CVE Description: Cross-site scripting vulnerability in ELECOM LAN router WRC-2533GHBK-I firmware v1.20 and prior allows a remote authenticated attacker to inject an arbitrary script via unspecified vectors. 	CWE-79	CWE-403
647	Analyze the following CVE description and map it to the appropriate CWE. Provide a brief justification for your choice. Ensure the last line of your response contains only the CWE ID.  CVE Description: An issue was discovered in Concrete CMS before 8.5.7. The Dashboard allows a user's password to be changed without a prompt for the current password. 	CWE-732	CWE-403
648	Analyze the following CVE description and map it to the appropriate CWE. Provide a brief justification for your choice. Ensure the last line of your response contains only the CWE ID.  CVE Description: In apusys, there is a possible memory corruption due to a use after free. This could lead to local escalation of privilege with System execution privileges needed. User interaction is not needed for exploitation. Patch ID: ALPS05681550; Issue ID: ALPS05681550. 	CWE-416	CWE-403
649	Analyze the following CVE description and map it to the appropriate CWE. Provide a brief justification for your choice. Ensure the last line of your response contains only the CWE ID.  CVE Description: The Royal browser extensions TS before 4.3.60728 (Release Date 2018-07-28) and TSX before 3.3.1 (Release Date 2018-09-13) allow Credentials Disclosure. 	CWE-200	CWE ID: 47
650	Analyze the following CVE description and map it to the appropriate CWE. Provide a brief justification for your choice. Ensure the last line of your response contains only the CWE ID.  CVE Description: Unquoted service path vulnerability in the Gallagher Controller Service allows an unprivileged user to execute arbitrary code as the account that runs the Controller Service. This issue affects: Gallagher Command Centre 8.50 versions prior to 8.50.2048 (MR3) ; 	CWE-428	CWE-403
651	Analyze the following CVE description and map it to the appropriate CWE. Provide a brief justification for your choice. Ensure the last line of your response contains only the CWE ID.  CVE Description: An unauthenticated and remote adversary can consume all of the device's CPU due to crafted HTTP requests sent to SMA100 /fileshare/sonicfiles/sonicfiles resulting in a loop with unreachable exit condition. This vulnerability affected SMA 200, 210, 400, 410 and 500v appliances. 	CWE-835	CWE-422
652	"Analyze the following CVE description and map it to the appropriate CWE. Provide a brief justification for your choice. Ensure the last line of your response contains only the CWE ID.  CVE Description: Functions SDK for EdgeX is meant to provide all the plumbing necessary for developers to get started in processing/transforming/exporting data out of the EdgeX IoT platform. In affected versions broken encryption in app-functions-sdk “AES” transform in EdgeX Foundry releases prior to Jakarta allows attackers to decrypt messages via unspecified vectors. The app-functions-sdk exports an “aes” transform that user scripts can optionally call to encrypt data in the processing pipeline. No decrypt function is provided. Encryption is not enabled by default, but if used, the level of protection may be less than the user may expects due to a broken implementation. Version v2.1.0 (EdgeX Foundry Jakarta release and later) of app-functions-sdk-go/v2 deprecates the “aes” transform and provides an improved “aes256” transform in its place. The broken implementation will remain in a deprecated state until it is removed in the next EdgeX major release to avoid breakage of existing software that depends on the broken implementation. As the broken transform is a library function that is not invoked by default, users who do not use the AES transform in their processing pipelines are unaffected. Those that are affected are urged to upgrade to the Jakarta EdgeX release and modify processing pipelines to use the new ""aes256"" transform. "	CWE-327	CWE-307
653	Analyze the following CVE description and map it to the appropriate CWE. Provide a brief justification for your choice. Ensure the last line of your response contains only the CWE ID.  CVE Description: Authenticated Persistent Cross-Site Scripting (XSS) vulnerability in WordPress iQ Block Country plugin (versions <= 1.2.11). Vulnerable parameter: &blockcountry_blockmessage. 	CWE-79	CWE-403
654	Analyze the following CVE description and map it to the appropriate CWE. Provide a brief justification for your choice. Ensure the last line of your response contains only the CWE ID.  CVE Description: An issue was discovered in swftools through 20200710. A heap-buffer-overflow exists in the function swf_DumpActions() located in swfaction.c. It allows an attacker to cause code Execution. 	CWE-787	CWE ID: 226
655	Analyze the following CVE description and map it to the appropriate CWE. Provide a brief justification for your choice. Ensure the last line of your response contains only the CWE ID.  CVE Description: An issue was discovered in swftools through 20200710. A NULL pointer dereference exists in the function copyString() located in gmem.cc. It allows an attacker to cause Denial of Service. 	CWE-476	"CWE ID: 214

Justification: The NULL pointer dereference in `gmem.cpp` is a classic example of a pointer dereference vulnerability, which can lead to undefined behavior or crashes. This aligns with CWE 214, which describes a pointer dereference vulnerability that can cause denial of service."
656	Analyze the following CVE description and map it to the appropriate CWE. Provide a brief justification for your choice. Ensure the last line of your response contains only the CWE ID.  CVE Description: An issue existed with authenticating the action triggered by an NFC tag. The issue was addressed with improved action authentication. This issue is fixed in iOS 14.5 and iPadOS 14.5. A person with physical access to an iOS device may be able to place phone calls to any phone number. 	CWE-287	CWE-422
657	Analyze the following CVE description and map it to the appropriate CWE. Provide a brief justification for your choice. Ensure the last line of your response contains only the CWE ID.  CVE Description: Amzetta zPortal Windows zClient is affected by Buffer Overflow. IOCTL Handler 0x22001B in the Amzetta zPortal Windows zClient <= v3.2.8180.148 allow local attackers to execute arbitrary code in kernel mode or cause a denial of service (memory corruption and OS crash) via specially crafted I/O Request Packet. 	CWE-120	CWE ID: 226
658	Analyze the following CVE description and map it to the appropriate CWE. Provide a brief justification for your choice. Ensure the last line of your response contains only the CWE ID.  CVE Description: The issue was addressed with improved permissions logic. This issue is fixed in macOS Big Sur 11.3, Security Update 2021-002 Catalina, Security Update 2021-003 Mojave. A local attacker may be able to elevate their privileges. 	CWE-269	CWE-403
659	Analyze the following CVE description and map it to the appropriate CWE. Provide a brief justification for your choice. Ensure the last line of your response contains only the CWE ID.  CVE Description: Improper certificate validation vulnerability in SMTP Client allows man-in-the-middle attack to retrieve sensitive information from the Command Centre Server. This issue affects: Gallagher Command Centre 8.50 versions prior to 8.50.2048 (MR3); 8.40 versions prior to 8.40.2063 (MR4); 8.30 versions prior to 8.30.1454 (MR4) ; version 8.20 and prior versions. 	CWE-295	CWE-403
660	Analyze the following CVE description and map it to the appropriate CWE. Provide a brief justification for your choice. Ensure the last line of your response contains only the CWE ID.  CVE Description: Adobe Photoshop CC 2019 versions 20.0.8 and earlier, and Photoshop 2020 versions 21.1 and earlier have an out-of-bounds write vulnerability. Successful exploitation could lead to arbitrary code execution. 	CWE-787	CWE ID: 47
661	Analyze the following CVE description and map it to the appropriate CWE. Provide a brief justification for your choice. Ensure the last line of your response contains only the CWE ID.  CVE Description: SAP 3D Visual Enterprise Viewer, version - 9, allows a user to open manipulated GIF file received from untrusted sources which results in crashing of the application and becoming temporarily unavailable until the user restarts the application, this is caused due to Improper Input Validation. 	CWE-787	CWE-403
662	Analyze the following CVE description and map it to the appropriate CWE. Provide a brief justification for your choice. Ensure the last line of your response contains only the CWE ID.  CVE Description: BeyondTrust Privilege Management prior to version 21.6 creates a Temporary File in a Directory with Insecure Permissions. 	CWE-668	CWE ID: 403
663	Analyze the following CVE description and map it to the appropriate CWE. Provide a brief justification for your choice. Ensure the last line of your response contains only the CWE ID.  CVE Description: A vulnerability has been identified in SINEC NMS (All versions < V1.0 SP2 Update 1). The affected system has a Path Traversal vulnerability when exporting a firmware container. With this a privileged authenticated attacker could create arbitrary files on an affected system. 	CWE-22	CWE-403
664	Analyze the following CVE description and map it to the appropriate CWE. Provide a brief justification for your choice. Ensure the last line of your response contains only the CWE ID.  CVE Description: Internet Download Manager 6.37.11.1 was discovered to contain a stack buffer overflow in the Search function. This vulnerability allows attackers to escalate local process privileges via unspecified vectors. 	CWE-787	CWE ID: CVE-2023-12345
665	Analyze the following CVE description and map it to the appropriate CWE. Provide a brief justification for your choice. Ensure the last line of your response contains only the CWE ID.  CVE Description: Cross-site script inclusion vulnerability in the management screen of Cybozu Remote Service 3.1.8 allows a remote authenticated attacker to obtain the information stored in the product. This issue occurs only when using Mozilla Firefox. 	CWE-79	CWE-403
666	Analyze the following CVE description and map it to the appropriate CWE. Provide a brief justification for your choice. Ensure the last line of your response contains only the CWE ID.  CVE Description: Adobe Acrobat and Reader versions 2019.012.20035 and earlier, 2019.012.20035 and earlier, 2017.011.30142 and earlier, 2017.011.30143 and earlier, 2015.006.30497 and earlier, and 2015.006.30498 and earlier have an use after free vulnerability. Successful exploitation could lead to arbitrary code execution . 	CWE-416	CWE ID: 403
667	Analyze the following CVE description and map it to the appropriate CWE. Provide a brief justification for your choice. Ensure the last line of your response contains only the CWE ID.  CVE Description: An issue was discovered in Zammad before 4.1.1. There is stored XSS via a custom Avatar. 	CWE-79	CWE-403
668	Analyze the following CVE description and map it to the appropriate CWE. Provide a brief justification for your choice. Ensure the last line of your response contains only the CWE ID.  CVE Description: An unnecessary privilege vulnerability in Trend Micro Worry-Free Business Security 10.0 SP1 could allow a local attacker to escalate privileges on affected installations. Please note: an attacker must first obtain the ability to execute low-privileged code on the target system in order to exploit this vulnerability. This vulnerability is similar to but not identical to CVE-2021-44019 and 44021. 	CWE-269	CWE-403
669	Analyze the following CVE description and map it to the appropriate CWE. Provide a brief justification for your choice. Ensure the last line of your response contains only the CWE ID.  CVE Description: In versions of Greenplum database prior to 5.28.6 and 6.14.0, greenplum database contains a file path traversal vulnerability leading to information disclosure from the file system. A malicious user can read/write information from the file system using this vulnerability. 	CWE-22	CWE ID: 47
670	Analyze the following CVE description and map it to the appropriate CWE. Provide a brief justification for your choice. Ensure the last line of your response contains only the CWE ID.  CVE Description: Dell BIOS contains an Improper Restriction of Excessive Authentication Attempts vulnerability. A local authenticated malicious administrator could exploit this vulnerability to bypass excessive admin password attempt mitigations in order to carry out a brute force attack. 	CWE-307	CWE-403
671	Analyze the following CVE description and map it to the appropriate CWE. Provide a brief justification for your choice. Ensure the last line of your response contains only the CWE ID.  CVE Description: Uncontrolled resource consumption in the Intel(R) HAXM software before version 7.6.6 may allow an unauthenticated user to potentially enable information disclosure via local access. 	CWE-400	CWE-403
672	Analyze the following CVE description and map it to the appropriate CWE. Provide a brief justification for your choice. Ensure the last line of your response contains only the CWE ID.  CVE Description: Telegram before 7.4 (212543) Stable on macOS stores the local passcode in cleartext, leading to information disclosure. 	CWE-312	CWE ID: 212543
673	Analyze the following CVE description and map it to the appropriate CWE. Provide a brief justification for your choice. Ensure the last line of your response contains only the CWE ID.  CVE Description: A Cross Site Request Forgery (CSRF) vulnerability exits in ZZZCMS V1.7.1 via the save_user funciton in save.php. 	CWE-352	CWE ID: 47
674	Analyze the following CVE description and map it to the appropriate CWE. Provide a brief justification for your choice. Ensure the last line of your response contains only the CWE ID.  CVE Description: cipso_v4_validate in include/net/cipso_ipv4.h in the Linux kernel before 3.11.7, when CONFIG_NETLABEL is disabled, allows attackers to cause a denial of service (infinite loop and crash), as demonstrated by icmpsic, a different vulnerability than CVE-2013-0310. 	CWE-400	CWE-403
675	Analyze the following CVE description and map it to the appropriate CWE. Provide a brief justification for your choice. Ensure the last line of your response contains only the CWE ID.  CVE Description: The management tool in MyLittleBackup up to and including 1.7 allows remote attackers to execute arbitrary code because machineKey is hardcoded (the same for all customers' installations) in web.config, and can be used to send serialized ASP code. 	CWE-502	CWE-403
676	Analyze the following CVE description and map it to the appropriate CWE. Provide a brief justification for your choice. Ensure the last line of your response contains only the CWE ID.  CVE Description: Cross-site scripting vulnerability in rwtxt versions prior to v1.8.6 allows a remote attacker to inject an arbitrary script via unspecified vectors. 	CWE-79	CWE ID: 47
677	Analyze the following CVE description and map it to the appropriate CWE. Provide a brief justification for your choice. Ensure the last line of your response contains only the CWE ID.  CVE Description: SAF-T Framework Transaction SAFTN_G allows an attacker to exploit insufficient validation of path information provided by normal user, leading to full server directory access. The attacker can see the whole filesystem structure but cannot overwrite, delete, or corrupt arbitrary files on the server. 	CWE-22	CWE-403
678	Analyze the following CVE description and map it to the appropriate CWE. Provide a brief justification for your choice. Ensure the last line of your response contains only the CWE ID.  CVE Description: In phNxpNHal_DtaUpdate of phNxpNciHal_dta.cc, there is a possible out of bounds write due to an incorrect bounds check. This could lead to local escalation of privilege with System execution privileges needed. User interaction is not needed for exploitation.Product: AndroidVersions: Android-12Android ID: A-183487770 	CWE-787	CWE-419
679	Analyze the following CVE description and map it to the appropriate CWE. Provide a brief justification for your choice. Ensure the last line of your response contains only the CWE ID.  CVE Description: A vulnerability in the session management functionality of the web-based interface for Cisco Small Business RV320 and RV325 Dual Gigabit WAN VPN Routers could allow an unauthenticated, remote attacker to hijack a valid user session on an affected system. An attacker could use this impersonated session to create a new user account or otherwise control the device with the privileges of the hijacked session. The vulnerability is due to a lack of proper session management controls. An attacker could exploit this vulnerability by sending a crafted HTTP request to a targeted device. A successful exploit could allow the attacker to take control of an existing user session on the device. Exploitation of the vulnerability requires that an authorized user session is active and that the attacker can craft an HTTP request to impersonate that session. 	CWE-287	CWE-403
680	Analyze the following CVE description and map it to the appropriate CWE. Provide a brief justification for your choice. Ensure the last line of your response contains only the CWE ID.  CVE Description: WTCMS 1.0 contains a reflective cross-site scripting (XSS) vulnerability in the keyword search function under the background articles module. 	CWE-79	CWE ID: 47
681	Analyze the following CVE description and map it to the appropriate CWE. Provide a brief justification for your choice. Ensure the last line of your response contains only the CWE ID.  CVE Description: UploadService in Hitachi Vantara Pentaho Business Analytics through 9.1 does not properly verify uploaded user files, which allows an authenticated user to upload various files of different file types. Specifically, a .jsp file is not allowed, but a .jsp. file is allowed (and leads to remote code execution). 	CWE-434	CWE ID: 200
682	Analyze the following CVE description and map it to the appropriate CWE. Provide a brief justification for your choice. Ensure the last line of your response contains only the CWE ID.  CVE Description: Gryphon Tower routers contain an unprotected openvpn configuration file which can grant attackers access to the Gryphon homebound VPN network which exposes the LAN interfaces of other users' devices connected to the same service. An attacker could leverage this to make configuration changes to, or otherwise attack victims' devices as though they were on an adjacent network. 	CWE-287	CWE-403
683	Analyze the following CVE description and map it to the appropriate CWE. Provide a brief justification for your choice. Ensure the last line of your response contains only the CWE ID.  CVE Description: An out-of-bounds read in the SNMP stack in Contiki-NG 4.4 and earlier allows an attacker to cause a denial of service and potentially disclose information via crafted SNMP packets to snmp_ber_decode_string_len_buffer in os/net/app-layer/snmp/snmp-ber.c. 	CWE-125	CWE ID: 200
684	Analyze the following CVE description and map it to the appropriate CWE. Provide a brief justification for your choice. Ensure the last line of your response contains only the CWE ID.  CVE Description: OpenSource Moddable v10.5.0 was discovered to contain a heap buffer overflow in the fxIDToString function at /moddable/xs/sources/xsSymbol.c. 	CWE-787	CWE ID: CVE-2023-12345
685	Analyze the following CVE description and map it to the appropriate CWE. Provide a brief justification for your choice. Ensure the last line of your response contains only the CWE ID.  CVE Description: Adobe Acrobat and Reader versions , 2019.012.20040 and earlier, 2017.011.30148 and earlier, 2017.011.30148 and earlier, 2015.006.30503 and earlier, and 2015.006.30503 and earlier have an out-of-bounds read vulnerability. Successful exploitation could lead to information disclosure . 	CWE-125	CWE ID: 305
686	Analyze the following CVE description and map it to the appropriate CWE. Provide a brief justification for your choice. Ensure the last line of your response contains only the CWE ID.  CVE Description: IBM Sterling File Gateway 2.2.0.0 through 6.1.1.0 is vulnerable to cross-site request forgery which could allow an attacker to execute malicious and unauthorized actions transmitted from a user that the website trusts. IBM X-Force ID: 197790. 	CWE-352	CWE-403
687	Analyze the following CVE description and map it to the appropriate CWE. Provide a brief justification for your choice. Ensure the last line of your response contains only the CWE ID.  CVE Description: Webroot SecureAnywhere before 9.0.8.34 on macOS mishandles access to the driver by a process that lacks root privileges. 	CWE-123	CWE ID: 403
688	Analyze the following CVE description and map it to the appropriate CWE. Provide a brief justification for your choice. Ensure the last line of your response contains only the CWE ID.  CVE Description: Laravel Framework through 8.70.2 does not sufficiently block the upload of executable PHP content because Illuminate/Validation/Concerns/ValidatesAttributes.php lacks a check for .phar files, which are handled as application/x-httpd-php on systems based on Debian. NOTE: this CVE Record is for Laravel Framework, and is unrelated to any reports concerning incorrectly written user applications for image upload. 	CWE-434	CWE ID: 403
689	Analyze the following CVE description and map it to the appropriate CWE. Provide a brief justification for your choice. Ensure the last line of your response contains only the CWE ID.  CVE Description: Nextcloud is an open-source, self-hosted productivity platform. The Nextcloud Contacts application prior to version 4.0.3 was vulnerable to a stored Cross-Site Scripting (XSS) vulnerability. For exploitation, a user would need to right-click on a malicious file and open the file in a new tab. Due the strict Content-Security-Policy shipped with Nextcloud, this issue is not exploitable on modern browsers supporting Content-Security-Policy. It is recommended that the Nextcloud Contacts application is upgraded to 4.0.3. As a workaround, one may use a browser that has support for Content-Security-Policy. 	CWE-79	CWE-403
690	Analyze the following CVE description and map it to the appropriate CWE. Provide a brief justification for your choice. Ensure the last line of your response contains only the CWE ID.  CVE Description: Adobe Acrobat and Reader versions 2019.012.20035 and earlier, 2019.012.20035 and earlier, 2017.011.30142 and earlier, 2017.011.30143 and earlier, 2015.006.30497 and earlier, and 2015.006.30498 and earlier have a heap overflow vulnerability. Successful exploitation could lead to arbitrary code execution . 	CWE-787	CWE ID: 305
691	Analyze the following CVE description and map it to the appropriate CWE. Provide a brief justification for your choice. Ensure the last line of your response contains only the CWE ID.  CVE Description: A stack-based buffer overflow in Fortinet FortiWeb version 6.4.1 and 6.4.0, allows an authenticated attacker to execute unauthorized code or commands via crafted certificates loaded into the device. 	CWE-787	CWE ID: 226
692	Analyze the following CVE description and map it to the appropriate CWE. Provide a brief justification for your choice. Ensure the last line of your response contains only the CWE ID.  CVE Description: The web interface of the Vertiv Avocent UMG-4000 version 4.2.1.19 is vulnerable to stored XSS. A remote attacker authenticated with an administrator account could store a maliciously named file within the web application that would execute each time a user browsed to the page. 	CWE-79	CWE-403
693	Analyze the following CVE description and map it to the appropriate CWE. Provide a brief justification for your choice. Ensure the last line of your response contains only the CWE ID.  CVE Description: NoMachine Server is affected by Buffer Overflow. IOCTL Handler 0x22001B in the NoMachine Server above 4.0.346 and below 7.7.4 allow local attackers to execute arbitrary code in kernel mode or cause a denial of service (memory corruption and OS crash) via specially crafted I/O Request Packet. 	CWE-120	CWE ID: 226
694	"Analyze the following CVE description and map it to the appropriate CWE. Provide a brief justification for your choice. Ensure the last line of your response contains only the CWE ID.  CVE Description: An un-authenticated error-based and time-based blind SQL injection vulnerability exists in Kaushik Jadhav Online Food Ordering Web App 1.0. An attacker can exploit the vulnerable ""username"" parameter in login.php and retrieve sensitive database information, as well as add an administrative user. "	CWE-89	CWE-403
695	Analyze the following CVE description and map it to the appropriate CWE. Provide a brief justification for your choice. Ensure the last line of your response contains only the CWE ID.  CVE Description: Cross-site scripting (XSS) vulnerability in demos/demo.mysqli.php in getID3 1.X and v2.0.0-beta allows remote attackers to inject arbitrary web script or HTML via the showtagfiles parameter. 	CWE-79	CWE ID: 47
696	Analyze the following CVE description and map it to the appropriate CWE. Provide a brief justification for your choice. Ensure the last line of your response contains only the CWE ID.  CVE Description: A buffer overflow in WildBit Viewer v6.6 allows attackers to cause a denial of service (DoS) via a crafted tga file. Related to Data from Faulting Address may be used as a return value starting at Editor!TMethodImplementationIntercept+0x528a3. 	CWE-120	CWE ID: 226
697	Analyze the following CVE description and map it to the appropriate CWE. Provide a brief justification for your choice. Ensure the last line of your response contains only the CWE ID.  CVE Description: A vulnerability in the ssl_inspection component of Cisco Firepower Threat Defense (FTD) Software could allow an unauthenticated, remote attacker to crash Snort instances. The vulnerability is due to insufficient input validation in the ssl_inspection component. An attacker could exploit this vulnerability by sending a malformed TLS packet through a Cisco Adaptive Security Appliance (ASA). A successful exploit could allow the attacker to crash a Snort instance, resulting in a denial of service (DoS) condition. 	CWE-20	CWE-422
698	Analyze the following CVE description and map it to the appropriate CWE. Provide a brief justification for your choice. Ensure the last line of your response contains only the CWE ID.  CVE Description: A cross-site scripting (XSS) vulnerability in Power Admin PA Server Monitor 8.2.1.1 allows remote attackers to inject arbitrary web script or HTML via Console.exe. 	CWE-79	CWE ID: 47
699	Analyze the following CVE description and map it to the appropriate CWE. Provide a brief justification for your choice. Ensure the last line of your response contains only the CWE ID.  CVE Description: A vulnerability in the Cisco Aironet Series Access Points (APs) software could allow an authenticated, adjacent attacker to cause an affected device to reload unexpectedly, resulting in a denial of service (DoS) condition. The vulnerability is due to a deadlock condition that may occur when an affected AP attempts to dequeue aggregated traffic that is destined to an attacker-controlled wireless client. An attacker who can successfully transition between multiple Service Set Identifiers (SSIDs) hosted on the same AP while replicating the required traffic patterns could trigger the deadlock condition. A watchdog timer that detects the condition will trigger a reload of the device, resulting in a DoS condition while the device restarts. 	CWE-667	CWE-403
700	Analyze the following CVE description and map it to the appropriate CWE. Provide a brief justification for your choice. Ensure the last line of your response contains only the CWE ID.  CVE Description: It was possible to bypass 2FA for LDAP users and access some specific pages with Basic Authentication in GitLab 14.1.1 and above. 	CWE-287	CWE ID: 403
701	Analyze the following CVE description and map it to the appropriate CWE. Provide a brief justification for your choice. Ensure the last line of your response contains only the CWE ID.  CVE Description: In asf extractor, there is a possible out of bounds read due to a heap buffer overflow. This could lead to local information disclosure with no additional execution privileges needed. User interaction is not needed for exploitation. Patch ID: ALPS05489178; Issue ID: ALPS05561381. 	CWE-125	CWE-419
702	Analyze the following CVE description and map it to the appropriate CWE. Provide a brief justification for your choice. Ensure the last line of your response contains only the CWE ID.  CVE Description: A Code Injection exists in tree-kill on Windows which allows a remote code execution when an attacker is able to control the input into the command. 	CWE-94	CWE ID: 47
703	Analyze the following CVE description and map it to the appropriate CWE. Provide a brief justification for your choice. Ensure the last line of your response contains only the CWE ID.  CVE Description: Spring Security versions 4.2.x prior to 4.2.12, 5.0.x prior to 5.0.12, and 5.1.x prior to 5.1.5 contain an insecure randomness vulnerability when using SecureRandomFactoryBean#setSeed to configure a SecureRandom instance. In order to be impacted, an honest application must provide a seed and make the resulting random material available to an attacker for inspection. 	CWE-330	CWE-307
704	Analyze the following CVE description and map it to the appropriate CWE. Provide a brief justification for your choice. Ensure the last line of your response contains only the CWE ID.  CVE Description: If hyperthreading is not disabled, a timing attack vulnerability exists, similar to previous Spectre attacks. Apple has shipped macOS 10.14.5 with an option to disable hyperthreading in applications running untrusted code in a thread through a new sysctl. Firefox now makes use of it on the main thread and any worker threads. *Note: users need to update to macOS 10.14.5 in order to take advantage of this change.*. This vulnerability affects Thunderbird < 60.7, Firefox < 67, and Firefox ESR < 60.7. 	CWE-203	CWE ID: 200
705	Analyze the following CVE description and map it to the appropriate CWE. Provide a brief justification for your choice. Ensure the last line of your response contains only the CWE ID.  CVE Description: IBM Cloud Pak for Automation 21.0.2 is vulnerable to cross-site scripting. This vulnerability allows users to embed arbitrary JavaScript code in the Web UI thus altering the intended functionality potentially leading to credentials disclosure within a trusted session. IBM X-Force ID: 212357. 	CWE-79	CWE-403
706	Analyze the following CVE description and map it to the appropriate CWE. Provide a brief justification for your choice. Ensure the last line of your response contains only the CWE ID.  CVE Description: A SQL injection vulnerability has been discovered in zz cms version 2019 which allows attackers to retrieve sensitive data via the dlid parameter in the /dl/dl_sendmail.php page cookie. 	CWE-89	CWE ID: 47
707	Analyze the following CVE description and map it to the appropriate CWE. Provide a brief justification for your choice. Ensure the last line of your response contains only the CWE ID.  CVE Description: A cross-site scripting (XSS) vulnerability in the parameter type_en of Maccms 10 allows attackers to obtain the administrator cookie and escalate privileges via a crafted payload. 	CWE-79	CWE-403
708	Analyze the following CVE description and map it to the appropriate CWE. Provide a brief justification for your choice. Ensure the last line of your response contains only the CWE ID.  CVE Description: NETSCOUT Systems nGeniusONE 6.3.0 build 1196 allows Reflected Cross-Site Scripting (XSS) in the support endpoint. 	CWE-79	CWE ID: 403
709	Analyze the following CVE description and map it to the appropriate CWE. Provide a brief justification for your choice. Ensure the last line of your response contains only the CWE ID.  CVE Description: Nibbleblog 4.0.5 on macOS defaults to having .DS_Store in each directory, causing DS_Store information to leak. 	CWE-200	"CWE: 5.1 (Unauthorized access to sensitive data)

Justification: The description explicitly mentions ""defaulting to .DS_Store in each directory,"" which is a clear indication of unauthorized access to sensitive data."
710	Analyze the following CVE description and map it to the appropriate CWE. Provide a brief justification for your choice. Ensure the last line of your response contains only the CWE ID.  CVE Description: Directory traversal vulnerability in the web application in Symmetricom s350i 2.70.15 allows remote attackers to read arbitrary files via a (1) ../ (dot dot slash) or (2) ..\ (dot dot forward slash) before a file name. 	CWE-22	CWE ID: 403
711	Analyze the following CVE description and map it to the appropriate CWE. Provide a brief justification for your choice. Ensure the last line of your response contains only the CWE ID.  CVE Description: Improper access control in mail module (channel partners) in Odoo Community 14.0 and earlier and Odoo Enterprise 14.0 and earlier, allows remote authenticated users to subscribe to arbitrary mail channels uninvited. 	CWE-862	CWE ID: 47
712	Analyze the following CVE description and map it to the appropriate CWE. Provide a brief justification for your choice. Ensure the last line of your response contains only the CWE ID.  CVE Description: A remote arbitrary command execution vulnerability was discovered in Aruba SD-WAN Software and Gateways; Aruba Operating System Software version(s): Prior to 8.6.0.4-2.2.0.4; Prior to 8.7.1.4, 8.6.0.9, 8.5.0.13, 8.3.0.16, 6.5.4.20, 6.4.4.25. Aruba has released patches for Aruba SD-WAN Software and Gateways and ArubaOS that address this security vulnerability. 	CWE-77	CWE-403
713	Analyze the following CVE description and map it to the appropriate CWE. Provide a brief justification for your choice. Ensure the last line of your response contains only the CWE ID.  CVE Description: Incorrect default permissions in the software installer for the Intel(R) VTune(TM) Profiler before version 2021.3.0 may allow an authenticated user to potentially enable escalation of privilege via local access. 	CWE-276	CWE-403
714	Analyze the following CVE description and map it to the appropriate CWE. Provide a brief justification for your choice. Ensure the last line of your response contains only the CWE ID.  CVE Description: Improper access control in GitLab CE/EE version 10.5 and above allowed subgroup members with inherited access to a project from a parent group to still have access even after the subgroup is transferred 	CWE-281	"CWE ID: 403

Justification: The description indicates that the access control policy was overly permissive, allowing inherited access to a project from a parent group. This violates the principle of least privilege, which is a core requirement of secure access control policies."
715	Analyze the following CVE description and map it to the appropriate CWE. Provide a brief justification for your choice. Ensure the last line of your response contains only the CWE ID.  CVE Description: SAP 3D Visual Enterprise Viewer, version - 9, allows a user to open manipulated U3D file received from untrusted sources which results in crashing of the application and becoming temporarily unavailable until the user restarts the application, this is caused due to Improper Input Validation. 	CWE-787	CWE-403
716	Analyze the following CVE description and map it to the appropriate CWE. Provide a brief justification for your choice. Ensure the last line of your response contains only the CWE ID.  CVE Description: OpenNMS version 18.0.1 and prior are vulnerable to a stored XSS issue due to insufficient filtering of SNMP agent supplied data. By creating a malicious SNMP 'sysName' or 'sysContact' response, an attacker can store an XSS payload which will trigger when a user of the web UI views the data. This issue was fixed in version 18.0.2, released on September 20, 2016. 	CWE-79	CWE-403
717	Analyze the following CVE description and map it to the appropriate CWE. Provide a brief justification for your choice. Ensure the last line of your response contains only the CWE ID.  CVE Description: Delta Electronics DIALink versions 1.2.4.0 and prior is vulnerable to cross-site scripting because an authenticated attacker can inject arbitrary JavaScript code into the parameter name of the API schedule, which may allow an attacker to remotely execute code. 	CWE-79	CWE ID: 47
718	Analyze the following CVE description and map it to the appropriate CWE. Provide a brief justification for your choice. Ensure the last line of your response contains only the CWE ID.  CVE Description: Studio 42 elFinder before 2.1.36 has a directory traversal vulnerability in elFinder.class.php with the zipdl() function that can allow a remote attacker to download files accessible by the web server process and delete files owned by the account running the web server process. 	CWE-22	CWE-403
719	Analyze the following CVE description and map it to the appropriate CWE. Provide a brief justification for your choice. Ensure the last line of your response contains only the CWE ID.  CVE Description: The containers/image library used by the container tools Podman, Buildah, and Skopeo in Red Hat Enterprise Linux version 8 and CRI-O in OpenShift Container Platform, does not enforce TLS connections to the container registry authorization service. An attacker could use this vulnerability to launch a MiTM attack and steal login credentials or bearer tokens. 	CWE-522	CWE-403
720	Analyze the following CVE description and map it to the appropriate CWE. Provide a brief justification for your choice. Ensure the last line of your response contains only the CWE ID.  CVE Description: An issue was discovered in CommentsService.ashx in OnyakTech Comments Pro 3.8. An attacker can download a copy of the installer, decompile it, and discover a hardcoded IV used to encrypt the username and userid in the comment POST request. Additionally, the attacker can decrypt the encrypted encryption key (sent as a parameter in the comment form request) by setting this encrypted value as the username, which will appear on the comment page in its decrypted form. Using these two values (combined with the encryption functionality discovered in the decompiled installer), the attacker can encrypt another user's ID and username. These values can be used as part of the comment posting request in order to spoof the user. 	CWE-798	CWE-403
721	Analyze the following CVE description and map it to the appropriate CWE. Provide a brief justification for your choice. Ensure the last line of your response contains only the CWE ID.  CVE Description: On BIG-IP versions 11.6.0-11.6.2 (fixed in 11.6.2 HF1), 12.0.0-12.1.2 HF1 (fixed in 12.1.2 HF2), or 13.0.0-13.0.0 HF2 (fixed in 13.0.0 HF3) a virtual server configured with a Client SSL profile may be vulnerable to an Adaptive Chosen Ciphertext attack (AKA Bleichenbacher attack) against RSA, which when exploited, may result in plaintext recovery of encrypted messages and/or a Man-in-the-middle (MiTM) attack, despite the attacker not having gained access to the server's private key itself, aka a ROBOT attack. 	CWE-203	CWE-102
722	Analyze the following CVE description and map it to the appropriate CWE. Provide a brief justification for your choice. Ensure the last line of your response contains only the CWE ID.  CVE Description: InHand Networks IR615 Router's Versions 2.3.0.r4724 and 2.3.0.r4870 have inadequate encryption strength, which may allow an attacker to intercept the communication and steal sensitive information or hijack the session. 	CWE-326	CWE ID: 47
723	Analyze the following CVE description and map it to the appropriate CWE. Provide a brief justification for your choice. Ensure the last line of your response contains only the CWE ID.  CVE Description: A vulnerability has been identified in Solid Edge SE2020 (All Versions < SE2020MP12), Solid Edge SE2021 (All Versions < SE2021MP2). Affected applications lack proper validation of user-supplied data when parsing PAR files. This could result in a out of bounds write past the end of an allocated structure. An attacker could leverage this vulnerability to execute code in the context of the current process. 	CWE-787	CWE-422
724	Analyze the following CVE description and map it to the appropriate CWE. Provide a brief justification for your choice. Ensure the last line of your response contains only the CWE ID.  CVE Description: On Draytek Vigor3900, Vigor2960, and Vigor 300B devices before 1.5.1.1, there are some command-injection vulnerabilities in the mainfunction.cgi file. 	CWE-77	CWE ID: 403
725	Analyze the following CVE description and map it to the appropriate CWE. Provide a brief justification for your choice. Ensure the last line of your response contains only the CWE ID.  CVE Description: A SQL-Injection vulnerability in the nTracker USB Enterprise(secure USB management solution) allows a remote unauthenticated attacker to perform SQL query to access username password and other session related information. 	CWE-89	CWE-403
726	Analyze the following CVE description and map it to the appropriate CWE. Provide a brief justification for your choice. Ensure the last line of your response contains only the CWE ID.  CVE Description: An issue exists within Akkadian Provisioning Manager 4.50.02 which allows attackers to view sensitive information within the /pme subdirectories. 	CWE-668	CWE ID: 47
727	Analyze the following CVE description and map it to the appropriate CWE. Provide a brief justification for your choice. Ensure the last line of your response contains only the CWE ID.  CVE Description: Adobe Acrobat and Reader versions , 2019.012.20040 and earlier, 2017.011.30148 and earlier, 2017.011.30148 and earlier, 2015.006.30503 and earlier, and 2015.006.30503 and earlier have a type confusion vulnerability. Successful exploitation could lead to arbitrary code execution . 	CWE-843	CWE ID: 305
728	Analyze the following CVE description and map it to the appropriate CWE. Provide a brief justification for your choice. Ensure the last line of your response contains only the CWE ID.  CVE Description: Afian FileRun 2021.03.26 allows stored XSS via an HTTP X-Forwarded-For header that is mishandled when rendering Activity Logs. 	CWE-79	CWE-5
729	Analyze the following CVE description and map it to the appropriate CWE. Provide a brief justification for your choice. Ensure the last line of your response contains only the CWE ID.  CVE Description: Cross Site Scripting (XSS) vulnerability exists in UEditor v1.4.3.3, which can be exploited by an attacker to obtain user cookie information. 	CWE-79	CWE ID: 403
730	Analyze the following CVE description and map it to the appropriate CWE. Provide a brief justification for your choice. Ensure the last line of your response contains only the CWE ID.  CVE Description: In Spring AMQP versions 2.2.0 - 2.2.18 and 2.3.0 - 2.3.10, the Spring AMQP Message object, in its toString() method, will deserialize a body for a message with content type application/x-java-serialized-object. It is possible to construct a malicious java.util.Dictionary object that can cause 100% CPU usage in the application if the toString() method is called. 	CWE-502	CWE ID: 200
731	Analyze the following CVE description and map it to the appropriate CWE. Provide a brief justification for your choice. Ensure the last line of your response contains only the CWE ID.  CVE Description: Adobe Acrobat and Reader versions , 2019.012.20040 and earlier, 2017.011.30148 and earlier, 2017.011.30148 and earlier, 2015.006.30503 and earlier, and 2015.006.30503 and earlier have an out-of-bounds read vulnerability. Successful exploitation could lead to information disclosure . 	CWE-125	CWE ID: 305
732	Analyze the following CVE description and map it to the appropriate CWE. Provide a brief justification for your choice. Ensure the last line of your response contains only the CWE ID.  CVE Description: An information disclosure vulnerability exists in GitLab CE/EE <v12.3.2, <v12.2.6, and <v12.1.12 that allowed an attacker to view private system notes from a GraphQL endpoint. 	CWE-862	CWE-403
733	Analyze the following CVE description and map it to the appropriate CWE. Provide a brief justification for your choice. Ensure the last line of your response contains only the CWE ID.  CVE Description: Trusty contains a vulnerability in the NVIDIA TLK kernel function where a lack of checks allows the exploitation of an integer overflow through a specific SMC call that is triggered by the user, which may lead to denial of service. 	CWE-190	CWE-419
734	Analyze the following CVE description and map it to the appropriate CWE. Provide a brief justification for your choice. Ensure the last line of your response contains only the CWE ID.  CVE Description: Visual Components (owned by KUKA) is a robotic simulator that allows simulating factories and robots in order toimprove planning and decision-making processes. Visual Components software requires a special license which can beobtained from a network license server. The network license server binds to all interfaces (0.0.0.0) and listensfor packets over UDP port 5093. No authentication/authorization is required in order to communicate with theserver. The protocol being used is a property protocol by RMS Sentinel which provides the licensing infrastructurefor the network license server. RMS Sentinel license manager service exposes UDP port 5093 which provides sensitivesystem information that could be leveraged for further exploitation without any kind of authentication. Thisinformation includes detailed hardware and OS characteristics.After a decryption process, a textual protocol is found which contains a simple header with the requested command,application-identifier, and some arguments. The protocol leaks information regarding the receiving serverinformation, license information and managing licenses, among others.Through this flaw, attackers can retreive information about a KUKA simulation system, particularly, the version ofthe licensing server, which is connected to the simulator, and which will allow them to launch local simulationswith similar characteristics, further understanding the dynamics of motion virtualization and opening doors toother attacks (see RVDP#711 and RVDP#712 for subsequent vulnerabilities that compromise integrity andavailability).Beyond compromising simulations, Visual Components provides capabilities to interface with industrial machinery.Particularly, their PLC Connectivity feature 'makes it easy' to connect simulations with control systems usingeither the industry standard OPC UA or other supported vendor specific interfaces. This fills the gap of jumpingfrom simulation to real and enables attackers to pivot from the Visual Components simulator to robots or otherIndustrial Control System (ICS) devices, such as PLCs. 	CWE-306	CWE-403
735	Analyze the following CVE description and map it to the appropriate CWE. Provide a brief justification for your choice. Ensure the last line of your response contains only the CWE ID.  CVE Description: Clustering master branch as of commit 53e663e259bcfc8cdecb56c0bb255bd70bfcaa70 is affected by a directory traversal vulnerability. This attack can cause the disclosure of critical secrets stored anywhere on the system and can significantly aid in getting remote code access. 	CWE-22	CWE ID: CVE-2023-XXXX
736	Analyze the following CVE description and map it to the appropriate CWE. Provide a brief justification for your choice. Ensure the last line of your response contains only the CWE ID.  CVE Description: An issue was discovered in libjpeg through 2020021. A NULL pointer dereference exists in the function HuffmanDecoder::Get() located in huffmandecoder.hpp. It allows an attacker to cause Denial of Service. 	CWE-476	CWE ID: 47
737	Analyze the following CVE description and map it to the appropriate CWE. Provide a brief justification for your choice. Ensure the last line of your response contains only the CWE ID.  CVE Description: A cross-site request forgery (CSRF) in MipCMS v5.0.1 allows attackers to arbitrarily add users via index.php?s=/user/ApiAdminUser/itemAdd. 	CWE-352	CWE ID: 47
738	Analyze the following CVE description and map it to the appropriate CWE. Provide a brief justification for your choice. Ensure the last line of your response contains only the CWE ID.  CVE Description: The create_post_page AJAX action of the Custom Post View Generator WordPress plugin through 0.4.6 (available to authenticated user) does not sanitise or escape user input before outputting it back in the response, leading to a Reflected Cross-Site issue 	CWE-79	CWE-403
739	Analyze the following CVE description and map it to the appropriate CWE. Provide a brief justification for your choice. Ensure the last line of your response contains only the CWE ID.  CVE Description: DaviewIndy 8.98.7 and earlier versions have a Heap-based overflow vulnerability, triggered when the user opens a malformed JPEG2000 format file that is mishandled by Daview.exe. Attackers could exploit this and arbitrary code execution. 	CWE-787	CWE-419
740	Analyze the following CVE description and map it to the appropriate CWE. Provide a brief justification for your choice. Ensure the last line of your response contains only the CWE ID.  CVE Description: An issue was discovered in iPortalis iCS 7.1.13.0. An attacker can gain privileges by intercepting a request and changing UserRoleKey=COMPANY_ADMIN to UserRoleKey=DOMAIN_ADMIN (to achieve Domain Administrator access). 	CWE-20	CWE-403
741	Analyze the following CVE description and map it to the appropriate CWE. Provide a brief justification for your choice. Ensure the last line of your response contains only the CWE ID.  CVE Description: The NetApp ONTAP Select Deploy administration utility 2.0 through 2.2.1 might allow remote attackers to obtain sensitive information via unspecified vectors. 	CWE-200	CWE: 2.1
742	Analyze the following CVE description and map it to the appropriate CWE. Provide a brief justification for your choice. Ensure the last line of your response contains only the CWE ID.  CVE Description: In (TBD) of (TBD), there is a possible out of bounds write due to a missing bounds check. This could lead to local escalation of privilege with System execution privileges needed. User interaction is not needed for exploitation.Product: AndroidVersions: Android kernelAndroid ID: A-169763055References: N/A 	CWE-787	CWE-419
743	Analyze the following CVE description and map it to the appropriate CWE. Provide a brief justification for your choice. Ensure the last line of your response contains only the CWE ID.  CVE Description: DedeCMS v7.5 SP2 was discovered to contain multiple cross-site scripting (XSS) vulnerabilities in the component sys_admin_user_edit.php via the `filename`, `mid`, `userid`, and `templet' parameters. 	CWE-79	CWE-403
744	Analyze the following CVE description and map it to the appropriate CWE. Provide a brief justification for your choice. Ensure the last line of your response contains only the CWE ID.  CVE Description: An information disclosure vulnerability was reported in some Motorola-branded Binatone Hubble Cameras that could allow an attacker with physical access to obtain the encryption key used to decrypt firmware update packages. 	CWE-326	CWE-403
745	Analyze the following CVE description and map it to the appropriate CWE. Provide a brief justification for your choice. Ensure the last line of your response contains only the CWE ID.  CVE Description: Adobe Acrobat and Reader versions 2019.012.20035 and earlier, 2019.012.20035 and earlier, 2017.011.30142 and earlier, 2017.011.30143 and earlier, 2015.006.30497 and earlier, and 2015.006.30498 and earlier have an use after free vulnerability. Successful exploitation could lead to arbitrary code execution . 	CWE-416	CWE ID: 403
746	Analyze the following CVE description and map it to the appropriate CWE. Provide a brief justification for your choice. Ensure the last line of your response contains only the CWE ID.  CVE Description: A stack overflow was addressed with improved input validation. This issue is fixed in iOS 14.7, macOS Big Sur 11.5, watchOS 7.6, tvOS 14.7, Security Update 2021-005 Mojave, Security Update 2021-004 Catalina. Processing a maliciously crafted font file may lead to arbitrary code execution. 	CWE-787	CWE ID: 403
747	Analyze the following CVE description and map it to the appropriate CWE. Provide a brief justification for your choice. Ensure the last line of your response contains only the CWE ID.  CVE Description: Authenticated Persistent Cross-Site Scripting (XSS) vulnerability in WordPress Popular Posts plugin (versions <= 5.3.3). Vulnerable at &widget-wpp[2][post_type]. 	CWE-79	CWE-403
748	Analyze the following CVE description and map it to the appropriate CWE. Provide a brief justification for your choice. Ensure the last line of your response contains only the CWE ID.  CVE Description: A memory corruption issue was addressed with improved memory handling. This issue is fixed in iOS 14.8 and iPadOS 14.8, Safari 15, iOS 15 and iPadOS 15. Processing maliciously crafted web content may lead to code execution. 	CWE-787	CWE-419
749	Analyze the following CVE description and map it to the appropriate CWE. Provide a brief justification for your choice. Ensure the last line of your response contains only the CWE ID.  CVE Description: An issue was discovered on Digi TransPort Gateway devices through 5.2.13.4. They do not set the Secure attribute for sensitive cookies in HTTPS sessions, which could cause the user agent to send those cookies in cleartext over an HTTP session. 	CWE-311	CWE-422
750	Analyze the following CVE description and map it to the appropriate CWE. Provide a brief justification for your choice. Ensure the last line of your response contains only the CWE ID.  CVE Description: Multiple cross-site scripting (XSS) vulnerabilities in the Sales module of SugarCRM v6.5.18 allows attackers to execute arbitrary web scripts or HTML via crafted payloads entered into the primary address state or alternate address state input fields. 	CWE-79	CWE ID: 47
751	Analyze the following CVE description and map it to the appropriate CWE. Provide a brief justification for your choice. Ensure the last line of your response contains only the CWE ID.  CVE Description: An issue was discovered in OpenCV before 4.1.1. There is a NULL pointer dereference in the function cv::XMLParser::parse at modules/core/src/persistence.cpp. 	CWE-476	"CWE ID: 343

Justification: The NULL pointer dereference occurs at a vulnerable point in the code, which is a classic example of a pointer dereference vulnerability. This can lead to undefined behavior or crashes, making it a high-risk issue."
752	Analyze the following CVE description and map it to the appropriate CWE. Provide a brief justification for your choice. Ensure the last line of your response contains only the CWE ID.  CVE Description: An issue was discovered in Xen XAPI before 2020-12-15. Certain xenstore keys provide feedback from the guest, and are therefore watched by toolstack. Specifically, keys are watched by xenopsd, and data are forwarded via RPC through message-switch to xapi. The watching logic in xenopsd sends one RPC update containing all data, any time any single xenstore key is updated, and therefore has O(N^2) time complexity. Furthermore, message-switch retains recent (currently 128) RPC messages for diagnostic purposes, yielding O(M*N) space complexity. The quantity of memory a single guest can monopolise is bounded by xenstored quota, but the quota is fairly large. It is believed to be in excess of 1G per malicious guest. In practice, this manifests as a host denial of service, either through message-switch thrashing against swap, or OOMing entirely, depending on dom0's configuration. (There are no quotas in xenopsd to limit the quantity of keys that result in RPC traffic.) A buggy or malicious guest can cause unreasonable memory usage in dom0, resulting in a host denial of service. All versions of XAPI are vulnerable. Systems that are not using the XAPI toolstack are not vulnerable. 	CWE-770	O
753	Analyze the following CVE description and map it to the appropriate CWE. Provide a brief justification for your choice. Ensure the last line of your response contains only the CWE ID.  CVE Description: A local attacker could bypass the app password using a race condition in Sophos Secure Workspace for Android before version 9.7.3115. 	CWE-362	CWE-403
754	Analyze the following CVE description and map it to the appropriate CWE. Provide a brief justification for your choice. Ensure the last line of your response contains only the CWE ID.  CVE Description: IBM Jazz for Service Management and IBM Tivoli Netcool/OMNIbus_GUI 8.1.0 is vulnerable to cross-site scripting. This vulnerability allows users to embed arbitrary JavaScript code in the Web UI thus altering the intended functionality potentially leading to credentials disclosure within a trusted session. IBM X-Force ID: 204348. 	CWE-79	CWE-403
755	Analyze the following CVE description and map it to the appropriate CWE. Provide a brief justification for your choice. Ensure the last line of your response contains only the CWE ID.  CVE Description: In flv extractor, there is a possible out of bounds read due to an incorrect bounds check. This could lead to local information disclosure with no additional execution privileges needed. User interaction is not needed for exploitation. Patch ID: ALPS05561360; Issue ID: ALPS05561360. 	CWE-125	CWE-419
756	Analyze the following CVE description and map it to the appropriate CWE. Provide a brief justification for your choice. Ensure the last line of your response contains only the CWE ID.  CVE Description: This affects the package jointjs before 3.4.2. A type confusion vulnerability can lead to a bypass of CVE-2020-28480 when the user-provided keys used in the path parameter are arrays in the setByPath function. 	CWE-843	CWE-422
757	Analyze the following CVE description and map it to the appropriate CWE. Provide a brief justification for your choice. Ensure the last line of your response contains only the CWE ID.  CVE Description: Adobe Photoshop CC versions 19.1.8 and earlier and 20.0.5 and earlier have an out of bound write vulnerability. Successful exploitation could lead to arbitrary code execution. 	CWE-787	"CWE ID: 214

Justification: The out of bound write vulnerability in Adobe Photoshop CC versions 19.1.8 and earlier is a classic example of a buffer overflow, which is a well-known CWE. The exploit could lead to arbitrary code execution, making it a high-risk vulnerability."
758	Analyze the following CVE description and map it to the appropriate CWE. Provide a brief justification for your choice. Ensure the last line of your response contains only the CWE ID.  CVE Description: A heap-buffer overflow vulnerability was found in the Redis hyperloglog data structure versions 3.x before 3.2.13, 4.x before 4.0.14 and 5.x before 5.0.4. By carefully corrupting a hyperloglog using the SETRANGE command, an attacker could trick Redis interpretation of dense HLL encoding to write up to 3 bytes beyond the end of a heap-allocated buffer. 	CWE-787	CWE-419
759	"Analyze the following CVE description and map it to the appropriate CWE. Provide a brief justification for your choice. Ensure the last line of your response contains only the CWE ID.  CVE Description: An issue was discovered in Nsasoft US LLC SpotAuditor 5.3.5. The program can be crashed by entering 300 bytes char data into the ""Key"" or ""Name"" field while registering. "	CWE-120	CWE ID: 342
760	Analyze the following CVE description and map it to the appropriate CWE. Provide a brief justification for your choice. Ensure the last line of your response contains only the CWE ID.  CVE Description: An issue was discovered in GoAhead 4.x and 5.x before 5.1.5. In the file upload filter, user form variables can be passed to CGI scripts without being prefixed with the CGI prefix. This permits tunneling untrusted environment variables into vulnerable CGI scripts. 	CWE-434	CWE-403
761	Analyze the following CVE description and map it to the appropriate CWE. Provide a brief justification for your choice. Ensure the last line of your response contains only the CWE ID.  CVE Description: Assuming system privilege is gained, possible buffer overflow vulnerabilities in the Vision DSP kernel driver prior to SMR Oct-2021 Release 1 allows privilege escalation to Root by hijacking loaded library. 	CWE-120	CWE ID: 47
762	Analyze the following CVE description and map it to the appropriate CWE. Provide a brief justification for your choice. Ensure the last line of your response contains only the CWE ID.  CVE Description: Untrusted search path vulnerability in The installer of Windows 10 Fall Creators Update Modify module for Security Measures tool allows an attacker to gain privileges via a Trojan horse DLL in an unspecified directory. 	CWE-427	CWE ID: 47
763	Analyze the following CVE description and map it to the appropriate CWE. Provide a brief justification for your choice. Ensure the last line of your response contains only the CWE ID.  CVE Description: An arbitrary file upload vulnerability in Feehi CMS v2.0.8 and below allows attackers to execute arbitrary code via a crafted PHP file. 	CWE-434	CWE ID: 47
764	Analyze the following CVE description and map it to the appropriate CWE. Provide a brief justification for your choice. Ensure the last line of your response contains only the CWE ID.  CVE Description: Mattermost 5.38 and earlier fails to sufficiently sanitize clipboard contents, which allows a user-assisted attacker to inject arbitrary web script in product deployments that explicitly disable the default CSP. 	CWE-79	CWE-403
765	Analyze the following CVE description and map it to the appropriate CWE. Provide a brief justification for your choice. Ensure the last line of your response contains only the CWE ID.  CVE Description: Cross-site scripting (XSS) vulnerability in templates/installer/step-004.inc.php in spotweb 1.5.1 and below allow remote attackers to inject arbitrary web script or HTML via the lastname parameter. 	CWE-79	CWE ID: 47
766	Analyze the following CVE description and map it to the appropriate CWE. Provide a brief justification for your choice. Ensure the last line of your response contains only the CWE ID.  CVE Description: InHand Networks IR615 Router's Versions 2.3.0.r4724 and 2.3.0.r4870 do not have a filter or signature check to detect or prevent an upload of malicious files to the server, which may allow an attacker, acting as an administrator, to upload malicious files. This could result in cross-site scripting, deletion of system files, and remote code execution. 	CWE-434	CWE ID: 47
767	Analyze the following CVE description and map it to the appropriate CWE. Provide a brief justification for your choice. Ensure the last line of your response contains only the CWE ID.  CVE Description: There is a Improper Input Validation vulnerability in Huawei Smartphone.Successful exploitation of this vulnerability will cause kernel crash. 	CWE-20	CWE ID: 47
768	Analyze the following CVE description and map it to the appropriate CWE. Provide a brief justification for your choice. Ensure the last line of your response contains only the CWE ID.  CVE Description: BEESCMS v4.0 was discovered to contain an arbitrary file upload vulnerability via the component /admin/upload.php. This vulnerability allows attackers to execute arbitrary code via a crafted image file. 	CWE-434	CWE ID: 47
769	Analyze the following CVE description and map it to the appropriate CWE. Provide a brief justification for your choice. Ensure the last line of your response contains only the CWE ID.  CVE Description: An issue was discovered in Zammad before 4.1.1. An attacker with valid agent credentials may send a series of crafted requests that cause an endless loop and thus cause denial of service. 	CWE-835	CWE-403
770	Analyze the following CVE description and map it to the appropriate CWE. Provide a brief justification for your choice. Ensure the last line of your response contains only the CWE ID.  CVE Description: There is a Permission Control Vulnerability in Huawei Smartphone.Successful exploitation of this vulnerability may cause certain codes to be executed. 	CWE-863	CWE ID: 47
771	Analyze the following CVE description and map it to the appropriate CWE. Provide a brief justification for your choice. Ensure the last line of your response contains only the CWE ID.  CVE Description: ManageEngine ADManager Plus Build 7111 contains a post-authentication remote code execution vulnerability due to improperly validated file uploads in the Personalization interface. 	CWE-434	CWE ID: 47
772	Analyze the following CVE description and map it to the appropriate CWE. Provide a brief justification for your choice. Ensure the last line of your response contains only the CWE ID.  CVE Description: Online Pet Shop We App 1.0 is vulnerable to Union SQL Injection in products.php (aka p=products) via the c or s parameter. 	CWE-89	CWE-403
773	Analyze the following CVE description and map it to the appropriate CWE. Provide a brief justification for your choice. Ensure the last line of your response contains only the CWE ID.  CVE Description: On BIG-IP version 16.x before 16.1.0 and 15.1.x before 15.1.3.1, when a DNS profile using a DNS cache resolver is configured on a virtual server, undisclosed requests can cause the Traffic Management Microkernel (TMM) process to terminate. Note: Software versions which have reached End of Technical Support (EoTS) are not evaluated. 	CWE-668	CWE-403
774	Analyze the following CVE description and map it to the appropriate CWE. Provide a brief justification for your choice. Ensure the last line of your response contains only the CWE ID.  CVE Description: A security researcher stored XSS via a Help Server setting. This affects customers using Internet Explorer, because they do not support 'rel=noopener'. 	CWE-79	CWE ID: 403
775	Analyze the following CVE description and map it to the appropriate CWE. Provide a brief justification for your choice. Ensure the last line of your response contains only the CWE ID.  CVE Description: Adobe Acrobat and Reader versions 2019.010.20069 and earlier, 2019.010.20069 and earlier, 2017.011.30113 and earlier version, and 2015.006.30464 and earlier have an out-of-bounds read vulnerability. Successful exploitation could lead to information disclosure. 	CWE-125	CWE ID: 305
776	Analyze the following CVE description and map it to the appropriate CWE. Provide a brief justification for your choice. Ensure the last line of your response contains only the CWE ID.  CVE Description: In PHP versions 7.3.x below 7.3.27, 7.4.x below 7.4.15 and 8.0.x below 8.0.2, when using SOAP extension to connect to a SOAP server, a malicious SOAP server could return malformed XML data as a response that would cause PHP to access a null pointer and thus cause a crash. 	CWE-476	CWE ID: 200
777	Analyze the following CVE description and map it to the appropriate CWE. Provide a brief justification for your choice. Ensure the last line of your response contains only the CWE ID.  CVE Description: Adobe Acrobat and Reader versions, 2019.021.20061 and earlier, 2017.011.30156 and earlier, 2017.011.30156 and earlier, and 2015.006.30508 and earlier have a heap overflow vulnerability. Successful exploitation could lead to arbitrary code execution . 	CWE-787	CWE ID: 305
778	Analyze the following CVE description and map it to the appropriate CWE. Provide a brief justification for your choice. Ensure the last line of your response contains only the CWE ID.  CVE Description: An improper validation vulnerability in FilterProvider prior to SMR Dec-2021 Release 1 allows attackers to write arbitrary files via a path traversal vulnerability. 	CWE-22	CWE ID: 47
779	"Analyze the following CVE description and map it to the appropriate CWE. Provide a brief justification for your choice. Ensure the last line of your response contains only the CWE ID.  CVE Description: The Xamarin.iOS update component on systems running macOS allows an attacker to run arbitrary code as root, aka ""Xamarin.iOS Elevation Of Privilege Vulnerability."" "	CWE-732	CWE ID: 47
780	Analyze the following CVE description and map it to the appropriate CWE. Provide a brief justification for your choice. Ensure the last line of your response contains only the CWE ID.  CVE Description: A remote SQL injection vulnerability was discovered in Aruba ClearPass Policy Manager version(s): ClearPass Policy Manager 6.10.x prior to 6.10.2 - - ClearPass Policy Manager 6.9.x prior to 6.9.7-HF1 - - ClearPass Policy Manager 6.8.x prior to 6.8.9-HF1. Aruba has released patches for ClearPass Policy Manager that address this security vulnerability. 	CWE-89	CWE-403
781	Analyze the following CVE description and map it to the appropriate CWE. Provide a brief justification for your choice. Ensure the last line of your response contains only the CWE ID.  CVE Description: The Windows component of Centrify Authentication and Privilege Elevation Services 3.4.0, 3.4.1, 3.4.2, 3.4.3, 3.5.0, 3.5.1 (18.8), 3.5.2 (18.11), and 3.6.0 (19.6) does not properly handle an unspecified exception during use of partially trusted assemblies to serialize input data, which allows attackers to execute arbitrary code inside the Centrify process via (1) a crafted application that makes a pipe connection to the process and sends malicious serialized data or (2) a crafted Microsoft Management Console snap-in control file. 	CWE-502	CWE-403
782	Analyze the following CVE description and map it to the appropriate CWE. Provide a brief justification for your choice. Ensure the last line of your response contains only the CWE ID.  CVE Description: Adobe Acrobat and Reader versions , 2019.021.20056 and earlier, 2017.011.30152 and earlier, 2017.011.30155 and earlier version, 2017.011.30152 and earlier, and 2015.006.30505 and earlier have an untrusted pointer dereference vulnerability. Successful exploitation could lead to arbitrary code execution . 	CWE-119	CWE ID: 305
783	Analyze the following CVE description and map it to the appropriate CWE. Provide a brief justification for your choice. Ensure the last line of your response contains only the CWE ID.  CVE Description: FFmpeg 4.2 is affected by a Divide By Zero issue via libavcodec/aacpsy.c, which allows a remote malicious user to cause a Denial of Service. 	CWE-369	"CWE ID: 403

Justification: The CVE describes a Divide By Zero vulnerability in libavcodec/aacpsy, which can lead to denial of service by crashing the application when the libavcodec library is unavailable."
784	Analyze the following CVE description and map it to the appropriate CWE. Provide a brief justification for your choice. Ensure the last line of your response contains only the CWE ID.  CVE Description: Gitea 1.12.x and 1.13.x before 1.13.4 allows XSS via certain issue data in some situations. 	CWE-79	CWE ID: 403
785	Analyze the following CVE description and map it to the appropriate CWE. Provide a brief justification for your choice. Ensure the last line of your response contains only the CWE ID.  CVE Description: E-Learning System 1.0 suffers from an unauthenticated SQL injection vulnerability, which allows remote attackers to execute arbitrary code on the hosting web server and gain a reverse shell. 	CWE-89	CWE-403
786	Analyze the following CVE description and map it to the appropriate CWE. Provide a brief justification for your choice. Ensure the last line of your response contains only the CWE ID.  CVE Description: OX App Suite through 7.10.5 allows XSS via JavaScript code in a shared XCF file. 	CWE-79	CWE ID: 403
787	Analyze the following CVE description and map it to the appropriate CWE. Provide a brief justification for your choice. Ensure the last line of your response contains only the CWE ID.  CVE Description: Zoho ManageEngine ADManager Plus version 7110 and prior allows unrestricted file upload which leads to remote code execution. 	CWE-434	CWE ID: 403
788	Analyze the following CVE description and map it to the appropriate CWE. Provide a brief justification for your choice. Ensure the last line of your response contains only the CWE ID.  CVE Description: Adobe Acrobat and Reader versions , 2019.012.20040 and earlier, 2017.011.30148 and earlier, 2017.011.30148 and earlier, 2015.006.30503 and earlier, and 2015.006.30503 and earlier have an untrusted pointer dereference vulnerability. Successful exploitation could lead to arbitrary code execution . 	CWE-119	CWE ID: 305
789	Analyze the following CVE description and map it to the appropriate CWE. Provide a brief justification for your choice. Ensure the last line of your response contains only the CWE ID.  CVE Description: Adobe Photoshop CC 2019 versions 20.0.8 and earlier, and Photoshop 2020 versions 21.1 and earlier have a memory corruption vulnerability. Successful exploitation could lead to arbitrary code execution. 	CWE-787	CWE ID: 47
790	Analyze the following CVE description and map it to the appropriate CWE. Provide a brief justification for your choice. Ensure the last line of your response contains only the CWE ID.  CVE Description: A parsing issue in the handling of directory paths was addressed with improved path validation. This issue is fixed in Security Update 2021-002 Catalina, Security Update 2021-003 Mojave, iOS 14.5 and iPadOS 14.5, watchOS 7.4, tvOS 14.5, macOS Big Sur 11.3. A local user may be able to modify protected parts of the file system. 	CWE-22	CWE ID: 403
791	"Analyze the following CVE description and map it to the appropriate CWE. Provide a brief justification for your choice. Ensure the last line of your response contains only the CWE ID.  CVE Description: A vulnerability was reported in some Lenovo Desktop models that could allow unauthorized access to the boot menu, when the ""BIOS Password At Boot Device List"" BIOS setting is Yes. "	CWE-287	"CWE: 47

Justification: The vulnerability exploits a misconfigured BIOS setting, allowing unauthorized access to the boot menu by enabling the ""BIOS Password At Boot Device List"" option. This is a common issue in legacy systems and can be exploited by attackers to gain control of the system."
792	"Analyze the following CVE description and map it to the appropriate CWE. Provide a brief justification for your choice. Ensure the last line of your response contains only the CWE ID.  CVE Description: Eyoucms 1.5.4 is vulnerable to Directory Traversal. Due to a lack of input data sanitizaton in param tpldir, filename, type, nid an attacker can inject ""../"" to escape and write file to writeable directories. "	CWE-22	CWE ID: 47
793	Analyze the following CVE description and map it to the appropriate CWE. Provide a brief justification for your choice. Ensure the last line of your response contains only the CWE ID.  CVE Description: The Markdown editor in YXBJ before 8.3.2 on macOS has stored XSS. This behavior may be encountered by some Evernote users; however, it is a vulnerability in YXBJ, not a vulnerability in Evernote. 	CWE-79	CWE ID: 47
794	Analyze the following CVE description and map it to the appropriate CWE. Provide a brief justification for your choice. Ensure the last line of your response contains only the CWE ID.  CVE Description: There is a Improper Input Validation vulnerability in Huawei Smartphone.Successful exploitation of this vulnerability will cause kernel crash. 	CWE-20	CWE ID: 47
795	Analyze the following CVE description and map it to the appropriate CWE. Provide a brief justification for your choice. Ensure the last line of your response contains only the CWE ID.  CVE Description: mySCADA myPRO: Versions 8.20.0 and prior has a feature to send emails, which may allow an attacker to inject arbitrary operating system commands through a specific parameter. 	CWE-78	CWE-403
796	Analyze the following CVE description and map it to the appropriate CWE. Provide a brief justification for your choice. Ensure the last line of your response contains only the CWE ID.  CVE Description: TI’s BLE stack caches and reuses the LTK’s property for a bonded mobile. A LTK can be an unauthenticated-and-no-MITM-protection key created by Just Works or an authenticated-and-MITM-protection key created by Passkey Entry, Numeric Comparison or OOB. Assume that a victim mobile uses secure pairing to pair with a victim BLE device based on TI chips and generate an authenticated-and-MITM-protection LTK. If a fake mobile with the victim mobile’s MAC address uses Just Works and pairs with the victim device, the generated LTK still has the property of authenticated-and-MITM-protection. Therefore, the fake mobile can access attributes with the authenticated read/write permission. 	CWE-863	CWE-307
797	Analyze the following CVE description and map it to the appropriate CWE. Provide a brief justification for your choice. Ensure the last line of your response contains only the CWE ID.  CVE Description: An issue was discovered on Compro IP70 2.08_7130218, IP570 2.08_7130520, IP60, and TN540 devices. /cgi-bin/support/killps.cgi deletes all data from the device. 	CWE-862	CWE ID: 403
798	Analyze the following CVE description and map it to the appropriate CWE. Provide a brief justification for your choice. Ensure the last line of your response contains only the CWE ID.  CVE Description: An issue was discovered in swftools through 20200710. A NULL pointer dereference exists in the function swf_DumpActions() located in swfaction.c. It allows an attacker to cause Denial of Service. 	CWE-476	CWE ID: 47
799	Analyze the following CVE description and map it to the appropriate CWE. Provide a brief justification for your choice. Ensure the last line of your response contains only the CWE ID.  CVE Description: A cross-site scripting (XSS) vulnerability in the Editing component of lemon V1.10.0 allows attackers to execute arbitrary web scripts or HTML. 	CWE-79	CWE ID: 47
800	Analyze the following CVE description and map it to the appropriate CWE. Provide a brief justification for your choice. Ensure the last line of your response contains only the CWE ID.  CVE Description: TensorFlow is an open source platform for machine learning. In affected versions the code for boosted trees in TensorFlow is still missing validation. As a result, attackers can trigger denial of service (via dereferencing `nullptr`s or via `CHECK`-failures) as well as abuse undefined behavior (binding references to `nullptr`s). An attacker can also read and write from heap buffers, depending on the API that gets used and the arguments that are passed to the call. Given that the boosted trees implementation in TensorFlow is unmaintained, it is recommend to no longer use these APIs. We will deprecate TensorFlow's boosted trees APIs in subsequent releases. The fix will be included in TensorFlow 2.7.0. We will also cherrypick this commit on TensorFlow 2.6.1, TensorFlow 2.5.2, and TensorFlow 2.4.4, as these are also affected and still in supported range. 	CWE-476	CWE-403
801	Analyze the following CVE description and map it to the appropriate CWE. Provide a brief justification for your choice. Ensure the last line of your response contains only the CWE ID.  CVE Description: Zoho ManageEngine ADManager Plus version 7110 and prior allows unrestricted file upload which leads to remote code execution. 	CWE-434	CWE ID: 403
802	Analyze the following CVE description and map it to the appropriate CWE. Provide a brief justification for your choice. Ensure the last line of your response contains only the CWE ID.  CVE Description: Possible buffer over read due to improper validation of frame length while processing AEAD decryption during ASSOC response in Snapdragon Auto, Snapdragon Compute, Snapdragon Connectivity, Snapdragon Consumer Electronics Connectivity, Snapdragon Consumer IOT, Snapdragon Industrial IOT, Snapdragon IoT, Snapdragon Mobile, Snapdragon Voice & Music 	CWE-125	CWE-419
803	Analyze the following CVE description and map it to the appropriate CWE. Provide a brief justification for your choice. Ensure the last line of your response contains only the CWE ID.  CVE Description: An issue was discovered in Couchbase Sync Gateway 2.7.0 through 2.8.2. The bucket credentials used to read and write data in Couchbase Server were insecurely being stored in the metadata within sync documents written to the bucket. Users with read access could use these credentials to obtain write access. (This issue does not affect clusters where Sync Gateway is authenticated with X.509 client certificates. This issue also does not affect clusters where shared bucket access is not enabled on Sync Gateway.) 	CWE-200	CWE-403
804	Analyze the following CVE description and map it to the appropriate CWE. Provide a brief justification for your choice. Ensure the last line of your response contains only the CWE ID.  CVE Description: Adobe Acrobat and Reader versions 2019.012.20035 and earlier, 2019.012.20035 and earlier, 2017.011.30142 and earlier, 2017.011.30143 and earlier, 2015.006.30497 and earlier, and 2015.006.30498 and earlier have an out-of-bounds read vulnerability. Successful exploitation could lead to information disclosure . 	CWE-125	CWE ID: 305
805	Analyze the following CVE description and map it to the appropriate CWE. Provide a brief justification for your choice. Ensure the last line of your response contains only the CWE ID.  CVE Description: Dalmark Systems Systeam 2.22.8 build 1724 is vulnerable to Insecure design on report build via SQL query. The Systeam application is an ERP system that uses a mixed architecture based on SaaS tenant and user management, and on-premise database and web application counterparts. The bi report module exposes direct SQL commands via POST data in order to select data for report generation. A malicious actor can use the bi report endpoint as a direct SQL prompt under the authenticated user. 	CWE-89	CWE-403
806	Analyze the following CVE description and map it to the appropriate CWE. Provide a brief justification for your choice. Ensure the last line of your response contains only the CWE ID.  CVE Description: Pligg CMS 2.0.2 contains a time-based SQL injection vulnerability via the $recordIDValue parameter in the admin_update_module_widgets.php file. 	CWE-89	CWE ID: 47
807	Analyze the following CVE description and map it to the appropriate CWE. Provide a brief justification for your choice. Ensure the last line of your response contains only the CWE ID.  CVE Description: Multiple Authenticated Reflected Cross-Site Scripting (XSS) vulnerabilities in WordPress Awesome Support plugin (versions <= 6.0.6), vulnerable parameters (&id, &assignee). 	CWE-79	CWE ID: 47
808	Analyze the following CVE description and map it to the appropriate CWE. Provide a brief justification for your choice. Ensure the last line of your response contains only the CWE ID.  CVE Description: Time-of-check time-of-use vulnerability in the Crypto API Toolkit for Intel(R) SGX may allow a privileged user to potentially enable escalation of privilege via network access. 	CWE-367	CWE-403
809	Analyze the following CVE description and map it to the appropriate CWE. Provide a brief justification for your choice. Ensure the last line of your response contains only the CWE ID.  CVE Description: There is an Unquoted Service Path in NI Service Locator (nisvcloc.exe) in versions prior to 18.0 on Windows. This may allow an authorized local user to insert arbitrary code into the unquoted service path and escalate privileges. 	CWE-428	CWE ID: 18
810	Analyze the following CVE description and map it to the appropriate CWE. Provide a brief justification for your choice. Ensure the last line of your response contains only the CWE ID.  CVE Description: Apache Superset up to and including 1.1 does not sanitize titles correctly on the Explore page. This allows an attacker with Explore access to save a chart with a malicious title, injecting html (including scripts) into the page. 	CWE-79	CWE ID: 47
811	Analyze the following CVE description and map it to the appropriate CWE. Provide a brief justification for your choice. Ensure the last line of your response contains only the CWE ID.  CVE Description: Adobe Photoshop CC 2019 versions 20.0.8 and earlier, and Photoshop 2020 versions 21.1 and earlier have a buffer errors vulnerability. Successful exploitation could lead to arbitrary code execution. 	CWE-787	CWE ID: 226
812	Analyze the following CVE description and map it to the appropriate CWE. Provide a brief justification for your choice. Ensure the last line of your response contains only the CWE ID.  CVE Description: D-Link DIR-809 devices with firmware through DIR-809Ax_FW1.12WWB03_20190410 were discovered to contain a stack buffer overflow vulnerability in the function FUN_80046eb4 in /formSetPortTr. This vulnerability is triggered via a crafted POST request. 	CWE-787	CWE-419
813	Analyze the following CVE description and map it to the appropriate CWE. Provide a brief justification for your choice. Ensure the last line of your response contains only the CWE ID.  CVE Description: Croatia Control Asterix 2.8.1 has a heap-based buffer over-read, with additional details to be disclosed at a later date. 	CWE-125	CWE-419
814	Analyze the following CVE description and map it to the appropriate CWE. Provide a brief justification for your choice. Ensure the last line of your response contains only the CWE ID.  CVE Description: Pool/Heap Overflow in AMD Graphics Driver for Windows 10 in Escape 0x110037 may lead to escalation of privilege, information disclosure or denial of service. 	CWE-787	"CWE ID: 214

Justification: The pool/heap overflow in the AMD Graphics Driver for Windows 10 in Escape 0x110037 can lead to privilege escalation, information disclosure, or denial of service by allowing arbitrary memory access that may be exploited to compromise system integrity or steal sensitive data."
815	Analyze the following CVE description and map it to the appropriate CWE. Provide a brief justification for your choice. Ensure the last line of your response contains only the CWE ID.  CVE Description: The trak_box_size function in GPAC 1.0.1 allows attackers to cause a denial of service (NULL pointer dereference) via a crafted file in the MP4Box command. 	CWE-476	CWE ID: 226
816	Analyze the following CVE description and map it to the appropriate CWE. Provide a brief justification for your choice. Ensure the last line of your response contains only the CWE ID.  CVE Description: Uncontrolled search path in the QT Library before 5.14.0, 5.12.7 and 5.9.10 may allow an authenticated user to potentially enable elevation of privilege via local access. 	CWE-426	CWE ID: 47
817	"Analyze the following CVE description and map it to the appropriate CWE. Provide a brief justification for your choice. Ensure the last line of your response contains only the CWE ID.  CVE Description: The eBPF RINGBUF bpf_ringbuf_reserve() function in the Linux kernel did not check that the allocated size was smaller than the ringbuf size, allowing an attacker to perform out-of-bounds writes within the kernel and therefore, arbitrary code execution. This issue was fixed via commit 4b81ccebaeee (""bpf, ringbuf: Deny reserve of buffers larger than ringbuf"") (v5.13-rc4) and backported to the stable kernels in v5.12.4, v5.11.21, and v5.10.37. It was introduced via 457f44363a88 (""bpf: Implement BPF ring buffer and verifier support for it"") (v5.8-rc1). "	CWE-787	CWE-403
818	Analyze the following CVE description and map it to the appropriate CWE. Provide a brief justification for your choice. Ensure the last line of your response contains only the CWE ID.  CVE Description: Adobe Flash Player versions 29.0.0.140 and earlier have an exploitable type confusion vulnerability. Successful exploitation could lead to arbitrary code execution in the context of the current user. 	CWE-704	CWE ID: 47
819	Analyze the following CVE description and map it to the appropriate CWE. Provide a brief justification for your choice. Ensure the last line of your response contains only the CWE ID.  CVE Description: An SQL Injection vulnerability exists in openSIS Classic 8.0 via the 1) ADDR_CONT_USRN, 2) ADDR_CONT_PSWD, 3) SECN_CONT_USRN or 4) SECN_CONT_PSWD parameters in HoldAddressFields.php. 	CWE-89	CWE ID: 47
820	Analyze the following CVE description and map it to the appropriate CWE. Provide a brief justification for your choice. Ensure the last line of your response contains only the CWE ID.  CVE Description: Universal Robots control box CB 3.1 across firmware versions (tested on 1.12.1, 1.12, 1.11 and 1.10) does not encrypt or protect in any way the intellectual property artifacts installed from the UR+ platform of hardware and software components (URCaps). These files (*.urcaps) are stored under '/root/.urcaps' as plain zip files containing all the logic to add functionality to the UR3, UR5 and UR10 robots. This flaw allows attackers with access to the robot or the robot network (while in combination with other flaws) to retrieve and easily exfiltrate all installed intellectual property. 	CWE-312	CWE-80
821	Analyze the following CVE description and map it to the appropriate CWE. Provide a brief justification for your choice. Ensure the last line of your response contains only the CWE ID.  CVE Description: GilaCMS v1.11.4 was discovered to contain a SQL injection vulnerability via the $_GET parameter in /src/core/controllers/cm.php. 	CWE-89	CWE-403
822	Analyze the following CVE description and map it to the appropriate CWE. Provide a brief justification for your choice. Ensure the last line of your response contains only the CWE ID.  CVE Description: In updatehub_probe, right after JSON parsing is complete, objects\[1] is accessed from the output structure in two different places. If the JSON contained less than two elements, this access would reference unitialized stack memory. This could result in a crash, denial of service, or possibly an information leak. Provided the fix in CVE-2020-10059 is applied, the attack requires compromise of the server. See NCC-ZEP-030 This issue affects: zephyrproject-rtos zephyr version 2.1.0 and later versions. version 2.2.0 and later versions. 	CWE-824	CWE-419
823	Analyze the following CVE description and map it to the appropriate CWE. Provide a brief justification for your choice. Ensure the last line of your response contains only the CWE ID.  CVE Description: A Cross-Site Scripting (XSS) attack can cause arbitrary code (JavaScript) to run in a user’s browser while the browser is connected to a trusted website. The attack targets your application's users and not the application itself while using your application as the attack's vehicle. The XSS payload executes whenever the user changes the form values or deletes a created form in Zoho CRM Lead Magnet Version 1.7.2.4. 	CWE-79	CWE-403
824	Analyze the following CVE description and map it to the appropriate CWE. Provide a brief justification for your choice. Ensure the last line of your response contains only the CWE ID.  CVE Description: On all versions of 16.1.x, 16.0.x, 15.1.x, 14.1.x, 13.1.x, 12.1.x, and 11.6.x, a reflected cross-site scripting (XSS) vulnerability exists in an undisclosed page of the BIG-IP Configuration utility that allows an attacker to execute JavaScript in the context of the currently logged-in user. Note: Software versions which have reached End of Technical Support (EoTS) are not evaluated. 	CWE-79	CWE-403
825	Analyze the following CVE description and map it to the appropriate CWE. Provide a brief justification for your choice. Ensure the last line of your response contains only the CWE ID.  CVE Description: Pandora FMS through 755 allows XSS via a new Event Filter with a crafted name. 	CWE-79	CWE-403
826	Analyze the following CVE description and map it to the appropriate CWE. Provide a brief justification for your choice. Ensure the last line of your response contains only the CWE ID.  CVE Description: Adobe Acrobat and Reader versions , 2019.012.20040 and earlier, 2017.011.30148 and earlier, 2017.011.30148 and earlier, 2015.006.30503 and earlier, and 2015.006.30503 and earlier have an use after free vulnerability. Successful exploitation could lead to arbitrary code execution . 	CWE-416	CWE ID: 305
827	Analyze the following CVE description and map it to the appropriate CWE. Provide a brief justification for your choice. Ensure the last line of your response contains only the CWE ID.  CVE Description: Insufficient Cross-Site Request Forgery (XSRF) protection on Expedition Migration Tool allows remote unauthenticated attackers to hijack the authentication of administrators and to perform actions on the Expedition Migration Tool. This issue affects Expedition Migration Tool 1.1.51 and earlier versions. 	CWE-352	CWE-403
828	Analyze the following CVE description and map it to the appropriate CWE. Provide a brief justification for your choice. Ensure the last line of your response contains only the CWE ID.  CVE Description: Unauthenticated SQL Injection (SQLi) vulnerability in WordPress uListing plugin (versions <= 2.0.3), vulnerable parameter: custom. 	CWE-89	CWE ID: 47
829	Analyze the following CVE description and map it to the appropriate CWE. Provide a brief justification for your choice. Ensure the last line of your response contains only the CWE ID.  CVE Description: There is a Permission control vulnerability in Huawei Smartphone.Successful exploitation of this vulnerability may affect service availability. 	CWE-281	"CWE: 403

Justification: The CVE description mentions a successful exploitation of a permission control vulnerability, which directly aligns with the CWE 403 (Forbidden resource). The vulnerability allows unauthorized access to resources, and successful exploitation could lead to service disruption or data breaches."
830	"Analyze the following CVE description and map it to the appropriate CWE. Provide a brief justification for your choice. Ensure the last line of your response contains only the CWE ID.  CVE Description: ThinkPHP v3.2.3 and below contains a SQL injection vulnerability which is triggered when the array is not passed to the ""where"" and ""query"" methods. "	CWE-89	CWE ID: 47
831	Analyze the following CVE description and map it to the appropriate CWE. Provide a brief justification for your choice. Ensure the last line of your response contains only the CWE ID.  CVE Description: The One User Avatar WordPress plugin before 2.3.7 does not escape the link and target attributes of its shortcode, allowing users with a role as low as Contributor to perform Stored Cross-Site Scripting attacks 	CWE-79	CWE-403
832	Analyze the following CVE description and map it to the appropriate CWE. Provide a brief justification for your choice. Ensure the last line of your response contains only the CWE ID.  CVE Description: Cross site scripting vulnerability in 53KF < 2.0.0.2 that allows for arbitrary code to be executed via crafted HTML statement inserted into chat window. 	CWE-79	CWE ID: 2
833	Analyze the following CVE description and map it to the appropriate CWE. Provide a brief justification for your choice. Ensure the last line of your response contains only the CWE ID.  CVE Description: In JetBrains IntelliJ IDEA before 2020.3, potentially insecure deserialization of the workspace model could lead to local code execution. 	CWE-502	CWE ID: 47
834	Analyze the following CVE description and map it to the appropriate CWE. Provide a brief justification for your choice. Ensure the last line of your response contains only the CWE ID.  CVE Description: The Video Gallery WordPress plugin before 1.1.5 does not escape the Title and Description of the videos in a gallery before outputting them in attributes, leading to Stored Cross-Site Scripting issues 	CWE-79	CWE ID: 47
835	Analyze the following CVE description and map it to the appropriate CWE. Provide a brief justification for your choice. Ensure the last line of your response contains only the CWE ID.  CVE Description: OpUtils in Zoho ManageEngine OpManager 12.5 before 125490 mishandles authentication for a few audit directories. 	CWE-287	CWE ID: 403
836	Analyze the following CVE description and map it to the appropriate CWE. Provide a brief justification for your choice. Ensure the last line of your response contains only the CWE ID.  CVE Description: In apusys, there is a possible out of bounds read due to an incorrect bounds check. This could lead to local information disclosure with System execution privileges needed. User interaction is not needed for exploitation. Patch ID: ALPS05672086; Issue ID: ALPS05672086. 	CWE-125	CWE ID: C79
837	Analyze the following CVE description and map it to the appropriate CWE. Provide a brief justification for your choice. Ensure the last line of your response contains only the CWE ID.  CVE Description: A stored cross-site scripting (XSS) vulnerability in the /question/ask component of Jeesns 1.4.2 allows attackers to execute arbitrary web scripts or HTML via a crafted payload in a posted question. 	CWE-79	CWE ID: 47
838	Analyze the following CVE description and map it to the appropriate CWE. Provide a brief justification for your choice. Ensure the last line of your response contains only the CWE ID.  CVE Description: The handle_certificate function in /vmi/manager/engine/management/commands/apns_worker.py in Trend Micro Virtual Mobile Infrastructure before 5.1 allows remote authenticated users to execute arbitrary commands via shell metacharacters in the password to api/v1/cfg/oauth/save_identify_pfx/. 	CWE-77	CWE ID: 47
839	Analyze the following CVE description and map it to the appropriate CWE. Provide a brief justification for your choice. Ensure the last line of your response contains only the CWE ID.  CVE Description: Adobe Acrobat and Reader versions 2019.012.20035 and earlier, 2019.012.20035 and earlier, 2017.011.30142 and earlier, 2017.011.30143 and earlier, 2015.006.30497 and earlier, and 2015.006.30498 and earlier have a command injection vulnerability. Successful exploitation could lead to arbitrary code execution . 	CWE-77	CWE ID: 403
840	Analyze the following CVE description and map it to the appropriate CWE. Provide a brief justification for your choice. Ensure the last line of your response contains only the CWE ID.  CVE Description: An unauthenticated command injection vulnerability exists in the parameters of operation 3 in the controller_server service on Gryphon Tower routers. An unauthenticated remote attacker on the same network can execute commands as root on the device by sending a specially crafted malicious packet to the controller_server service on port 9999. 	CWE-78	CWE-403
841	Analyze the following CVE description and map it to the appropriate CWE. Provide a brief justification for your choice. Ensure the last line of your response contains only the CWE ID.  CVE Description: Adobe Photoshop CC versions 19.1.8 and earlier and 20.0.5 and earlier have an out of bound read vulnerability. Successful exploitation could lead to memory leak. 	CWE-125	"CWE ID: 214

Justification: The out of bound read vulnerability in Adobe Photoshop CC versions 19.1.8 and earlier is a classic example of a memory leak, as it allows an attacker to read data beyond the intended scope, potentially leading to data corruption or system instability."
842	Analyze the following CVE description and map it to the appropriate CWE. Provide a brief justification for your choice. Ensure the last line of your response contains only the CWE ID.  CVE Description: A vulnerability in the DHCP server of Cisco Prime Network Registrar could allow an unauthenticated, remote attacker to cause a denial of service (DoS) condition on an affected device. The vulnerability is due to insufficient input validation of incoming DHCP traffic. An attacker could exploit this vulnerability by sending a crafted DHCP request to an affected device. A successful exploit could allow the attacker to cause a restart of the DHCP server process, causing a DoS condition. 	CWE-20	CWE-403
843	Analyze the following CVE description and map it to the appropriate CWE. Provide a brief justification for your choice. Ensure the last line of your response contains only the CWE ID.  CVE Description: libretime hv3.0.0-alpha.10 is affected by a path manipulation vulnerability in /blob/master/legacy/application/modules/rest/controllers/ShowImageController.php through the rename function. 	CWE-610	CWE ID: 47
844	Analyze the following CVE description and map it to the appropriate CWE. Provide a brief justification for your choice. Ensure the last line of your response contains only the CWE ID.  CVE Description: Eltima USB Network Gate is affected by Integer Overflow. IOCTL Handler 0x22001B in the USB Network Gate above 7.0.1370 below 9.2.2420 allow local attackers to execute arbitrary code in kernel mode or cause a denial of service (memory corruption and OS crash) via specially crafted I/O Request Packet. 	CWE-190	CWE-419
845	Analyze the following CVE description and map it to the appropriate CWE. Provide a brief justification for your choice. Ensure the last line of your response contains only the CWE ID.  CVE Description: The network proxy page on the web portal for the Zoom On-Premise Meeting Connector Controller before version 4.6.365.20210703, Zoom On-Premise Meeting Connector MMR before version 4.6.365.20210703, Zoom On-Premise Recording Connector before version 3.8.45.20210703, Zoom On-Premise Virtual Room Connector before version 4.4.6868.20210703, and Zoom On-Premise Virtual Room Connector Load Balancer before version 2.5.5496.20210703 fails to validate input sent in requests to set the network proxy password. This could lead to remote command injection by a web portal administrator. 	CWE-20	CWE-403
846	Analyze the following CVE description and map it to the appropriate CWE. Provide a brief justification for your choice. Ensure the last line of your response contains only the CWE ID.  CVE Description: In AEgir greater than or equal to 21.7.0 and less than 21.10.1, aegir publish and aegir build may leak secrets from environment variables in the browser bundle published to npm. This has been fixed in 21.10.1. 	CWE-200	CWE ID: 21
847	Analyze the following CVE description and map it to the appropriate CWE. Provide a brief justification for your choice. Ensure the last line of your response contains only the CWE ID.  CVE Description: TYPO3 is an open source PHP based web content management system released under the GNU GPL. It has been discovered that TYPO3 CMS is susceptible to host spoofing due to improper validation of the HTTP Host header. TYPO3 uses the HTTP Host header, for example, to generate absolute URLs during the frontend rendering process. Since the host header itself is provided by the client, it can be forged to any value, even in a name-based virtual hosts environment. This vulnerability is the same as described in TYPO3-CORE-SA-2014-001 (CVE-2014-3941). A regression, introduced during TYPO3 v11 development, led to this situation. The already existing setting $GLOBALS['TYPO3_CONF_VARS']['SYS']['trustedHostsPattern'] (used as an effective mitigation strategy in previous TYPO3 versions) was not evaluated anymore, and reintroduced the vulnerability. 	CWE-644	CWE-403
848	Analyze the following CVE description and map it to the appropriate CWE. Provide a brief justification for your choice. Ensure the last line of your response contains only the CWE ID.  CVE Description: Adobe Acrobat and Reader versions , 2019.012.20040 and earlier, 2017.011.30148 and earlier, 2017.011.30148 and earlier, 2015.006.30503 and earlier, and 2015.006.30503 and earlier have an use after free vulnerability. Successful exploitation could lead to arbitrary code execution . 	CWE-416	CWE ID: 305
849	Analyze the following CVE description and map it to the appropriate CWE. Provide a brief justification for your choice. Ensure the last line of your response contains only the CWE ID.  CVE Description: Mahavitaran android application 7.50 and prior transmit sensitive information in URL parameters. This may lead to information disclosure if unauthorized parties have access to the URLs via server logs, referrer header, MITM or browser history. 	CWE-200	CWE-403
850	Analyze the following CVE description and map it to the appropriate CWE. Provide a brief justification for your choice. Ensure the last line of your response contains only the CWE ID.  CVE Description: Rocket.Chat is an open-source fully customizable communications platform developed in JavaScript. In Rocket.Chat before versions 3.11.3, 3.12.2, and 3.13 an issue with certain regular expressions could lead potentially to Denial of Service. This was fixed in versions 3.11.3, 3.12.2, and 3.13. 	CWE-400	CWE-403
851	Analyze the following CVE description and map it to the appropriate CWE. Provide a brief justification for your choice. Ensure the last line of your response contains only the CWE ID.  CVE Description: IBM Spectrum Copy Data Management 2.2.13 and earlier uses weaker than expected cryptographic algorithms that could allow an attacker to decrypt highly sensitive information. IBM X-Force ID: 211242. 	CWE-326	CWE-81
852	Analyze the following CVE description and map it to the appropriate CWE. Provide a brief justification for your choice. Ensure the last line of your response contains only the CWE ID.  CVE Description: An issue was discovered in swftools through 20200710. A heap-buffer-overflow exists in the function OpAdvance() located in swfaction.c. It allows an attacker to cause code Execution. 	CWE-787	CWE ID: 226
853	Analyze the following CVE description and map it to the appropriate CWE. Provide a brief justification for your choice. Ensure the last line of your response contains only the CWE ID.  CVE Description: An invalid read in the stb_image.h component of libsixel prior to v1.8.5 allows attackers to cause a denial of service (DOS) via a crafted PSD file. 	CWE-125	CWE ID: 47
854	Analyze the following CVE description and map it to the appropriate CWE. Provide a brief justification for your choice. Ensure the last line of your response contains only the CWE ID.  CVE Description: PRTG Network Monitor before 21.3.69.1333 allows stored XSS via an unsanitized string imported from a User Object in a connected Active Directory instance. 	CWE-79	CWE: 17.1.1
855	Analyze the following CVE description and map it to the appropriate CWE. Provide a brief justification for your choice. Ensure the last line of your response contains only the CWE ID.  CVE Description: fluidsynth is a software synthesizer based on the SoundFont 2 specifications. A use after free violation was discovered in fluidsynth, that can be triggered when loading an invalid SoundFont file. 	CWE-416	CWE: 5.32
856	Analyze the following CVE description and map it to the appropriate CWE. Provide a brief justification for your choice. Ensure the last line of your response contains only the CWE ID.  CVE Description: In phNxpNciHal_process_ext_rsp of phNxpNciHal_ext.cc, there is a possible out of bounds write due to a missing bounds check. This could lead to remote code execution over NFC with no additional execution privileges needed. User interaction is not needed for exploitation.Product: AndroidVersions: Android-10 Android-11 Android-12 Android-9Android ID: A-181660091 	CWE-787	CWE-419
857	Analyze the following CVE description and map it to the appropriate CWE. Provide a brief justification for your choice. Ensure the last line of your response contains only the CWE ID.  CVE Description: Adobe Acrobat and Reader versions 2020.009.20074 and earlier, 2020.001.30002, 2017.011.30171 and earlier, and 2015.006.30523 and earlier have an out-of-bounds read vulnerability. Successful exploitation could lead to information disclosure. 	CWE-125	CWE ID: 2015
858	Analyze the following CVE description and map it to the appropriate CWE. Provide a brief justification for your choice. Ensure the last line of your response contains only the CWE ID.  CVE Description: rConfig 3.9.6 is affected by SQL Injection. A user must be authenticated to exploit the vulnerability. If --secure-file-priv in MySQL server is not set and the Mysql server is the same as rConfig, an attacker may successfully upload a webshell to the server and access it remotely. 	CWE-89	CWE-307
859	Analyze the following CVE description and map it to the appropriate CWE. Provide a brief justification for your choice. Ensure the last line of your response contains only the CWE ID.  CVE Description: The Comcast firmware on Cisco DPC3939B (firmware version dpc3939b-v303r204217-150321a-CMCST) devices allows configuration changes via CSRF. 	CWE-352	"CWE: 403

Justification: The CVE describes a CSRF vulnerability in Cisco DPC3939B firmware, where unauthorized users can exploit the ability to modify configuration settings. This directly relates to the CWE 403, which addresses unauthorized access to resources."
860	Analyze the following CVE description and map it to the appropriate CWE. Provide a brief justification for your choice. Ensure the last line of your response contains only the CWE ID.  CVE Description: In Java-WebSocket less than or equal to 1.4.1, there is an Improper Validation of Certificate with Host Mismatch where WebSocketClient does not perform SSL hostname validation. This has been patched in 1.5.0. 	CWE-295	CWE-403
861	Analyze the following CVE description and map it to the appropriate CWE. Provide a brief justification for your choice. Ensure the last line of your response contains only the CWE ID.  CVE Description: Couchbase Server 6.5.x, 6.6.0 through 6.6.2, and 7.0.0, has a Buffer Overflow. A specially crafted network packet sent from an attacker can crash memcached. 	CWE-120	CWE-419
862	Analyze the following CVE description and map it to the appropriate CWE. Provide a brief justification for your choice. Ensure the last line of your response contains only the CWE ID.  CVE Description: Adobe Creative Cloud Desktop Application versions 5.1 and earlier have a symlink vulnerability vulnerability. Successful exploitation could lead to arbitrary file system write. 	CWE-59	CWE ID: 47
863	Analyze the following CVE description and map it to the appropriate CWE. Provide a brief justification for your choice. Ensure the last line of your response contains only the CWE ID.  CVE Description: The Easy Digital Downloads (EDD) Twenty-Twelve theme for WordPress, as used with EDD 1.8.x before 1.8.7, 1.9.x before 1.9.10, 2.0.x before 2.0.5, 2.1.x before 2.1.11, 2.2.x before 2.2.9, and 2.3.x before 2.3.7, has XSS because add_query_arg is misused. 	CWE-79	XSS
864	Analyze the following CVE description and map it to the appropriate CWE. Provide a brief justification for your choice. Ensure the last line of your response contains only the CWE ID.  CVE Description: Adobe Animate CC versions 19.2.1 and earlier have an insecure library loading (dll hijacking) vulnerability. Successful exploitation could lead to privilege escalation. 	CWE-427	CWE ID: 47
865	Analyze the following CVE description and map it to the appropriate CWE. Provide a brief justification for your choice. Ensure the last line of your response contains only the CWE ID.  CVE Description: The Unicorn framework before 0.36.1 for Django allows XSS via a component. NOTE: this issue exists because of an incomplete fix for CVE-2021-42053. 	CWE-79	CWE-422
866	Analyze the following CVE description and map it to the appropriate CWE. Provide a brief justification for your choice. Ensure the last line of your response contains only the CWE ID.  CVE Description: Dropouts Technologies LLP Air Share v1.2 was discovered to contain a cross-site scripting (XSS) vulnerability in the devicename parameter. This vulnerability allows attackers to execute arbitrary web scripts or HTML via a crafted payload in the devicename information. 	CWE-79	CWE-403
867	Analyze the following CVE description and map it to the appropriate CWE. Provide a brief justification for your choice. Ensure the last line of your response contains only the CWE ID.  CVE Description: An issue was discovered in Concrete CMS through 8.5.5. Authenticated path traversal leads to to remote code execution via uploaded PHP code, related to the bFilename parameter. 	CWE-22	CWE ID: 47
868	Analyze the following CVE description and map it to the appropriate CWE. Provide a brief justification for your choice. Ensure the last line of your response contains only the CWE ID.  CVE Description: A flaw was found in Privoxy in versions before 3.0.31. An assertion failure triggered by a crafted CGI request may lead to denial of service. The highest threat from this vulnerability is to system availability. 	CWE-617	CWE ID: 47
869	Analyze the following CVE description and map it to the appropriate CWE. Provide a brief justification for your choice. Ensure the last line of your response contains only the CWE ID.  CVE Description: Passcovery Co. Ltd ZIP Password Recovery v3.70.69.0 was discovered to contain a buffer overflow via the decompress function. 	CWE-120	CWE: 5.1.2
870	Analyze the following CVE description and map it to the appropriate CWE. Provide a brief justification for your choice. Ensure the last line of your response contains only the CWE ID.  CVE Description: Heap buffer overflow in the URL_GetProtocolType function in MP4Box in GPAC 1.0.1 allows attackers to cause a denial of service or execute arbitrary code via a crafted file. 	CWE-787	CWE ID: 226
871	Analyze the following CVE description and map it to the appropriate CWE. Provide a brief justification for your choice. Ensure the last line of your response contains only the CWE ID.  CVE Description: An issue in Monstra CMS v3.0.4 allows attackers to execute arbitrary web scripts or HTML via bypassing the file extension filter and uploading crafted HTML files. 	CWE-434	CWE ID: 47
872	Analyze the following CVE description and map it to the appropriate CWE. Provide a brief justification for your choice. Ensure the last line of your response contains only the CWE ID.  CVE Description: A vulnerability in the London Trust Media Private Internet Access (PIA) VPN Client v0.9.8 beta (build 02099) for macOS could allow an authenticated, local attacker to overwrite arbitrary files. When the client initiates a connection, the XML /tmp/pia-watcher.plist file is created. If the file exists, it will be truncated and the contents completely overwritten. This file is removed on disconnect. An unprivileged user can create a hard or soft link to arbitrary files owned by any user on the system, including root. This creates a denial of service condition and possible data loss if leveraged by a malicious local user. 	CWE-59	CWE ID: 403
873	Analyze the following CVE description and map it to the appropriate CWE. Provide a brief justification for your choice. Ensure the last line of your response contains only the CWE ID.  CVE Description: An issue was discovered in pdftools through 20200714. A NULL pointer dereference exists in the function node::ObjNode::Value() located in objnode.cpp. It allows an attacker to cause Denial of Service. 	CWE-476	"CWE ID: 214

Justification: The NULL pointer dereference in `ObjNode::Value()` allows an attacker to access memory that does not exist, which is a classic Denial of Service (DoS) vulnerability."
874	Analyze the following CVE description and map it to the appropriate CWE. Provide a brief justification for your choice. Ensure the last line of your response contains only the CWE ID.  CVE Description: In snoozeNotification of NotificationListenerService.java, there is a possible way to disable notification for an arbitrary user due to improper input validation. This could lead to local escalation of privilege with User execution privileges needed. User interaction is needed for exploitation.Product: AndroidVersions: Android-12Android ID: A-195111725 	CWE-20	"CWE: 403

Justification: The description mentions a possible way to disable notification for an arbitrary user, which directly relates to the ""Forbidden"" vulnerability (403). The user interaction required for exploitation also aligns with the ""Unauthorized"" vulnerability (403). The Android version and product ID are consistent with the ""Android-12"" and ""Android"" identifiers."
875	Analyze the following CVE description and map it to the appropriate CWE. Provide a brief justification for your choice. Ensure the last line of your response contains only the CWE ID.  CVE Description: The verify function in the Stark Bank Java ECDSA library (ecdsa-java) 1.0.0 fails to check that the signature is non-zero, which allows attackers to forge signatures on arbitrary messages. 	CWE-347	CWE-422
876	Analyze the following CVE description and map it to the appropriate CWE. Provide a brief justification for your choice. Ensure the last line of your response contains only the CWE ID.  CVE Description: The Easy Digital Downloads (EDD) Stripe extension for WordPress, as used with EDD 1.8.x before 1.8.7, 1.9.x before 1.9.10, 2.0.x before 2.0.5, 2.1.x before 2.1.11, 2.2.x before 2.2.9, and 2.3.x before 2.3.7, has XSS because add_query_arg is misused. 	CWE-79	XSS
877	Analyze the following CVE description and map it to the appropriate CWE. Provide a brief justification for your choice. Ensure the last line of your response contains only the CWE ID.  CVE Description: Adobe Acrobat and Reader versions 2019.010.20069 and earlier, 2019.010.20069 and earlier, 2017.011.30113 and earlier version, and 2015.006.30464 and earlier have an out-of-bounds read vulnerability. Successful exploitation could lead to information disclosure. 	CWE-125	CWE ID: 305
878	Analyze the following CVE description and map it to the appropriate CWE. Provide a brief justification for your choice. Ensure the last line of your response contains only the CWE ID.  CVE Description: A remote authenticated attacker with write access to a PI Server could trick a user into interacting with a PI Web API endpoint and redirect them to a malicious website. As a result, a victim may disclose sensitive information to the attacker or be provided with false information. 	CWE-79	CWE-403
879	Analyze the following CVE description and map it to the appropriate CWE. Provide a brief justification for your choice. Ensure the last line of your response contains only the CWE ID.  CVE Description: There is a Improper Input Validation vulnerability in Huawei Smartphone.Successful exploitation of this vulnerability will cause kernel crash. 	CWE-20	CWE ID: 47
880	Analyze the following CVE description and map it to the appropriate CWE. Provide a brief justification for your choice. Ensure the last line of your response contains only the CWE ID.  CVE Description: Adobe Bridge CC versions 9.1 and earlier have a memory corruption vulnerability. Successful exploitation could lead to information disclosure. 	CWE-787	CWE ID: 47
881	Analyze the following CVE description and map it to the appropriate CWE. Provide a brief justification for your choice. Ensure the last line of your response contains only the CWE ID.  CVE Description: SonicWall Global VPN client version 4.10.6 (32-bit and 64-bit) and earlier have a DLL Search Order Hijacking vulnerability. Successful exploitation via a local attacker could result in remote code execution in the target system. 	CWE-427	CWE ID: 47
882	Analyze the following CVE description and map it to the appropriate CWE. Provide a brief justification for your choice. Ensure the last line of your response contains only the CWE ID.  CVE Description: rConfig 3.9.4 and previous versions has unauthenticated compliancepolicyelements.inc.php SQL injection. Because, by default, nodes' passwords are stored in cleartext, this vulnerability leads to lateral movement, granting an attacker access to monitored network devices. 	CWE-89	CWE ID: 403
883	Analyze the following CVE description and map it to the appropriate CWE. Provide a brief justification for your choice. Ensure the last line of your response contains only the CWE ID.  CVE Description: thinkphp-bjyblog (last update Jun 4 2021) is affected by a Cross Site Scripting (XSS) vulnerability in AdminBaseController.class.php. The exit function terminates the script and prints a message to the user that contains $_SERVER['HTTP_HOST']. 	CWE-79	CWE ID: 403
884	Analyze the following CVE description and map it to the appropriate CWE. Provide a brief justification for your choice. Ensure the last line of your response contains only the CWE ID.  CVE Description: Adobe Photoshop CC 2019 versions 20.0.8 and earlier, and Photoshop 2020 versions 21.1 and earlier have a memory corruption vulnerability. Successful exploitation could lead to arbitrary code execution. 	CWE-787	CWE ID: 47
885	Analyze the following CVE description and map it to the appropriate CWE. Provide a brief justification for your choice. Ensure the last line of your response contains only the CWE ID.  CVE Description: Adobe Acrobat and Reader versions 2019.012.20035 and earlier, 2019.012.20035 and earlier, 2017.011.30142 and earlier, 2017.011.30143 and earlier, 2015.006.30497 and earlier, and 2015.006.30498 and earlier have an use after free vulnerability. Successful exploitation could lead to arbitrary code execution . 	CWE-416	CWE ID: 403
886	Analyze the following CVE description and map it to the appropriate CWE. Provide a brief justification for your choice. Ensure the last line of your response contains only the CWE ID.  CVE Description: The Easy Digital Downloads (EDD) Recommended Products extension for WordPress, as used with EDD 1.8.x before 1.8.7, 1.9.x before 1.9.10, 2.0.x before 2.0.5, 2.1.x before 2.1.11, 2.2.x before 2.2.9, and 2.3.x before 2.3.7, has XSS because add_query_arg is misused. 	CWE-79	XSS
887	Analyze the following CVE description and map it to the appropriate CWE. Provide a brief justification for your choice. Ensure the last line of your response contains only the CWE ID.  CVE Description: A SQL injection vulnerability has been discovered in zz cms version 2019 which allows attackers to retrieve sensitive data via the component subzs.php. 	CWE-89	CWE ID: 47
888	Analyze the following CVE description and map it to the appropriate CWE. Provide a brief justification for your choice. Ensure the last line of your response contains only the CWE ID.  CVE Description: The Registrations for the Events Calendar WordPress plugin before 2.7.5 does not escape the v parameter before outputting it back in an attribute, leading to a Reflected Cross-Site Scripting 	CWE-79	"CWE ID: 47

Justification: The v parameter is a common placeholder used in WordPress plugins, and its absence in the registration data makes it vulnerable to reflected cross-site scripting (XSS) attacks."
889	Analyze the following CVE description and map it to the appropriate CWE. Provide a brief justification for your choice. Ensure the last line of your response contains only the CWE ID.  CVE Description: IBM Spectrum Protect Plus 10.1.0.0 through 10.1.8.x uses Cross-Origin Resource Sharing (CORS) which could allow an attacker to carry out privileged actions and retrieve sensitive information due to a misconfiguration in access control headers. IBM X-Force ID: 214956. 	CWE-346	CWE-403
890	Analyze the following CVE description and map it to the appropriate CWE. Provide a brief justification for your choice. Ensure the last line of your response contains only the CWE ID.  CVE Description: A buffer overflow was discovered on Realtek RTL8195AM devices before 2.0.10. It exists in the client code when processing a malformed IE length of HT capability information in the Beacon and Association response frame. 	CWE-120	CWE-419
891	Analyze the following CVE description and map it to the appropriate CWE. Provide a brief justification for your choice. Ensure the last line of your response contains only the CWE ID.  CVE Description: A path traversal vulnerability in the Moxa MXview Network Management software Versions 3.x to 3.2.2 may allow an attacker to create or overwrite critical files used to execute code, such as programs or libraries. 	CWE-22	CWE ID: 47
892	Analyze the following CVE description and map it to the appropriate CWE. Provide a brief justification for your choice. Ensure the last line of your response contains only the CWE ID.  CVE Description: A heap-based buffer overflow in _cairo_image_surface_create_from_jpeg() in extensions/cairo_io/cairo-image-surface-jpeg.c in GNOME gThumb before 3.8.3 and Linux Mint Pix before 2.4.5 allows attackers to cause a crash and potentially execute arbitrary code via a crafted JPEG file. 	CWE-787	CWE ID: 47
893	Analyze the following CVE description and map it to the appropriate CWE. Provide a brief justification for your choice. Ensure the last line of your response contains only the CWE ID.  CVE Description: Integer overflow in the htmldoc 1.9.11 and before may allow attackers to execute arbitrary code and cause a denial of service that is similar to CVE-2017-9181. 	CWE-190	CWE-419
894	Analyze the following CVE description and map it to the appropriate CWE. Provide a brief justification for your choice. Ensure the last line of your response contains only the CWE ID.  CVE Description: A remote code execution (RCE) vulnerability in the component /codebase/dir.php?type=filenew of Mara v7.5 allows attackers to execute arbitrary commands via a crafted PHP file. 	CWE-434	CWE ID: 47
895	Analyze the following CVE description and map it to the appropriate CWE. Provide a brief justification for your choice. Ensure the last line of your response contains only the CWE ID.  CVE Description: The assets/index.php Image Upload feature of the NASCENT RemKon Device Manager 4.0.0.0 allows attackers to upload any code to the target system and achieve remote code execution. 	CWE-434	CWE ID: 47
896	Analyze the following CVE description and map it to the appropriate CWE. Provide a brief justification for your choice. Ensure the last line of your response contains only the CWE ID.  CVE Description: A malicious application may be able to execute arbitrary code with kernel privileges. This issue is fixed in macOS Big Sur 11.4, Security Update 2021-003 Catalina, Security Update 2021-004 Mojave. An out-of-bounds write issue was addressed with improved bounds checking. 	CWE-787	CWE-419
897	Analyze the following CVE description and map it to the appropriate CWE. Provide a brief justification for your choice. Ensure the last line of your response contains only the CWE ID.  CVE Description: In setNotificationsShownFromListener of NotificationManagerService.java, there is a possible way to determine whether an app is installed, without query permissions, due to side channel information disclosure. This could lead to local information disclosure with no additional execution privileges needed. User interaction is not needed for exploitation.Product: AndroidVersions: Android-12Android ID: A-194697001 	CWE-203	CWE-419
898	Analyze the following CVE description and map it to the appropriate CWE. Provide a brief justification for your choice. Ensure the last line of your response contains only the CWE ID.  CVE Description: An issue was discovered in the Binary File Descriptor (BFD) library (aka libbfd), as distributed in GNU Binutils 2.32. It is an attempted excessive memory allocation in elf_read_notes in elf.c. 	CWE-770	CWE ID: 47
899	Analyze the following CVE description and map it to the appropriate CWE. Provide a brief justification for your choice. Ensure the last line of your response contains only the CWE ID.  CVE Description: Bootloader contains a vulnerability in NVIDIA TegraBoot where a potential heap overflow might allow an attacker to control all the RAM after the heap block, leading to denial of service or code execution. 	CWE-787	CWE ID: 226
900	Analyze the following CVE description and map it to the appropriate CWE. Provide a brief justification for your choice. Ensure the last line of your response contains only the CWE ID.  CVE Description: Dropouts Technologies LLP Air Share v1.2 was discovered to contain a cross-site scripting (XSS) vulnerability in the path parameter of the `list` and `download` exception-handling. This vulnerability allows attackers to execute arbitrary web scripts or HTML via a crafted GET request. 	CWE-79	CWE-403
901	Analyze the following CVE description and map it to the appropriate CWE. Provide a brief justification for your choice. Ensure the last line of your response contains only the CWE ID.  CVE Description: IBM Cognos Analytics 11.0 and 11.1 could allow a remote attacker to obtain sensitive information via a stack trace due to mishandling of certain error conditions. IBM X-Force ID: 172128. 	CWE-755	CWE-403
902	Analyze the following CVE description and map it to the appropriate CWE. Provide a brief justification for your choice. Ensure the last line of your response contains only the CWE ID.  CVE Description: emlog v6.0 contains a Cross-Site Request Forgery (CSRF) via /admin/link.php?action=addlink, which allows attackers to arbitrarily add articles. 	CWE-352	"CWE: 5.1

Justification: The description explicitly mentions a CSRF mechanism via a URL that can be manipulated to add arbitrary articles, which aligns with CWE 5.1 (Cross-Site Request Forgery). The use of a public URL and the ability to add arbitrary content makes this a clear match."
903	Analyze the following CVE description and map it to the appropriate CWE. Provide a brief justification for your choice. Ensure the last line of your response contains only the CWE ID.  CVE Description: The Bluetooth Classic implementation on Actions ATS2815 chipsets does not properly handle the reception of continuous unsolicited LMP responses, allowing attackers in radio range to trigger a denial of service and shutdown of a device by flooding the target device with LMP_features_res packets. 	CWE-770	CWE-403
904	Analyze the following CVE description and map it to the appropriate CWE. Provide a brief justification for your choice. Ensure the last line of your response contains only the CWE ID.  CVE Description: In apusys, there is a possible out of bounds read due to an incorrect bounds check. This could lead to local information disclosure with System execution privileges needed. User interaction is not needed for exploitation. Patch ID: ALPS05687559; Issue ID: ALPS05687559. 	CWE-125	CWE-403
905	Analyze the following CVE description and map it to the appropriate CWE. Provide a brief justification for your choice. Ensure the last line of your response contains only the CWE ID.  CVE Description: Cross-site scripting (XSS) vulnerability in templates/installer/step-004.inc.php in spotweb 1.5.1 and below allow remote attackers to inject arbitrary web script or HTML via the mail parameter. 	CWE-79	CWE ID: 47
906	Analyze the following CVE description and map it to the appropriate CWE. Provide a brief justification for your choice. Ensure the last line of your response contains only the CWE ID.  CVE Description: Nokogiri is a Rubygem providing HTML, XML, SAX, and Reader parsers with XPath and CSS selector support. In Nokogiri v1.12.4 and earlier, on JRuby only, the SAX parser resolves external entities by default. Users of Nokogiri on JRuby who parse untrusted documents using any of these classes are affected: Nokogiri::XML::SAX::Parse, Nokogiri::HTML4::SAX::Parser or its alias Nokogiri::HTML::SAX::Parser, Nokogiri::XML::SAX::PushParser, and Nokogiri::HTML4::SAX::PushParser or its alias Nokogiri::HTML::SAX::PushParser. JRuby users should upgrade to Nokogiri v1.12.5 or later to receive a patch for this issue. There are no workarounds available for v1.12.4 or earlier. CRuby users are not affected. 	CWE-611	CRuby
907	Analyze the following CVE description and map it to the appropriate CWE. Provide a brief justification for your choice. Ensure the last line of your response contains only the CWE ID.  CVE Description: There is an Improper Control of Generation of Code vulnerability in Huawei Smartphone. Successful exploitation of this vulnerability may cause denial of security services on a rooted device. 	CWE-94	CWE ID: 47
908	Analyze the following CVE description and map it to the appropriate CWE. Provide a brief justification for your choice. Ensure the last line of your response contains only the CWE ID.  CVE Description: The Elementor Website Builder WordPress plugin before 3.4.8 does not sanitise or escape user input appended to the DOM via a malicious hash, resulting in a DOM Cross-Site Scripting issue. 	CWE-79	CWE ID: 47
909	Analyze the following CVE description and map it to the appropriate CWE. Provide a brief justification for your choice. Ensure the last line of your response contains only the CWE ID.  CVE Description: OpenCV (Open Source Computer Vision Library) through 3.3 has a buffer overflow in the cv::BmpDecoder::readData function in modules/imgcodecs/src/grfmt_bmp.cpp when reading an image file by using cv::imread, as demonstrated by the 4-buf-overflow-readData-memcpy test case. 	CWE-120	CWE-419
910	Analyze the following CVE description and map it to the appropriate CWE. Provide a brief justification for your choice. Ensure the last line of your response contains only the CWE ID.  CVE Description: A stack overflow vulnerability exists in gpac 1.1.0 via the gf_bifs_dec_proto_list function, which causes a segmentation fault and application crash. 	CWE-787	CWE ID: 226
911	Analyze the following CVE description and map it to the appropriate CWE. Provide a brief justification for your choice. Ensure the last line of your response contains only the CWE ID.  CVE Description: Improper access control in GitLab CE/EE affecting all versions starting from 10.7 before 14.3.6, all versions starting from 14.4 before 14.4.4, all versions starting from 14.5 before 14.5.2, allows an attacker in possession of a deploy token to access a project's disabled wiki. 	CWE-863	CWE ID: 200
912	Analyze the following CVE description and map it to the appropriate CWE. Provide a brief justification for your choice. Ensure the last line of your response contains only the CWE ID.  CVE Description: OpenVPN Access Server older than version 2.8.4 and version 2.9.5 generates new user authentication tokens instead of reusing exiting tokens on reconnect making it possible to circumvent the initial token expiry timestamp. 	CWE-613	CWE ID: 403
913	Analyze the following CVE description and map it to the appropriate CWE. Provide a brief justification for your choice. Ensure the last line of your response contains only the CWE ID.  CVE Description: Improper input validation in the National Instruments NI-PAL driver in versions 20.0.0 and prior may allow a privileged user to potentially enable escalation of privilege via local access. 	CWE-20	CWE ID: 47
914	Analyze the following CVE description and map it to the appropriate CWE. Provide a brief justification for your choice. Ensure the last line of your response contains only the CWE ID.  CVE Description: Dropouts Technologies LLP Super Backup v2.0.5 was discovered to contain an issue in the path parameter of the `list` and `download` module which allows attackers to perform a directory traversal via a change to the path variable to request the local list command. 	CWE-22	CWE-403
915	Analyze the following CVE description and map it to the appropriate CWE. Provide a brief justification for your choice. Ensure the last line of your response contains only the CWE ID.  CVE Description: Maccms 10 contains a cross-site scripting (XSS) vulnerability in the Editing function under the Member module. This vulnerability is exploited via a crafted payload in the nickname text field. 	CWE-79	CWE-403
916	Analyze the following CVE description and map it to the appropriate CWE. Provide a brief justification for your choice. Ensure the last line of your response contains only the CWE ID.  CVE Description: Adobe Acrobat and Reader versions , 2019.012.20040 and earlier, 2017.011.30148 and earlier, 2017.011.30148 and earlier, 2015.006.30503 and earlier, and 2015.006.30503 and earlier have an out-of-bounds write vulnerability. Successful exploitation could lead to arbitrary code execution . 	CWE-787	CWE ID: 305
917	Analyze the following CVE description and map it to the appropriate CWE. Provide a brief justification for your choice. Ensure the last line of your response contains only the CWE ID.  CVE Description: ORY Fosite is a security first OAuth2 & OpenID Connect framework for Go. In Fosite from version 0.30.2 and before version 0.34.1, there is an issue in which an an attacker can override the registered redirect URL by performing an OAuth flow and requesting a redirect URL that is to the loopback adapter. Attackers can provide both custom URL query parameters to their loopback redirect URL, as well as actually overriding the host of the registered redirect URL. These attacks are only applicable in scenarios where the attacker has access over the loopback interface. This vulnerability has been patched in ORY Fosite v0.34.1. 	CWE-601	CWE-403
918	Analyze the following CVE description and map it to the appropriate CWE. Provide a brief justification for your choice. Ensure the last line of your response contains only the CWE ID.  CVE Description: The Bulk Modifications functionality in Nagios XI versions prior to 5.8.5 is vulnerable to SQL injection. Exploitation requires the malicious actor to be authenticated to the vulnerable system, but once authenticated they would be able to execute arbitrary sql queries. 	CWE-89	CWE-403
919	Analyze the following CVE description and map it to the appropriate CWE. Provide a brief justification for your choice. Ensure the last line of your response contains only the CWE ID.  CVE Description: Laravel Booking System Booking Core 2.0 is vulnerable to Cross Site Scripting (XSS). The Avatar upload in the My Profile section could be exploited to upload a malicious SVG file which contains Javascript. Now if another user/admin views the profile and clicks to view his avatar, an XSS will trigger. 	CWE-79	CWE-403
920	"Analyze the following CVE description and map it to the appropriate CWE. Provide a brief justification for your choice. Ensure the last line of your response contains only the CWE ID.  CVE Description: ""Clear History and Website Data"" did not clear the history. The issue was addressed with improved data deletion. This issue is fixed in macOS Catalina 10.15. A user may be unable to delete browsing history items. "	CWE-459	CWE ID: 403
921	Analyze the following CVE description and map it to the appropriate CWE. Provide a brief justification for your choice. Ensure the last line of your response contains only the CWE ID.  CVE Description: A Denial of Service vulnerability exists in FFmpeg 4.2 due to a memory leak is affected by: memory leak in the link_filter_inouts function in libavfilter/graphparser.c. 	CWE-401	"CWE ID: 403

Justification: The vulnerability exploits a memory leak in the `link_filter_inouts` function of libavfilter/graphparser.c, which can lead to denial of service by exhausting system resources or causing crashes."
922	Analyze the following CVE description and map it to the appropriate CWE. Provide a brief justification for your choice. Ensure the last line of your response contains only the CWE ID.  CVE Description: There is a Improper Input Validation vulnerability in Huawei Smartphone.Successful exploitation of this vulnerability will cause kernel crash. 	CWE-20	CWE ID: 47
923	Analyze the following CVE description and map it to the appropriate CWE. Provide a brief justification for your choice. Ensure the last line of your response contains only the CWE ID.  CVE Description: An issue has been discovered in GitLab affecting all versions starting with 13.10. GitLab was vulnerable to a stored XSS in blob viewer of notebooks. 	CWE-79	"CWE ID: 403

Justification: The CVE description mentions a stored XSS in a blob viewer of notebooks, which directly relates to the CWE 403 (Forbidden resource)."
924	Analyze the following CVE description and map it to the appropriate CWE. Provide a brief justification for your choice. Ensure the last line of your response contains only the CWE ID.  CVE Description: A vulnerability in Juniper Networks SRX Series device configured as a Junos OS Enforcer device may allow a user to access network resources that are not permitted by a UAC policy. This issue might occur when the IP address range configured in the Infranet Controller (IC) is configured as an IP address range instead of an IP address/netmask. See the Workaround section for more detail. The Junos OS Enforcer CLI settings are disabled by default. This issue affects Juniper Networks Junos OS on SRX Series: 12.3X48 versions prior to 12.3X48-D100; 15.1X49 versions prior to 15.1X49-D210; 17.3 versions prior to 17.3R2-S5, 17.3R3-S8; 17.4 versions prior to 17.4R2-S9, 17.4R3-S1; 18.1 versions prior to 18.1R3-S10; 18.2 versions prior to 18.2R2-S7, 18.2R3-S3; 18.3 versions prior to 18.3R1-S7, 18.3R3-S2; 18.4 versions prior to 18.4R1-S6, 18.4R2-S4, 18.4R3-S1; 19.1 versions prior to 19.1R1-S4, 19.1R2-S1, 19.1R3; 19.2 versions prior to 19.2R1-S3, 19.2R2; 19.3 versions prior to 19.3R2-S1, 19.3R3; 19.4 versions prior to 19.4R1-S1, 19.4R2. 	CWE-287	CWE ID: 19
925	Analyze the following CVE description and map it to the appropriate CWE. Provide a brief justification for your choice. Ensure the last line of your response contains only the CWE ID.  CVE Description: A remote unauthenticated directory traversal security vulnerability has been identified in HPE iLO Amplifier Pack versions 1.80, 1.81, 1.90 and 1.95. The vulnerability could be remotely exploited to allow an unauthenticated user to run arbitrary code leading complete impact to confidentiality, integrity, and availability of the iLO Amplifier Pack appliance. 	CWE-22	CWE-403
926	Analyze the following CVE description and map it to the appropriate CWE. Provide a brief justification for your choice. Ensure the last line of your response contains only the CWE ID.  CVE Description: IBM MQ Appliance could allow a local attacker to obtain sensitive information by inclusion of sensitive data within trace. 	CWE-200	CWE ID: 47
927	Analyze the following CVE description and map it to the appropriate CWE. Provide a brief justification for your choice. Ensure the last line of your response contains only the CWE ID.  CVE Description: Server Side Request Forgery (SSRF) vulnerability exists in owncloud/user_ldap < 0.15.4 in the settings of the user_ldap app. Administration role is necessary for exploitation. 	CWE-918	CWE ID: 403
928	Analyze the following CVE description and map it to the appropriate CWE. Provide a brief justification for your choice. Ensure the last line of your response contains only the CWE ID.  CVE Description: There is an Improper Check for Unusual or Exceptional Conditions Vulnerability in Huawei Smartphone.Successful exploitation of this vulnerability may cause the system to reset. 	CWE-754	CWE: 47
929	Analyze the following CVE description and map it to the appropriate CWE. Provide a brief justification for your choice. Ensure the last line of your response contains only the CWE ID.  CVE Description: Insecure Deserialization of untrusted data remote code execution vulnerability was discovered in Patch Manager Orion Platform Integration module. An Authenticated Attacker with network access via HTTP can compromise this vulnerability can result in Remote Code Execution. 	CWE-502	CWE-422
930	Analyze the following CVE description and map it to the appropriate CWE. Provide a brief justification for your choice. Ensure the last line of your response contains only the CWE ID.  CVE Description: Adobe Connect version 11.2.2 (and earlier) is affected by a Reflected Cross-site Scripting vulnerability that could be abused by an attacker to inject malicious scripts into vulnerable form fields. If an attacker is able to convince a victim to visit a URL referencing a vulnerable page, malicious JavaScript content may be executed within the context of the victim's browser. 	CWE-79	CWE-422
931	Analyze the following CVE description and map it to the appropriate CWE. Provide a brief justification for your choice. Ensure the last line of your response contains only the CWE ID.  CVE Description: An issue was discovered in EyesOfNetwork 5.3. An authenticated web user with sufficient privileges could abuse the AutoDiscovery module to run arbitrary OS commands via the /module/module_frame/index.php autodiscovery.php target field. 	CWE-78	CWE-403
932	Analyze the following CVE description and map it to the appropriate CWE. Provide a brief justification for your choice. Ensure the last line of your response contains only the CWE ID.  CVE Description: A flaw was found in the libtpms code that may cause access beyond the boundary of internal buffers. The vulnerability is triggered by specially-crafted TPM2 command packets that then trigger the issue when the state of the TPM2's volatile state is written. The highest threat from this vulnerability is to system availability. This issue affects libtpms versions before 0.8.5, before 0.7.9 and before 0.6.6. 	CWE-119	CWE ID: 47
933	Analyze the following CVE description and map it to the appropriate CWE. Provide a brief justification for your choice. Ensure the last line of your response contains only the CWE ID.  CVE Description: A heap-based Buffer Overflow vulnerability exists in FFmpeg 4.2 in filter_intra at libavfilter/vf_bwdif.c, which might lead to memory corruption and other potential consequences. 	CWE-787	CWE ID: 226
934	Analyze the following CVE description and map it to the appropriate CWE. Provide a brief justification for your choice. Ensure the last line of your response contains only the CWE ID.  CVE Description: The Better Find and Replace WordPress plugin before 1.2.9 does not escape the 's' GET parameter before outputting back in the All Masking Rules page, leading to a Reflected Cross-Site Scripting issue 	CWE-79	CWE ID: 47
935	Analyze the following CVE description and map it to the appropriate CWE. Provide a brief justification for your choice. Ensure the last line of your response contains only the CWE ID.  CVE Description: IBM Tivoli Key Lifecycle Manager 3.0, 3.0.1, 4.0, and 4.1 is vulnerable to cross-site scripting. This vulnerability allows users to embed arbitrary JavaScript code in the Web UI thus altering the intended functionality potentially leading to credentials disclosure within a trusted session. IBM X-Force ID: 212791. 	CWE-79	CWE-403
936	Analyze the following CVE description and map it to the appropriate CWE. Provide a brief justification for your choice. Ensure the last line of your response contains only the CWE ID.  CVE Description: A memory corruption issue was addressed with improved state management. This issue is fixed in Boot Camp 6.1.14. A malicious application may be able to elevate privileges. 	CWE-787	CWE-419
937	Analyze the following CVE description and map it to the appropriate CWE. Provide a brief justification for your choice. Ensure the last line of your response contains only the CWE ID.  CVE Description: Dzzoffice Version 2.02.1 is affected by cross-site scripting (XSS) due to a lack of sanitization of input data at all upload functions in webroot/dzz/attach/Uploader.class.php and return a wrong response in content-type of output data in webroot/dzz/attach/controller.php. 	CWE-79	CWE ID: 403
938	Analyze the following CVE description and map it to the appropriate CWE. Provide a brief justification for your choice. Ensure the last line of your response contains only the CWE ID.  CVE Description: A link preview rendering issue in Rocket.Chat versions before 3.9 could lead to potential XSS attacks. 	CWE-79	CWE ID: 403
939	Analyze the following CVE description and map it to the appropriate CWE. Provide a brief justification for your choice. Ensure the last line of your response contains only the CWE ID.  CVE Description: Adobe Acrobat and Reader versions 2020.009.20074 and earlier, 2020.001.30002, 2017.011.30171 and earlier, and 2015.006.30523 and earlier have a disclosure of sensitive data vulnerability. Successful exploitation could lead to memory leak. 	CWE-401	CWE ID: 305
940	Analyze the following CVE description and map it to the appropriate CWE. Provide a brief justification for your choice. Ensure the last line of your response contains only the CWE ID.  CVE Description: Adobe Flash Player 32.0.0.238 and earlier versions, 32.0.0.207 and earlier versions have a Use after free vulnerability. Successful exploitation could lead to Arbitrary Code Execution in the context of the current user. 	CWE-416	CWE ID: 47
941	Analyze the following CVE description and map it to the appropriate CWE. Provide a brief justification for your choice. Ensure the last line of your response contains only the CWE ID.  CVE Description: Hasplm cookie in Gemalto Admin Control Center, all versions prior to 7.92, does not have 'HttpOnly' flag. This allows malicious javascript to steal it. 	CWE-732	CWE ID: 403
942	Analyze the following CVE description and map it to the appropriate CWE. Provide a brief justification for your choice. Ensure the last line of your response contains only the CWE ID.  CVE Description: react-draft-wysiwyg (aka React Draft Wysiwyg) before 1.14.6 allows a javascript: URi in a Link Target of the link decorator in decorators/Link/index.js when a draft is shared across users, leading to XSS. 	CWE-79	CWE-403
943	Analyze the following CVE description and map it to the appropriate CWE. Provide a brief justification for your choice. Ensure the last line of your response contains only the CWE ID.  CVE Description: Concrete5 before 8.5.3 allows Unrestricted Upload of File with Dangerous Type such as a .phar file. 	CWE-434	CWE ID: 403
944	Analyze the following CVE description and map it to the appropriate CWE. Provide a brief justification for your choice. Ensure the last line of your response contains only the CWE ID.  CVE Description: The Bluetooth Classic implementation in Espressif ESP-IDF 4.4 and earlier does not properly handle the reception of multiple LMP IO Capability Request packets during the pairing process, allowing attackers in radio range to trigger memory corruption (and consequently a crash) in ESP32 via a replayed (duplicated) LMP packet. 	CWE-787	CWE-403
945	Analyze the following CVE description and map it to the appropriate CWE. Provide a brief justification for your choice. Ensure the last line of your response contains only the CWE ID.  CVE Description: A vulnerability in the Tool Command Language (Tcl) interpreter of Cisco IOS Software and Cisco IOS XE Software could allow an authenticated, local attacker with privileged EXEC credentials to execute arbitrary code on the underlying operating system (OS) with root privileges. The vulnerability is due to insufficient input validation of data passed to the Tcl interpreter. An attacker could exploit this vulnerability by loading malicious Tcl code on an affected device. A successful exploit could allow the attacker to cause memory corruption or execute the code with root privileges on the underlying OS of the affected device. 	CWE-20	CWE-403
946	Analyze the following CVE description and map it to the appropriate CWE. Provide a brief justification for your choice. Ensure the last line of your response contains only the CWE ID.  CVE Description: klaussilveira GitList version <= 0.6 contains a Passing incorrectly sanitized input to system function vulnerability in `searchTree` function that can result in Execute any code as PHP user. This attack appear to be exploitable via Send POST request using search form. This vulnerability appears to have been fixed in 0.7 after commit 87b8c26b023c3fc37f0796b14bb13710f397b322. 	CWE-20	CWE ID: 47
947	Analyze the following CVE description and map it to the appropriate CWE. Provide a brief justification for your choice. Ensure the last line of your response contains only the CWE ID.  CVE Description: In ccu, there is a possible out of bounds read due to incorrect error handling. This could lead to information disclosure with System execution privileges needed. User interaction is not needed for exploitation. Patch ID: ALPS05827145; Issue ID: ALPS05827145. 	CWE-125	CWE-419
948	Analyze the following CVE description and map it to the appropriate CWE. Provide a brief justification for your choice. Ensure the last line of your response contains only the CWE ID.  CVE Description: IBM Spectrum Protect Plus 10.1.0.0 through 10.1.8.x is vulnerable to server-side request forgery (SSRF). This may allow an authenticated attacker to send unauthorized requests from the system, potentially leading to network enumeration or facilitating other attacks. IBM X-Force ID: 214616. 	CWE-918	CWE-403
949	Analyze the following CVE description and map it to the appropriate CWE. Provide a brief justification for your choice. Ensure the last line of your response contains only the CWE ID.  CVE Description: The Form Builder | Create Responsive Contact Forms WordPress plugin before 1.9.8.4 does not sanitise or escape its Form Title, allowing high privilege users such as admin to set Cross-Site Scripting payload in them, even when the unfiltered_html capability is disallowed 	CWE-79	CWE-403
950	Analyze the following CVE description and map it to the appropriate CWE. Provide a brief justification for your choice. Ensure the last line of your response contains only the CWE ID.  CVE Description: Zoho Remote Access Plus Server Windows Desktop Binary fixed in 10.1.2132.6 is affected by a sensitive information disclosure vulnerability. Due to improper privilege management, the process launches as the logged in user, so memory dump can be done by non-admin also. Remotely, an attacker can dump all sensitive information including DB Connection string, entire IT infrastructure details, commands executed by IT admin including credentials, secrets, private keys and more. 	CWE-269	CWE ID: 403
951	Analyze the following CVE description and map it to the appropriate CWE. Provide a brief justification for your choice. Ensure the last line of your response contains only the CWE ID.  CVE Description: A component of the HarmonyOS has a Improper Input Validation vulnerability. Local attackers may exploit this vulnerability to read at any address. 	CWE-20	CWE ID: 47
952	Analyze the following CVE description and map it to the appropriate CWE. Provide a brief justification for your choice. Ensure the last line of your response contains only the CWE ID.  CVE Description: VMware vRealize Log Insight (8.x prior to 8.6) contains a CSV(Comma Separated Value) injection vulnerability in interactive analytics export function. An authenticated malicious actor with non-administrative privileges may be able to embed untrusted data prior to exporting a CSV sheet through Log Insight which could be executed in user's environment. 	CWE-74	CWE-403
953	Analyze the following CVE description and map it to the appropriate CWE. Provide a brief justification for your choice. Ensure the last line of your response contains only the CWE ID.  CVE Description: FATEK Automation FvDesigner, Versions 1.5.88 and prior is vulnerable to an out-of-bounds write while processing project files, allowing an attacker to craft a project file that may permit arbitrary code execution. 	CWE-787	CWE ID: 47
954	Analyze the following CVE description and map it to the appropriate CWE. Provide a brief justification for your choice. Ensure the last line of your response contains only the CWE ID.  CVE Description: The Simple Download Monitor WordPress plugin before 3.9.5 does not escape the 1) sdm_active_tab GET parameter and 2) sdm_stats_start_date/sdm_stats_end_date POST parameters before outputting them back in attributes, leading to Reflected Cross-Site Scripting issues 	CWE-79	CWE ID: 403
955	Analyze the following CVE description and map it to the appropriate CWE. Provide a brief justification for your choice. Ensure the last line of your response contains only the CWE ID.  CVE Description: In ufshcd_eh_device_reset_handler of ufshcd.c, there is a possible out of bounds read due to a missing bounds check. This could lead to local information disclosure with System execution privileges needed. User interaction is not needed for exploitation.Product: AndroidVersions: Android kernelAndroid ID: A-194696049References: Upstream kernel 	CWE-125	"CWE ID: 214

Justification: The description mentions a missing bounds check in the `ufshcd_eh_device_reset_handler` function of `ufshcd.c`, which is a common vulnerability in Android kernel code. This lack of a bounds check can lead to an out-of-bounds read, potentially exposing sensitive information or granting execution privileges to an attacker. The absence of user interaction is also a key factor, as it prevents exploitation."
956	Analyze the following CVE description and map it to the appropriate CWE. Provide a brief justification for your choice. Ensure the last line of your response contains only the CWE ID.  CVE Description: A vulnerability in the handling of IEEE 802.11w Protected Management Frames (PMFs) of Cisco Catalyst 9800 Series Wireless Controllers that are running Cisco IOS XE Software could allow an unauthenticated, adjacent attacker to terminate a valid user connection to an affected device. The vulnerability exists because the affected software does not properly validate 802.11w disassociation and deauthentication PMFs that it receives. An attacker could exploit this vulnerability by sending a spoofed 802.11w PMF from a valid, authenticated client on a network adjacent to an affected device. A successful exploit could allow the attacker to terminate a single valid user connection to the affected device. 	CWE-20	CWE-403
957	Analyze the following CVE description and map it to the appropriate CWE. Provide a brief justification for your choice. Ensure the last line of your response contains only the CWE ID.  CVE Description: A vulnerability has been identified in JT2Go (All versions < V13.1.0.1), Teamcenter Visualization (All versions < V13.1.0.1). Affected applications lack proper validation of user-supplied data when parsing of PCT files. This could result in a memory corruption condition. An attacker could leverage this vulnerability to execute code in the context of the current process. (ZDI-CAN-12182) 	CWE-787	CWE-403
958	Analyze the following CVE description and map it to the appropriate CWE. Provide a brief justification for your choice. Ensure the last line of your response contains only the CWE ID.  CVE Description: Certain MOXA devices allow Authenticated Command Injection via /forms/web_importTFTP. This affects WAC-2004 1.7, WAC-1001 2.1, WAC-1001-T 2.1, OnCell G3470A-LTE-EU 1.7, OnCell G3470A-LTE-EU-T 1.7, TAP-323-EU-CT-T 1.3, TAP-323-US-CT-T 1.3, TAP-323-JP-CT-T 1.3, WDR-3124A-EU 2.3, WDR-3124A-EU-T 2.3, WDR-3124A-US 2.3, and WDR-3124A-US-T 2.3. 	CWE-78	WDR
959	Analyze the following CVE description and map it to the appropriate CWE. Provide a brief justification for your choice. Ensure the last line of your response contains only the CWE ID.  CVE Description: Jeesns 1.4.2 contains a cross-site request forgery (CSRF) which allows attackers to escalate privileges and perform sensitive program operations. 	CWE-352	CWE ID: 403
960	Analyze the following CVE description and map it to the appropriate CWE. Provide a brief justification for your choice. Ensure the last line of your response contains only the CWE ID.  CVE Description: The RAR file parser component in the AntiVirus Decomposer engine in Symantec Advanced Threat Protection: Network (ATP); Symantec Email Security.Cloud; Symantec Data Center Security: Server; Symantec Endpoint Protection (SEP) for Windows before 12.1.6 MP5; Symantec Endpoint Protection (SEP) for Mac; Symantec Endpoint Protection (SEP) for Linux before 12.1.6 MP6; Symantec Endpoint Protection for Small Business Enterprise (SEP SBE/SEP.Cloud); Symantec Endpoint Protection Cloud (SEPC) for Windows/Mac; Symantec Endpoint Protection Small Business Edition 12.1; CSAPI before 10.0.4 HF02; Symantec Protection Engine (SPE) before 7.0.5 HF02, 7.5.x before 7.5.4 HF02, 7.5.5 before 7.5.5 HF01, and 7.8.x before 7.8.0 HF03; Symantec Mail Security for Domino (SMSDOM) before 8.0.9 HF2.1, 8.1.x before 8.1.2 HF2.3, and 8.1.3 before 8.1.3 HF2.2; Symantec Mail Security for Microsoft Exchange (SMSMSE) before 6.5.8_3968140 HF2.3, 7.x before 7.0_3966002 HF2.1, and 7.5.x before 7.5_3966008 VHF2.2; Symantec Protection for SharePoint Servers (SPSS) before SPSS_6.0.3_To_6.0.5_HF_2.5 update, 6.0.6 before 6.0.6 HF_2.6, and 6.0.7 before 6.0.7_HF_2.7; Symantec Messaging Gateway (SMG) before 10.6.2; Symantec Messaging Gateway for Service Providers (SMG-SP) before 10.5 patch 260 and 10.6 before patch 259; Symantec Web Gateway; and Symantec Web Security.Cloud allows remote attackers to cause a denial of service (out-of-bounds read) via a crafted RAR file that is mishandled during decompression. 	CWE-125	VHF2
961	Analyze the following CVE description and map it to the appropriate CWE. Provide a brief justification for your choice. Ensure the last line of your response contains only the CWE ID.  CVE Description: “Shuup” application in versions 0.4.2 to 2.10.8 is affected by the “Formula Injection” vulnerability. A customer can inject payloads in the name input field in the billing address while buying a product. When a store administrator accesses the reports page to export the data as an Excel file and opens it, the payload gets executed. 	CWE-1236	CWE-403
962	Analyze the following CVE description and map it to the appropriate CWE. Provide a brief justification for your choice. Ensure the last line of your response contains only the CWE ID.  CVE Description: Missing authentication in all versions of GitLab CE/EE since version 7.11.0 allows an attacker with access to a victim's session to disable two-factor authentication 	CWE-306	CWE-403
963	Analyze the following CVE description and map it to the appropriate CWE. Provide a brief justification for your choice. Ensure the last line of your response contains only the CWE ID.  CVE Description: Adobe Acrobat and Reader versions 2019.010.20069 and earlier, 2019.010.20069 and earlier, 2017.011.30113 and earlier version, and 2015.006.30464 and earlier have an use after free vulnerability. Successful exploitation could lead to arbitrary code execution . 	CWE-416	CWE ID: 403
964	Analyze the following CVE description and map it to the appropriate CWE. Provide a brief justification for your choice. Ensure the last line of your response contains only the CWE ID.  CVE Description: Command Injection vulnerability in EmailWebPage API which can lead to a Remote Code Execution (RCE) from the Alerts Settings page. 	CWE-77	"CWE ID: C41

Justification: The vulnerability exploits a misconfigured email web page to inject malicious content, which can then be executed remotely via the Alerts Settings page, leading to Remote Code Execution."
965	Analyze the following CVE description and map it to the appropriate CWE. Provide a brief justification for your choice. Ensure the last line of your response contains only the CWE ID.  CVE Description: Possible buffer overflow due to improper size calculation of payload received in VR service in Snapdragon Auto, Snapdragon Compute, Snapdragon Connectivity, Snapdragon Consumer IOT, Snapdragon Industrial IOT, Snapdragon Wearables 	CWE-787	CWE-419
966	Analyze the following CVE description and map it to the appropriate CWE. Provide a brief justification for your choice. Ensure the last line of your response contains only the CWE ID.  CVE Description: Cross-site request forgery (CSRF) vulnerability in Unlimited Sitemap Generator versions prior to v8.2 allows a remote attacker to hijack the authentication of an administrator and conduct arbitrary operation via a specially crafted web page. 	CWE-352	CWE-403
967	Analyze the following CVE description and map it to the appropriate CWE. Provide a brief justification for your choice. Ensure the last line of your response contains only the CWE ID.  CVE Description: IBM Db2 for Linux, UNIX and Windows (includes Db2 Connect Server) 11.5 could allow a local user to access and change the configuration of Db2 due to a race condition of a symbolic link,. IBM X-Force ID: 190909. 	CWE-59	CWE-403
968	Analyze the following CVE description and map it to the appropriate CWE. Provide a brief justification for your choice. Ensure the last line of your response contains only the CWE ID.  CVE Description: An Integer underflow in VLC Media Player versions < 3.0.7 leads to an out-of-band read. 	CWE-191	"CWE ID: 214

Justification: Integer underflow in VLC Media Player versions < 3.0.7 typically results in a buffer overflow vulnerability, which can be exploited to execute arbitrary code or gain unauthorized access."
969	Analyze the following CVE description and map it to the appropriate CWE. Provide a brief justification for your choice. Ensure the last line of your response contains only the CWE ID.  CVE Description: It was discovered that the gnome-shell lock screen since version 3.15.91 did not properly restrict all contextual actions. An attacker with physical access to a locked workstation could invoke certain keyboard shortcuts, and potentially other actions. 	CWE-287	CWE-403
970	Analyze the following CVE description and map it to the appropriate CWE. Provide a brief justification for your choice. Ensure the last line of your response contains only the CWE ID.  CVE Description: D-Link DIR-809 devices with firmware through DIR-809Ax_FW1.12WWB03_20190410 were discovered to contain a stack buffer overflow vulnerability in the function FUN_80040af8 in /formWlanSetup. This vulnerability is triggered via a crafted POST request. 	CWE-787	CWE-419
971	Analyze the following CVE description and map it to the appropriate CWE. Provide a brief justification for your choice. Ensure the last line of your response contains only the CWE ID.  CVE Description: RSA BSAFE SSL-J versions prior to 6.2.4 contain a Heap Inspection vulnerability that could allow an attacker with physical access to the system to recover sensitive key material. 	CWE-459	CWE ID: 342
972	Analyze the following CVE description and map it to the appropriate CWE. Provide a brief justification for your choice. Ensure the last line of your response contains only the CWE ID.  CVE Description: A user interface overlay vulnerability was discovered in F-secure SAFE Browser for Android. When user click on a specially crafted seemingly legitimate URL SAFE browser goes into full screen and hides the user interface. A remote attacker can leverage this to perform spoofing attack. 	CWE-1021	CWE-403
973	Analyze the following CVE description and map it to the appropriate CWE. Provide a brief justification for your choice. Ensure the last line of your response contains only the CWE ID.  CVE Description: Magento Commerce versions 2.4.2 (and earlier), 2.4.2-p1 (and earlier) and 2.3.7 (and earlier) are affected by an improper input validation vulnerability. An attacker with admin privileges could make a crafted request to the Adobe Stock API to achieve remote code execution. 	CWE-20	CWE ID: 47
974	Analyze the following CVE description and map it to the appropriate CWE. Provide a brief justification for your choice. Ensure the last line of your response contains only the CWE ID.  CVE Description: Affected versions of Atlassian Jira Server and Data Center allow anonymous remote attackers to inject arbitrary HTML or JavaScript via a Cross-Site Scripting (XSS) vulnerability in the Associated Projects feature (/secure/admin/AssociatedProjectsForCustomField.jspa). The affected versions are before version 8.5.19, from version 8.6.0 before 8.13.11, and from version 8.14.0 before 8.19.1. 	CWE-79	CWE ID: 403
975	Analyze the following CVE description and map it to the appropriate CWE. Provide a brief justification for your choice. Ensure the last line of your response contains only the CWE ID.  CVE Description: An improper validation vulnerability in telephony prior to SMR Dec-2021 Release 1 allows attackers to launch certain activities. 	CWE-20	"CWE: 47

Justification: The description mentions ""telephony,"" which is a specific type of communication channel. The CWE 47 corresponds to ""telephony-related vulnerabilities"" in the context of telecom systems."
976	Analyze the following CVE description and map it to the appropriate CWE. Provide a brief justification for your choice. Ensure the last line of your response contains only the CWE ID.  CVE Description: In apusys, there is a possible memory corruption due to a missing bounds check. This could lead to local escalation of privilege with System execution privileges needed. User interaction is not needed for exploitation. Patch ID: ALPS05672107; Issue ID: ALPS05664618. 	CWE-190	CWE-419
977	Analyze the following CVE description and map it to the appropriate CWE. Provide a brief justification for your choice. Ensure the last line of your response contains only the CWE ID.  CVE Description: A stored cross-site scripting (XSS) vulnerability in the /group/post component of Jeesns 1.4.2 allows attackers to execute arbitrary web scripts or HTML via a crafted payload in the title. 	CWE-79	CWE ID: 47
978	Analyze the following CVE description and map it to the appropriate CWE. Provide a brief justification for your choice. Ensure the last line of your response contains only the CWE ID.  CVE Description: In webpack-subresource-integrity before version 1.5.1, all dynamically loaded chunks receive an invalid integrity hash that is ignored by the browser, and therefore the browser cannot validate their integrity. This removes the additional level of protection offered by SRI for such chunks. Top-level chunks are unaffected. This issue is patched in version 1.5.1. 	CWE-345	CWE-422
979	Analyze the following CVE description and map it to the appropriate CWE. Provide a brief justification for your choice. Ensure the last line of your response contains only the CWE ID.  CVE Description: In onCreate of KeyChainActivity.java, there is a possible way to use an app certificate stored in keychain due to a tapjacking/overlay attack. This could lead to local escalation of privilege with no additional execution privileges needed. User interaction is needed for exploitation.Product: AndroidVersions: Android-10 Android-11 Android-12 Android-9Android ID: A-199754277 	CWE-1021	CWE-419
980	Analyze the following CVE description and map it to the appropriate CWE. Provide a brief justification for your choice. Ensure the last line of your response contains only the CWE ID.  CVE Description: An unprotected logging route may allow an attacker to write endless log statements into the database without space limits or authentication. This results in consuming the entire available hard-disk space on the Ignition 8 Gateway (versions prior to 8.0.10), causing a denial-of-service condition. 	CWE-306	CWE-403
981	Analyze the following CVE description and map it to the appropriate CWE. Provide a brief justification for your choice. Ensure the last line of your response contains only the CWE ID.  CVE Description: Adobe Acrobat and Reader versions 2019.012.20035 and earlier, 2019.012.20035 and earlier, 2017.011.30142 and earlier, 2017.011.30143 and earlier, 2015.006.30497 and earlier, and 2015.006.30498 and earlier have an use after free vulnerability. Successful exploitation could lead to arbitrary code execution . 	CWE-416	CWE ID: 403
982	Analyze the following CVE description and map it to the appropriate CWE. Provide a brief justification for your choice. Ensure the last line of your response contains only the CWE ID.  CVE Description: A vulnerability in the Flexible NetFlow Version 9 packet processor of Cisco IOS XE Software for Cisco Catalyst 9800 Series Wireless Controllers and Cisco AireOS Software for Cisco Wireless LAN Controllers (WLC) could allow an unauthenticated, remote attacker to cause a denial of service (DoS) condition on an affected device. The vulnerability is due to insufficient validation of certain parameters in a Flexible NetFlow Version 9 record. An attacker could exploit this vulnerability by spoofing the address of an existing Access Point on the network and sending a Control and Provisioning of Wireless Access Points (CAPWAP) packet that includes a crafted Flexible NetFlow Version 9 record to an affected device. A successful exploit could allow the attacker to cause a process crash that would lead to a reload of the device. 	CWE-20	CWE-403
983	Analyze the following CVE description and map it to the appropriate CWE. Provide a brief justification for your choice. Ensure the last line of your response contains only the CWE ID.  CVE Description: AmZetta Amzetta zPortal DVM Tools is affected by Integer Overflow. IOCTL Handler 0x22001B in the Amzetta zPortal DVM Tools <= v3.3.148.148 allow local attackers to execute arbitrary code in kernel mode or cause a denial of service (memory corruption and OS crash) via specially crafted I/O Request Packet. 	CWE-190	CWE-419
984	Analyze the following CVE description and map it to the appropriate CWE. Provide a brief justification for your choice. Ensure the last line of your response contains only the CWE ID.  CVE Description: Adobe Acrobat and Reader versions , 2019.021.20056 and earlier, 2017.011.30152 and earlier, 2017.011.30155 and earlier version, 2017.011.30152 and earlier, and 2015.006.30505 and earlier have an untrusted pointer dereference vulnerability. Successful exploitation could lead to arbitrary code execution . 	CWE-119	CWE ID: 305
985	Analyze the following CVE description and map it to the appropriate CWE. Provide a brief justification for your choice. Ensure the last line of your response contains only the CWE ID.  CVE Description: The Appointment Hour Booking WordPress plugin before 1.3.17 does not properly sanitize values used when creating new calendars. 	CWE-79	"CWE: 403

Justification: The CWE 403 corresponds to the ""Forbidden resource"" category, as the Appointment Hour Booking WordPress plugin is a resource that should not be accessed without proper authentication or authorization."
986	Analyze the following CVE description and map it to the appropriate CWE. Provide a brief justification for your choice. Ensure the last line of your response contains only the CWE ID.  CVE Description: SAP Commerce - versions 2105.3, 2011.13, 2005.18, 1905.34, does not perform necessary authorization checks for an authenticated user, resulting in escalation of privileges. Authenticated attackers will be able to access and edit data from b2b units they do not belong to. 	CWE-862	CWE ID: 403
987	Analyze the following CVE description and map it to the appropriate CWE. Provide a brief justification for your choice. Ensure the last line of your response contains only the CWE ID.  CVE Description: On BIG-IP, on all versions of 16.1.x, 16.0.x, 15.1.x, 14.1.x, 13.1.x, 12.1.x, and 11.6.x, a directory traversal vulnerability exists in an undisclosed page of the BIG-IP Configuration utility that allows an attacker to access arbitrary files. Note: Software versions which have reached End of Technical Support (EoTS) are not evaluated. 	CWE-22	CWE-403
988	Analyze the following CVE description and map it to the appropriate CWE. Provide a brief justification for your choice. Ensure the last line of your response contains only the CWE ID.  CVE Description: There is a Stack-based Buffer Overflow vulnerability in Huawei Smartphone.Successful exploitation of this vulnerability may lead to Out-of-bounds read. 	CWE-787	CWE ID: CVE-2023-12345
989	Analyze the following CVE description and map it to the appropriate CWE. Provide a brief justification for your choice. Ensure the last line of your response contains only the CWE ID.  CVE Description: Sofico Miles RIA 2020.2 Build 127964T is affected by Stored Cross Site Scripting (XSS). An attacker with access to a user account of the RIA IT or the Fleet role can create a crafted work order in the damage reports section (or change existing work orders). The XSS payload is in the work order number. 	CWE-79	CWE-403
990	Analyze the following CVE description and map it to the appropriate CWE. Provide a brief justification for your choice. Ensure the last line of your response contains only the CWE ID.  CVE Description: Summer Baby Zoom Wifi Monitor & Internet Viewing System allows remote attackers to bypass authentication, related to the MySnapCam web service. 	CWE-306	CWE: 47
991	Analyze the following CVE description and map it to the appropriate CWE. Provide a brief justification for your choice. Ensure the last line of your response contains only the CWE ID.  CVE Description: An SQL Injection vulnerablitly exits in zzcms 8.2, 8.3, 2020, and 2021 via the id parameter in admin/dl_sendmail.php. 	CWE-89	CWE ID: 47
992	Analyze the following CVE description and map it to the appropriate CWE. Provide a brief justification for your choice. Ensure the last line of your response contains only the CWE ID.  CVE Description: A vulnerability in an Trend Micro Apex One, Worry-Free Business Security 10.0 SP1 and Worry-Free Business Security Services dll may allow an attacker to manipulate it to cause an out-of-bounds read that crashes multiple processes in the product. An attacker must first obtain the ability to execute low-privileged code on the target system in order to exploit this vulnerability. 	CWE-125	CWE ID: 10
993	Analyze the following CVE description and map it to the appropriate CWE. Provide a brief justification for your choice. Ensure the last line of your response contains only the CWE ID.  CVE Description: An issue in Atomix v3.1.5 allows attackers to cause a denial of service (DoS) via false link event messages sent to a master ONOS node. 	CWE-74	CWE-403
994	Analyze the following CVE description and map it to the appropriate CWE. Provide a brief justification for your choice. Ensure the last line of your response contains only the CWE ID.  CVE Description: Adobe Acrobat and Reader versions 2019.010.20069 and earlier, 2019.010.20069 and earlier, 2017.011.30113 and earlier version, and 2015.006.30464 and earlier have an out-of-bounds read vulnerability. Successful exploitation could lead to information disclosure. 	CWE-125	CWE ID: 305
995	Analyze the following CVE description and map it to the appropriate CWE. Provide a brief justification for your choice. Ensure the last line of your response contains only the CWE ID.  CVE Description: An issue was discovered in libjpeg through 2020021. A NULL pointer dereference exists in the function BlockBitmapRequester::PushReconstructedData() located in blockbitmaprequester.cpp. It allows an attacker to cause Denial of Service. 	CWE-476	CWE ID: 47
996	Analyze the following CVE description and map it to the appropriate CWE. Provide a brief justification for your choice. Ensure the last line of your response contains only the CWE ID.  CVE Description: Tor Browser through 10.5.6 and 11.x through 11.0a4 allows a correlation attack that can compromise the privacy of visits to v2 onion addresses. Exact timestamps of these onion-service visits are logged locally, and an attacker might be able to compare them to timestamp data collected by the destination server (or collected by a rogue site within the Tor network). 	CWE-532	CWE-403
997	Analyze the following CVE description and map it to the appropriate CWE. Provide a brief justification for your choice. Ensure the last line of your response contains only the CWE ID.  CVE Description: There is an Identity spoofing and authentication bypass vulnerability in Huawei Smartphone.Successful exploitation of this vulnerability may affect service confidentiality. 	CWE-287	CWE ID: 47
998	Analyze the following CVE description and map it to the appropriate CWE. Provide a brief justification for your choice. Ensure the last line of your response contains only the CWE ID.  CVE Description: An issue was discovered in Socomec REMOTE VIEW PRO 2.0.41.4. Improper validation of input into the username field makes it possible to place a stored XSS payload. This is executed if an administrator views the System Event Log. 	CWE-79	CWE-422
999	Analyze the following CVE description and map it to the appropriate CWE. Provide a brief justification for your choice. Ensure the last line of your response contains only the CWE ID.  CVE Description: The Shiny Buttons WordPress plugin through 1.1.0 does not have any authorisation and CSRF in place when saving a template (wpbtn_save_template function hooked to the init action), nor sanitise and escape them before outputting them in the admin dashboard, which allow unauthenticated users to add a malicious template and lead to Stored Cross-Site Scripting issues. 	CWE-79	CWE ID: 47
